Date,Conditional_Volatility,Forecast_Volatility,Standardized_Residuals,Raw_99_VaR,GARCH_Scaled_99_VaR
2016-07-29,0.0119247294522803,0.010977256731709007,-0.07188882177839302,,
2016-08-01,0.010977256731709009,0.010158060839336909,0.15536625082355573,,
2016-08-02,0.010158060839336909,0.009687791513178556,-0.5835455951247066,,
2016-08-03,0.009687791513178558,0.009267605258994002,0.5889009772353897,,
2016-08-04,0.009267605258994,0.00864139865285354,-0.05762990748400828,,
2016-08-05,0.008641398652853542,0.00907639247082204,1.2394896238783442,,
2016-08-08,0.009076392470822038,0.008482680935673188,-0.12003093033397254,,
2016-08-09,0.008482680935673188,0.007969296181421363,-0.1375324169917099,,
2016-08-10,0.007969296181421363,0.007741558192203163,-0.6110779918498611,,
2016-08-11,0.007741558192203164,0.007516147861946356,0.5790995811067224,,
2016-08-12,0.007516147861946356,0.007170997944392439,-0.28611944804974104,,
2016-08-15,0.00717099794439244,0.007210773172774332,0.8429936370512565,,
2016-08-16,0.0072107731727743315,0.007116003377134616,-0.6814223062052223,,
2016-08-17,0.007116003377134616,0.0068173388391689314,0.2567511276210717,,
2016-08-18,0.0068173388391689314,0.006601435702105918,-0.37783142206784265,,
2016-08-19,0.006601435702105917,0.006345723181214549,-0.054176885174635696,,
2016-08-22,0.006345723181214549,0.006147919852028022,-0.200512016277836,,
2016-08-23,0.006147919852028022,0.00596288084102342,0.030768594044076183,,
2016-08-24,0.0059628808410234204,0.006449463659956975,-1.226832744594904,,
2016-08-25,0.006449463659956974,0.006262956560819608,-0.30985361489869445,,
2016-08-26,0.006262956560819608,0.006110837165227637,-0.33093916332809314,,
2016-08-29,0.006110837165227638,0.006098481185176062,0.6051786707843336,,
2016-08-30,0.006098481185176062,0.0059253880791580935,-0.09710374251006836,,
2016-08-31,0.0059253880791580935,0.00590347586287179,-0.5361844943120502,,
2016-09-01,0.005903475862871789,0.005788815419845052,-0.2627486939151258,,
2016-09-02,0.005788815419845051,0.00583986338523314,0.6430447915992641,,
2016-09-06,0.005839863385233141,0.005705342671226332,-0.015833826207073385,,
2016-09-07,0.005705342671226332,0.005612273251382429,0.2095137257794428,,
2016-09-08,0.005612273251382428,0.005874432466644734,-0.9384566272706133,,
2016-09-09,0.005874432466644735,0.010177375376853426,-3.733439148393447,,
2016-09-12,0.010177375376853424,0.01099859073155457,1.4489060265868035,,
2016-09-13,0.01099859073155457,0.011149133208067789,-1.0909918019179545,,
2016-09-14,0.011149133208067789,0.010327341141433216,0.2098828403088033,,
2016-09-15,0.010327341141433218,0.010666712451715892,1.1919452375298265,,
2016-09-16,0.010666712451715892,0.009902199346322079,-0.2127525785868046,,
2016-09-19,0.00990219934632208,0.00925104839142537,-0.27174077834489097,,
2016-09-20,0.009251048391425369,0.008625853572641928,0.042453297429855465,,
2016-09-21,0.00862585357264193,0.008749219022441823,1.0141753442747565,,
2016-09-22,0.008749219022441823,0.008395748684412981,0.5534615181673452,,
2016-09-23,0.008395748684412981,0.008799825397454452,-1.215989742673776,,
2016-09-26,0.008799825397454452,0.009270167506902799,-1.263557484844697,,
2016-09-27,0.009270167506902799,0.00885426432228196,0.5432366578967979,,
2016-09-28,0.008854264322281959,0.00866200831428616,0.7502195743972659,,
2016-09-29,0.00866200831428616,0.009568416016811545,-1.5279354917313923,,
2016-09-30,0.009568416016811545,0.009524518605968363,0.9236299013014925,,
2016-10-03,0.009524518605968363,0.009029116028708458,-0.4719310930961567,,
2016-10-04,0.009029116028708458,0.008441802913218298,-0.12194977175640925,,
2016-10-05,0.008441802913218298,0.008319716400655949,0.7859422300300862,,
2016-10-06,0.008319716400655949,0.00784408033514476,0.20917139820192204,,
2016-10-07,0.00784408033514476,0.007405343083254973,0.015918062330829374,,
2016-10-10,0.007405343083254972,0.007198273526353575,0.5473988795448352,,
2016-10-11,0.007198273526353574,0.008407970456491625,-1.765964172447833,,
2016-10-12,0.008407970456491626,0.007929481556469387,0.23879640542720865,,
2016-10-13,0.007929481556469387,0.00775619057326866,-0.6762934910931759,,
2016-10-14,0.00775619057326866,0.007376312851691254,0.278816230418667,,
2016-10-17,0.007376312851691254,0.007172351731504279,-0.5468393090728234,,
2016-10-18,0.0071723517315042794,0.007740001398084633,1.324658237249487,,
2016-10-19,0.007740001398084632,0.007458131553870773,0.4889325654653956,,
2016-10-20,0.007458131553870773,0.007611371015462466,-0.9827078997326741,,
2016-10-21,0.007611371015462466,0.007207770058859078,0.0667133368262189,,
2016-10-24,0.007207770058859078,0.007124326947998271,0.696314424991078,,
2016-10-25,0.00712432694799827,0.007422553429476097,-1.0991165787524908,,
2016-10-26,0.007422553429476097,0.007227769755940101,-0.5702581403859281,,
2016-10-27,0.007227769755940101,0.007010180254756888,-0.49142756875896654,,
2016-10-28,0.007010180254756888,0.007732095737263328,-1.4417597119521632,,
2016-10-31,0.007732095737263328,0.007418606266988993,-0.42888409059348354,,
2016-11-01,0.007418606266988993,0.008222557882348993,-1.4937946173347005,,
2016-11-02,0.008222557882348993,0.008227742253866141,-0.8925824147406869,,
2016-11-03,0.008227742253866141,0.008071361251730334,-0.7297752243718522,,
2016-11-04,0.008071361251730335,0.00769402591842334,-0.3853170671942487,,
2016-11-07,0.007694025918423339,0.011468288509272716,3.005147231733379,,
2016-11-08,0.011468288509272718,0.01073105011762008,0.4218546146270761,,
2016-11-09,0.010731050117620078,0.013188448195135826,2.1122871217165136,,
2016-11-10,0.013188448195135826,0.013494359654978251,1.1852577950605492,,
2016-11-11,0.013494359654978251,0.012369215637805958,0.08249894948633348,,
2016-11-14,0.012369215637805958,0.011396608000859489,0.17835663119365658,,
2016-11-15,0.011396608000859489,0.010514779543669086,0.09637604819455343,,
2016-11-16,0.010514779543669086,0.00975778349291052,-0.18109932131636153,,
2016-11-17,0.00975778349291052,0.009362255533108963,0.6235487613847144,,
2016-11-18,0.009362255533108965,0.008873981136677912,-0.4563252036806171,,
2016-11-21,0.008873981136677912,0.008484564126471545,0.5224231251324593,,
2016-11-22,0.008484564126471545,0.007999469072078422,0.24897619969402815,,
2016-11-23,0.007999469072078422,0.007635856031853866,0.39517568842836037,,
2016-11-25,0.007635856031853866,0.007226281578707831,-0.014137571800463036,,
2016-11-28,0.00722628157870783,0.007186754291163649,-0.7553022769142788,,
2016-11-29,0.007186754291163649,0.0070780040264498845,0.6583430172686184,,
2016-11-30,0.007078004026449884,0.006772634613323331,0.20892631118710733,,
2016-12-01,0.006772634613323332,0.006556691911015459,0.36131747805328446,,
2016-12-02,0.006556691911015458,0.00632899907864758,-0.21247310906146805,,
2016-12-05,0.006328999078647579,0.006382236311265612,0.753890881466686,,
2016-12-06,0.0063822363112656134,0.006190038690197606,0.2519193349286741,,
2016-12-07,0.006190038690197606,0.007762141608437841,2.076234718651442,,
2016-12-08,0.00776214160843784,0.007384600333127,0.2880251992074271,,
2016-12-09,0.007384600333127001,0.007351344306111483,0.7812107018355753,,
2016-12-12,0.007351344306111483,0.007016678744599351,-0.24619770792736503,,
2016-12-13,0.007016678744599352,0.007511499046493338,1.2648746870766756,,
2016-12-14,0.007511499046493338,0.007339650561436084,-0.6195984422923883,,
2016-12-15,0.007339650561436084,0.0072489864310887,0.7049645698740294,,
2016-12-16,0.0072489864310887,0.007243159997276178,-0.7985704758872654,,
2016-12-19,0.007243159997276178,0.006890003747863367,0.019455764153002455,,
2016-12-20,0.006890003747863368,0.006957685812839438,0.8461863038996976,,
2016-12-21,0.006957685812839438,0.006742323462743857,-0.42481699705903947,,
2016-12-22,0.006742323462743857,0.006568438704504664,-0.4523536396899058,,
2016-12-23,0.006568438704504663,0.0063362260516586265,0.1991478022322829,,
2016-12-27,0.006336226051658627,0.006132863885370564,0.15993356058564182,,
2016-12-28,0.006132863885370563,0.006323518576085202,-0.9108353708744688,,
2016-12-29,0.006323518576085203,0.006192197533267544,-0.4151481937221814,,
2016-12-30,0.006192197533267544,0.006305233258885899,-0.8169329352813247,,
2017-01-03,0.006305233258885899,0.006832343076356391,1.2776067731851128,,
2017-01-04,0.006832343076356391,0.006578871747535514,0.2730014485849674,,
2017-01-05,0.006578871747535514,0.006514517440874759,-0.6181941168797922,,
2017-01-06,0.006514517440874759,0.006741637566939334,0.9910501143018718,,
2017-01-09,0.006741637566939335,0.006485830221323501,-0.2106268994865874,,
2017-01-10,0.006485830221323501,0.006263639423941924,0.185721660811492,,
2017-01-11,0.006263639423941925,0.0061700292031934105,0.4840958034507513,,
2017-01-12,0.0061700292031934105,0.006547407948666417,-1.1261621962131287,,
2017-01-13,0.006547407948666416,0.006301360103373884,0.07457096578437789,,
2017-01-17,0.006301360103373884,0.0070188866318731365,-1.4435390579256215,,
2017-01-18,0.0070188866318731365,0.006698814436866572,-0.02405648104842971,,
2017-01-19,0.006698814436866573,0.006697366071974546,-0.7339267070298544,,
2017-01-20,0.006697366071974547,0.0065217395758118924,0.4348960982464177,,
2017-01-23,0.0065217395758118924,0.006285781357207161,0.13358323350834075,,
2017-01-24,0.006285781357207162,0.006261864647234674,0.6248258119892043,,
2017-01-25,0.006261864647234673,0.006994910926948322,1.4566536594143231,,
2017-01-26,0.006994910926948322,0.006702768383619312,0.2142809736866919,,
2017-01-27,0.006702768383619312,0.00679465926280835,0.8545617466693279,,
2017-01-30,0.00679465926280835,0.007441074638417355,-1.3849934377998796,,
2017-01-31,0.007441074638417355,0.007515755239852803,-0.9043229073371389,,
2017-02-01,0.007515755239852804,0.007355193582864263,0.636173738294318,,
2017-02-02,0.007355193582864263,0.0071911210256323,-0.6053529816972326,,
2017-02-03,0.007191121025632301,0.009911033400250556,2.5996914943050595,,
2017-02-06,0.009911033400250555,0.009335137154782165,-0.41485882949873704,,
2017-02-07,0.009335137154782167,0.008698948020231613,0.03846495512443771,,
2017-02-08,0.008698948020231613,0.008176784293244303,-0.21840395823055483,,
2017-02-09,0.008176784293244303,0.008123647675886837,0.8333797074006499,,
2017-02-10,0.008123647675886837,0.007790202639634655,0.47869736117154305,,
2017-02-13,0.007790202639634655,0.007994282138979411,1.0458210138527222,,
2017-02-14,0.007994282138979411,0.007908879012821087,0.7844426175103147,,
2017-02-15,0.007908879012821087,0.007948547972131589,0.903979824543575,,
2017-02-16,0.007948547972131587,0.007551210826693366,-0.3013408434364017,,
2017-02-17,0.007551210826693367,0.00717355834272656,-0.18510337009324396,,
2017-02-21,0.007173558342726559,0.006972721243325574,0.5097005040369741,,
2017-02-22,0.006972721243325574,0.006663258015706514,-0.08691993421461865,,
2017-02-23,0.006663258015706513,0.006413726898228252,-0.1836412517850831,,
2017-02-24,0.006413726898228253,0.0062173672745740975,-0.2544872747999482,,
2017-02-27,0.006217367274574098,0.006117531098754959,0.4548810651282462,,
2017-02-28,0.006117531098754958,0.005982543888908093,-0.3141986035283128,,
2017-03-01,0.005982543888908093,0.00874587143106803,2.8446548400440013,,
2017-03-02,0.00874587143106803,0.009023107579405163,-1.1325946697428169,,
2017-03-03,0.009023107579405163,0.008561138173893706,0.437963317407004,,
2017-03-06,0.008561138173893706,0.008153941431094248,-0.44050846682843836,,
2017-03-07,0.008153941431094248,0.007747979879773806,-0.34541712906881405,,
2017-03-08,0.007747979879773806,0.007405645248409935,-0.3725144936659533,,
2017-03-09,0.007405645248409936,0.007062927243707803,-0.24438669111536546,,
2017-03-10,0.007062927243707803,0.006901926865999681,0.5555111686188121,,
2017-03-13,0.00690192686599968,0.006603343213897573,-0.09049287721674068,,
2017-03-14,0.006603343213897573,0.006522102130693852,-0.5948631323703241,,
2017-03-15,0.006522102130693852,0.006744931278928346,0.9869905504099247,,
2017-03-16,0.006744931278928346,0.006516545002235706,-0.3140786779631233,,
2017-03-17,0.006516545002235705,0.007338039403665848,-1.524287050152447,,
2017-03-20,0.007338039403665848,0.007027541466049703,-0.31650563415897864,,
2017-03-21,0.007027541466049702,0.009344768070181439,-2.4155640457398015,,
2017-03-22,0.009344768070181437,0.008748967291090088,0.24099930567865244,,
2017-03-23,0.008748967291090088,0.008276964484613866,-0.36142480249307785,,
2017-03-24,0.008276964484613866,0.007869564551161551,-0.3758129751008527,,
2017-03-27,0.007869564551161551,0.0075692512336378,-0.483881566800196,,
2017-03-28,0.0075692512336378,0.007749828197098544,1.0143920280996026,,
2017-03-29,0.007749828197098545,0.007513122272337467,-0.5636457631470625,,
2017-03-30,0.0075131222723374665,0.0072539292247155085,0.4801762374875168,,
2017-03-31,0.0072539292247155085,0.007126688647692201,-0.6425851727097383,,
2017-04-03,0.007126688647692201,0.0068113789157937775,-0.19564418393141678,,
2017-04-04,0.006811378915793778,0.006562065396276037,0.2769268926902224,,
2017-04-05,0.006562065396276037,0.006477362023258339,-0.579838005740895,,
2017-04-06,0.006477362023258338,0.0062762903609132874,0.27344657686883245,,
2017-04-07,0.006276290360913288,0.006111044012406485,-0.2933020321434051,,
2017-04-10,0.006111044012406485,0.005963793958654496,0.26432517551719814,,
2017-04-11,0.005963793958654496,0.005872706364025099,-0.37882909190196923,,
2017-04-12,0.0058727063640251,0.006186376269800904,-1.0329603386324706,,
2017-04-13,0.006186376269800904,0.006761672309950056,-1.3188272346267755,,
2017-04-17,0.006761672309950055,0.007432391750395844,1.404217526838431,,
2017-04-18,0.007432391750395844,0.007549138795332228,-0.9458209370687753,,
2017-04-19,0.007549138795332228,0.00735216879664799,-0.5891048923883265,,
2017-04-20,0.007352168796647991,0.007872994125611887,1.2900179012140907,,
2017-04-21,0.007872994125611887,0.007463891359128921,-0.2350995184946335,,
2017-04-24,0.007463891359128922,0.009463930165357516,2.195181859617788,,
2017-04-25,0.009463930165357518,0.010400069819382489,1.5231259585555512,,
2017-04-26,0.010400069819382487,0.009629863934911774,-0.012659240346297023,,
2017-04-27,0.009629863934911774,0.009035091481168593,-0.3247930442878151,,
2017-04-28,0.009035091481168595,0.008512931060290411,-0.32870742961516836,,
2017-05-01,0.008512931060290411,0.007985952755707687,0.06714215448871125,,
2017-05-02,0.007985952755707687,0.007527458119937051,0.008928668046051887,,
2017-05-03,0.007527458119937051,0.00714087926610179,-0.11515288890905497,,
2017-05-04,0.007140879266101791,0.0068637934801738815,-0.3343744026780184,,
2017-05-05,0.006863793480173881,0.006591876570789722,0.2191650280976634,,
2017-05-08,0.006591876570789723,0.0063458215089597795,0.13851206969477298,,
2017-05-09,0.0063458215089597795,0.00617160229373419,-0.29887154810599537,,
2017-05-10,0.006171602293734189,0.0059959173907489895,0.1707596649806672,,
2017-05-11,0.0059959173907489895,0.005929748464375726,-0.4585849689629993,,
2017-05-12,0.005929748464375726,0.0057833337597305665,-0.08525956964507736,,
2017-05-15,0.0057833337597305665,0.005781155912752246,0.5347913795887268,,
2017-05-16,0.005781155912752246,0.005657636417889334,-0.05259244872759113,,
2017-05-17,0.005657636417889333,0.010096950434946721,-3.887482849057136,,
2017-05-18,0.010096950434946723,0.009471649395078316,0.3680069807066329,,
2017-05-19,0.009471649395078316,0.008938424562861326,0.4043885067832684,,
2017-05-22,0.008938424562861326,0.00837178417358881,0.16639429471222825,,
2017-05-23,0.00837178417358881,0.008030772530604845,0.5121966047439791,,
2017-05-24,0.008030772530604847,0.007653491375673174,0.37466657891676725,,
2017-05-25,0.007653491375673172,0.007530518814795185,0.7044158671193478,,
2017-05-26,0.007530518814795185,0.00715734269728683,-0.19234666228226244,,
2017-05-30,0.007157342697286831,0.007078648482011272,-0.6955058975525872,,
2017-05-31,0.007078648482011272,0.007142488727322692,-0.8610601974210063,,
2017-06-01,0.0071424887273226914,0.007420457270591852,1.0815225466240865,,
2017-06-02,0.007420457270591853,0.007241814591965299,0.5946526358455967,,
2017-06-05,0.007241814591965299,0.006890381157840909,-0.05574812170157633,,
2017-06-06,0.006890381157840909,0.00664239172514741,-0.317613219659896,,
2017-06-07,0.006642391725147411,0.006556842802058582,0.595789175652636,,
2017-06-08,0.006556842802058581,0.006328320371531354,0.20863564242194033,,
2017-06-09,0.006328320371531355,0.006164819913212333,-0.3259245831350707,,
2017-06-12,0.006164819913212332,0.006396983096981881,-0.9649680583229777,,
2017-06-13,0.006396983096981881,0.006601874678492071,0.9558127021211177,,
2017-06-14,0.006601874678492071,0.006401486018153765,0.3363874600579385,,
2017-06-15,0.006401486018153765,0.006377175128706401,-0.6483295362855611,,
2017-06-16,0.0063771751287064,0.00620930829037055,-0.3351331267711729,,
2017-06-19,0.00620930829037055,0.007281932642722741,1.7248144600119277,,
2017-06-20,0.007281932642722742,0.007129596209002565,-0.6104287247960993,,
2017-06-21,0.007129596209002565,0.006812286541758415,-0.18812743937179827,,
2017-06-22,0.006812286541758414,0.006537566031091385,-0.16776525156891478,,
2017-06-23,0.006537566031091386,0.006413435153110213,-0.4990734807124771,,
2017-06-26,0.006413435153110214,0.006189460546741855,0.08946480926339645,,
2017-06-27,0.006189460546741855,0.0063907932241918704,-0.9304696545957527,,
2017-06-28,0.0063907932241918704,0.0077168244582883965,1.8935238665265655,,
2017-06-29,0.007716824458288396,0.007831010272532309,-0.9618139167833134,,
2017-06-30,0.007831010272532307,0.007401863678418947,0.11405719479516649,,
2017-07-03,0.007401863678418948,0.0071355858549849455,0.4399372717432742,,
2017-07-05,0.007135585854984946,0.006928497824419248,0.4893086646073762,,
2017-07-06,0.006928497824419248,0.0072800038202287965,-1.138957913953749,,
2017-07-07,0.0072800038202287965,0.007064648537342934,0.5073538545431678,,
2017-07-10,0.007064648537342934,0.006738126143216181,0.034401363628101145,,
2017-07-11,0.00673812614321618,0.006463247622504047,-0.07971629576907131,,
2017-07-12,0.006463247622504047,0.006422630035101948,0.6339832336484028,,
2017-07-13,0.006422630035101947,0.006350524534783161,0.570333816010955,,
2017-07-14,0.006350524534783162,0.006236354786327216,0.4653449157933332,,
2017-07-17,0.006236354786327215,0.0060400752846929825,0.08552684132884121,,
2017-07-18,0.006040075284692984,0.006176768812683266,-0.8272769874812115,,
2017-07-19,0.006176768812683266,0.006360289896061774,0.9070393867387663,,
2017-07-20,0.006360289896061774,0.006536440108701427,-0.9184447119649491,,
2017-07-21,0.006536440108701428,0.006301930353437122,-0.15903934043326787,,
2017-07-24,0.006301930353437123,0.006120975754482722,0.24747139944240695,,
2017-07-25,0.006120975754482722,0.007284954675963916,1.797272031018714,,
2017-07-26,0.0072849546759639165,0.007202467495637907,-0.7082483999601191,,
2017-07-27,0.007202467495637906,0.0074880131418579195,-1.0911829892838636,1621.3564580822845,1695.7994650008675
2017-07-28,0.0074880131418579195,0.00714042520456824,0.2664865295781995,1621.3564580822845,1617.0817294774567
2017-07-31,0.0071404252045682405,0.00683393053268597,0.24070735233200932,1621.3564580822845,1547.670326110901
2017-08-01,0.006833930532685971,0.0066820182137790635,0.5207539204528375,1621.3564580822845,1513.2669637971626
2017-08-02,0.006682018213779063,0.0066174827594769675,0.6380579915476025,1621.3564580822845,1498.6517131551307
2017-08-03,0.006617482759476968,0.006424164768095235,-0.36299271010002443,1621.3564580822845,1454.871268309538
2017-08-04,0.006424164768095235,0.00667371046381016,1.0081616297047713,1621.3564580822845,1511.3855197230498
2017-08-07,0.006673710463810161,0.006514444436950321,0.46391228009368674,1621.3564580822845,1475.3167738454595
2017-08-08,0.006514444436950321,0.006291472921332737,-0.20432839569477837,1621.3564580822845,1424.8207384177074
2017-08-09,0.006291472921332737,0.006089572699012132,0.11804006867879054,1621.3564580822845,1379.0966881912295
2017-08-10,0.006089572699012131,0.00876516195821649,-2.771182200924919,1621.3564580822845,1985.033503253367
2017-08-11,0.008765161958216491,0.00820904910488667,0.10288024102898095,2053.964251061408,2595.7722937228673
2017-08-14,0.00820904910488667,0.008459233082048595,1.0988767712148315,2053.964251061408,2674.8826301275712
2017-08-15,0.008459233082048595,0.007945102675745462,-0.11448252555121752,2053.964251061408,2512.310151026708
2017-08-16,0.007945102675745462,0.0075036557765427074,0.13608457691571887,2053.964251061408,2372.720825215725
2017-08-17,0.007503655776542708,0.009199635660707927,-2.0281557886664223,2053.964251061408,2909.004326237391
2017-08-18,0.009199635660707927,0.008632408980260268,-0.26997293483992296,2053.964251061408,2729.6423462377893
2017-08-21,0.008632408980260268,0.00808666495484904,0.013659281886180064,2053.964251061408,2557.073367477026
2017-08-22,0.00808666495484904,0.008624642886863864,1.306507419318944,2053.964251061408,2727.1866403684153
2017-08-23,0.008624642886863864,0.008329332681604767,-0.6119677459518845,2053.964251061408,2633.8070005257373
2017-08-24,0.008329332681604767,0.007875472698053308,-0.28157597490567143,2053.964251061408,2490.292550133293
2017-08-25,0.007875472698053308,0.007464783101061203,0.23068983762833048,2053.964251061408,2360.428949176428
2017-08-28,0.007464783101061202,0.007083638911443296,-0.08545404117634024,2053.964251061408,2239.9078614496325
2017-08-29,0.007083638911443296,0.006772737439466319,0.18702168877518907,2053.964251061408,2141.598128285156
2017-08-30,0.006772737439466318,0.006583888259825714,0.42823426864790853,2053.964251061408,2081.8823850924928
2017-08-31,0.006583888259825715,0.006494246362719375,0.5759962004188168,2053.964251061408,2053.53684227842
2017-09-01,0.006494246362719375,0.006278605100406424,0.2244142414888617,2053.964251061408,1985.3492109287458
2017-09-05,0.006278605100406423,0.007838111450843436,-2.0590419754158753,2053.964251061408,2478.478600779697
2017-09-06,0.007838111450843437,0.007538316046613629,0.47825746929215807,2053.964251061408,2383.6807022481935
2017-09-07,0.007538316046613629,0.0071425266720020935,-0.011126481297001493,2053.964251061408,2258.52868041963
2017-09-08,0.007142526672002093,0.006855263430662815,0.30593827375997046,1939.3128850654261,1842.8138157473754
2017-09-11,0.006855263430662816,0.008335972349987291,1.9573233933023084,1939.3128850654261,2240.8540779824452
2017-09-12,0.008335972349987291,0.008183010846646757,0.7442320723233955,1939.3128850654261,2199.7353705127066
2017-09-13,0.008183010846646757,0.007771973202787402,-0.3421839770649038,1939.3128850654261,2089.2413163370184
2017-09-14,0.007771973202787402,0.007464738795496025,-0.4503373571162677,1939.3128850654261,2006.6513741479168
2017-09-15,0.007464738795496024,0.007079483577336947,-0.013508415536706307,1939.3128850654261,1903.0880835766488
2017-09-18,0.007079483577336947,0.006769559061493486,0.18885842876105766,1939.3128850654261,1819.774993509164
2017-09-19,0.006769559061493486,0.006489623364999274,0.07610479301202902,1939.3128850654261,1744.5234186808395
2017-09-20,0.006489623364999274,0.006261181741657026,0.15171822902944035,1939.3128850654261,1683.1143446394428
2017-09-21,0.006261181741657026,0.006175871953810173,-0.5013906793180253,1939.3128850654261,1660.1815927105415
2017-09-22,0.0061758719538101735,0.006061640270905008,-0.4035230076265814,1939.3128850654261,1629.4741333134111
2017-09-25,0.006061640270905007,0.006305166647902258,-0.9679909251935027,1939.3128850654261,1694.9382510046619
2017-09-26,0.006305166647902258,0.006095523299417881,0.047882844103305816,1939.3128850654261,1638.5824795782096
2017-09-27,0.006095523299417881,0.00628379159681146,0.9033557472302054,1939.3128850654261,1689.1922662061431
2017-09-28,0.00628379159681146,0.006157852422965701,0.4142206010328741,1939.3128850654261,1655.3376300051918
2017-09-29,0.006157852422965701,0.006047814778544426,0.40761679084532165,1939.3128850654261,1625.7576009599454
2017-10-02,0.006047814778544425,0.006111992047873156,0.7214068054217806,1939.3128850654261,1643.0095650561652
2017-10-03,0.006111992047873157,0.006009479157951475,0.40957588084915303,1939.3128850654261,1615.4523206481852
2017-10-04,0.006009479157951475,0.005846798406237483,0.01989238893157544,1939.3128850654261,1571.7209104920437
2017-10-05,0.005846798406237485,0.006039682724921112,0.876729080852742,1939.3128850654261,1623.5715637756687
2017-10-06,0.006039682724921111,0.005873234342144035,-0.054947886385400754,1939.3128850654261,1578.8273489846774
2017-10-09,0.005873234342144035,0.005855026103219503,-0.5280967903792981,1939.3128850654261,1573.9326582714843
2017-10-10,0.005855026103219505,0.005731635751633962,0.17700372091413955,1939.3128850654261,1540.7631897409694
2017-10-11,0.005731635751633962,0.005615560734397758,-0.02302002417903458,1939.3128850654261,1509.5602100758524
2017-10-12,0.005615560734397757,0.0056799188121527495,-0.6231481494798968,1939.3128850654261,1526.8607786158384
2017-10-13,0.00567991881215275,0.005587028641276873,0.18513068548698622,1939.3128850654261,1501.8902881352633
2017-10-16,0.005587028641276874,0.006013466688130021,1.1397346484790116,1939.3128850654261,1616.5242379826623
2017-10-17,0.006013466688130021,0.005889653776198453,0.29613136286490793,1939.3128850654261,1583.2411778955977
2017-10-18,0.005889653776198453,0.005982988129893493,0.7373293586597819,1939.3128850654261,1608.3310724288617
2017-10-19,0.0059829881298934925,0.005989897432718647,-0.6094229180354636,1939.3128850654261,1610.1884129719579
2017-10-20,0.0059898974327186475,0.006343619206565739,1.0885987496708356,1939.3128850654261,1705.2749662997949
2017-10-23,0.006343619206565739,0.006162018210108877,-0.27063089468676504,1939.3128850654261,1656.4574659062562
2017-10-24,0.006162018210108877,0.0068731475432249394,1.4384780182436445,1939.3128850654261,1847.6213756676043
2017-10-25,0.006873147543224939,0.0069316489232632734,-0.8334368989596795,1939.3128850654261,1863.3475621906082
2017-10-26,0.0069316489232632734,0.006684408248603056,0.336648692662653,1939.3128850654261,1796.8849768083132
2017-10-27,0.006684408248603055,0.007356627781984778,1.405565669038432,1939.3128850654261,1977.5892569370958
2017-10-30,0.007356627781984779,0.007031176937695005,-0.279626511437668,1939.3128850654261,1890.1024202502297
2017-10-31,0.007031176937695004,0.006710047811686786,-0.04465657656184172,1939.3128850654261,1803.7773364613477
2017-11-01,0.006710047811686786,0.006440007183182738,0.08638465451822987,1939.3128850654261,1731.1857276845792
2017-11-02,0.006440007183182739,0.006220844139897342,0.16217024484344156,1939.3128850654261,1672.270897036194
2017-11-03,0.006220844139897342,0.006099801486160286,0.4030215304970719,1939.3128850654261,1639.7325304427739
2017-11-06,0.006099801486160286,0.005934456927059962,-0.16339677038957703,1939.3128850654261,1595.285042618185
2017-11-07,0.005934456927059961,0.005818619555474378,-0.27852066480307147,1939.3128850654261,1564.1459462294213
2017-11-08,0.005818619555474378,0.005725565097002508,-0.2952104436768923,1939.3128850654261,1539.1312923910532
2017-11-09,0.005725565097002508,0.0057018501138758155,-0.4636105503957158,1939.3128850654261,1532.7562932406765
2017-11-10,0.005701850113875816,0.005608022590617026,-0.20185215362123768,1939.3128850654261,1507.5338261673814
2017-11-13,0.005608022590617026,0.0055587501707896085,-0.33112465210419567,1939.3128850654261,1494.2885443614143
2017-11-14,0.0055587501707896085,0.005527261435477237,-0.3649417927230883,1939.3128850654261,1485.8238256732168
2017-11-15,0.005527261435477238,0.006447723407991232,-1.628659311399403,1939.3128850654261,1733.2599828647524
2017-11-16,0.006447723407991232,0.006538221471393674,0.8220112803863585,1939.3128850654261,1757.5874333301065
2017-11-17,0.006538221471393674,0.006711073251984367,-0.9325325754700057,1939.3128850654261,1804.0529926147135
2017-11-20,0.006711073251984367,0.006474424119143823,0.2700228913538595,1939.3128850654261,1740.4375975399505
2017-11-21,0.006474424119143824,0.006961507035744466,1.2458220540682636,1939.3128850654261,1871.3739411545976
2017-11-22,0.006961507035744466,0.0067658207365216255,-0.4677206171044875,1939.3128850654261,1818.7700668603813
2017-11-24,0.006765820736521626,0.006483652965142633,0.019947358348139075,1939.3128850654261,1742.9184715547901
2017-11-27,0.006483652965142632,0.006245028983346272,0.023540446694560187,1939.3128850654261,1678.772202797841
2017-11-28,0.006245028983346272,0.0077268431236411405,2.0106851723420935,1939.3128850654261,2077.1095676161
2017-11-29,0.00772684312364114,0.007317676314321646,0.14908163874607566,1939.3128850654261,1967.1184262419265
2017-11-30,0.007317676314321646,0.009412442906325104,2.2611910331180254,1939.3128850654261,2530.2280507741493
2017-12-01,0.009412442906325105,0.008769954470543791,-0.07916044594143934,1939.3128850654261,2357.516005804457
2017-12-04,0.00876995447054379,0.008381656495674291,-0.5077850259205855,1939.3128850654261,2253.134769407965
2017-12-05,0.00838165649567429,0.008091793188764101,-0.5865037706813776,1939.3128850654261,2175.2144805590983
2017-12-06,0.008091793188764101,0.007701729761144452,-0.36353695817676074,1939.3128850654261,2070.358659815567
2017-12-07,0.007701729761144452,0.007310696232486393,0.21627205504309385,1939.3128850654261,1965.24205907221
2017-12-08,0.007310696232486393,0.007657786387439554,1.1491397679213589,1939.3128850654261,2058.545918118184
2017-12-11,0.007657786387439555,0.0072532699201964005,0.11796065214950438,1939.3128850654261,1949.8048694228564
2017-12-12,0.0072532699201964005,0.007075742304868642,0.5660616364844993,1939.3128850654261,1902.0823645896542
2017-12-13,0.007075742304868641,0.00679494622260049,0.2972352955650512,1939.3128850654261,1826.599503129222
2017-12-14,0.006794946222600489,0.0072583188980038385,-1.2335844347400458,1939.3128850654261,1951.1621223064335
2017-12-15,0.0072583188980038385,0.007767930260039493,1.2802903584466827,1939.3128850654261,2088.1545031419487
2017-12-18,0.007767930260039492,0.00759516518928226,0.6559245987663983,1939.3128850654261,2041.7122529658357
2017-12-19,0.007595165189282261,0.00733508405327549,-0.4964394158851661,1939.3128850654261,1971.7979286665277
2017-12-20,0.00733508405327549,0.006969228784207407,-0.03879958495675931,1939.3128850654261,1873.4496811889758
2017-12-21,0.006969228784207407,0.0068677515968149005,0.6330029231339234,1939.3128850654261,1846.1708516003634
2017-12-22,0.0068677515968149005,0.006609039157936995,-0.27255704869064484,1939.3128850654261,1776.6244568495194
2017-12-26,0.006609039157936996,0.006424253201379631,-0.3826401767266759,1939.3128850654261,1726.9507838908887
2017-12-27,0.006424253201379631,0.006205888352477106,0.15146047012448197,1939.3128850654261,1668.2505217490657
2017-12-28,0.006205888352477106,0.0060589460328282765,0.3195896183484045,1939.3128850654261,1628.7498753471154
2017-12-29,0.0060589460328282765,0.006370925370943472,-1.0474915541527998,1939.3128850654261,1712.6153373124214
2018-01-02,0.006370925370943471,0.006168708642928809,0.19786672840678493,1939.3128850654261,1658.2559703924226
2018-01-03,0.006168708642928809,0.006137408999279704,0.5842198479280096,1939.3128850654261,1649.8420828258925
2018-01-04,0.006137408999279705,0.006379703176225925,0.9742269507829117,1939.3128850654261,1714.9749637527552
2018-01-05,0.006379703176225925,0.006836459236467005,1.2146929199892667,1939.3128850654261,1837.758921911635
2018-01-08,0.006836459236467005,0.006574971491401559,-0.24559380891070953,1939.3128850654261,1767.4664766789883
2018-01-09,0.006574971491401559,0.0064837588883656086,0.5711900599414783,1939.3128850654261,1742.9469455559258
2018-01-10,0.006483758888365609,0.006318106427207485,-0.3859434274412254,1939.3128850654261,1698.4166883131008
2018-01-11,0.006318106427207485,0.006463828749464009,0.876374076379773,1939.3128850654261,1737.5893782371625
2018-01-12,0.006463828749464009,0.007488828435989587,1.6781264397441575,1939.3128850654261,2013.127087702462
2018-01-16,0.007488828435989586,0.007102187833560576,-0.06107111813969573,1939.3128850654261,1909.1913817895268
2018-01-17,0.007102187833560576,0.007548867272685269,1.2268629835622817,1939.3128850654261,2029.266569264808
2018-01-18,0.007548867272685269,0.007158725416378873,0.11107174123262996,1939.3128850654261,1924.389665528777
2018-01-19,0.007158725416378873,0.007023739461245912,0.6153094937161289,1939.3128850654261,1888.1030974680623
2018-01-22,0.0070237394612459115,0.007591373534107685,1.3236113805309861,1939.3128850654261,2040.692990232765
2018-01-23,0.007591373534107686,0.007315874566927958,0.46797136646424353,1939.3128850654261,1966.6340852646376
2018-01-24,0.007315874566927958,0.006959541612057385,0.11590416692159468,1939.3128850654261,1870.845601148268
2018-01-25,0.006959541612057385,0.006650784486532073,0.07222368789078558,1939.3128850654261,1787.846325863893
2018-01-26,0.006650784486532074,0.00689559645485672,1.0203159781151543,1939.3128850654261,1853.656032821478
2018-01-29,0.00689559645485672,0.0070241871010686295,-0.9159395508618504,1939.3128850654261,1888.2234308233192
2018-01-30,0.00702418710106863,0.008744868475673061,-2.085524643498787,1939.3128850654261,2350.7724548968763
2018-01-31,0.00874486847567306,0.008185875898975918,-0.050233695780750154,2053.964251061408,2479.12557274381
2018-02-01,0.008185875898975918,0.007704910949706397,0.08807886167747389,2053.964251061408,2333.4633955934487
2018-02-02,0.0077049109497063974,0.012441306309899236,-3.41408347358556,2053.964251061408,3767.8998572490887
2018-02-05,0.012441306309899234,0.021046117316951142,-3.7050779094201625,2215.04873523256,7130.315698031704
2018-02-06,0.021046117316951142,0.021891839971378873,1.32596850793499,2461.601937838436,8962.674693924724
2018-02-07,0.021891839971378873,0.019937887788916583,-0.2139352375561031,2461.601937838436,8162.712799365401
2018-02-08,0.019937887788916586,0.0248670498029081,-2.2297414591038365,2461.601937838436,10180.746719895387
2018-02-09,0.0248670498029081,0.02344755533150858,0.6833265752641708,3414.5800400303415,9599.595606347522
2018-02-12,0.02344755533150858,0.022015699517071198,0.6397691899762423,3414.5800400303415,9013.38367120708
2018-02-13,0.022015699517071195,0.020048359494738217,0.21266278122828938,3414.5800400303415,8207.940699964745
2018-02-14,0.020048359494738217,0.01949382794973722,0.9064705630087448,3414.5800400303415,7980.911548835317
2018-02-15,0.019493827949737218,0.018224470320967932,0.5752787959032869,3414.5800400303415,7461.22752447808
2018-02-16,0.018224470320967936,0.01661159781060534,-0.15721087048459487,3414.5800400303415,6800.906068992712
2018-02-20,0.016611597810605335,0.015247866670526947,-0.29029123934823997,3414.5800400303415,6242.5848591502545
2018-02-21,0.015247866670526949,0.01421673662984548,-0.49411564167382366,3414.5800400303415,5820.432900528055
2018-02-22,0.014216736629845482,0.013057192913218189,0.21767635913413572,3414.5800400303415,5345.707471368057
2018-02-23,0.013057192913218189,0.013943283458291473,1.4270470233026649,3414.5800400303415,5708.4792308563965
2018-02-26,0.013943283458291473,0.013623388224668322,0.892684205065895,3414.5800400303415,5577.511851282557
2018-02-27,0.013623388224668322,0.013290121900319501,-0.876726971912615,3414.5800400303415,5441.070252244577
2018-02-28,0.013290121900319503,0.013644732088707597,-1.2067920355177149,3414.5800400303415,5586.250180739809
2018-03-01,0.013644732088707597,0.013773531291940934,-1.1077203006990557,3414.5800400303415,5638.981488885965
2018-03-02,0.013773531291940935,0.012630251402394587,-0.1367906012437738,3414.5800400303415,5170.914585989421
2018-03-05,0.012630251402394585,0.012928944609536334,1.180705620740864,3414.5800400303415,5293.2017054091
2018-03-06,0.012928944609536332,0.011878105873107952,0.12996848305740627,3414.5800400303415,4862.98086683656
2018-03-07,0.011878105873107954,0.011250558758692793,-0.5844943597491399,3414.5800400303415,4606.058623253214
2018-03-08,0.01125055875869279,0.01042573416674685,0.23190546440693552,3414.5800400303415,4268.3695799007255
2018-03-09,0.010425734166746851,0.012138778487454377,1.841590245841702,3414.5800400303415,4969.702085658568
2018-03-12,0.012138778487454377,0.011367305655262129,-0.46274749747998845,3414.5800400303415,4653.855631492093
2018-03-13,0.011367305655262127,0.010911236971510755,-0.6965118128597079,3414.5800400303415,4467.137874743732
2018-03-14,0.010911236971510757,0.010513188446647385,-0.714870185877059,3414.5800400303415,4304.173982927821
2018-03-15,0.010513188446647385,0.009923376603612885,0.4848616777895598,3414.5800400303415,4062.7008273294964
2018-03-16,0.009923376603612885,0.00922908135767388,0.14801612668558825,3414.5800400303415,3778.4514248569176
2018-03-19,0.00922908135767388,0.010781477113543757,-1.8356838016867536,3414.5800400303415,4414.013267729951
2018-03-20,0.010781477113543759,0.01011240459604708,0.41649885990970636,3414.5800400303415,4140.090229337199
2018-03-21,0.01011240459604708,0.009733955540391921,-0.6732707669016446,3414.5800400303415,3985.1504993512895
2018-03-22,0.00973395554039192,0.01504976049897025,-3.2229458739951875,3414.5800400303415,6161.478786164025
2018-03-23,0.015049760498970253,0.01681925341178115,-1.6802820135789736,4510.03409173141,8095.542333211689
2018-03-26,0.01681925341178115,0.0207392797134407,2.167787031613148,4510.03409173141,9982.352531942588
2018-03-27,0.020739279713440698,0.02062691148043545,-1.0605116145662965,4510.03409173141,9928.266790742862
2018-03-28,0.020626911480435453,0.01873278756124098,-0.07246191643727261,4510.03409173141,9016.575885280501
2018-03-29,0.01873278756124098,0.017341051780304893,0.45561684574001304,4510.03409173141,8346.697404032244
2018-04-02,0.017341051780304893,0.0173454601579099,-1.081089760081001,4510.03409173141,8348.819270362952
2018-04-03,0.017345460157909897,0.016504232832656084,0.7221082343335391,4510.03409173141,7943.914768556917
2018-04-04,0.016504232832656084,0.016127617096050775,0.9203057806926891,4510.03409173141,7762.639859118525
2018-04-05,0.016127617096050775,0.014899230529933968,0.38896164092166874,4510.03409173141,7171.385586168366
2018-04-06,0.01489923052993397,0.016729373595353272,-1.7031007222408545,4510.03409173141,8052.280849424096
2018-04-09,0.01672937359535327,0.0152817448404385,0.17509361542717178,4510.03409173141,7355.499632014161
2018-04-10,0.015281744840438503,0.015387956149806396,1.1084783496107762,4510.03409173141,7406.621886385534
2018-04-11,0.015387956149806394,0.014675852738449667,-0.7215610416767552,4510.03409173141,7063.868069011879
2018-04-12,0.014675852738449669,0.014124020529907532,0.7873589341218774,4510.03409173141,6798.256933029271
2018-04-13,0.014124020529907532,0.013138365576652168,-0.439716184046611,4510.03409173141,6323.835672783
2018-04-16,0.01313836557665217,0.012471931506555074,0.6414186724659497,4510.03409173141,6003.06369232241
2018-04-17,0.012471931506555074,0.011973161302525348,0.7279583633449435,4510.03409173141,5762.992673567263
2018-04-18,0.011973161302525348,0.0110483439491583,0.18653661923333462,4510.03409173141,5317.854126012739
2018-04-19,0.011048343949158301,0.010408053751613073,-0.4893579794717492,4510.03409173141,5009.66586861143
2018-04-20,0.01040805375161307,0.01023045209551248,-0.8606998086271281,4510.03409173141,4924.181591146192
2018-04-23,0.01023045209551248,0.009483098976043252,-0.05169307455677413,4510.03409173141,4564.461176191088
2018-04-24,0.009483098976043252,0.011993848214302483,-2.2334631116548027,4510.03409173141,5772.949820054984
2018-04-25,0.01199384821430248,0.011034757033759774,-0.03781731989227206,4510.03409173141,5311.314391691982
2018-04-26,0.011034757033759774,0.01158692932416271,1.3047761856452043,4510.03409173141,5577.089217883274
2018-04-27,0.011586929324162712,0.010674631458225125,0.022275717642026654,4510.03409173141,5137.976623918601
2018-04-30,0.010674631458225125,0.01031359275207815,-0.7304494179244001,4510.03409173141,4964.199342728847
2018-05-01,0.01031359275207815,0.009554956110701264,-0.03673787969632464,4510.03409173141,4599.047876404533
2018-05-02,0.009554956110701264,0.00901190870811201,-0.4037334104721606,4510.03409173141,4337.665095078308
2018-05-03,0.009011908708112009,0.008560482085699282,-0.45287667938538845,4510.03409173141,4120.381768487773
2018-05-04,0.008560482085699284,0.009520148015213595,1.560983721966623,4510.03409173141,4582.293838418428
2018-05-07,0.009520148015213595,0.008985668295631561,0.41139635133149716,4510.03409173141,4325.034904850743
2018-05-08,0.008985668295631561,0.008407260565681356,0.13989320555409127,4510.03409173141,4046.632282033439
2018-05-09,0.008407260565681356,0.008583994894772197,1.0480037226895444,4510.03409173141,4131.699092542667
2018-05-10,0.008583994894772197,0.008611542721546898,0.9337940829548091,4510.03409173141,4144.9585751357745
2018-05-11,0.008611542721546898,0.00826291627462498,0.5397956996457957,4510.03409173141,3977.155635823578
2018-05-14,0.008262916274624978,0.0078037154605255015,0.24018548120325015,4510.03409173141,3756.130389400709
2018-05-15,0.007803715460525502,0.008538174850449073,-1.4406211540102953,4510.03409173141,4109.644718341511
2018-05-16,0.008538174850449071,0.008084389613899703,0.3456441688390638,4510.03409173141,3442.4176989442803
2018-05-17,0.008084389613899701,0.0077261294834478165,-0.4262836454055625,4510.03409173141,3289.866786284993
2018-05-18,0.0077261294834478165,0.007303899004342996,-0.017066353191325382,4510.03409173141,3110.076629733764
2018-05-21,0.007303899004342996,0.007704936260720224,1.19400771068725,4510.03409173141,3280.842490265205
2018-05-22,0.007704936260720223,0.0074072836640797,-0.4528228345831766,4510.03409173141,3154.098899747206
2018-05-23,0.0074072836640797,0.007091841845875251,0.32863710517304884,4510.03409173141,3019.780472527027
2018-05-24,0.0070918418458752516,0.007006749092573566,-0.676985788934595,4510.03409173141,2983.547087694363
2018-05-25,0.007006749092573566,0.006732527943913434,-0.2872327971379835,4510.03409173141,2866.7808529313265
2018-05-29,0.006732527943913433,0.008988943744797669,-2.4235290051893665,4510.03409173141,3827.586313839162
2018-05-30,0.008988943744797669,0.00941144701530766,1.2337516553812289,4510.03409173141,4094.4854698454055
2018-05-31,0.00941144701530766,0.009479300512424163,-1.0008711989287022,4510.03409173141,4124.005389318982
2018-06-01,0.009479300512424165,0.00969216029690779,1.1034322607033864,4510.03409173141,4216.610840241148
2018-06-04,0.009692160296907788,0.009359227895233191,0.6819911579646623,4510.03409173141,4071.767344986894
2018-06-05,0.009359227895233193,0.008764227486071603,-0.248170045727769,4510.03409173141,3812.9101760625304
2018-06-06,0.008764227486071603,0.009290696198408537,1.2993561715348119,4510.03409173141,4041.952372176018
2018-06-07,0.009290696198408535,0.008668506607878775,-0.11332073184590609,4510.03409173141,3771.2664474962526
2018-06-08,0.008668506607878775,0.008188349681915279,0.32260109801925585,4510.03409173141,3562.372368466164
2018-06-11,0.008188349681915279,0.007702287119634099,-0.01763844927816397,4510.03409173141,3350.909020113981
2018-06-12,0.007702287119634099,0.007286109727951947,0.06935153610020747,4510.03409173141,3169.8494784357313
2018-06-13,0.007286109727951947,0.007224752360815842,-0.7354638958719473,4510.03409173141,3143.155724776158
2018-06-14,0.007224752360815842,0.006897993309891397,-0.20723842322680788,4510.03409173141,3000.997969016123
2018-06-15,0.006897993309891397,0.006855776535611097,-0.707314597923269,4510.03409173141,2982.6314023666714
2018-06-18,0.006855776535611096,0.006629827017344686,-0.3656696807043862,4510.03409173141,2884.331213463133
2018-06-19,0.006629827017344686,0.007152743811104283,-1.281327621772681,4510.03409173141,3111.828134022147
2018-06-20,0.007152743811104283,0.006850994096388334,-0.26413255808314146,4510.03409173141,2980.55078417096
2018-06-21,0.006850994096388333,0.007053657996375466,-0.991093054593994,4510.03409173141,3068.7204771427046
2018-06-22,0.007053657996375466,0.006845304853484057,-0.46637480630529915,4510.03409173141,2978.0756576183594
2018-06-25,0.006845304853484058,0.008774272680626544,-2.2242363664624176,4510.03409173141,3817.280375786343
2018-06-26,0.008774272680626544,0.008209678581066658,0.0003824855231109133,4510.03409173141,3571.651586371878
2018-06-27,0.008209678581066658,0.00853780831232863,-1.1581500292881117,4510.03409173141,3714.4056617750743
2018-06-28,0.00853780831232863,0.008311162638147953,0.6833552538528926,4510.03409173141,3615.8026076191395
2018-06-29,0.008311162638147953,0.007880227903775797,-0.3334845422420902,4510.03409173141,3428.3228284238035
2018-07-02,0.007880227903775797,0.0076723872066773585,0.6251235201194406,4510.03409173141,3337.900950371688
2018-07-03,0.007672387206677358,0.007966912933504662,-1.117229368462451,4510.03409173141,3466.035477084595
2018-07-05,0.007966912933504662,0.007965944915644275,0.8687580964365031,4510.03409173141,3465.614337268639
2018-07-06,0.007965944915644275,0.00782486887825202,0.7193225276482251,4510.03409173141,3404.238675873911
2018-07-09,0.00782486887825202,0.00992700836318201,2.209954506906245,4510.03409173141,4318.782375969616
2018-07-10,0.00992700836318201,0.009246960807675628,0.20162954971156888,4510.03409173141,4022.925125719374
2018-07-11,0.009246960807675628,0.009094355340392879,-0.8168545975686801,4510.03409173141,3956.533542428103
2018-07-12,0.009094355340392879,0.00924094907293005,1.0478727176686478,4510.03409173141,4020.3096978766307
2018-07-13,0.009240949072930047,0.008699168191174448,0.3392532727031077,4510.03409173141,3784.605884788137
2018-07-16,0.008699168191174448,0.008181848547503884,0.23423484241961423,4510.03409173141,3559.5440254556074
2018-07-17,0.008181848547503886,0.007696473538300927,0.0017241086867796826,4510.03409173141,3348.3797996595995
2018-07-18,0.007696473538300926,0.007396466881536324,0.4464004123519971,4510.03409173141,3217.8607737349334
2018-07-19,0.007396466881536324,0.007723507625842561,-1.1350353359268273,4510.03409173141,3360.141081261644
2018-07-20,0.00772350762584256,0.007311757859635193,0.1309424494143152,4510.03409173141,3181.0077947217314
2018-07-23,0.007311757859635195,0.0069722622187004335,0.20549730971196767,4510.03409173141,3033.308937508563
2018-07-24,0.0069722622187004335,0.006809060345598293,0.5321586998329279,4510.03409173141,2962.307347956882
2018-07-25,0.006809060345598293,0.007546749082356412,1.4557315267516862,4510.03409173141,3283.241611201628
2018-07-26,0.007546749082356412,0.007180221988032911,0.22862392899837014,4510.03409173141,3123.7826183845527
2018-07-27,0.007180221988032912,0.007199166811361335,-0.8200897867649105,4510.03409173141,3132.024635124471
2018-07-30,0.007199166811361335,0.00763090754722771,-1.216733196555165,4510.03409173141,3319.855068305468
2018-07-31,0.00763090754722771,0.007304936160836725,0.3753803779631205,4510.03409173141,3178.039988967254
2018-08-01,0.007304936160836724,0.0069506845078931715,0.11973259966930141,4510.03409173141,3023.921473154871
2018-08-02,0.0069506845078931715,0.006787672872483943,0.5276199338368864,4510.03409173141,2953.002647227974
2018-08-03,0.006787672872483943,0.006684637080690121,0.5963856682748293,4510.03409173141,2908.1765379498106
2018-08-06,0.00668463708069012,0.006427262674803686,0.15705001217418132,4510.03409173141,2796.204833333286
2018-08-07,0.006427262674803686,0.006461078849646354,0.7416963009323675,4510.03409173141,2810.916687558662
2018-08-08,0.006461078849646354,0.006400140925730882,-0.5990989411273479,4510.03409173141,2784.4054142519517
2018-08-09,0.006400140925730882,0.006262989581173677,-0.42790960573678016,4510.03409173141,2724.7372052564747
2018-08-10,0.006262989581173677,0.006821137511370418,-1.3048641107419732,4510.03409173141,2967.5615644116365
2018-08-13,0.006821137511370419,0.0067852066455579485,-0.7043870391692817,4510.03409173141,2951.9297059153996
2018-08-14,0.0067852066455579485,0.006612778580266087,0.4677069530582161,4510.03409173141,2876.91422670346
2018-08-15,0.006612778580266087,0.00670053435635997,-0.8391425489331669,4510.03409173141,2915.0927076030484
2018-08-16,0.00670053435635997,0.00769925531588711,1.6496165411723551,4510.03409173141,3349.5900224753314
2018-08-17,0.007699255315887111,0.007473993468017696,0.5722318452511708,4510.03409173141,3251.589007167942
2018-08-20,0.007473993468017697,0.007089486414478846,-0.06132132429819881,4510.03409173141,3084.3077653772584
2018-08-21,0.007089486414478847,0.006771707727310725,0.15464450093782434,4510.03409173141,2946.0569506916822
2018-08-22,0.006771707727310724,0.006524134930448203,-0.26251654905556776,4510.03409173141,2838.349472996293
2018-08-23,0.006524134930448205,0.006354063807123279,-0.38952062059140274,4510.03409173141,2764.359390263896
2018-08-24,0.006354063807123278,0.006388184916152718,0.7301679001109777,4510.03409173141,2779.2039072556836
2018-08-27,0.006388184916152717,0.007893416540541848,2.013069924561454,4510.03409173141,3434.0605945205402
2018-08-28,0.007893416540541848,0.007453024440326227,0.09334823618741736,4510.03409173141,3242.4663526962277
2018-08-29,0.007453024440326227,0.007286042797142982,0.617263669432902,4510.03409173141,3169.820359935213
2018-08-30,0.007286042797142982,0.007196120586686846,-0.6986435585114281,4510.03409173141,3130.6993636069997
2018-08-31,0.007196120586686846,0.006849682591948259,0.010730770695508856,4510.03409173141,2979.9802092248556
2018-09-04,0.00684968259194826,0.0065580381607035715,0.0806860562382891,4510.03409173141,2853.0992010068367
2018-09-05,0.006558038160703571,0.006800203122983198,-1.0106975994347271,4510.03409173141,2958.453979899695
2018-09-06,0.006800203122983199,0.006521893117277839,-0.13340774344326703,4510.03409173141,2837.374163733304
2018-09-07,0.0065218931172778384,0.0065457282499792975,-0.7423580420017755,4510.03409173141,2847.7437279840747
2018-09-10,0.006545728249979298,0.006312460169458171,-0.1750253514065232,4510.03409173141,2746.2595710081077
2018-09-11,0.00631246016945817,0.006379917004005034,0.7715496872067418,4510.03409173141,2775.6069209368334
2018-09-12,0.006379917004005035,0.006225368657680254,-0.37529559875685853,4510.03409173141,2708.370080800964
2018-09-13,0.006225368657680253,0.00670770572351241,1.2332630377925644,4510.03409173141,2918.212637891859
2018-09-14,0.006707705723512409,0.006482270612641826,-0.3064490480794465,4510.03409173141,2820.13624386326
2018-09-17,0.006482270612641827,0.0066349186749643345,-0.9033205712174698,4510.03409173141,2886.546358287002
2018-09-18,0.0066349186749643345,0.006932319486072382,1.072838030226773,4510.03409173141,3015.931701244525
2018-09-19,0.006932319486072381,0.007368333732716663,1.2136214402281407,4510.03409173141,3205.6213413845476
2018-09-20,0.007368333732716665,0.0077859243130520926,1.2090362528989875,4510.03409173141,3387.295696108823
2018-09-21,0.0077859243130520926,0.007365398927556617,-0.13016213362293344,4510.03409173141,3204.3445433464676
2018-09-24,0.007365398927556617,0.007302723227730953,-0.7436299007383033,4510.03409173141,3177.0772440851347
2018-09-25,0.007302723227730953,0.0070847673474584445,-0.5077180408726881,4510.03409173141,3082.25471749686
2018-09-26,0.007084767347458444,0.0072567092241740865,-0.9764858014808243,4510.03409173141,3157.058678537609
2018-09-27,0.007256709224174087,0.006929647629574203,0.22479457894080462,4510.03409173141,3014.7693000121203
2018-09-28,0.006929647629574202,0.00672620078649682,-0.4427164638271283,4510.03409173141,2926.258984700205
2018-10-01,0.00672620078649682,0.006541400350631054,0.42289198238022474,4510.03409173141,2845.8608590726826
2018-10-02,0.006541400350631054,0.006313865663343106,0.20202541410648844,4510.03409173141,2746.8710364161857
2018-10-03,0.006313865663343107,0.006243034834801782,0.5456024245114458,4510.03409173141,2716.0558176928744
2018-10-04,0.006243034834801781,0.007318728258831578,-1.7254371271353073,4510.03409173141,3184.040293144365
2018-10-05,0.007318728258831577,0.007738799625911632,-1.2099285867131433,4510.03409173141,3366.793923485145
2018-10-08,0.007738799625911632,0.007329275150326163,-0.15615813588964375,4510.03409173141,3188.628758011285
2018-10-09,0.0073292751503261635,0.00707265115580178,-0.4406843089990417,4510.03409173141,3076.9835226840555
2018-10-10,0.007072651155801779,0.014798407299321529,-4.8578178216270915,4510.03409173141,6438.102830029633
2018-10-11,0.014798407299321525,0.015606000740605742,-1.373791878883663,5337.335918431785,8106.715288224432
2018-10-12,0.015606000740605742,0.015294761348241443,0.9332489759605227,5337.335918431785,7945.03843184621
2018-10-15,0.015294761348241443,0.014344368195415654,-0.5610897550023323,5337.335918431785,7451.345856157046
2018-10-16,0.014344368195415656,0.016203418599823202,1.7299018363226086,5337.335918431785,8417.050817055666
2018-10-17,0.016203418599823202,0.014837102314309876,-0.22449590496060645,5337.335918431785,7707.302220703172
2018-10-18,0.014837102314309878,0.01523060898180332,-1.2210324416962743,5337.335918431785,7911.713752549833
2018-10-19,0.015230608981803317,0.013913684960656736,-0.08492775391227207,5337.335918431785,7227.622531928461
2018-10-22,0.013913684960656737,0.013301867866479166,-0.7208251191940197,5337.335918431785,6909.807156073633
2018-10-23,0.013301867866479166,0.012987936988848717,-0.8783103695011758,5337.335918431785,6746.7321769400805
2018-10-24,0.012987936988848718,0.018167476074371674,-2.7546438673940012,5337.335918431785,9437.302899605264
2018-10-25,0.01816747607437167,0.018662404240336584,1.2452942741045565,5759.862027099778,9694.398986955883
2018-10-26,0.018662404240336584,0.017989379248565533,-0.8356907789833006,5759.862027099778,9344.78846976865
2018-10-29,0.017989379248565533,0.016474552854591824,-0.27475079564945265,5759.862027099778,8557.89460175286
2018-10-30,0.016474552854591824,0.01559085253919253,0.6657190593285207,5759.862027099778,8098.8463820243915
2018-10-31,0.015590852539192528,0.015979172041740427,1.2175718723876738,5759.862027099778,8300.563381808319
2018-11-01,0.015979172041740427,0.01489259015039542,0.5020402523211522,5759.862027099778,7736.12601076841
2018-11-02,0.014892590150395422,0.01413733475019779,-0.673654532202013,5759.862027099778,7343.799968942364
2018-11-05,0.014137334750197789,0.012969084596614038,0.17926596527471422,5759.862027099778,6736.939086520008
2018-11-06,0.01296908459661404,0.012164341286585325,0.5108625350846218,5759.862027099778,6318.905984834221
2018-11-07,0.012164341286585325,0.01563191822843339,2.3417966821980656,5759.862027099778,8120.178423225962
2018-11-08,0.015631918228433392,0.014285556016726842,-0.13632786209997372,5759.862027099778,7420.795198366172
2018-11-09,0.014285556016726842,0.014498506257958078,-1.1479715253204843,5759.862027099778,7531.414632833361
2018-11-12,0.014498506257958076,0.017778927026947576,-2.131940786644023,5759.862027099778,9235.46666011424
2018-11-13,0.017778927026947573,0.016203416771668148,-0.13507687292088205,5759.862027099778,8417.049867399646
2018-11-14,0.01620341677166815,0.01568039635982071,-0.8469203390121491,5759.862027099778,8145.360942142523
2018-11-15,0.01568039635982071,0.01536987920056265,0.9349377242637119,5759.862027099778,7984.05925799845
2018-11-16,0.015369879200562651,0.014167966386168511,0.3361402405803903,5759.862027099778,7359.711922027247
2018-11-19,0.014167966386168511,0.01470627942171669,-1.2796965023904519,5759.862027099778,7639.344775290815
2018-11-20,0.01470627942171669,0.01599172199905626,-1.5375019312680938,5759.862027099778,8307.08260044286
2018-11-21,0.015991721999056255,0.01458331301046807,-0.02124190861020344,5759.862027099778,7575.468468825344
2018-11-23,0.014583313010468073,0.013770008079203507,-0.6183186781198297,5759.862027099778,7152.987935224213
2018-11-26,0.013770008079203507,0.01466526632229039,1.4193689662727624,5759.862027099778,7618.040052468935
2018-11-27,0.014665266322290389,0.013507345858975315,0.2996510171812789,5759.862027099778,7016.545045610446
2018-11-28,0.013507345858975315,0.01657468664552642,2.1295951189609306,5759.862027099778,8609.910242872573
2018-11-29,0.01657468664552642,0.015300823553395803,-0.38647218493179464,5759.862027099778,7948.187513537416
2018-11-30,0.015300823553395801,0.01451781729321606,0.6750343471390522,5759.862027099778,7541.445970609091
2018-12-03,0.01451781729321606,0.013781516321802523,0.6678380194558406,5759.862027099778,7158.966023253858
2018-12-04,0.013781516321802521,0.019738272969278905,-2.8729422788297794,5759.862027099778,10253.271283453081
2018-12-06,0.0197382729692789,0.017965257449034266,-0.1513039080129024,6148.880092625354,9332.258125557477
2018-12-07,0.017965257449034266,0.01964798687006257,-1.5833366462065097,6148.880092625354,10206.37113824632
2018-12-10,0.01964798687006257,0.01784806738241806,-0.00814872014566971,6148.880092625354,9271.382407270874
2018-12-11,0.01784806738241806,0.01629428635511464,-0.19601539173260651,6148.880092625354,8464.253110152516
2018-12-12,0.016294286355114637,0.015048208172162883,0.38731254081201927,6148.880092625354,7816.963569163692
2018-12-13,0.015048208172162885,0.013747747105446455,0.06576631862151613,6148.880092625354,7141.424218210059
2018-12-14,0.013747747105446455,0.014378845165217338,-1.3189403532304858,6148.880092625354,7469.255311809944
2018-12-17,0.014378845165217336,0.015237047197842931,-1.397119381941428,6148.880092625354,7915.058157389018
2018-12-18,0.015237047197842933,0.013916266815724677,0.06812480086146329,6148.880092625354,7228.9637060254745
2018-12-19,0.013916266815724679,0.013668606318342148,-0.9299591319652283,6148.880092625354,7100.313632647207
2018-12-20,0.013668606318342148,0.014017708002319022,-1.204398760837853,6148.880092625354,7281.658488749679
2018-12-21,0.01401770800231902,0.016624074373313216,-1.9678572969014787,6148.880092625354,8635.56526202544
2018-12-24,0.016624074373313213,0.01781158100369416,-1.4704939597485858,6148.880092625354,9252.429141208071
2018-12-26,0.017811581003694163,0.026695163611926004,3.1064249028739237,6148.880092625354,13867.107567883737
2018-12-27,0.026695163611926004,0.024441988015219313,0.3585010499349134,6148.880092625354,12696.669775365259
2018-12-28,0.02444198801521931,0.02222569963544123,-0.20433640393449884,6148.880092625354,11545.39346889215
2018-12-31,0.022225699635441232,0.020665191356256118,0.5350422457358153,6148.880092625354,10734.769623965965
2019-01-02,0.020665191356256118,0.018768331898438996,-0.0774798341014592,6148.880092625354,9749.424318535568
2019-01-03,0.018768331898438996,0.021256823906599193,-1.7621139098784588,6148.880092625354,11042.099908040476
2019-01-04,0.02125682390659919,0.023554695517385392,1.6590066975675406,6148.880092625354,12235.755555452315
2019-01-07,0.023554695517385392,0.021426525757379997,0.20384451210842233,6148.880092625354,11130.253472238714
2019-01-08,0.021426525757379994,0.019554134430498124,0.25676825364109807,6148.880092625354,10157.618416822015
2019-01-09,0.019554134430498124,0.017912452032605896,0.3069750342374503,6148.880092625354,9304.827749013468
2019-01-10,0.017912452032605896,0.016346904732123236,0.1867915617090927,6148.880092625354,8491.586326934139
2019-01-11,0.016346904732123236,0.014950230263611525,-0.19667215425232074,6148.880092625354,7766.067825765776
2019-01-14,0.014950230263611523,0.01373486677707883,-0.2575094231210946,6148.880092625354,7134.733384560187
2019-01-15,0.013734866777078828,0.01305389085912552,0.6651317055383867,6148.880092625354,6780.9926679766695
2019-01-16,0.01305389085912552,0.013190168330964586,1.1065400285027673,6148.880092625354,6851.783556863649
2019-01-17,0.013190168330964586,0.012200323209962895,0.32062931219870133,6148.880092625354,6337.597205807042
2019-01-18,0.012200323209962895,0.012518065929823468,1.1885581189573147,6148.880092625354,6502.6522899141155
2019-01-22,0.012518065929823468,0.01306350425694741,-1.2924997430414558,6148.880092625354,6785.9864572497745
2019-01-23,0.01306350425694741,0.011981900963547228,-0.04435033673965489,6148.880092625354,6224.135275762466
2019-01-24,0.011981900963547227,0.011023685116243393,0.02983706294585566,6148.880092625354,5726.379112100038
2019-01-25,0.011023685116243393,0.011027129957688134,1.0041087660190722,6148.880092625354,5728.168574324843
2019-01-28,0.011027129957688134,0.012517646962286058,-1.722693512063022,6148.880092625354,6502.434652442655
2019-01-29,0.012517646962286057,0.0115260273765375,-0.1718445613873333,6148.880092625354,5987.326535410835
2019-01-30,0.011526027376537502,0.012007011940240873,1.2675694289981916,6148.880092625354,6237.179459345961
2019-01-31,0.012007011940240873,0.011123480550482881,-0.28650726701326334,6148.880092625354,5778.218989970815
2019-02-01,0.01112348055048288,0.010265711726737771,-0.00015581534887095433,6148.880092625354,5332.641179691481
2019-02-04,0.010265711726737771,0.009867010672592644,0.6665772283553978,6148.880092625354,4770.6082567360845
2019-02-05,0.009867010672592645,0.009296978308846134,0.41642225883619444,5759.862027099778,4224.953826262945
2019-02-06,0.009296978308846134,0.008765779769909245,-0.37261672535317364,5759.862027099778,3983.5539622392507
2019-02-07,0.008765779769909245,0.009389149650003913,-1.3596350097797776,5759.862027099778,4266.840517568421
2019-02-08,0.009389149650003913,0.008893726555882437,-0.4499880769171117,5366.435356417573,4041.6985813829915
2019-02-11,0.008893726555882437,0.008531069053455383,-0.5614765637201969,5366.435356417573,3876.891140556305
2019-02-12,0.008531069053455383,0.009922210179669372,1.7951137243568038,5366.435356417573,4509.086551669296
2019-02-13,0.009922210179669372,0.009292881503475922,0.3238457893174401,5366.435356417573,4223.092058605827
2019-02-14,0.009292881503475924,0.008774995256725964,-0.3956973541274167,5366.435356417573,3987.7418827650113
2019-02-15,0.008774995256725964,0.010498170174360735,1.9446975618107258,5366.435356417573,4770.827980175186
2019-02-19,0.010498170174360735,0.009753409950297503,-0.2124648308911657,5366.435356417573,4432.376339892191
2019-02-20,0.009753409950297503,0.00914134199459162,0.3190248135062504,5366.435356417573,4154.225873634573
2019-02-21,0.009141341994591622,0.008665831464302392,-0.437751456205988,5366.435356417573,3938.1330779288746
2019-02-22,0.00866583146430239,0.008325712415846228,0.5595168371564091,5366.435356417573,3783.5680969831324
2019-02-25,0.00832571241584623,0.008058710563278284,0.6088790401275368,5366.435356417573,3662.2307698267527
2019-02-26,0.008058710563278282,0.007689747046115978,-0.39926399645834076,5366.435356417573,3494.557599921315
2019-02-27,0.007689747046115978,0.007674603757309896,-0.8316178659739731,5366.435356417573,3487.675826741036
2019-02-28,0.0076746037573098965,0.007731417901437635,-0.9040260746455471,5366.435356417573,3513.4946603065555
2019-03-01,0.007731417901437635,0.0075338835135589635,0.6173567358811679,5366.435356417573,3423.7263893520667
2019-03-04,0.007533883513558964,0.007861452000513577,-1.1399918461682246,5366.435356417573,3572.587845875549
2019-03-05,0.007861452000513575,0.0074208005987518345,-0.03276708228823434,5366.435356417573,3372.336563784254
2019-03-06,0.0074208005987518345,0.007772568632229118,-1.1565451004077771,5366.435356417573,3532.1953533420083
2019-03-07,0.007772568632229118,0.008344229019074625,-1.3295562452598757,5366.435356417573,3791.982851870188
2019-03-08,0.008344229019074625,0.007836903460371372,-0.007972246158005151,5366.435356417573,3561.431914866838
2019-03-11,0.007836903460371372,0.009511757831791444,1.9894158435982383,5366.435356417573,4322.559041325917
2019-03-12,0.009511757831791444,0.00898064214751723,0.41534701523392303,5366.435356417573,4081.1968300870803
2019-03-13,0.00898064214751723,0.008695230703103313,0.6642549988544372,5366.435356417573,3951.493378699178
2019-03-14,0.008695230703103313,0.008258068981422027,0.41554735278994887,5366.435356417573,3752.8279599624657
2019-03-15,0.008258068981422027,0.008045576410167319,0.6683379616695055,5366.435356417573,3656.2620358362583
2019-03-18,0.00804557641016732,0.00814053189206804,0.9633371072328031,5366.435356417573,3699.4139625433877
2019-03-19,0.00814053189206804,0.007747401616887178,-0.37015676497833033,5366.435356417573,3520.758360134938
2019-03-20,0.007747401616887178,0.008247904048062969,-1.2782968843217457,5366.435356417573,3748.20856937529
2019-03-21,0.008247904048062969,0.00891416097774847,1.3909179034543229,5366.435356417573,4050.9848769924174
2019-03-22,0.008914160977748472,0.011648249147077575,-2.382042406953298,5366.435356417573,4722.185785953425
2019-03-25,0.011648249147077577,0.010737051756719991,-0.09721695219410223,5366.435356417573,4427.719553714189
2019-03-26,0.010737051756719991,0.009940768534779973,0.1328028170052299,5366.435356417573,4099.350195722437
2019-03-27,0.009940768534779973,0.009322220019020585,-0.3485131004482758,5366.435356417573,3844.2746479646808
2019-03-28,0.009322220019020585,0.008819665480280394,0.42705711598352014,5366.435356417573,3637.0324171916855
2019-03-29,0.008819665480280396,0.00899020182211151,1.0570811362947823,5366.435356417573,3707.3577832654714
2019-04-01,0.00899020182211151,0.00982392468240078,1.4792021831542728,5366.435356417573,4051.166409182817
2019-04-02,0.00982392468240078,0.009125430971375635,0.027343282070920974,5366.435356417573,3763.123254271435
2019-04-03,0.009125430971375635,0.008736005291518226,0.5579965016689035,5366.435356417573,3602.53282996395
2019-04-04,0.008736005291518224,0.00820240225100063,0.19467147776140054,5366.435356417573,3382.4868927780367
2019-04-05,0.00820240225100063,0.007809169317672254,0.38604773275966525,5366.435356417573,3220.326442450253
2019-04-08,0.0078091693176722534,0.007386674550393523,0.13780927477449703,5366.435356417573,3046.0990674866225
2019-04-09,0.007386674550393523,0.007770090308074712,-1.181687136925183,5366.435356417573,3204.2111345561166
2019-04-10,0.007770090308074712,0.007400057361323359,0.3118255448067528,5366.435356417573,3051.617838838414
2019-04-11,0.007400057361323359,0.007177962757411056,-0.5212463930687203,5366.435356417573,2960.0310007754006
2019-04-12,0.007177962757411057,0.007276503606271286,0.9078974860335667,5366.435356417573,3000.6670387888116
2019-04-15,0.007276503606271286,0.0070273861559615285,-0.44215744563498005,5366.435356417573,2897.936584386597
2019-04-16,0.007027386155961529,0.006763003314183195,-0.32596754666401356,5366.435356417573,2788.9110246023856
2019-04-17,0.006763003314183194,0.006618762362573781,0.5180034603303718,5366.435356417573,2729.4292882414125
2019-04-18,0.006618762362573781,0.006375176905650776,0.17944149527429534,5366.435356417573,2628.980103953614
2019-04-22,0.006375176905650776,0.00618998709549351,-0.2752237627481529,5366.435356417573,2552.6119758900836
2019-04-23,0.00618998709549351,0.00662737399471675,1.1880865305122636,5366.435356417573,2732.9805323718087
2019-04-24,0.006627373994716749,0.006766804393792029,-0.902762828966489,5366.435356417573,2790.478504660282
2019-04-25,0.006766804393792029,0.006521527726263157,0.26828450234475076,5366.435356417573,2689.3319030144685
2019-04-26,0.0065215277262631564,0.006713005190487238,0.9521368556490909,5366.435356417573,2768.2929187243867
2019-04-29,0.006713005190487238,0.006572188424661279,0.5121053182626171,5366.435356417573,2710.2232398529814
2019-04-30,0.006572188424661278,0.006396144247039733,-0.3917555423951694,5366.435356417573,2637.6265657161907
2019-05-01,0.006396144247039734,0.00664231166456109,-1.0021630353900324,5366.435356417573,2739.140492699402
2019-05-02,0.00664231166456109,0.006599468359389001,-0.6645167087007194,5366.435356417573,2721.4728736588704
2019-05-03,0.006599468359389001,0.007085661037744675,1.2484865345153484,5366.435356417573,2921.9678398380884
2019-05-06,0.007085661037744675,0.006843412164215929,-0.4027465612662382,5366.435356417573,2822.069832592557
2019-05-07,0.006843412164215929,0.009813448224793922,-2.785515352285854,5366.435356417573,4046.8461528172356
2019-05-08,0.009813448224793922,0.009216591948791833,-0.3615041275548719,5366.435356417573,4168.4901295335085
2019-05-09,0.009216591948791833,0.008673697480061672,-0.330941292627495,5366.435356417573,3922.949234715368
2019-05-10,0.008673697480061672,0.008156897423875245,0.2254793626762345,5366.435356417573,3689.2103488967464
2019-05-13,0.008156897423875244,0.013142790149948841,-3.411655983675817,5366.435356417573,5944.235279047326
2019-05-14,0.01314279014994884,0.012414836281758993,0.5928349329907164,5366.435356417573,5800.98976896011
2019-05-15,0.012414836281758995,0.01154186967653412,0.37162161077178435,5366.435356417573,5393.08504668891
2019-05-16,0.011541869676534122,0.010946489738193352,0.5864674846453987,5366.435356417573,5114.886216468851
2019-05-17,0.010946489738193352,0.010261049248598933,-0.4180877651158489,5366.435356417573,4794.6054510099875
2019-05-20,0.010261049248598933,0.009681997374580352,-0.46480824065505394,5366.435356417573,4524.036116010829
2019-05-21,0.009681997374580352,0.009411009970332241,0.7404349198539406,5366.435356417573,4397.413813156133
2019-05-22,0.00941100997033224,0.009047909358150297,-0.6232114915175759,5366.435356417573,4227.750445185229
2019-05-23,0.009047909358150297,0.009278852452115805,-1.1066094232443584,5366.435356417573,4335.66153598828
2019-05-24,0.009278852452115805,0.008728455348925716,0.33077210779459243,5366.435356417573,4078.48150622323
2019-05-28,0.008728455348925718,0.009126340471129153,-1.2154405073671781,5366.435356417573,4264.398377838758
2019-05-29,0.009126340471129151,0.008719179098741417,-0.5349815492977172,5366.435356417573,4074.1470606298963
2019-05-30,0.008719179098741418,0.008165272244997981,0.07082586190892756,5366.435356417573,3815.3270553879674
2019-05-31,0.00816527224499798,0.009171122802021477,-1.6002178590969156,5366.435356417573,4285.323490135104
2019-06-03,0.009171122802021477,0.008641854828028414,-0.34780576774252236,5366.435356417573,4038.016314068422
2019-06-04,0.008641854828028414,0.01181338612883389,2.5969621169917643,5366.435356417573,5519.954553958171
2019-06-05,0.011813386128833892,0.011395240370845817,0.7522366557884835,5366.435356417573,5324.570643210441
2019-06-06,0.011395240370845817,0.010591288232215364,0.3085832088760373,5366.435356417573,4948.91380609361
2019-06-07,0.010591288232215366,0.010500254586035885,0.9300407299623916,5366.435356417573,4906.37717990433
2019-06-10,0.010500254586035884,0.010083243920316957,0.6683268620564078,5366.435356417573,4711.5236554211215
2019-06-11,0.010083243920316958,0.00935190662144387,-0.003383996613101884,5366.435356417573,4369.797023499674
2019-06-12,0.009351906621443869,0.008834194371390651,-0.4075895706814518,5366.435356417573,4127.889406059991
2019-06-13,0.008834194371390651,0.008287387208952682,0.19237547552580508,5366.435356417573,3872.386821659632
2019-06-14,0.008287387208952682,0.007808170864362335,0.17786740311682034,5366.435356417573,3648.4669044738057
2019-06-17,0.007808170864362335,0.0073873425581089175,0.14666837803967453,5366.435356417573,3451.829539013598
2019-06-18,0.007387342558108917,0.008238786584259371,1.526613548853557,5366.435356417573,3849.6775631392275
2019-06-19,0.008238786584259371,0.007850334412045922,0.4044827543238443,5366.435356417573,3668.1683570894097
2019-06-20,0.007850334412045922,0.007895244032903174,0.9049585163457504,5366.435356417573,3689.1529472368916
2019-06-21,0.007895244032903174,0.0074503884609169865,0.04316231763825032,5366.435356417573,3481.2885370111658
2019-06-24,0.007450388460916986,0.007191607025481616,-0.46650103039062985,5366.435356417573,3360.3696279504734
2019-06-25,0.007191607025481614,0.00781095215537426,-1.3641519558931876,5366.435356417573,3649.766497987446
2019-06-26,0.00781095215537426,0.0073788886514973145,-0.06032734954974957,5366.435356417573,3447.8793438882944
2019-06-27,0.007378888651497314,0.007121991631167365,0.4527867803277399,5366.435356417573,3327.8409516945935
2019-06-28,0.007121991631167365,0.007069763080715751,0.7257425497375039,5366.435356417573,3303.4364988334155
2019-07-01,0.007069763080715751,0.007492362056211459,1.2058909198395869,5366.435356417573,3500.901231962887
2019-07-02,0.007492362056211459,0.0071348619330769475,0.23428846730703493,5366.435356417573,3333.8547635569867
2019-07-03,0.007134861933076948,0.007025786230079448,0.6496390707881942,5366.435356417573,3282.887757406425
2019-07-05,0.007025786230079447,0.006718613604820566,-0.1622920467383391,5366.435356417573,3139.3574509254986
2019-07-08,0.006718613604820566,0.0069276887613853025,-0.9878882602897646,5366.435356417573,3237.05047052317
2019-07-09,0.0069276887613853025,0.006622925316776304,-0.061649693072503065,5366.435356417573,3094.645884267978
2019-07-10,0.006622925316776304,0.0063625165776416024,-0.014057150485542359,5366.435356417573,2972.966596906955
2019-07-11,0.006362516577641602,0.006876409050012468,1.2670593038832436,5366.435356417573,3213.089374760183
2019-07-12,0.006876409050012467,0.007325151672459388,1.2230718785945287,5366.435356417573,3422.7700586316005
2019-07-15,0.007325151672459389,0.006964090556824233,0.08622878940359158,5366.435356417573,3254.0596712988004
2019-07-16,0.006964090556824233,0.0066695467296808445,-0.18179135183366424,5366.435356417573,3116.4303309683405
2019-07-17,0.0066695467296808445,0.007146838596349052,-1.2424704820838364,5366.435356417573,3339.4510114277573
2019-07-18,0.007146838596349053,0.006810084230262324,0.06767744738736005,5366.435356417573,3182.098261219361
2019-07-19,0.006810084230262323,0.007046868023501206,-1.0230747165817589,5366.435356417573,3292.7384928632137
2019-07-22,0.007046868023501206,0.006727446523162094,0.09706902877287159,5366.435356417573,3143.4847440904155
2019-07-23,0.006727446523162094,0.006967971709816412,1.021273094783042,5366.435356417573,3255.873189277486
2019-07-24,0.006967971709816412,0.006680255158729932,-0.21653094210525795,5366.435356417573,3121.433980307371
2019-07-25,0.0066802551587299315,0.006641054035880598,-0.6766809503774649,5366.435356417573,3103.116758282071
2019-07-26,0.006641054035880599,0.006711638888029938,0.8210801873912362,5366.435356417573,3136.098426011632
2019-07-29,0.0067116388880299385,0.006437681486570759,0.017730815160408312,5366.435356417573,3008.0883542774905
2019-07-30,0.006437681486570759,0.006389352113652588,-0.6157455700607319,5366.435356417573,2985.5058415905937
2019-07-31,0.006389352113652587,0.006348586873688443,-0.6183189530725469,5366.435356417573,2966.4577659982747
2019-08-01,0.0063485868736884435,0.007772092959814364,-1.962529607072204,5366.435356417573,3631.6090458264225
2019-08-02,0.007772092959814364,0.007708843978482358,-0.7872752172853423,5366.435356417573,3602.0551568119367
2019-08-05,0.0077088439784823585,0.014848144592721877,-4.3769848084256635,5366.435356417573,6937.983950459001
2019-08-06,0.014848144592721874,0.014670859491624959,0.9818260326570312,5759.862027099778,7611.78976984578
2019-08-07,0.01467085949162496,0.013424026218942727,-0.12074124473396024,5759.862027099778,6964.886106490283
2019-08-08,0.013424026218942725,0.01337507180699911,1.0210813469819808,5759.862027099778,6939.4867294303385
2019-08-09,0.01337507180699911,0.012262854967471695,0.07968367609360066,5759.862027099778,6362.427098684241
2019-08-12,0.012262854967471697,0.011998270452666746,-0.8749354474071414,5759.862027099778,6225.150771813166
2019-08-13,0.011998270452666746,0.0125782523719967,1.3114161663802764,5759.862027099778,6526.067050288292
2019-08-14,0.0125782523719967,0.017060081033863014,-2.6036295873610356,5759.862027099778,8851.407128561856
2019-08-15,0.017060081033863014,0.01558286386445996,0.18564192046390474,5793.0232549501425,8084.971696178248
2019-08-16,0.01558286386445996,0.015234710645817658,0.9157545041050136,5793.0232549501425,7904.336804983687
2019-08-19,0.015234710645817657,0.014405108220581796,0.6420027474423902,5793.0232549501425,7473.908086267212
2019-08-20,0.014405108220581797,0.013286525753728151,-0.3171446980513846,5793.0232549501425,6893.545730347575
2019-08-21,0.013286525753728151,0.012406062740306785,0.4653201121409322,5793.0232549501425,6436.728639153006
2019-08-22,0.012406062740306785,0.011445428261648023,-0.2193709824627997,5793.0232549501425,5938.315597886396
2019-08-23,0.011445428261648023,0.01475457785950322,-2.3508228115727428,5793.0232549501425,7655.225985462712
2019-08-26,0.01475457785950322,0.014351979560047056,0.8702653401718602,5793.0232549501425,7446.342953155903
2019-08-27,0.014351979560047056,0.01339522143466716,-0.4879839344084022,5793.0232549501425,6949.941108728118
2019-08-28,0.013395221434667159,0.012544356576503242,0.5044716707512179,5793.0232549501425,6508.480645788599
2019-08-29,0.012544356576503242,0.012814736559674935,1.167081650642529,5793.0232549501425,6648.76387807313
2019-08-30,0.012814736559674935,0.01181188603596135,0.22624805824651403,5793.0232549501425,6128.447576124686
2019-09-03,0.011811886035961353,0.012110921426421676,-1.178025711650124,5793.0232549501425,6283.5983038122595
2019-09-04,0.012110921426421674,0.011644660717560016,0.7325534458491555,5793.0232549501425,6041.68483610982
2019-09-05,0.011644660717560016,0.01256340788409293,1.4656060274891738,5793.0232549501425,6518.365175614281
2019-09-06,0.012563407884092931,0.01154343824061811,0.08016424128240279,5793.0232549501425,5989.166835040784
2019-09-09,0.011543438240618112,0.010639679761471758,0.06482617132713116,5793.0232549501425,5520.263186286962
2019-09-10,0.010639679761471758,0.009882712103757952,-0.2246159305821299,5793.0232549501425,5127.520097418903
2019-09-11,0.009882712103757952,0.009322472721478937,0.43401554903109624,5793.0232549501425,4836.8469844270885
2019-09-12,0.009322472721478937,0.008703256553717774,0.1496152902736942,5793.0232549501425,4515.5745127100645
2019-09-13,0.008703256553717774,0.008181923642904723,0.22300614846957265,5793.0232549501425,4245.087530030144
2019-09-16,0.008181923642904723,0.008035857559475066,-0.7365666036096873,5793.0232549501425,4169.302991284748
2019-09-17,0.008035857559475066,0.007572455537901853,-0.05663626392629378,5793.0232549501425,3928.8727173017924
2019-09-18,0.007572455537901852,0.007179981987042986,-0.11845729639103815,5793.0232549501425,3725.2427826638122
2019-09-19,0.007179981987042986,0.006848090416520566,-0.1487265863309804,5793.0232549501425,3553.0450417855245
2019-09-20,0.006848090416520566,0.0073159213590134695,-1.2387562205638056,5793.0232549501425,3795.7732053343375
2019-09-23,0.007315921359013469,0.006953529642413961,-0.05225407696830178,5793.0232549501425,3607.7508496800087
2019-09-24,0.006953529642413962,0.007873800524123776,-1.5856537200903087,5793.0232549501425,4085.221749519556
2019-09-25,0.007873800524123776,0.007642839439966077,0.5922730622710094,5793.0232549501425,3965.3905140948245
2019-09-26,0.007642839439966077,0.007416672142183185,-0.5610787389302615,5793.0232549501425,3848.0464740595253
2019-09-27,0.0074166721421831845,0.00712523565081094,-0.39046234605717406,5793.0232549501425,3696.83833899059
2019-09-30,0.00712523565081094,0.006829328345089003,0.2708473410170548,5793.0232549501425,3543.310578479853
2019-10-01,0.006829328345089003,0.00768258712260918,-1.5412970525338905,5793.0232549501425,3986.0130961794366
2019-10-02,0.007682587122609179,0.01075391805386241,-2.6915439418716818,5793.0232549501425,5579.534278470771
2019-10-03,0.01075391805386241,0.010041656608109755,0.34474951389345054,5793.0232549501425,5209.986441867837
2019-10-04,0.010041656608109755,0.011214847211329697,1.6220469405428248,5793.0232549501425,5818.681538209438
2019-10-07,0.011214847211329697,0.010432202099455579,-0.31094597102822846,5793.0232549501425,5412.616027229387
2019-10-08,0.010432202099455579,0.01085388763038624,-1.2383625386871793,5793.0232549501425,5631.402228014852
2019-10-09,0.01085388763038624,0.010493207289781273,0.7421548230558489,5793.0232549501425,5444.267798135768
2019-10-10,0.010493207289781273,0.010409224219159527,0.9313702214754763,5735.42594599738,4880.079387480184
2019-10-11,0.010409224219159526,0.011117248146010355,1.388553547846096,5735.42594599738,5212.0169938301115
2019-10-14,0.011117248146010355,0.010261324472760812,0.03526021064458681,5735.42594599738,4810.740646319684
2019-10-15,0.010261324472760814,0.01137788315302679,1.5885260738641804,5735.42594599738,5334.20857109055
2019-10-16,0.01137788315302679,0.010650774485486656,-0.42285173419404026,5735.42594599738,4993.323607311059
2019-10-17,0.010650774485486658,0.009908161755489203,0.26275895203415284,5735.42594599738,4645.1699889203155
2019-10-18,0.009908161755489203,0.00922695754735697,-0.1904009081204779,5735.42594599738,4325.8060723805975
2019-10-21,0.009226957547356968,0.008936540284763098,0.6831924611021611,5735.42594599738,4189.6519011269775
2019-10-22,0.0089365402847631,0.008812580722933916,-0.8217853363448038,5735.42594599738,4131.536859138526
2019-10-23,0.008812580722933916,0.008298975321777372,0.28492235511356867,5735.42594599738,3890.747048225516
2019-10-24,0.008298975321777372,0.007797991288455573,0.02064829192400435,5400.950103772033,3655.8744195842432
2019-10-25,0.007797991288455573,0.008056232182308816,1.091681097425192,5400.950103772033,3776.943582527054
2019-10-28,0.008056232182308816,0.008206086769985159,1.0115729850451542,5400.950103772033,3847.1987974250674
2019-10-29,0.008206086769985159,0.007744358853349454,-0.20516426381739047,5400.950103772033,3630.730322814766
2019-10-30,0.007744358853349456,0.007382418346793482,0.324198156367816,5400.950103772033,3461.044439568363
2019-10-31,0.007382418346793481,0.007096237332626701,-0.39220226018925586,5400.950103772033,3326.8763172453864
2019-11-01,0.007096237332626701,0.008965816565315197,2.1629901280956223,5400.950103772033,4203.377282601748
2019-11-04,0.008965816565315197,0.008377887570817486,-0.04939121890511986,5400.950103772033,3927.7428926662133
2019-11-05,0.008377887570817486,0.007987587428309108,-0.4322714157122375,5400.950103772033,3744.7613716341393
2019-11-06,0.007987587428309106,0.007535512559801249,0.10370290428513254,5400.950103772033,3532.818463982838
2019-11-07,0.00753551255980125,0.007824912429684264,1.1081316956994507,5400.950103772033,3668.49565855763
2019-11-08,0.007824912429684264,0.007516652142883988,0.4603586633536063,5400.950103772033,3523.9762746035567
2019-11-11,0.007516652142883986,0.007243210743088245,-0.4543680183388721,5400.950103772033,3395.780771198916
2019-11-12,0.007243210743088245,0.006890235928397737,-0.02675740767031713,5318.512414624899,3230.298206773008
2019-11-13,0.006890235928397737,0.006649948823762079,-0.3398686155208755,5318.512414624899,3117.6461856693213
2019-11-14,0.006649948823762079,0.006386169606379264,0.041771808646975175,5318.512414624899,2993.980531582809
2019-11-15,0.006386169606379265,0.0073468966059479415,1.6337170821209246,5318.512414624899,3444.39104526558
2019-11-18,0.0073468966059479415,0.007008257584840117,0.22912059122735867,5318.512414624899,3285.6294246192533
2019-11-19,0.007008257584840116,0.0067278418075547835,-0.26711415449013354,5318.512414624899,3154.164175543767
2019-11-20,0.006727841807554785,0.006953792926180381,-1.0062589013858891,5318.512414624899,3260.0951626535734
2019-11-21,0.00695379292618038,0.0066499623262789645,-0.11327540886624847,5318.512414624899,3117.6525159541675
2019-11-22,0.0066499623262789645,0.00645221273545162,0.3635489659682698,5318.512414624899,3024.9430419567784
2019-11-25,0.00645221273545162,0.007367123053390681,1.5970930425990342,5318.512414624899,3453.8736606045395
2019-11-26,0.0073671230533906805,0.007008668264330656,0.1503769351331504,5318.512414624899,3285.8219604388732
2019-11-27,0.007008668264330656,0.006771043159534844,0.38918419769393453,5318.512414624899,3174.417944976567
2019-11-29,0.0067710431595348446,0.006665654909866368,-0.5890755103330112,5318.512414624899,3125.009553528614
2019-12-02,0.006665654909866367,0.0075962457650047095,-1.6020426195364228,5318.512414624899,3561.291562132024
2019-12-03,0.007596245765004709,0.008510589449169737,-1.5623643539907477,5318.512414624899,3989.956530070117
2019-12-04,0.008510589449169737,0.008293049508228102,0.6907510635889589,4779.119326407682,3870.561622780284
2019-12-05,0.008293049508228102,0.007869342150462878,0.3448414978856784,4779.119326407682,3672.8074146776344
2019-12-06,0.00786934215046288,0.008361811634486804,1.2734349789818604,4779.119326407682,3902.6545274148984
2019-12-09,0.008361811634486804,0.007995750758437243,-0.47069377073059254,4779.119326407682,3731.805290709752
2019-12-10,0.007995750758437243,0.007537275668111002,0.0477165437735126,4779.119326407682,3517.8241625545647
2019-12-11,0.007537275668111002,0.007159350440245082,-0.17454253901548533,4779.119326407682,3341.437553285321
2019-12-12,0.007159350440245082,0.007938314817938299,1.4811806123575444,4779.119326407682,3704.998583859282
2019-12-13,0.0079383148179383,0.007541476890499929,0.29907010018347446,4779.119326407682,3519.7849720410163
2019-12-16,0.007541476890499928,0.008118526427067735,1.3331377288457213,4779.119326407682,3789.107588343558
2019-12-17,0.008118526427067736,0.007673278073380999,0.22312549548900465,4779.119326407682,3581.2996898526444
2019-12-18,0.007673278073380998,0.0072935680565101345,-0.2435019009544839,4779.119326407682,3404.080077498053
2019-12-19,0.007293568056510134,0.0069407595650681315,0.11830421807135823,4779.119326407682,3239.416040968239
2019-12-20,0.006940759565068132,0.006681567844829221,0.3052351600229752,4779.119326407682,3118.4451575430567
2019-12-23,0.006681567844829221,0.0064236115481283535,0.1503910707525938,4779.119326407682,2998.0508753945796
2019-12-24,0.006423611548128353,0.006201353598104427,-0.1215426342431097,4779.119326407682,2894.3178528355197
2019-12-26,0.006201353598104427,0.006383033945989293,0.9075987682919077,4779.119326407682,2979.1123523062915
2019-12-27,0.006383033945989294,0.006166424459090876,-0.11550675057844498,4779.119326407682,2878.015600588204
2019-12-30,0.006166424459090877,0.006368212239499453,-0.9284881569695483,4779.119326407682,2972.1947126290206
2019-12-31,0.006368212239499452,0.006190954745537347,0.300039238640349,4779.119326407682,2889.4644633040625
2020-01-02,0.006190954745537347,0.007146081522615053,1.636323952781469,4663.495531943453,3335.244636758817
2020-01-03,0.007146081522615053,0.007839648284744118,-1.4195770705625206,4663.495531943453,3658.9485878408977
2020-01-06,0.007839648284744118,0.007484027556628609,0.36904631306187474,4663.495531943453,3492.9720141880575
2020-01-07,0.007484027556628609,0.007808308936987773,-1.1356540154864379,4663.495531943453,3644.3217757631055
2020-01-08,0.007808308936987774,0.00858375550786979,1.4674914825341276,4663.495531943453,4006.2409630047346
2020-01-09,0.00858375550786979,0.008537892061428432,0.8693105789167778,4663.495531943453,3984.8354118250104
2020-01-10,0.00853789206142843,0.008205019488942752,-0.5506717167286883,4663.495531943453,3829.475938441799
2020-01-13,0.00820501948894275,0.007774669370534459,0.30179185140187115,4663.495531943453,3628.6213974171205
2020-01-14,0.0077746693705344596,0.007350364899353246,0.09004884793960566,4663.495531943453,3430.5885024128584
2020-01-15,0.007350364899353246,0.0071302791078666815,0.514273001219732,4663.495531943453,3327.869277427895
2020-01-16,0.0071302791078666815,0.007887614566630155,1.4661597284506092,4663.495531943453,3681.3355818738346
2020-01-17,0.007887614566630154,0.007824895080908967,0.7988447387095959,4663.495531943453,3652.062919966766
2020-01-21,0.007824895080908967,0.007602406712309879,-0.5966734058922329,4663.495531943453,3548.222355629098
2020-01-22,0.00760240671230988,0.0072541621637847485,-0.3106181653756777,4663.495531943453,3385.688418803269
2020-01-23,0.0072541621637847485,0.00737926486035202,-0.941394351818197,4663.495531943453,3444.0767952092197
2020-01-24,0.00737926486035202,0.009008420386607648,-2.0015565102807877,4663.495531943453,4204.442068708322
2020-01-27,0.009008420386607647,0.010902109558692787,-2.0075619475651596,4663.495531943453,5088.271428182791
2020-01-28,0.010902109558692787,0.011104948197257283,1.1195659429628386,4663.495531943453,5182.94100048738
2020-01-29,0.011104948197257283,0.010263818480459866,0.12776671197103784,4663.495531943453,4790.365941290401
2020-01-30,0.010263818480459866,0.009732031420919036,0.5250520640299471,4663.495531943453,4542.168389580657
2020-01-31,0.009732031420919034,0.014884003672619543,-3.1681635157196384,4663.495531943453,6946.715240443666
2020-02-03,0.014884003672619543,0.01380937931699519,0.42337092896439266,5247.564483966149,7157.668679159308
2020-02-04,0.013809379316995189,0.01442130790414079,1.3109156703177172,5247.564483966149,7474.843114124957
2020-02-05,0.01442130790414079,0.015133623019929154,1.3435776711965697,5247.564483966149,7844.049830584354
2020-02-06,0.015133623019929154,0.013818606282621564,0.008308478491309472,5247.564483966149,7162.451194097275
2020-02-07,0.013818606282621564,0.01321305942513222,-0.720561900553703,5247.564483966149,6848.5845331764185
2020-02-10,0.013213059425132219,0.012245009367565254,0.3547900215509443,5247.564483966149,6346.825444816962
2020-02-11,0.012245009367565254,0.011256253798643251,-0.030414679014466515,5247.564483966149,5834.3342890191425
2020-02-12,0.011256253798643251,0.010946389721121195,0.80351424696318,5247.564483966149,5673.725738007249
2020-02-13,0.010946389721121195,0.010153103658648976,-0.22311985958231273,5247.564483966149,5262.5502121106565
2020-02-14,0.010153103658648976,0.009413302351103004,0.01506907382356283,5247.564483966149,4879.096870271749
2020-02-18,0.009413302351103004,0.009113158294294857,-0.6902853904802967,5247.564483966149,4723.526394196294
2020-02-19,0.009113158294294857,0.008775179845413835,0.6191099850117251,5247.564483966149,4548.345620154602
2020-02-20,0.008775179845413837,0.008590136067000724,-0.7507131134543783,5247.564483966149,4452.433846959208
2020-02-21,0.008590136067000723,0.008802566309197202,-1.0814459609349458,5247.564483966149,4562.540554594117
2020-02-24,0.008802566309197202,0.016455849498898435,-4.221772456466274,5247.564483966149,8529.385415770728
2020-02-25,0.016455849498898435,0.019631758421004963,-2.008156916767855,5848.382017513509,12081.76812747624
2020-02-26,0.019631758421004963,0.017834948157204777,-0.030774787568071824,6191.599805548117,10975.975945708347
2020-02-27,0.017834948157204777,0.024430594049264533,-2.6709144208845146,6191.599805548117,15035.065437841979
2020-02-28,0.02443059404926453,0.02252788707540286,-0.44845103415455245,6593.927216058738,13864.102349373414
2020-03-02,0.02252788707540286,0.030221910700646046,2.578889482455315,6593.927216058738,18599.154982664415
2020-03-03,0.030221910700646046,0.02997932564100968,-1.0629649637107559,6593.927216058738,18449.863392025203
2020-03-04,0.029979325641009677,0.032494998178442196,1.5581402543277671,6593.927216058738,19998.057477859085
2020-03-05,0.0324949981784422,0.03194124142102259,-1.0067945796209554,6593.927216058738,19657.264737917438
2020-03-06,0.03194124142102259,0.029879899456851385,-0.6266234285180754,6640.596660812487,18388.67457352818
2020-03-09,0.02987989945685138,0.0417247972553559,-2.7750659190327696,6640.596660812487,25678.256363719112
2020-03-10,0.0417247972553559,0.042732922433514724,1.2603688795432544,7319.591860953082,26298.67631718358
2020-03-11,0.04273292243351472,0.04238285972635508,-1.0703594052880208,7319.591860953082,26083.24088000674
2020-03-12,0.04238285972635508,0.05267044240337035,-2.22711125696101,8178.837252182089,32414.420483508453
2020-03-13,0.05267044240337035,0.06340754936053845,2.078314808694007,8979.308964485965,39022.246121665245
2020-03-16,0.06340754936053845,0.07878077137106883,-2.2283271458921368,8979.308964485965,48483.22764559814
2020-03-17,0.07878077137106883,0.07585534876208591,0.8794883732682973,12804.322882487151,46682.86535106259
2020-03-18,0.07585534876208593,0.07368671097938985,-0.9410248992761856,12804.322882487151,45348.24324125788
2020-03-19,0.07368671097938984,0.06681153127404597,0.241452393668863,13924.65791210125,41117.12317277636
2020-03-20,0.06681153127404596,0.06274269251987026,-0.6810970177080892,13924.65791210125,38613.08021738613
2020-03-23,0.06274269251987027,0.05739914501959219,-0.3960278953829651,13924.65791210125,35324.55656647163
2020-03-24,0.05739914501959218,0.06638985667128305,1.887576333177852,13924.65791210125,40857.616374323894
2020-03-25,0.06638985667128305,0.059960737795154526,0.11556004990329644,13924.65791210125,36901.01086504577
2020-03-26,0.05996073779515453,0.058786935557292336,1.0008894817762706,13924.65791210125,36178.63000841348
2020-03-27,0.058786935557292336,0.054775876628444714,-0.6069944964738024,13924.65791210125,33710.14588769765
2020-03-30,0.054775876628444714,0.051358244453920725,0.6642581165624346,13924.65791210125,31606.868198959277
2020-03-31,0.05135824445392073,0.046928786720312275,-0.373207483653285,13924.65791210125,28880.893269955734
2020-04-01,0.046928786720312254,0.04599958149138271,-0.996495038392686,13924.65791210125,28309.0421969131
2020-04-02,0.04599958149138272,0.042890134222972144,0.6086414439273019,13924.65791210125,26395.427527462223
2020-04-03,0.042890134222972144,0.039843837045609704,-0.569818542893689,13924.65791210125,24520.676659251698
2020-04-06,0.039843837045609704,0.044740999240249955,1.7404476082416602,13924.65791210125,27534.486061825704
2020-04-07,0.04474099924024996,0.0404312145611205,0.1032998902644613,13924.65791210125,24882.160271341258
2020-04-08,0.0404312145611205,0.03959933105809717,0.9886776820934997,13924.65791210125,24370.202892024336
2020-04-09,0.03959933105809717,0.036319294124187516,0.4163226357667002,13924.65791210125,22351.60400570889
2020-04-13,0.03631929412418751,0.03391194671065767,-0.6146056531593921,13924.65791210125,20870.07531995307
2020-04-14,0.03391194671065767,0.031903716121286854,0.6812929278755552,13924.65791210125,19634.170934469035
2020-04-15,0.031903716121286854,0.030289380303128523,-0.7558307470609097,13924.65791210125,18640.67709573066
2020-04-16,0.030289380303128523,0.0275156107450478,0.22322587828681328,13924.65791210125,16933.645055038505
2020-04-17,0.027515610745047804,0.02692738985275004,0.971322405705879,13924.65791210125,16571.642412377885
2020-04-20,0.02692738985275004,0.025737409680359216,-0.8008067406689209,13924.65791210125,15839.305338397928
2020-04-21,0.025737409680359216,0.02583887264676928,-1.130830809413903,13924.65791210125,15901.747632531942
2020-04-22,0.025838872646769276,0.023965410441813644,0.5240325572954543,13924.65791210125,14748.782346872846
2020-04-23,0.023965410441813644,0.021719892286959964,0.04692266607767584,13924.65791210125,13366.84655227011
2020-04-24,0.021719892286959964,0.020777007430757357,0.7918901267231027,13924.65791210125,12786.576769031533
2020-04-27,0.020777007430757357,0.020177255866711732,0.9007648155802565,13924.65791210125,12417.477925438512
2020-04-28,0.02017725586671173,0.018430587879787037,-0.25879426617970613,13924.65791210125,11342.544281637613
2020-04-29,0.01843058787978704,0.018956468745416365,1.2536478230211419,13924.65791210125,11666.181652521927
2020-04-30,0.01895646874541636,0.017656353945159544,-0.5309702830590908,13924.65791210125,10866.065574331164
2020-05-01,0.017656353945159544,0.019637877393215576,-1.6679093960685059,13924.65791210125,12085.533862661121
2020-05-04,0.019637877393215576,0.01785913923022588,0.11284873012725301,13924.65791210125,10990.863605220453
2020-05-05,0.01785913923022588,0.01680969458796713,0.6288638755000858,13924.65791210125,10345.01484534439
2020-05-06,0.01680969458796713,0.015616392727469787,-0.4760423963327917,13924.65791210125,9610.633539531804
2020-05-07,0.015616392727469787,0.014673758264434506,0.5858740409140922,13924.65791210125,9030.517853146062
2020-05-08,0.014673758264434506,0.014775653526112743,1.103052389381783,13924.65791210125,9093.226190243762
2020-05-11,0.014775653526112742,0.013546093785898097,-0.19702815511044486,13924.65791210125,8132.1777386989825
2020-05-12,0.013546093785898097,0.014985661910314767,-1.6181099399656573,13924.65791210125,8996.399117921164
2020-05-13,0.014985661910314767,0.015786412857537305,-1.3691992086387696,13924.65791210125,9477.116963978327
2020-05-14,0.015786412857537305,0.0157594363944965,1.0580432025105801,13924.65791210125,9460.922081846502
2020-05-15,0.0157594363944965,0.014455033776222538,0.2502123550139529,13924.65791210125,8677.845122371215
2020-05-18,0.014455033776222542,0.01734938514721499,2.028434829571356,13924.65791210125,10415.4220326729
2020-05-19,0.017349385147214985,0.01736964481930169,-1.0868759280991465,13924.65791210125,10427.584598276006
2020-05-20,0.01736964481930169,0.016848516293916656,0.8738087136190996,13924.65791210125,10114.733538766217
2020-05-21,0.016848516293916656,0.015460593093335744,-0.28997128395300464,13924.65791210125,9281.516352086328
2020-05-22,0.015460593093335744,0.014113983765972409,0.05936627938748348,13924.65791210125,8473.101279240109
2020-05-26,0.014113983765972409,0.015334803782983075,1.5288593139931665,13924.65791210125,9206.000779436064
2020-05-27,0.015334803782983075,0.01715195495594218,1.6860393666443958,13924.65791210125,10296.898018902435
2020-05-28,0.01715195495594218,0.01590819040226158,-0.4603780131023539,13924.65791210125,9550.22413818903
2020-05-29,0.015908190402261584,0.014512493001575253,-0.05722203370934046,13924.65791210125,8712.339836543551
2020-06-01,0.014512493001575253,0.013347698123922155,0.2649747065278216,13924.65791210125,8013.07412024812
2020-06-02,0.013347698123922154,0.012762726657793292,0.7118849302391582,13924.65791210125,7661.895986550307
2020-06-03,0.012762726657793292,0.012806653516534356,1.058131631545085,13924.65791210125,7688.266763870402
2020-06-04,0.012806653516534356,0.011759438613061826,0.08337832240918053,13924.65791210125,7059.588278378247
2020-06-05,0.011759438613061828,0.016605663994030222,2.7928247517850444,13924.65791210125,9968.941098661879
2020-06-08,0.016605663994030226,0.015523043609670462,0.5451568423312209,13924.65791210125,9319.007506860124
2020-06-09,0.015523043609670462,0.014339825573377474,-0.3748798368680786,13924.65791210125,8608.681746028176
2020-06-10,0.014339825573377476,0.013367072657803188,-0.47221154556350364,13924.65791210125,8024.705307482999
2020-06-11,0.01336707265780319,0.028912656086722756,-5.1104632583242235,13924.65791210125,17357.24422931994
2020-06-12,0.028912656086722756,0.026754984469473053,0.5077248700746817,15305.633793801935,19173.276872887214
2020-06-15,0.02675498446947305,0.024366494989115042,0.2612141707899453,15305.633793801935,17461.62683746544
2020-06-16,0.02436649498911505,0.023707911985931526,0.9254648466373233,15305.633793801935,16989.670134286538
2020-06-17,0.023707911985931526,0.021664165686675722,-0.3061646212597297,15305.633793801935,15525.071502271638
2020-06-18,0.02166416568667572,0.01965290634677102,-0.00032454614576997936,15305.633793801935,14083.753820657124
2020-06-19,0.01965290634677102,0.017874512431863526,-0.11806433319196377,15305.633793801935,12809.313203489733
2020-06-22,0.017874512431863526,0.016344042562830792,0.2377856144459515,15305.633793801935,11712.541027147896
2020-06-23,0.016344042562830795,0.015251264032148604,0.5217134609995352,15305.633793801935,10929.429179207094
2020-06-24,0.015251264032148604,0.017249291917090882,-1.7414455869649617,15305.633793801935,12361.264876269715
2020-06-25,0.017249291917090882,0.017127625984887325,1.033678985319321,15305.633793801935,12274.076090688533
2020-06-26,0.01712762598488732,0.020235408826262565,-1.9635424013510758,15305.633793801935,14501.18935799327
2020-06-29,0.02023540882626256,0.01907359495209781,0.659955510603608,15305.633793801935,13668.60509282433
2020-06-30,0.01907359495209781,0.018157696534481862,0.7392986969005001,15305.633793801935,13012.249864196694
2020-07-01,0.018157696534481862,0.01664664070863079,0.29947455211071666,15305.633793801935,11929.39026648367
2020-07-02,0.01664664070863079,0.015244447050367515,0.2410432556658818,15305.633793801935,10924.54396317285
2020-07-06,0.015244447050367515,0.01532745806702181,1.098831391721783,15305.633793801935,10984.031689941245
2020-07-07,0.01532745806702181,0.015688155980912638,-1.2077416731891943,15305.633793801935,11242.516645460184
2020-07-08,0.015688155980912638,0.01468959756783457,0.5500059750916954,15305.633793801935,10526.92524044399
2020-07-09,0.014689597567834571,0.014367091026478077,-0.9092755139727837,15305.633793801935,10295.809157465113
2020-07-10,0.014367091026478075,0.01415512684409078,0.9571048176861672,15305.633793801935,10143.910435165953
2020-07-13,0.014155126844090782,0.012974867059857485,0.15251097207786504,15305.633793801935,9298.107379258414
2020-07-14,0.012974867059857485,0.014730835396500535,1.7451064654382957,15305.633793801935,10556.477278029786
2020-07-15,0.014730835396500537,0.013569989299349825,0.3050656609749528,15305.633793801935,9724.58654556174
2020-07-16,0.013569989299349827,0.012488271153568663,-0.233698030981784,15305.633793801935,8949.400840215792
2020-07-17,0.012488271153568663,0.011563842906346669,-0.30626946645399034,15305.633793801935,8286.932926869467
2020-07-20,0.01156384290634667,0.010772741694319365,0.3600727278461301,15305.633793801935,7720.010430989025
2020-07-21,0.010772741694319365,0.009957371274803724,0.017734595513443984,15305.633793801935,7135.696026875918
2020-07-22,0.009957371274803726,0.009270308957119335,0.19080739328594712,15305.633793801935,6643.330349709451
2020-07-23,0.009270308957119335,0.011165853455068793,-1.9896264456380945,15305.633793801935,8001.72394270632
2020-07-24,0.011165853455068793,0.010531855372606909,-0.5100632792369783,15305.633793801935,7547.385395592198
2020-07-27,0.010531855372606909,0.00998599803660412,0.539581842153699,15305.633793801935,7156.210665208054
2020-07-28,0.00998599803660412,0.00956544459606261,-0.6195305978433463,15305.633793801935,6854.831773938359
2020-07-29,0.009565444596062608,0.009494945348315013,0.9029034410264372,15305.633793801935,6804.310287075333
2020-07-30,0.009494945348315015,0.009754316253259362,-1.1342683076794178,15305.633793801935,6990.181827346396
2020-07-31,0.00975431625325936,0.009079410568659055,0.14156916176087098,15305.633793801935,6506.527891060555
2020-08-03,0.009079410568659057,0.009064991322128643,0.9241397655740538,15305.633793801935,5442.0205408629945
2020-08-04,0.009064991322128643,0.008507457031819233,-0.25141863034546763,15305.633793801935,5107.313870742673
2020-08-05,0.008507457031819233,0.008915227772459908,1.2198306645324557,15305.633793801935,5352.112422409504
2020-08-06,0.008915227772459906,0.00857289452277555,0.5902006037851604,15305.633793801935,5146.598207293278
2020-08-07,0.00857289452277555,0.008103939271063823,0.32110605743663356,15305.633793801935,4865.068526582948
2020-08-10,0.008103939271063823,0.00824136074015749,1.0032281371321294,15305.633793801935,4947.567277104388
2020-08-11,0.008241360740157492,0.00783909569749122,-0.3773436834659666,15305.633793801935,4706.073981935197
2020-08-12,0.007839095697491218,0.008675807163913836,1.5063880684744881,15305.633793801935,5208.380142552484
2020-08-13,0.008675807163913836,0.00825389954898844,-0.4381943963057625,15305.633793801935,4955.09474765468
2020-08-14,0.008253899548988442,0.0077943028834810395,-0.2350305744030626,15305.633793801935,4679.183342411758
2020-08-17,0.00779430288348104,0.007536533957148407,-0.5390959812287046,15305.633793801935,4524.4359475108895
2020-08-18,0.007536533957148407,0.007489490561131022,-0.7815612803765734,15305.633793801935,4496.194207575231
2020-08-19,0.007489490561131022,0.007170358978128656,-0.34751067240139366,15305.633793801935,4304.608736809531
2020-08-20,0.007170358978128657,0.006830663233287351,0.07405691105851066,15305.633793801935,4100.677904955624
2020-08-21,0.006830663233287352,0.006816816832482822,0.7362498595637184,15305.633793801935,4092.365442768118
2020-08-24,0.006816816832482823,0.007719884323201333,1.577575820076293,15305.633793801935,4634.50736653134
2020-08-25,0.007719884323201333,0.0076681763265794385,0.7948954539614322,15305.633793801935,4603.465309264688
2020-08-26,0.007668176326579438,0.007384972758732705,0.4711355696154572,15305.633793801935,4433.448639783122
2020-08-27,0.007384972758732705,0.007996617558179727,1.358353021510319,15305.633793801935,4800.639676599371
2020-08-28,0.007996617558179727,0.007543317454558676,0.10378725261597832,15305.633793801935,4528.508310178845
2020-08-31,0.007543317454558675,0.007445022382212192,-0.7213849172197669,15305.633793801935,4469.49845746455
2020-09-01,0.007445022382212193,0.00739014583116068,0.7624018091291066,15305.633793801935,4436.554209927871
2020-09-02,0.00739014583116068,0.00905279179905936,2.0194068599622725,15305.633793801935,5434.696755017804
2020-09-03,0.009052791799059358,0.015238563285384749,-3.653408510093382,15305.633793801935,9148.224357354506
2020-09-04,0.015238563285384745,0.013919627282576324,-0.07925028630995652,15305.633793801935,10575.410586164235
2020-09-08,0.013919627282576324,0.016955988666141012,-2.0968499629482227,15305.633793801935,12882.280423071752
2020-09-09,0.016955988666141012,0.01715773484502711,1.150274526166793,15305.633793801935,13035.556702141443
2020-09-10,0.017157734845027115,0.017326760742440998,-1.1391449600460966,15305.633793801935,13163.973809048051
2020-09-11,0.017326760742440998,0.01587846355886464,0.2743817293331138,15305.633793801935,12063.632754206932
2020-09-14,0.01587846355886464,0.015231189541001335,0.7751410610028651,15305.633793801935,11571.86753939913
2020-09-15,0.01523118954100134,0.014198743429128162,-0.4917365353308076,15305.633793801935,10787.468552307373
2020-09-16,0.01419874342912816,0.013031621640087811,-0.19751306960339465,15305.633793801935,9900.749973383197
2020-09-17,0.01303162164008781,0.01223255888877919,-0.5217475840004605,15305.633793801935,9293.663554497802
2020-09-18,0.012232558888779192,0.011780425701127327,-0.749137698226915,15305.633793801935,8950.156217556758
2020-09-21,0.011780425701127327,0.012534242913853718,-1.3914715320571216,15305.633793801935,9522.86742380279
2020-09-22,0.012534242913853718,0.011599930718282902,0.29804782997935975,15305.633793801935,8813.025494616224
2020-09-23,0.0115999307182829,0.014066400597167055,-2.056941056449802,15305.633793801935,10686.921335222305
2020-09-24,0.014066400597167055,0.013061158907775636,0.41324660348920905,15305.633793801935,9923.190856824322
2020-09-25,0.013061158907775636,0.013000350331861893,1.009282687316043,15305.633793801935,9876.99165591233
2020-09-28,0.013000350331861891,0.013213949463125622,1.1425615042815114,15305.633793801935,10039.273193205321
2020-09-29,0.013213949463125622,0.01240382013725508,-0.5269145679489905,15305.633793801935,9423.778965159603
2020-09-30,0.012403820137255082,0.01265470594164417,1.1570981334439767,15305.633793801935,9614.388982065431
2020-10-01,0.01265470594164417,0.011625382530550614,0.08662973550559114,15305.633793801935,8832.362461003962
2020-10-02,0.011625382530550612,0.011057158574261799,-0.6184306090807677,15305.633793801935,8400.655381449413
2020-10-05,0.011057158574261799,0.012996282090283305,1.8976673172197338,15305.633793801935,9873.900817042591
2020-10-06,0.012996282090283306,0.013198298450163367,-1.1371346251958183,15305.633793801935,10027.382365613092
2020-10-07,0.013198298450163366,0.0139211435339537,1.3606876503388416,15305.633793801935,10576.562555289705
2020-10-08,0.0139211435339537,0.01274142932139704,0.026762574138329862,15305.633793801935,9680.276906338695
2020-10-09,0.01274142932139704,0.011982903517530967,0.534898626419292,15305.633793801935,9103.98835685109
2020-10-12,0.011982903517530967,0.012877927862387901,1.4490916598640962,15305.633793801935,9783.981415524631
2020-10-13,0.012877927862387903,0.012318722860901183,-0.7059006967883582,15305.633793801935,9359.126469878121
2020-10-14,0.012318722860901181,0.011689295329560472,-0.6167844191063893,15305.633793801935,8880.920089561036
2020-10-15,0.011689295329560472,0.010777252372765033,-0.1170006353994786,15305.633793801935,8187.997172551305
2020-10-16,0.010777252372765033,0.009982145849034767,0.15691699539885473,15305.633793801935,7583.916490110145
2020-10-19,0.00998214584903477,0.011236024335065964,-1.6616502582428514,15305.633793801935,8536.548306016326
2020-10-20,0.011236024335065964,0.01106119931266523,0.8966881438455978,15305.633793801935,8403.725324833676
2020-10-21,0.011061199312665231,0.010216137737366847,-0.07729740002978314,15305.633793801935,7761.691386140668
2020-10-22,0.010216137737366847,0.009635510748358988,0.45621264872892614,15305.633793801935,7320.5611258604595
2020-10-23,0.00963551074835899,0.008981066283351387,0.16602472903365456,15305.633793801935,6823.348177352762
2020-10-26,0.008981066283351385,0.012319356617396702,-2.620029346188369,15305.633793801935,9359.60796518081
2020-10-27,0.012319356617396702,0.012081074180523291,-0.8929108214077129,15305.633793801935,9178.573332984706
2020-10-28,0.012081074180523293,0.01669889394497403,-2.691533936617735,15305.633793801935,12686.953193349189
2020-10-29,0.01669889394497403,0.015606410515893687,0.5437295072810158,15305.633793801935,11856.940967693756
2020-10-30,0.01560641051589369,0.014717921366160647,-0.6221099648218539,15305.633793801935,11181.913011195214
2020-11-02,0.014717921366160645,0.014776080763075308,1.0847582211969338,15305.633793801935,11226.099503356978
2020-11-03,0.014776080763075308,0.01596165018398903,1.503188898562368,15305.633793801935,12126.83363581882
2020-11-04,0.01596165018398903,0.015331022918625073,0.7865089105055402,15305.633793801935,11647.715759839355
2020-11-05,0.015331022918625072,0.01690311488242826,1.612936172061886,15305.633793801935,12842.109665575514
2020-11-06,0.01690311488242826,0.015623600320985167,-0.41053147058968903,15305.633793801935,11870.000889705181
2020-11-09,0.015623600320985169,0.018727295875558377,2.0276784908032877,15305.633793801935,14228.027736095666
2020-11-10,0.01872729587555838,0.017122576318281575,0.25473053347061675,15305.633793801935,13008.845077728618
2020-11-11,0.01712257631828158,0.015592317788624964,-0.027680498454960286,15305.633793801935,11846.234044719451
2020-11-12,0.015592317788624964,0.014714898222141932,-0.6286726509882006,15305.633793801935,11179.616183226333
2020-11-13,0.014714898222141932,0.01382307062408803,0.5683995843003319,15305.633793801935,10502.051846909777
2020-11-16,0.01382307062408803,0.013127916930278294,0.6598857587173228,15305.633793801935,9973.910138566134
2020-11-17,0.013127916930278294,0.012734989741374363,-0.8262209298930947,15305.633793801935,9675.38444755659
2020-11-18,0.012734989741374365,0.012344848842162998,-0.8132538608067088,15305.633793801935,9378.975634888162
2020-11-19,0.012344848842162996,0.011394360352318838,-0.22692999706485545,15305.633793801935,8656.843796623543
2020-11-20,0.011394360352318838,0.010890596349468833,-0.6580446667192541,15305.633793801935,8274.110045171949
2020-11-23,0.010890596349468833,0.010316855091759053,0.5471423762833604,15305.633793801935,7838.211206264233
2020-11-24,0.010316855091759053,0.011155400075876142,1.4548263143879778,15305.633793801935,8475.29417709256
2020-11-25,0.011155400075876143,0.010389747943691581,-0.3293553599916201,15305.633793801935,7893.591413099791
2020-11-27,0.010389747943691581,0.009639622075075276,0.15166526072472578,15305.633793801935,7323.684698582342
2020-11-30,0.009639622075075276,0.009921347379892035,-1.1507154397234616,15305.633793801935,7537.7249677983755
2020-12-01,0.009921347379892035,0.010233532092993021,1.1727632944183115,15305.633793801935,7774.9067150352
2020-12-02,0.010233532092993021,0.009662343193971789,0.4714694538887452,15305.633793801935,7340.94702582931
2020-12-03,0.009662343193971787,0.009079404787956085,-0.35520666243355903,15305.633793801935,6898.060670834959
2020-12-04,0.009079404787956085,0.009129202322737428,0.9749154499306019,15305.633793801935,6935.894254005012
2020-12-07,0.009129202322737428,0.008873396632986294,-0.7099550037884451,15305.633793801935,6741.546363470511
2020-12-08,0.008873396632986294,0.008357644820543172,0.2983057305529054,15305.633793801935,6349.704896280387
2020-12-09,0.008357644820543172,0.007972481754864588,-0.437146674821638,15305.633793801935,6057.077983254102
2020-12-10,0.007972481754864588,0.00759553909260211,-0.35914574778256936,15305.633793801935,5770.696506225809
2020-12-11,0.00759553909260211,0.007514176385578513,-0.7479949170695753,15305.633793801935,5708.881342952481
2020-12-14,0.007514176385578512,0.007208409407803959,-0.3868194508539944,15305.633793801935,5476.575458030972
2020-12-15,0.007208409407803959,0.009047305669077885,2.1343652052593836,15305.633793801935,6873.673425781639
2020-12-16,0.009047305669077885,0.008451076722003292,0.07499619468660246,15305.633793801935,6420.689607273593
2020-12-17,0.008451076722003294,0.008109580353635322,0.5247404787893534,15305.633793801935,6161.238385207045
2020-12-18,0.008109580353635322,0.007977548151774635,-0.7448080101911827,15305.633793801935,6060.927168755161
2020-12-21,0.007977548151774635,0.008302056858349722,1.1500132833977958,15305.633793801935,6307.472046800303
2020-12-22,0.008302056858349722,0.008654788684502038,-1.1780480228866368,15305.633793801935,6575.459386737026
2020-12-23,0.00865478868450204,0.008422290837110274,0.6891216710518823,15305.633793801935,6398.81958549429
2020-12-24,0.008422290837110274,0.008056683301511157,0.4827805387203739,15305.633793801935,6121.049949579103
2020-12-28,0.008056683301511157,0.0083201968580248,1.1046288453471294,15305.633793801935,6321.253877355277
2020-12-29,0.008320196858024799,0.007939867686213225,-0.43783312539361496,15305.633793801935,6032.299506081424
2020-12-30,0.007939867686213225,0.007505493976508674,0.16974654374252665,15305.633793801935,5702.2848990300545
2020-12-31,0.007505493976508674,0.0075916012168650284,0.920711058645106,15305.633793801935,5767.704712558383
2021-01-04,0.0075916012168650284,0.008542620510220027,-1.5859443127271013,15305.633793801935,6490.239827789672
2021-01-05,0.008542620510220028,0.008036237199963662,0.20303832773072497,15305.633793801935,6105.516062474107
2021-01-06,0.008036237199963662,0.010442836667674154,2.334583066006041,15305.633793801935,7933.925471060812
2021-01-07,0.010442836667674154,0.010861085811331531,1.2364937281701123,15305.633793801935,8251.689469456442
2021-01-08,0.01086108581133153,0.010135841139971175,0.3428636704722651,15305.633793801935,7700.686197647288
2021-01-11,0.010135841139971175,0.009542458889043069,-0.425684849519179,15305.633793801935,7249.865151169844
2021-01-12,0.009542458889043069,0.009119631672929663,0.5690792258056495,15305.633793801935,6928.62297085649
2021-01-13,0.009119631672929663,0.008523776258107171,0.13834645301713797,15305.633793801935,6475.9229427727805
2021-01-14,0.008523776258107171,0.008259999733227686,-0.638231868510131,15305.633793801935,6275.519225276415
2021-01-15,0.008259999733227684,0.007864747013047709,-0.39622122477550686,15305.633793801935,5975.22671626407
2021-01-19,0.007864747013047709,0.007427207959415012,-0.08309828894424583,15305.633793801935,5642.80724513071
2021-01-20,0.007427207959415011,0.00747843425587856,0.8789217986328643,15305.633793801935,5681.726327295267
2021-01-21,0.00747843425587856,0.007513925033929005,0.8667189534463726,15305.633793801935,5708.6903790106235
2021-01-22,0.007513925033929006,0.007198214992367305,-0.36374628543573206,15305.633793801935,5468.830270121847
2021-01-25,0.007198214992367305,0.0068564230461441045,-0.0950202756784416,15305.633793801935,5209.154483337023
2021-01-26,0.006856423046144105,0.006684115037753837,-0.48708279501320634,15305.633793801935,5078.243798803662
2021-01-27,0.006684115037753838,0.01180618628898553,-3.867886592758917,15305.633793801935,8969.727775617257
2021-01-28,0.01180618628898553,0.011098856202098968,0.49787918634720707,15305.633793801935,9708.194487159682
2021-01-29,0.011098856202098968,0.013405179747920565,-2.031969863031336,15305.633793801935,11725.540880828377
2021-02-01,0.013405179747920565,0.012927625314053715,0.784549492482597,15305.633793801935,11307.82294325315
2021-02-02,0.012927625314053715,0.01351905698644994,1.3094262074616259,15305.633793801935,11825.149557540019
2021-02-03,0.013519056986449937,0.012392393416802748,-0.08923818588017758,15305.633793801935,10839.654398708786
2021-02-04,0.012392393416802747,0.012313929804249875,0.9872171148772122,15305.633793801935,10771.022100302724
2021-02-05,0.012313929804249875,0.011340517762760184,-0.15694677060018067,15305.633793801935,9919.576397894407
2021-02-08,0.011340517762760184,0.010778832479732443,0.6013728214693672,15305.633793801935,9428.269017303475
2021-02-09,0.010778832479732443,0.009969413303053204,-0.09010641507233456,15305.633793801935,8720.268242651342
2021-02-10,0.009969413303053204,0.009271580578309796,0.15679693359517297,15305.633793801935,8109.872388524284
2021-02-11,0.009271580578309796,0.0086425364811072,-0.011609599612707612,15305.633793801935,7559.646101649096
2021-02-12,0.0086425364811072,0.00811498264986406,0.1703687042267868,15305.633793801935,7098.1935787138
2021-02-16,0.008114982649864058,0.007640753249286785,0.05656525908253874,15305.633793801935,6683.384055236717
2021-02-17,0.007640753249286786,0.007306956015996924,0.3602049939687517,15305.633793801935,6391.410864391976
2021-02-18,0.007306956015996925,0.00707634926303205,-0.4856800946069122,15305.633793801935,6189.698618817338
2021-02-19,0.00707634926303205,0.0067674983883119965,0.19185368279528037,15305.633793801935,5919.54606393113
2021-02-22,0.006767498388311996,0.006515140457560391,0.2417816553099166,15305.633793801935,4745.7705825798375
2021-02-23,0.0065151404575603915,0.006310435520434793,0.28082282342885434,15305.633793801935,4596.659036167638
2021-02-24,0.006310435520434793,0.0068182431203913365,1.25999735423024,15305.633793801935,4966.557181139733
2021-02-25,0.0068182431203913365,0.009255285583321558,-2.5099282229920843,15305.633793801935,6741.752129646329
2021-02-26,0.009255285583321558,0.00939145607304627,-1.0451394816223858,15305.633793801935,7148.095686614219
2021-03-01,0.00939145607304627,0.012309758604670866,2.4055880310215194,15305.633793801935,9369.296060261364
2021-03-02,0.012309758604670866,0.01175264377311122,-0.6750607748569021,15305.633793801935,8945.260629179525
2021-03-03,0.011752643773111218,0.010947331212087416,-0.3689121588522177,15305.633793801935,8332.315075363684
2021-03-04,0.010947331212087416,0.011235802099737988,-1.1676767658919316,15305.633793801935,8551.878207181642
2021-03-05,0.01123580209973799,0.012170100871169473,1.4807477489230374,15305.633793801935,9262.998715666554
2021-03-08,0.012170100871169473,0.011393883421745939,0.4608686898463146,13197.94652958806,8672.198252038414
2021-03-09,0.01139388342174594,0.01056627562909787,0.2623535578485332,13197.94652958806,8042.283183829282
2021-03-10,0.01056627562909787,0.010432566310535121,0.8994105411772656,13197.94652958806,7940.513341555136
2021-03-11,0.010432566310535121,0.009820373929383853,0.44429382631998976,9860.397640949166,7474.556871647905
2021-03-12,0.009820373929383855,0.009779831970766496,0.9367588662858732,9860.397640949166,7443.699271158098
2021-03-15,0.009779831970766494,0.009172660556421883,0.33495263542737824,7804.647467631754,6981.564397273266
2021-03-16,0.009172660556421885,0.008557654526466528,-0.04440297589322457,7804.647467631754,6513.466381824672
2021-03-17,0.008557654526466528,0.008214816733572307,0.5397029671499012,7482.477370760338,6252.523102152746
2021-03-18,0.008214816733572305,0.0078041045551569925,-0.35201216425084364,7482.477370760338,5939.918759638033
2021-03-19,0.007804104555156991,0.009148904245271823,-1.8114358426924682,7482.477370760338,6963.482815041414
2021-03-22,0.009148904245271825,0.008538463498698246,0.06374668605722623,7482.477370760338,6498.859562419334
2021-03-23,0.008538463498698246,0.00884303492645673,-1.1478160299203375,7482.477370760338,6730.677258428658
2021-03-24,0.00884303492645673,0.008278094897347911,0.11177297876652276,7482.477370760338,6300.68585412892
2021-03-25,0.008278094897347911,0.00811646684778739,0.7290747402317095,7482.477370760338,6177.666297319698
2021-03-26,0.00811646684778739,0.009306429016681727,1.7077694017958065,7482.477370760338,7083.379253920757
2021-03-29,0.009306429016681727,0.008696791992622244,-0.18084507987966433,7482.477370760338,6619.367736624014
2021-03-30,0.008696791992622242,0.00817569626600036,-0.22105460073915995,7482.477370760338,6222.7474376195405
2021-03-31,0.008175696266000359,0.00789751043641087,-0.5722032627964836,7078.041263943147,6011.01254655479
2021-04-01,0.00789751043641087,0.007840202015122859,0.8055208254533675,7078.041263943147,5967.393529883755
2021-04-05,0.00784020201512286,0.00841470853550618,1.3315816040072748,7078.041263943147,6404.6662539792105
2021-04-06,0.008414708535506181,0.008187034507080497,-0.6685152140817844,7078.041263943147,6231.377284954004
2021-04-07,0.008187034507080497,0.007777274731364299,0.3462788777305312,7078.041263943147,5919.4978423453895
2021-04-08,0.007777274731364299,0.007462224702871037,0.43677365601892243,7078.041263943147,5679.7045949272715
2021-04-09,0.0074622247028710365,0.008074167331983588,1.3584944000539516,7078.041263943147,6145.470971684219
2021-04-12,0.00807416733198359,0.007639436108350322,-0.23910094404749654,7078.041263943147,5814.5850728076775
2021-04-13,0.007639436108350321,0.007231901169184109,-0.06701224352355785,7078.041263943147,5504.399014528678
2021-04-14,0.007231901169184109,0.006881752200830326,0.05315279719868379,7078.041263943147,5237.890997998049
2021-04-15,0.006881752200830326,0.00808784758616004,1.7815072458127212,7078.041263943147,6155.883389642615
2021-04-16,0.00808784758616004,0.007830415838452509,0.5878522691773049,7078.041263943147,5959.945001487127
2021-04-19,0.007830415838452509,0.007518656150893226,-0.45519974916895983,7078.041263943147,5722.65612310984
2021-04-20,0.007518656150893226,0.007757019974834247,-1.0634696163523736,7078.041263943147,5904.081389703778
2021-04-21,0.007757019974834248,0.007976724816729822,1.0577412385398157,7078.041263943147,6071.304791534865
2021-04-22,0.007976724816729822,0.008914284809210481,-1.56555784006722,7078.041263943147,6784.907505114852
2021-04-23,0.008914284809210481,0.009657004311006776,1.4288570673624097,7078.041263943147,7350.21175888136
2021-04-26,0.009657004311006778,0.009045594226840719,-0.2961743431041454,7078.041263943147,6884.850716739764
2021-04-27,0.009045594226840719,0.008448076895520821,-0.059191861122775184,7078.041263943147,6430.063831142417
2021-04-28,0.008448076895520821,0.008677720098667243,-1.0902544115653563,7078.041263943147,6604.851593242736
2021-04-29,0.008677720098667243,0.008355539238112334,0.5848211200729663,7078.041263943147,6359.630873289437
2021-04-30,0.008355539238112336,0.008173524967522522,-0.7143572929930851,7078.041263943147,6221.094802590097
2021-05-03,0.00817352496752252,0.008159131114052962,0.8708185318166836,7078.041263943147,6210.139244570206
2021-05-04,0.008159131114052962,0.0076982106818804215,0.18321106117982455,7078.041263943147,5859.32001830126
2021-05-05,0.0076982106818804215,0.007477498886087559,0.5788399299420841,7078.041263943147,5691.330196145802
2021-05-06,0.007477498886087559,0.008141132550051292,1.3955421757560358,7078.041263943147,6196.44004215634
2021-05-07,0.008141132550051292,0.008114144143749563,0.8563332280688201,7078.041263943147,6175.8984233516
2021-05-10,0.008114144143749563,0.008045808391452153,-0.8129699553094519,7078.041263943147,6123.886201557732
2021-05-11,0.008045808391452153,0.009824294610476172,-2.026492084729432,7078.041263943147,7477.54100993132
2021-05-12,0.009824294610476172,0.011779011312587899,-1.9775026242457219,7078.041263943147,8965.329689156373
2021-05-13,0.011779011312587899,0.012382385154141449,1.323799735516631,7078.041263943147,9424.57412587403
2021-05-14,0.01238238515414145,0.012232021332756294,0.9465207429445044,7078.041263943147,9310.128083140487
2021-05-17,0.012232021332756294,0.01128723605088726,-0.21079183527450804,7078.041263943147,8591.026002954315
2021-05-18,0.011287236050887259,0.01126451833923242,-0.9945436748388474,7078.041263943147,8573.734927382364
2021-05-19,0.01126451833923242,0.010718444227664617,-0.6097501461591712,7078.041263943147,8158.102892146386
2021-05-20,0.010718444227664617,0.010124904125083203,0.5056833994183997,7078.041263943147,7706.343184802243
2021-05-21,0.010124904125083203,0.009414679619679091,0.1810778733868456,7078.041263943147,7165.771767109381
2021-05-24,0.00941467961967909,0.008873414859770617,0.3791414107160811,7078.041263943147,6753.80026178315
2021-05-25,0.008873414859770617,0.008648711189606997,-0.7188009461135928,7078.041263943147,6582.772114180692
2021-05-26,0.008648711189606995,0.008124131180165944,-0.18602434794800232,7078.041263943147,6183.4998316289475
2021-05-27,0.008124131180165946,0.007673888731281928,0.2075006992696705,7078.041263943147,5840.80791231781
2021-05-28,0.007673888731281927,0.007261509557268749,0.06704861272919652,7078.041263943147,5526.934773574906
2021-06-01,0.00726150955726875,0.006908845151092299,-0.07755829137884712,7078.041263943147,5258.512188088164
2021-06-02,0.006908845151092298,0.006618839332666207,0.16220243756031988,7078.041263943147,5037.780778212958
2021-06-03,0.006618839332666207,0.006366786469163234,-0.12436606161912406,7078.041263943147,4845.936406861929
2021-06-04,0.006366786469163234,0.006323958307523802,0.6098445569479991,7078.041263943147,4813.338714331687
2021-06-07,0.006323958307523803,0.006444465617734244,-0.8449042501198878,7078.041263943147,4905.060144706362
2021-06-08,0.006444465617734243,0.006230801088634637,-0.19729556081367636,7078.041263943147,4742.434191184338
2021-06-09,0.006230801088634638,0.006408126940409679,-0.9055825573307591,7078.041263943147,4877.401777290208
2021-06-10,0.006408126940409678,0.00652382589002939,-0.8493891146426567,6840.619738773794,4127.186707631274
2021-06-11,0.006523825890029391,0.00628897228679447,-0.14391536289101597,6840.619738773794,3978.610598175032
2021-06-14,0.00628897228679447,0.00623652033478284,-0.574381228308406,6840.619738773794,3945.42776914482
2021-06-15,0.006236520334782839,0.006295555605977952,-0.7471878821315497,6840.619738773794,3982.77542229575
2021-06-16,0.006295555605977953,0.0064910805108067005,-0.9347861959404702,6840.619738773794,4106.470904336955
2021-06-17,0.0064910805108067005,0.006980803224924169,-1.2486876960975046,6840.619738773794,4416.285591332169
2021-06-18,0.006980803224924169,0.008827803076105147,-2.16241558679917,6840.619738773794,5584.758411313685
2021-06-21,0.008827803076105147,0.010493118613384934,1.9135131312691585,6840.619738773794,6687.789919724225
2021-06-22,0.010493118613384932,0.009802798405623767,0.33194807189423786,6840.619738773794,6247.8142845533785
2021-06-23,0.009802798405623767,0.009129241877987807,-0.17184934276869268,6840.619738773794,5818.522982142847
2021-06-24,0.009129241877987807,0.009178451729863478,0.9764809270303981,6840.619738773794,5849.88688485385
2021-06-25,0.009178451729863478,0.008607456793182916,0.25304592135266524,6667.193268485186,5485.963219979354
2021-06-28,0.008607456793182916,0.008083548488064123,-0.16631647144399564,6667.193268485186,5152.050223192693
2021-06-29,0.008083548488064123,0.007693029034314957,0.36023107227163176,6667.193268485186,4903.152620633582
2021-06-30,0.007693029034314957,0.007428483043040263,0.5088877105454701,6667.193268485186,4734.544213644497
2021-07-01,0.007428483043040262,0.00723145282247739,0.5678188555642377,6667.193268485186,4608.966988082539
2021-07-02,0.00723145282247739,0.007353692894386783,0.9367827292054145,6667.193268485186,4686.876706901421
2021-07-06,0.007353692894386782,0.007457720393989447,-0.927468040088445,6667.193268485186,4753.178641421571
2021-07-07,0.007457720393989448,0.007276492195609788,0.5971274032261564,6667.193268485186,4637.672835859893
2021-07-08,0.007276492195609789,0.008582346490223016,-1.8205521627143146,6667.193268485186,5469.959166541683
2021-07-09,0.008582346490223014,0.010043113750956402,1.827877495654131,6667.193268485186,6400.9792875697885
2021-07-12,0.010043113750956402,0.009410654629568525,0.34443108727997357,6667.193268485186,5997.881420053067
2021-07-13,0.009410654629568525,0.008811397354486512,-0.25366294680815227,6667.193268485186,5615.94475172048
2021-07-14,0.008811397354486512,0.008280713712271697,0.23697380343864316,6667.193268485186,5277.713493337526
2021-07-15,0.008280713712271699,0.007859415622264568,0.34679053472482185,6667.193268485186,5009.199124696473
2021-07-16,0.007859415622264568,0.008026404214676016,-1.0170030494137503,6667.193268485186,5115.629316347376
2021-07-19,0.008026404214676016,0.011621656947021195,-2.867752779922477,6667.193268485186,7407.063909640581
2021-07-20,0.011621656947021195,0.011868454202066567,1.150281278927144,6840.558600837914,9033.407133964502
2021-07-21,0.011868454202066565,0.011140992614467948,0.4823794934190249,6840.558600837914,8479.716098618528
2021-07-22,0.011140992614467948,0.010323239983871224,-0.21807244856014646,6840.558600837914,7857.302065478103
2021-07-23,0.010323239983871224,0.010012311953351973,0.7498943174866461,6840.558600837914,7620.6461841626515
2021-07-26,0.010012311953351973,0.009291226896135712,-0.04301408953996392,6840.558600837914,7071.8085015840425
2021-07-27,0.009291226896135712,0.008836114822220182,-0.49338790697818663,6840.558600837914,6725.410176640758
2021-07-28,0.008836114822220182,0.008695753299108598,-0.799324328032248,6840.558600837914,6618.577158404102
2021-07-29,0.008695753299108598,0.008304850386710645,0.49163923605687104,6840.558600837914,6321.050193441108
2021-07-30,0.008304850386710645,0.008144741528159779,-0.7334291469455889,6840.558600837914,6199.186934720146
2021-08-02,0.008144741528159779,0.007842923793945616,-0.5328172389484206,6840.558600837914,5969.465150653904
2021-08-03,0.007842923793945616,0.008183537728288212,1.1591588159641126,6840.558600837914,6228.715790377682
2021-08-04,0.008183537728288212,0.009075679125876262,-1.5322221929103481,6840.558600837914,6907.749161385146
2021-08-05,0.009075679125876262,0.008919214784520154,0.8017094541846596,6840.558600837914,6788.65984500465
2021-08-06,0.008919214784520155,0.008628367973230171,0.6516820837947535,6840.558600837914,6567.288332315131
2021-08-09,0.008628367973230171,0.00817284668305554,-0.365268505262572,6840.558600837914,6220.578541614695
2021-08-10,0.00817284668305554,0.007887954675638636,0.5622605580594053,6840.558600837914,6003.73939403967
2021-08-11,0.007887954675638636,0.007843525686048708,0.8182544667390981,6840.558600837914,5969.923267298699
2021-08-12,0.007843525686048706,0.007404714078631703,-0.0022764993069115413,6840.558600837914,5635.931676025003
2021-08-13,0.007404714078631703,0.007056439184081436,-0.223077495679883,6840.558600837914,5370.850068644042
2021-08-16,0.007056439184081437,0.007087357577850934,0.8208323890053697,6840.558600837914,5394.38290907068
2021-08-17,0.007087357577850933,0.007543481110152998,-1.2343623208301224,6840.558600837914,5741.551082829073
2021-08-18,0.007543481110152997,0.008541660503678357,-1.6174706653857671,6840.558600837914,6501.292890896907
2021-08-19,0.008541660503678357,0.008010562676834034,-0.06370714682736398,6840.558600837914,6097.059718137713
2021-08-20,0.008010562676834034,0.007998102312002625,0.8607426658241377,6840.558600837914,6087.575791533332
2021-08-23,0.007998102312002625,0.007756104115445827,0.5957795943536566,6840.558600837914,5903.384303917188
2021-08-24,0.007756104115445826,0.0073393957671429024,0.12815447691798199,6840.558600837914,5586.216111475855
2021-08-25,0.0073393957671429024,0.006974216174549337,0.06158504018681932,6840.558600837914,5308.267873167064
2021-08-26,0.006974216174549337,0.007285911678475696,-1.1045641089767795,6840.558600837914,5545.507899614886
2021-08-27,0.007285911678475696,0.007477068762194017,1.0082945135174373,6840.558600837914,5691.002817012659
2021-08-30,0.007477068762194018,0.007097201059603419,-0.11193291704839137,6840.558600837914,5401.87505394246
2021-08-31,0.0070972010596034195,0.006886827606868522,-0.47352717699199925,6840.558600837914,5241.754029217836
2021-09-01,0.006886827606868522,0.006668154079807043,-0.39481494353329505,6840.558600837914,5075.315589490581
2021-09-02,0.006668154079807042,0.006576728283689919,0.5912277097243154,6667.193268485186,4191.678255149171
2021-09-03,0.00657672828368992,0.006360586664131103,-0.27254804827021867,6667.193268485186,4053.920378032025
2021-09-07,0.006360586664131102,0.006370817096110302,-0.6953084138011009,6269.504042794215,4060.4407446061364
2021-09-08,0.006370817096110302,0.0062783336332010485,-0.5177509836096263,6269.504042794215,4001.496402721282
2021-09-09,0.0062783336332010485,0.006490003786197379,-0.9521483951168838,6269.504042794215,4136.404390296073
2021-09-10,0.006490003786197379,0.007656062037076271,-1.7770852005012487,6269.504042794215,4879.591702225588
2021-09-13,0.00765606203707627,0.0082172176506738,1.321865064219522,6269.504042794215,5237.2442738097
2021-09-14,0.0082172176506738,0.008571658843459904,-1.1777378996756005,6269.504042794215,5463.1473940914275
2021-09-15,0.008571658843459904,0.008438577986000988,0.7857044280978412,6269.504042794215,5378.328299805512
2021-09-16,0.008438577986000988,0.00801040916866523,-0.37392897212511034,6269.504042794215,5105.434872596401
2021-09-17,0.008010409168665229,0.008112116096248522,-0.9674031084142602,6269.504042794215,5170.257790369389
2021-09-20,0.008112116096248522,0.011869289546176057,-2.921699603763354,6269.504042794215,7564.892564918572
2021-09-21,0.011869289546176059,0.010923520674507201,-0.012313740496407374,6840.558600837914,8362.950496806527
2021-09-22,0.010923520674507201,0.010560754062935357,0.7447259926193499,6840.558600837914,8085.2195980542865
2021-09-23,0.010560754062935355,0.010763843694534325,1.1153085016977793,6840.558600837914,8240.703217858343
2021-09-24,0.010763843694534325,0.009966374178468988,0.14139477543565457,6840.558600837914,7630.1676328311705
2021-09-27,0.009966374178468988,0.009286950902498705,0.21796951110929302,6840.558600837914,7110.007201718707
2021-09-28,0.009286950902498705,0.010964348802934542,-1.8902052842059784,6840.558600837914,8394.208149635615
2021-09-29,0.010964348802934542,0.01014064817051217,0.13121627540365255,6840.558600837914,7763.590254691476
2021-09-30,0.010140648170512172,0.011736631896590915,-1.806882113749214,6840.558600837914,8985.461233162207
2021-10-01,0.011736631896590915,0.011685971981344743,0.9885675532954541,6840.558600837914,8946.676451588544
2021-10-04,0.01168597198134474,0.012098301808883362,-1.2338456312282833,6840.558600837914,9262.352508677875
2021-10-05,0.012098301808883362,0.011897025491289709,0.9085404402252036,6840.558600837914,9108.257145985557
2021-10-06,0.01189702549128971,0.011021882335359568,0.27957160369475687,6840.558600837914,8438.255311527275
2021-10-07,0.01102188233535957,0.011093282948815415,1.0451436207816007,6840.558600837914,8492.918987604384
2021-10-08,0.011093282948815413,0.010245196632015688,-0.08293450707508034,6840.558600837914,7843.6316290911855
2021-10-11,0.010245196632015688,0.010304488588577064,-1.0199279960301821,6840.558600837914,7889.025024897978
2021-10-12,0.010304488588577066,0.009906673364521817,-0.6706014411710609,6840.558600837914,7584.461219437875
2021-10-13,0.009906673364521817,0.009270195055991585,-0.30555989654798177,6840.558600837914,7097.17907431852
2021-10-14,0.009270195055991585,0.011025156348881,1.9265685262005103,6840.558600837914,8440.761867226804
2021-10-15,0.011025156348881,0.011621077896613296,1.3264230178651693,6840.558600837914,8896.994116166119
2021-10-18,0.011621077896613296,0.01070754018408978,-0.059136405419166004,6840.558600837914,8197.597749880146
2021-10-19,0.01070754018408978,0.010423134430268094,0.7944452453083544,6840.558600837914,7979.859228473905
2021-10-20,0.010423134430268093,0.009927739740543302,0.5835600159087289,6840.558600837914,7600.589449984089
2021-10-21,0.009927739740543302,0.009256141648021798,0.22706840151792704,6840.558600837914,7086.419909882001
2021-10-22,0.009256141648021798,0.008823702312017314,0.5194869423798216,6840.558600837914,6755.34819155612
2021-10-25,0.008823702312017316,0.008256413940863126,0.07399974405917897,6840.558600837914,6321.037248523962
2021-10-26,0.008256413940863126,0.007763315360499353,-0.06102680434390369,6840.558600837914,5943.525350986052
2021-10-27,0.007763315360499353,0.00821837790559831,-1.2449195074556625,6269.504042794215,6291.917197444021
2021-10-28,0.00821837790559831,0.008240907961545547,0.908283967211536,6269.504042794215,6309.166008353195
2021-10-29,0.008240907961545547,0.007750890724947626,0.07247822108136356,6269.504042794215,5934.0131602596275
2021-11-01,0.007750890724947625,0.0073960972456197415,-0.34424719158261163,6269.504042794215,5662.386420802505
2021-11-02,0.0073960972456197415,0.007155063928534975,0.4869196725690298,6269.504042794215,5477.853452089843
2021-11-03,0.007155063928534976,0.006827465870104974,0.15286223363509682,6269.504042794215,5227.047285549252
2021-11-04,0.006827465870104973,0.0070222654179361394,-0.9811855062152269,6269.504042794215,5376.184090784056
2021-11-05,0.00702226541793614,0.006834924359481021,0.4994041932976905,6269.504042794215,5232.757438831463
2021-11-08,0.0068349243594810205,0.006876059288061937,0.8078580879565475,6269.504042794215,5264.249975135688
2021-11-09,0.0068760592880619375,0.007125926637287443,-1.0403553436156898,6269.504042794215,5455.546200465114
2021-11-10,0.007125926637287443,0.007304628875514699,-0.9860764632509634,6269.504042794215,5592.359048309199
2021-11-11,0.007304628875514699,0.007015999608169662,-0.36210272219343365,6269.504042794215,5371.387042427499
2021-11-12,0.0070159996081696615,0.006936706050021394,0.6733969995765595,6269.504042794215,5310.680597933172
2021-11-15,0.006936706050021394,0.0068914832295372,-0.7089371276514256,6269.504042794215,5276.058407862355
2021-11-16,0.006891483229537201,0.006904709665181691,0.7798388353567502,6269.504042794215,5286.1844496249
2021-11-17,0.006904709665181691,0.007402279358275926,-1.2651227507136713,6269.504042794215,5667.119391394122
2021-11-18,0.007402279358275925,0.0070977623278326305,0.3550455911012243,6269.504042794215,5433.983855066986
2021-11-19,0.0070977623278326305,0.007020396575975562,-0.6886063724001726,6269.504042794215,5374.753321962504
2021-11-22,0.007020396575975562,0.006737765395146235,0.2654172549717159,6269.504042794215,5158.373397892257
2021-11-23,0.006737765395146235,0.007752421045747036,1.6593449115876069,6269.504042794215,5935.184760284112
2021-11-24,0.007752421045747037,0.007330261155314362,0.08077396515510413,6269.504042794215,5611.982894271715
2021-11-26,0.007330261155314362,0.012804764602244207,-3.8235192386632866,6269.504042794215,9803.214154365103
2021-11-29,0.012804764602244206,0.011911706967754537,0.3976746518125217,6840.558600837914,10365.439066633438
2021-11-30,0.011911706967754539,0.012154054131885682,-1.1499969797635734,6840.558600837914,10576.32695781251
2021-12-01,0.012154054131885679,0.011342317853225111,-0.4166214482487514,6840.558600837914,9869.962793767088
2021-12-02,0.011342317853225115,0.012119078469859872,1.4080955419903167,6840.558600837914,10545.891513545359
2021-12-03,0.012119078469859872,0.011416717305584436,-0.5338262464417178,6840.558600837914,9934.704395630626
2021-12-06,0.011416717305584436,0.012904902960176342,1.7063353223630269,6840.558600837914,11229.707518547297
2021-12-07,0.012904902960176344,0.013441725133848979,1.2864494773345672,6840.558600837914,11696.844390356222
2021-12-08,0.013441725133848977,0.012326827044906166,0.1040418017591253,6840.558600837914,10726.672085267921
2021-12-09,0.012326827044906166,0.011327722657210377,0.005589653494744213,6840.558600837914,9857.262211443678
2021-12-10,0.011327722657210375,0.010642429938862592,0.4690865740904839,6840.558600837914,9260.927871279786
2021-12-13,0.010642429938862592,0.010826115986088194,-1.10504170791638,6840.558600837914,9420.769490542409
2021-12-14,0.010826115986088196,0.010005201681816636,-0.03681757333917646,6840.558600837914,8706.418707494337
2021-12-15,0.010005201681816636,0.010594275644870933,1.3307052385741074,6840.558600837914,9219.02452346251
2021-12-16,0.010594275644870931,0.00980032035584932,0.008639842763075693,6840.558600837914,8528.133185028566
2021-12-17,0.009800320355849318,0.011395378987164827,-1.8240063847336727,6840.558600837914,9916.13602084088
2021-12-20,0.011395378987164828,0.012210565754356596,-1.424626977271196,6840.558600837914,10625.502762830592
2021-12-21,0.012210565754356598,0.012505427484407167,1.1775393350452417,6840.558600837914,10882.088263480922
2021-12-22,0.012505427484407168,0.01198796160494927,0.7161971238206216,6840.558600837914,10431.795030352989
2021-12-23,0.01198796160494927,0.011131817054656159,0.32972182259115557,6840.558600837914,9686.787266787562
2021-12-27,0.011131817054656159,0.010919202021797449,0.8670690454453035,6840.558600837914,9501.771955907841
2021-12-28,0.010919202021797449,0.010091970791191058,0.08351518327579702,6840.558600837914,8781.924251621751
2021-12-29,0.010091970791191058,0.009395474188509901,0.2121664849262673,6840.558600837914,8175.840412021584
2021-12-30,0.009395474188509903,0.008930030500967912,-0.4946175893820811,6840.558600837914,7770.816329811884
2021-12-31,0.008930030500967913,0.008443724423790789,-0.37595740903627806,6840.558600837914,7347.638020913035
2022-01-03,0.008443724423790787,0.008463054392258798,0.9189465316000848,6840.558600837914,7364.4587512128555
2022-01-04,0.0084630543922588,0.00885998621613795,1.2118315771484935,6840.558600837914,7709.864547809833
2022-01-05,0.008859986216137948,0.009854789685538386,-1.5713610023469666,6840.558600837914,8575.531808871543
2022-01-06,0.009854789685538386,0.009298556211131738,-0.43544732877616904,6840.558600837914,8091.503432301197
2022-01-07,0.00929855621113174,0.008683242293637367,-0.15361067930763045,6840.558600837914,7556.063890688487
2022-01-10,0.008683242293637367,0.008274155414477518,-0.46090202805555514,6840.558600837914,7200.080895944787
2022-01-11,0.008274155414477518,0.007880068345698828,0.40190277543042185,6840.558600837914,6857.150574586845
2022-01-12,0.007880068345698828,0.007440245509155612,0.08147108287154493,6840.558600837914,6474.421480877282
2022-01-13,0.007440245509155613,0.007552687407507035,-0.9421305963954212,6840.558600837914,6572.2672093739075
2022-01-14,0.007552687407507035,0.007842508181700809,-1.109117298007243,6840.558600837914,6824.4661245489
2022-01-18,0.007842508181700809,0.01027064951528224,-2.3674609822036214,6840.558600837914,8937.408552241688
2022-01-19,0.01027064951528224,0.011129367991867893,-1.4656220663536852,6840.558600837914,9684.65611873541
2022-01-20,0.011129367991867893,0.010515570105641489,-0.5285408446305292,6840.558600837914,9150.535811198366
2022-01-21,0.01051557010564149,0.011269358036432867,-1.409798241642388,6840.558600837914,9806.473947263396
2022-01-24,0.011269358036432866,0.010513228936404556,0.3651237677014398,6840.558600837914,9148.49855095214
2022-01-25,0.010513228936404556,0.01007514934756758,-0.649520894753477,6443.74074529154,8174.325442869554
2022-01-26,0.010075149347567577,0.00941741331468177,0.30216747069062216,6443.74074529154,7640.6809079020795
2022-01-27,0.00941741331468177,0.008881729669824848,-0.3895902473741445,6443.74074529154,7206.061797413141
2022-01-28,0.008881729669824848,0.012041427777069682,2.561132427965571,6443.74074529154,9769.636761795571
2022-01-31,0.012041427777069685,0.011267700877303471,0.4489785171898208,6443.74074529154,9141.884729105506
2022-02-01,0.01126770087730347,0.010910782481573374,0.7690194237086591,6443.74074529154,8852.304195597177
2022-02-02,0.010910782481573376,0.010541502434523186,0.7386556695422897,6443.74074529154,8552.694216626971
2022-02-03,0.010541502434523184,0.011354213219479962,-1.4380994993237168,6443.74074529154,9212.075255854003
2022-02-04,0.011354213219479962,0.010470544179095188,-0.041625211115639014,6443.74074529154,8495.12327125267
2022-02-07,0.010470544179095188,0.009737264036254545,-0.23465717223342572,6443.74074529154,7900.187124740815
2022-02-08,0.009737264036254545,0.011220619886828511,1.777206608408856,6443.74074529154,9103.686254319833
2022-02-09,0.011220619886828511,0.010623645298426914,0.5556310813799652,6443.74074529154,8619.339630922545
2022-02-10,0.010623645298426914,0.012090992970077551,-1.729855525551436,6443.74074529154,9809.850758065788
2022-02-11,0.012090992970077551,0.012292857665646528,-1.1308117707773124,6443.74074529154,9973.63073393334
2022-02-14,0.012292857665646528,0.01144689052615044,-0.39092045351887605,6443.74074529154,9287.267636607745
2022-02-15,0.011446890526150442,0.011256241388645888,0.8938073713191725,6443.74074529154,9132.587240158748
2022-02-16,0.011256241388645886,0.010413738748228492,-0.18633871196450563,6443.74074529154,8449.03501361916
2022-02-17,0.010413738748228492,0.012707315050286301,-2.0732144066943823,6443.74074529154,10309.894686691918
2022-02-18,0.012707315050286301,0.011934131147233107,-0.517911384403313,6878.562055234047,9682.583206463507
2022-02-22,0.011934131147233107,0.0121416531063593,-1.1324212340580422,6878.562055234047,9850.953120587801
2022-02-23,0.0121416531063593,0.013002235892702751,-1.4318365110199827,6878.562055234047,10549.174409764146
2022-02-24,0.013002235892702751,0.01192773369483543,-0.04574954248497203,6878.562055234047,9677.392726789229
2022-02-25,0.01192773369483543,0.013917386262985486,1.871503029169051,6878.562055234047,11291.668312116046
2022-02-28,0.013917386262985488,0.013266385705681307,-0.695169093301648,6878.562055234047,10763.488507001934
2022-03-01,0.013266385705681305,0.01390684477573784,-1.3268490083752877,6878.562055234047,11283.115630221071
2022-03-02,0.013906844775737838,0.015222507595692006,1.5661330349499076,6878.562055234047,12350.559465779232
2022-03-03,0.015222507595692008,0.013927798909812104,-0.15698370907697345,6878.562055234047,11300.116461214995
2022-03-04,0.013927798909812104,0.013188366411178286,-0.6339443927295507,6878.562055234047,10700.188690583358
2022-03-07,0.013188366411178288,0.01456672062260875,-1.6068496849711733,6878.562055234047,11818.4962720489
2022-03-08,0.01456672062260875,0.013372407027137176,-0.22309506541277607,6878.562055234047,10849.507359484016
2022-03-09,0.013372407027137177,0.015297161545596153,1.7861077919592894,6878.562055234047,12411.128858952496
2022-03-10,0.015297161545596153,0.014198744414727384,-0.4383373166235538,6878.562055234047,11519.944143967392
2022-03-11,0.014198744414727384,0.013254925471423033,-0.4869281981631597,6878.562055234047,10754.190413122933
2022-03-14,0.013254925471423033,0.012163518085723989,0.11483684557026413,6878.562055234047,9868.692952620338
2022-03-15,0.01216351808572399,0.013543099955340619,1.6380325262770838,6878.562055234047,10987.996576645663
2022-03-16,0.013543099955340619,0.013602112582128897,1.0745947144425798,6878.562055234047,11035.8756104907
2022-03-17,0.013602112582128898,0.01326517512172551,0.8740740250856056,6878.562055234047,10762.506317369878
2022-03-18,0.013265175121725507,0.01240319745926378,0.48195809748127516,6878.562055234047,10063.153315803975
2022-03-21,0.012403197459263781,0.01149402347714688,-0.31622716180697213,6878.562055234047,9325.5082688045
2022-03-22,0.01149402347714688,0.010821347541619569,0.5026487568363124,6878.562055234047,8779.742461778076
2022-03-23,0.01082134754161957,0.011223418189926608,-1.2283015080276047,6878.562055234047,9105.956616715715
2022-03-24,0.011223418189926608,0.010937022150609295,0.8189897090398424,6878.562055234047,8873.593368274762
2022-03-25,0.010937022150609295,0.010158331690939404,0.2556995095783884,6878.562055234047,8241.814223667228
2022-03-28,0.010158331690939404,0.009452545064113556,0.2082036181188606,6878.562055234047,7669.184540287649
2022-03-29,0.009452545064113556,0.009113187379264394,0.6532806330634789,6878.562055234047,7393.851633369942
2022-03-30,0.009113187379264394,0.008625877646905346,-0.41283238149733015,6878.562055234047,6998.479991088308
2022-03-31,0.008625877646905346,0.010297133039412378,-1.9298382528952072,6878.562055234047,8354.42867286159
2022-04-01,0.010297133039412378,0.009591868467973422,0.2537558178579268,6878.562055234047,7782.222551504212
2022-04-04,0.00959186846797342,0.009039368388363818,0.394882540068914,6878.562055234047,7333.9596720035115
2022-04-05,0.00903936838836382,0.00904540834978941,-0.9387109261271002,6878.562055234047,7338.860106592811
2022-04-06,0.009045408349789409,0.009227557821712778,-1.072093714363344,6878.562055234047,7486.644423369009
2022-04-07,0.009227557821712778,0.008605713758214279,0.04761589792895078,6878.562055234047,6982.120314157625
2022-04-08,0.008605713758214279,0.008584587583164651,0.8928169034942652,6878.562055234047,6964.979900228142
2022-04-11,0.008584587583164651,0.009327109742800422,-1.4339180069450912,6878.562055234047,7567.414422240514
2022-04-12,0.009327109742800422,0.008903044362907207,-0.5403285156884179,6878.562055234047,7223.355162698306
2022-04-13,0.008903044362907208,0.008495095929724378,0.5004584749678401,6878.562055234047,6892.372152749153
2022-04-14,0.008495095929724377,0.008208833704673554,-0.6066710040289498,6878.562055234047,6660.117472561177
2022-04-18,0.008208833704673556,0.0077898409007606416,0.3312075140462586,6878.562055234047,6320.173773539836
2022-04-19,0.0077898409007606416,0.007824375127172163,0.8905162998959714,6878.562055234047,6348.192614339816
2022-04-20,0.007824375127172163,0.008205521390147632,1.19008851180027,6878.562055234047,6657.430074491929
2022-04-21,0.008205521390147632,0.008907466630462308,-1.4141766793200397,6878.562055234047,7226.943104965343
2022-04-22,0.008907466630462308,0.015479053000986271,-3.8212282686822867,6878.562055234047,12558.70383777849
2022-04-25,0.01547905300098627,0.014410690031743266,0.4802663918099315,7022.876729018477,12540.027204877999
2022-04-26,0.014410690031743265,0.016581580151883935,-1.8222184934942234,7022.876729018477,14429.112398258685
2022-04-27,0.016581580151883935,0.01566586447644612,0.651424812265116,7634.736920674526,13632.266483411517
2022-04-28,0.01566586447644612,0.015095838724877672,0.809041680755584,7634.736920674526,13136.236215852938
2022-04-29,0.015095838724877672,0.0182045622815375,-2.054497280771291,7634.736920674526,15841.413961477063
2022-05-02,0.0182045622815375,0.0166074878770043,0.18456807255937463,8541.396965929724,14451.657021528648
2022-05-03,0.0166074878770043,0.015158065543696423,0.14033462026178323,8541.396965929724,13190.385323157396
2022-05-04,0.015158065543696425,0.017584725074543357,1.8666052129805344,8541.396965929724,15302.038302075565
2022-05-05,0.017584725074543357,0.020752032475788725,-1.9595557824881178,8541.396965929724,18058.19507807581
2022-05-06,0.020752032475788728,0.018876460410267734,-0.15518897347482255,9297.400354620147,16426.092474069046
2022-05-09,0.01887646041026773,0.018704027678619867,-1.0289023104186281,9297.400354620147,16276.04336877897
2022-05-10,0.018704027678619867,0.017044256625449998,-0.16362711003646033,9297.400354620147,14831.728480680493
2022-05-11,0.017044256625449998,0.01617562428703254,-0.6968999135726185,9297.400354620147,14075.85397843266
2022-05-12,0.01617562428703254,0.01486586584136234,-0.30299038826266805,9297.400354620147,12936.116290345273
2022-05-13,0.014865865841362338,0.014535622954572332,0.9093487218259886,9297.400354620147,12648.742488296797
2022-05-16,0.01453562295457233,0.013286627388359024,0.005513609154553442,9297.400354620147,11561.880003253656
2022-05-17,0.013286627388359028,0.014469705138357589,1.5342361627265748,9297.400354620147,12591.381514825143
2022-05-18,0.014469705138357589,0.01767992058664,-2.114530117243382,9297.400354620147,15384.876411065808
2022-05-19,0.017679920586639995,0.01627216805697574,-0.35936348199981905,9433.033120806747,14159.865326874853
2022-05-20,0.016272168056975744,0.014905036382365133,-0.2350959160693073,9433.033120806747,12970.202073102573
2022-05-23,0.01490503638236513,0.016902628536718808,1.7528349512636603,9433.033120806747,14708.485243767347
2022-05-24,0.01690262853671881,0.015395068457592047,0.007540413028026517,9433.033120806747,13396.622705360458
2022-05-25,0.015395068457592047,0.014242628398469643,0.3942504693404659,9433.033120806747,12393.781782298985
2022-05-26,0.014242628398469643,0.014368639308961647,1.110602894579317,9433.033120806747,12503.435118967836
2022-05-27,0.014368639308961645,0.01480831054160168,1.2401954165752824,9433.033120806747,12886.03228859423
2022-05-31,0.014808310541601682,0.013645228992860005,-0.31292715039380337,9433.033120806747,11873.931255917456
2022-06-01,0.013645228992860003,0.01298216490991572,-0.6729576892929645,9433.033120806747,11296.940034790416
2022-06-02,0.012982164909915718,0.012437758357367115,0.7217054625694932,9433.033120806747,10823.203318197704
2022-06-03,0.012437758357367115,0.012466957218474328,-1.045953683426883,9433.033120806747,10848.611852544731
2022-06-06,0.01246695721847433,0.011455989666202957,0.06606012401386528,9433.033120806747,9968.87878072053
2022-06-07,0.011455989666202957,0.010915320039548895,0.630078326593533,9433.033120806747,9498.393896779618
2022-06-08,0.010915320039548893,0.01065563995998713,-0.8238425315402274,9433.033120806747,9272.423089337617
2022-06-09,0.01065563995998713,0.012900105534684507,-2.0378714960358852,9433.033120806747,11225.532850571755
2022-06-10,0.012900105534684507,0.017305947742318393,-2.553007009632087,9433.033120806747,15059.449271119807
2022-06-13,0.017305947742318396,0.019120824154285645,-1.63298224618277,9779.680057187035,16638.73517133895
2022-06-14,0.01912082415428564,0.01749571121789314,-0.27817960543926423,9779.680057187035,15224.579403053658
2022-06-15,0.017495711217893145,0.016306843938995307,0.5234697423158223,9779.680057187035,14190.039905810398
2022-06-16,0.01630684393899531,0.018437302235470774,-1.74494204085953,9779.680057187035,16043.94176185001
2022-06-17,0.01843730223547077,0.016771892106350744,-0.06588197014164841,9779.680057187035,14594.719810615094
2022-06-21,0.016771892106350744,0.017294318529212368,1.2602325579225289,9779.680057187035,15049.329655168065
2022-06-22,0.01729431852921237,0.01580813404449593,-0.21363197212095617,9779.680057187035,13756.067928716426
2022-06-23,0.01580813404449593,0.014488409591236465,0.23347389884391978,9779.680057187035,12607.657928198605
2022-06-24,0.014488409591236463,0.017208168077390756,1.9778782048537251,9779.680057187035,14974.36246017769
2022-06-27,0.017208168077390756,0.015672419124532884,-0.05860332884243557,9779.680057187035,13637.970267556853
2022-06-28,0.015672419124532884,0.015443767458893374,-0.9714378331026358,9779.680057187035,13439.00005160993
2022-06-29,0.015443767458893374,0.014186285601402284,0.27194094911649913,9779.680057187035,12344.75288732815
2022-06-30,0.014186285601402284,0.013657827388867812,-0.7834504493802601,9779.680057187035,11884.894244388357
2022-07-01,0.013657827388867814,0.013013365806473548,0.6866033479049942,9779.680057187035,11324.090718816642
2022-07-05,0.013013365806473548,0.011994057886983713,-0.23743815856490144,9779.680057187035,10437.099949298032
2022-07-06,0.011994057886983711,0.011059769713352558,0.16544778373275845,9779.680057187035,9624.092446623075
2022-07-07,0.011059769713352558,0.011449011886660289,1.221908094985673,9779.680057187035,9962.806792141084
2022-07-08,0.011449011886660289,0.010561462596131827,-0.09886871459096074,9779.680057187035,9190.47096197746
2022-07-11,0.010561462596131827,0.010286880207455927,-0.7941076784412018,9779.680057187035,8951.532325701788
2022-07-12,0.01028688020745593,0.01000863331988635,-0.7750750716506476,9779.680057187035,8709.404881970138
2022-07-13,0.01000863331988635,0.00964555087658234,-0.6794292794738682,9779.680057187035,8393.454451656493
2022-07-14,0.00964555087658234,0.00973351876925465,-1.0226237664218005,9779.680057187035,8470.003164094041
2022-07-15,0.00973351876925465,0.012387549031484783,2.2679217311907505,9779.680057187035,10779.511703770075
2022-07-18,0.012387549031484783,0.01182444345707165,-0.6751555233871452,9779.680057187035,9748.2761456073
2022-07-19,0.01182444345707165,0.015253240107118135,2.3573596075389194,9779.680057187035,12575.035537128302
2022-07-20,0.015253240107118135,0.013927553486646206,0.04569823934694248,9779.680057187035,11482.116508354182
2022-07-21,0.013927553486646206,0.012977745986267462,0.4569464932255716,9779.680057187035,10699.078741504898
2022-07-22,0.012977745986267462,0.012202882244105527,-0.5396217247637385,9779.680057187035,10060.267641326162
2022-07-25,0.012202882244105526,0.011361587106684997,0.38473186770693946,9779.680057187035,9366.68934740424
2022-07-26,0.011361587106684999,0.01113043419261096,-0.8636125010996119,9779.680057187035,9176.122878340708
2022-07-27,0.01113043419261096,0.011552284242550318,1.23880262393099,9779.680057187035,9523.903371670203
2022-07-28,0.01155228424255032,0.010765571919210532,0.3648405644816187,9779.680057187035,8875.324095790456
2022-07-29,0.010765571919210532,0.01119910892159712,1.2449247625850328,9779.680057187035,9232.739515293837
2022-08-01,0.011199108921597123,0.010742982501911044,-0.6851926565950834,9779.680057187035,8856.700988613935
2022-08-02,0.010742982501911046,0.011763741396031504,-1.5309965309064246,9779.680057187035,9698.232314303512
2022-08-03,0.011763741396031504,0.012201937437854991,1.2463003617301045,9779.680057187035,10059.488726676373
2022-08-04,0.012201937437854991,0.011219660479271082,-0.049494838991560965,9779.680057187035,9249.682575671732
2022-08-05,0.01121966047927108,0.010606192335607239,0.5382366356011336,9779.680057187035,8743.92880445371
2022-08-08,0.010606192335607239,0.009849233331318643,-0.2139764097879617,9779.680057187035,8119.878680530448
2022-08-09,0.009849233331318645,0.009147101953708181,-0.011769572527318016,9779.680057187035,7541.0294023981205
2022-08-10,0.009147101953708181,0.011168683108290771,2.0545204089471127,9779.680057187035,9207.655947416686
2022-08-11,0.011168683108290771,0.010318458805040391,0.12064997743912939,9779.680057187035,8506.716294410484
2022-08-12,0.010318458805040391,0.010601791735539535,1.1595138612818674,9779.680057187035,8740.300873479868
2022-08-15,0.010601791735539535,0.009961281646170349,0.42985486518478055,9779.680057187035,8212.253253489409
2022-08-16,0.009961281646170349,0.009572503335262888,0.6499677111942735,9779.680057187035,7891.737675068496
2022-08-17,0.009572503335262888,0.009038186248664239,-0.42115201506286204,9779.680057187035,7451.237407263931
2022-08-18,0.009038186248664237,0.00845583314465961,-0.15328336942359236,9779.680057187035,6971.135414075104
2022-08-19,0.00845583314465961,0.008987249971750197,-1.3025401373831158,9779.680057187035,7409.244657669426
2022-08-22,0.008987249971750197,0.01161980668382647,-2.331717604902923,9779.680057187035,9579.570042661962
2022-08-23,0.011619806683826471,0.01094438973056813,-0.512944911438644,9779.680057187035,9022.744599021371
2022-08-24,0.010944389730568129,0.010117104497550974,-0.10185365016206954,9779.680057187035,8340.716313130988
2022-08-25,0.010117104497550974,0.01041247490031618,1.1646227504627493,9779.680057187035,8584.224792988658
2022-08-26,0.010412474900316182,0.015360867964730194,-2.995718820719735,9779.680057187035,12663.765808516677
2022-08-29,0.015360867964730192,0.01425098584032057,-0.43317339726563464,9838.523297718279,12944.787235261056
2022-08-30,0.01425098584032057,0.013594319539254404,-0.7072252858402404,9838.523297718279,12348.308812847843
2022-08-31,0.013594319539254406,0.012767415807473523,-0.5423893928073457,9838.523297718279,11597.19636407524
2022-09-01,0.012767415807473521,0.01190116287486335,0.425424777686503,9838.523297718279,10810.34133311779
2022-09-02,0.011901162874863348,0.011715347745371368,-0.9119434135308775,9838.523297718279,10641.557408741084
2022-09-06,0.011715347745371368,0.010957577936497194,-0.42819165119635255,9838.523297718279,9953.242294327922
2022-09-07,0.010957577936497194,0.011123569933448875,1.099268945837267,9838.523297718279,10104.020009453858
2022-09-08,0.011123569933448875,0.010577485380751523,0.5976794633707082,9838.523297718279,9607.987775169433
2022-09-09,0.010577485380751523,0.010670558038306533,1.049245532958849,9838.523297718279,9692.529698301596
2022-09-12,0.010670558038306532,0.010057258470256101,0.4755775819531499,9838.523297718279,9135.443156440868
2022-09-13,0.010057258470256101,0.019155383253273543,-4.338937476195382,9838.523297718279,17399.663672526032
2022-09-14,0.019155383253273543,0.017408669490063925,-0.02900982003601353,10365.898620839836,18824.85143965875
2022-09-15,0.017408669490063925,0.015939823998575724,-0.2578835352415406,10365.898620839836,17236.516490749545
2022-09-16,0.01593982399857572,0.014703471117868539,-0.36158557715678863,10365.898620839836,15899.58724870777
2022-09-19,0.01470347111786854,0.013762261109716982,0.528572488275197,10365.898620839836,14881.81052619111
2022-09-20,0.01376226110971698,0.013460653887908342,-0.8978119019179496,10365.898620839836,14555.667787544917
2022-09-21,0.013460653887908345,0.014721305991855595,-1.5579324074422949,10365.898620839836,15918.872976054308
2022-09-22,0.014721305991855593,0.013546175780668548,-0.28297356254623635,10365.898620839836,14648.1468208776
2022-09-23,0.013546175780668548,0.01367641884370427,-1.1076422237600716,10365.898620839836,14788.985057486836
2022-09-26,0.01367641884370427,0.013636673763949196,-1.0292366929253873,10365.898620839836,14746.00674588906
2022-09-27,0.013636673763949196,0.01255225874420746,-0.24241032641247315,10365.898620839836,13573.375393606559
2022-09-28,0.012552258744207458,0.01348943863974487,1.455935268206197,10365.898620839836,14586.794156929973
2022-09-29,0.013489438639744868,0.01339977232814235,-1.001877061779781,10365.898620839836,14489.833559451632
2022-09-30,0.013399772328142353,0.013495078441493183,-1.0902293350600902,10365.898620839836,14592.892752237427
2022-10-03,0.013495078441493183,0.01612730453011547,2.0017314453057313,10365.898620839836,17439.248420152784
2022-10-04,0.01612730453011547,0.01858387646088523,1.8381298241324222,10365.898620839836,20095.660598807255
2022-10-05,0.01858387646088523,0.016928740662341294,-0.14674295992720088,10365.898620839836,18305.880768830364
2022-10-06,0.016928740662341294,0.015902311742609167,-0.5999124413807673,10365.898620839836,17195.95264144791
2022-10-07,0.015902311742609167,0.016696779737481147,-1.3569733523596026,10365.898620839836,18055.050000126852
2022-10-10,0.016696779737481147,0.01529421224155896,-0.24836869666562644,10365.898620839836,16538.38471103632
2022-10-11,0.015294212241558958,0.013985226192138734,-0.1389832937398261,10365.898620839836,15122.913647553507
2022-10-12,0.013985226192138734,0.012798721693918956,-0.03251968894948433,10365.898620839836,13839.887915792537
2022-10-13,0.012798721693918956,0.01648245599017045,2.3566526053042685,10365.898620839836,17823.291179878262
2022-10-14,0.01648245599017045,0.01595330406110929,-0.8507514343206521,10365.898620839836,17251.093146061226
2022-10-17,0.01595330406110929,0.016468157622243976,1.2616061862313417,10365.898620839836,17807.829650655764
2022-10-18,0.016468157622243976,0.015517073380400632,0.6246956944149084,10365.898620839836,16779.37543308789
2022-10-19,0.015517073380400632,0.014287388766442534,-0.3201292549429175,10365.898620839836,15449.65691619563
2022-10-20,0.014287388766442534,0.013421135269386583,-0.5599546685210941,10365.898620839836,14512.9343596286
2022-10-21,0.013421135269386583,0.017360835691226664,2.3817079995648864,10365.898620839836,18773.126397867363
2022-10-24,0.01736083569122666,0.016756111019936928,0.8365610554757223,10365.898620839836,18119.20783703633
2022-10-25,0.016756111019936924,0.015491385013290289,0.4114061419108882,10365.898620839836,16751.597336958508
2022-10-26,0.01549138501329029,0.01414201749049186,0.06332302641357024,10365.898620839836,15292.459798120239
2022-10-27,0.014142017490491859,0.01308292099148935,0.3596383474957417,10365.898620839836,14147.206608876553
2022-10-28,0.01308292099148935,0.016072337235896978,2.132335648007194,10365.898620839836,17379.809578586304
2022-10-31,0.016072337235896978,0.014817828238646517,-0.3559773183367334,10365.898620839836,16023.247233805498
2022-11-01,0.014817828238646517,0.013564168111983025,-0.1495162348284245,10365.898620839836,14667.602814584729
2022-11-02,0.013564168111983023,0.014189696621623105,-1.3182787780329017,10365.898620839836,15344.017590106007
2022-11-03,0.014189696621623105,0.013812904195893805,-0.8687853342278578,10365.898620839836,14936.573388698704
2022-11-04,0.013812904195893805,0.013835911456402984,1.0606391245155133,10365.898620839836,14961.452272255316
2022-11-07,0.013835911456402982,0.013627063764898072,0.9481585038707171,10365.898620839836,14735.614980764452
2022-11-08,0.013627063764898075,0.013017131730203833,0.7086166417438637,10365.898620839836,14076.065441498331
2022-11-09,0.013017131730203833,0.014045187060712944,-1.4824359105191498,10365.898620839836,15187.752286930667
2022-11-10,0.014045187060712944,0.0209982341858943,3.084046833202812,10365.898620839836,22706.424478346067
2022-11-11,0.020998234185894304,0.019057551637088055,0.025106446675126196,10365.898620839836,20607.86888834723
2022-11-14,0.01905755163708805,0.017623614116718374,-0.4458867799127597,10365.898620839836,19057.281647310883
2022-11-15,0.017623614116718377,0.016058462686694815,-0.11835504344508024,10365.898620839836,17364.80634541722
2022-11-16,0.01605846268669481,0.014656951009017488,0.10674325097541909,10365.898620839836,15849.28276457832
2022-11-17,0.01465695100901749,0.013395507163853914,0.029680608673551722,10365.898620839836,14485.22142731015
2022-11-18,0.013395507163853912,0.012394473997107297,0.3354439611840494,10365.898620839836,13402.754977996969
2022-11-21,0.012394473997107297,0.011540489544440258,-0.3941150997989661,10365.898620839836,12479.299543197036
2022-11-22,0.01154048954444026,0.011677077479087717,1.0907258283482888,10365.898620839836,12626.99880187133
2022-11-23,0.011677077479087718,0.01078705838549465,0.18932602962981163,10365.898620839836,11664.577335663824
2022-11-25,0.01078705838549465,0.010002291266485443,0.1951155495617681,10365.898620839836,8548.147900058513
2022-11-28,0.010002291266485443,0.011321691373949326,-1.6908978847664962,10365.898620839836,9675.73226622718
2022-11-29,0.011321691373949328,0.010485704578319769,-0.2245308065923181,10365.898620839836,8961.282088648177
2022-11-30,0.010485704578319767,0.013981746090689117,2.5036892018373123,10365.898620839836,11949.065499096507
2022-12-01,0.01398174609068912,0.012920852204271863,-0.33634704461294146,10365.898620839836,11042.405454337675
2022-12-02,0.012920852204271865,0.011871092075171947,-0.13058488635524304,10365.898620839836,10145.260529834424
2022-12-05,0.011871092075171945,0.012552303184864739,-1.3581139314776323,10365.898620839836,10727.436469494205
2022-12-06,0.012552303184864739,0.012340526756377562,-0.9155702973311646,10365.898620839836,10546.44831545791
2022-12-07,0.012340526756377564,0.011354745912692027,-0.12306972486940622,10365.898620839836,9703.98130221432
2022-12-08,0.011354745912692026,0.010720863175587394,0.5302169048517977,10365.898620839836,9162.253087778086
2022-12-09,0.010720863175587396,0.010681313971249686,-0.9686946828937798,10365.898620839836,9128.453587343507
2022-12-12,0.010681313971249686,0.011502952845229316,1.4398923976034714,10365.898620839836,9830.641758842667
2022-12-13,0.011502952845229312,0.010620891706184226,0.15059802229475566,10365.898620839836,9076.815573165024
2022-12-14,0.010620891706184226,0.010063341712356346,-0.5361953542042877,10365.898620839836,8600.322769472446
2022-12-15,0.010063341712356346,0.013506364644103616,-2.530145418952472,10365.898620839836,11542.7954949453
2022-12-16,0.013506364644103614,0.012682760047815917,-0.53844211693738,10365.898620839836,11186.8287778905
2022-12-19,0.012682760047815917,0.011984983747961944,-0.5849341389571016,10365.898620839836,10571.355177325091
2022-12-20,0.011984983747961942,0.011033628865854059,0.09183976076538626,10365.898620839836,9732.212582730008
2022-12-21,0.011033628865854059,0.011569248339526028,1.2965489598032114,10365.898620839836,10204.65575121083
2022-12-22,0.011569248339526028,0.011839379309719199,-1.162036407335907,10365.898620839836,10442.924779384775
2022-12-23,0.011839379309719199,0.010975445860513203,0.2886421317347099,10365.898620839836,9680.89226159507
2022-12-27,0.0109754458605132,0.010143605045617045,-0.09693301345111704,10365.898620839836,8947.167052601091
2022-12-28,0.010143605045617048,0.010259917630439493,-1.0544610449628147,10365.898620839836,9049.76057059063
2022-12-29,0.010259917630439493,0.010361541008669898,1.0476732416945653,10365.898620839836,9139.397473584006
2022-12-30,0.010361541008669897,0.009693809747274214,-0.3459167004775613,10365.898620839836,8550.425099848628
2023-01-03,0.009693809747274216,0.009311473695999554,-0.6312843445419875,10365.898620839836,8213.1855774498
2023-01-04,0.009311473695999552,0.008678119014075352,0.03496071018769303,10365.898620839836,7654.535066389986
2023-01-05,0.008678119014075353,0.008993665037564103,-1.1582846162092693,10365.898620839836,7932.862443317752
2023-01-06,0.0089936650375641,0.011702142316071288,2.3627912773460804,10365.898620839836,10321.874886132557
2023-01-09,0.01170214231607129,0.0108660638863128,-0.3114865810241807,10365.898620839836,9584.411888856468
2023-01-10,0.0108660638863128,0.010494205620875099,0.7337462227539817,10365.898620839836,9256.414297684561
2023-01-11,0.010494205620875099,0.010606444521561311,1.059378920557934,10365.898620839836,9355.414622492532
2023-01-12,0.010606444521561311,0.009949498906130476,0.40690961341175763,10365.898620839836,8775.955728016621
2023-01-13,0.009949498906130477,0.009504112424979476,0.5889788898042841,10365.898620839836,8383.10257256475
2023-01-17,0.009504112424979476,0.010787186895236903,-1.6945357338796119,10365.898620839836,9514.838437150804
2023-01-18,0.010787186895236903,0.011547276081307387,-1.4087343998196855,10365.898620839836,10185.27512036795
2023-01-19,0.011547276081307385,0.011148708929201936,-0.7526107412551949,10365.898620839836,9833.71895512591
2023-01-20,0.011148708929201936,0.010832627674118774,0.793544863431623,10365.898620839836,9554.919477158575
2023-01-23,0.010832627674118776,0.010363433947339871,0.646340237607653,10365.898620839836,9141.067140179306
2023-01-24,0.010363433947339873,0.010043320262739417,0.7447011140965555,10365.898620839836,8858.710857667944
2023-01-25,0.010043320262739415,0.009373013693715007,-0.26591696553125505,10365.898620839836,8267.466933782258
2023-01-26,0.009373013693715009,0.009048999885221924,0.6618095940372769,10365.898620839836,7981.670546906001
2023-01-27,0.00904899988522192,0.008488665663775503,0.2376069129900025,10365.898620839836,7487.427734609543
2023-01-30,0.008488665663775504,0.00873087293445898,-1.100879160437491,10365.898620839836,7701.066663019518
2023-01-31,0.00873087293445898,0.00888872628763952,1.0446839064526898,10365.898620839836,7840.301216648929
2023-02-01,0.00888872628763952,0.00843855658042966,-0.43202957822321814,10365.898620839836,7443.229016547104
2023-02-02,0.00843855658042966,0.007972041419617484,0.28506920045907713,10365.898620839836,7031.7393087374385
2023-02-03,0.007972041419617486,0.007515533855588583,-0.01378218351846003,10365.898620839836,6629.076801889599
2023-02-06,0.007515533855588582,0.007123938535120269,-0.04186332295989542,10365.898620839836,6283.670140895757
2023-02-07,0.007123938535120269,0.007539347191343059,1.201270322653702,10365.898620839836,6650.081355213274
2023-02-08,0.007539347191343058,0.007603200098762509,-0.9009266413851987,10365.898620839836,6706.402813600787
2023-02-09,0.0076032000987625095,0.008116331184279355,-1.2864377366523851,10365.898620839836,7159.010098816956
2023-02-10,0.008116331184279353,0.007784548216695021,0.48004319257414685,10365.898620839836,6866.36092499414
2023-02-13,0.007784548216695022,0.008377622391296224,1.3446082591753883,10365.898620839836,7389.482013687681
2023-02-14,0.008377622391296224,0.008243480064651877,-0.7680090249117949,10365.898620839836,7271.161771533719
2023-02-15,0.008243480064651877,0.007830743008624848,0.35548386600192733,10365.898620839836,6907.107042227372
2023-02-16,0.007830743008624848,0.009044419318081684,-1.7350953845491544,10365.898620839836,7977.630257559651
2023-02-17,0.009044419318081686,0.008459341048591543,0.14415505915602572,10365.898620839836,7461.56195714441
2023-02-21,0.008459341048591543,0.01200663020732735,-2.7779743383425344,10365.898620839836,10590.448437282339
2023-02-22,0.012006630207327349,0.01114641674110969,-0.3264188596841059,10365.898620839836,10284.164338967863
2023-02-23,0.01114641674110969,0.010442810186647045,0.42201589338019496,10365.898620839836,9634.986616284907
2023-02-24,0.010442810186647047,0.010331174498152173,-0.9101344485461027,10365.898620839836,9531.986720153192
2023-02-27,0.01033117449815217,0.009668411889065984,0.3486632123543492,10365.898620839836,8920.493381273516
2023-02-28,0.009668411889065986,0.009438522562538357,-0.7765811198686086,10365.898620839836,8708.387583625994
2023-03-01,0.009438522562538357,0.00884284044171277,-0.2715854886546197,10365.898620839836,8158.785593440101
2023-03-02,0.00884284044171277,0.008362766156745274,0.36786905397093117,10365.898620839836,7715.848373686849
2023-03-03,0.008362766156745274,0.009524411361779552,1.6809714324011504,10365.898620839836,8787.632290403855
2023-03-06,0.009524411361779554,0.00890345480146007,0.2320442537829899,10365.898620839836,8214.711013368415
2023-03-07,0.008903454801460068,0.011942935715798438,-2.5095294728816557,10365.898620839836,11019.067063768529
2023-03-08,0.01194293571579844,0.010989694652686339,-0.03661994042921079,10365.898620839836,10139.565787673113
2023-03-09,0.010989694652686337,0.012622558760868232,-1.781637697076611,10365.898620839836,11646.116567334077
2023-03-10,0.012622558760868232,0.012577665860683901,-1.0099066961984418,10365.898620839836,11604.696443372106
2023-03-13,0.0125776658606839,0.011612373191029078,-0.2500644449596957,10365.898620839836,10714.07583582582
2023-03-14,0.01161237319102908,0.011206255916866449,0.7504552710584552,10365.898620839836,10339.374540746989
2023-03-15,0.011206255916866449,0.01113803456387076,-0.9644411741936784,10365.898620839836,10276.43058109341
2023-03-16,0.01113803456387076,0.011504895055302491,1.2104015209004964,10365.898620839836,10614.91187701011
2023-03-17,0.011504895055302493,0.012002043229915547,-1.2754754808854023,10365.898620839836,11073.6022029946
2023-03-20,0.012002043229915547,0.011617226547480807,0.7855182516703622,10365.898620839836,10718.553751599511
2023-03-21,0.011617226547480809,0.0115279320544215,0.962679193656832,10365.898620839836,10636.16680496761
2023-03-22,0.0115279320544215,0.012336258161006322,-1.4194005279254274,10365.898620839836,11381.963298376733
2023-03-23,0.012336258161006322,0.01137156237865067,0.18991803646628194,10365.898620839836,10491.8934047701
2023-03-24,0.011371562378650668,0.010494605760345997,0.10682153322974647,10365.898620839836,9682.775444239505
2023-03-27,0.010494605760345999,0.009744290568889499,0.1947936999639011,10365.898620839836,8990.50232058142
2023-03-28,0.0097442905688895,0.009125166963357051,-0.30191096157325537,10365.898620839836,8419.272206607042
2023-03-29,0.00912516696335705,0.009312780593812572,1.0780782927972756,10365.898620839836,8592.372625571179
2023-03-30,0.009312780593812573,0.008805692665782145,0.4179017895877848,10365.898620839836,8124.511454820405
2023-03-31,0.008805692665782145,0.009614818357244754,1.469070150826748,10365.898620839836,8871.045679688625
2023-04-03,0.009614818357244754,0.009497460462155678,0.868194906064711,10365.898620839836,8762.766229206563
2023-04-04,0.009497460462155678,0.009901672217040743,-1.2253235929485546,10365.898620839836,9135.709410098862
2023-04-05,0.009901672217040743,0.009192887578140253,-0.0011499519707425575,10365.898620839836,8481.754163611016
2023-04-06,0.009192887578140253,0.008578936699980406,0.08378925577071986,10365.898620839836,7915.296630782316
2023-04-10,0.008578936699980406,0.008077881807877387,0.2370666480202858,10365.898620839836,7453.001798917071
2023-04-11,0.008077881807877387,0.007710697259998665,0.40753442074265817,10365.898620839836,7114.221514560105
2023-04-12,0.007710697259998665,0.0073399155658727105,-0.28774654497007407,10365.898620839836,6772.122348089087
2023-04-13,0.007339915565872711,0.008011498856932855,1.4021468088291689,10365.898620839836,7391.754028205132
2023-04-14,0.008011498856932855,0.007574743935913604,0.20142629296735254,10365.898620839836,6988.785120085181
2023-04-17,0.007574743935913604,0.007251620700298835,0.365066802879633,10365.898620839836,6690.657700845113
2023-04-18,0.007251620700298834,0.006897310679565776,-0.02275718944914372,10365.898620839836,6363.756009943583
2023-04-19,0.006897310679565777,0.0066216661551139,0.22418184926351792,10365.898620839836,6109.434495286351
2023-04-20,0.0066216661551139,0.0065724211730436,-0.6508382362913164,10365.898620839836,6063.998953062934
2023-04-21,0.006572421173043599,0.0063578502648197885,-0.2759476985873166,10365.898620839836,5866.026588150658
2023-04-24,0.00635785026481979,0.006156532709195174,0.19187885308668015,9838.523297718279,5336.062996209204
2023-04-25,0.006156532709195174,0.007778684015189609,-2.1128860813536616,9838.523297718279,6742.033201685609
2023-04-26,0.007778684015189608,0.007699731115815558,-0.770453627474383,9838.523297718279,6673.6022089997305
2023-04-27,0.007699731115815558,0.009043210290236534,1.8168967169616521,9838.523297718279,7838.03840180973
2023-04-28,0.009043210290236534,0.009050601139210357,0.9399736599970774,9838.523297718279,7844.444286027788
2023-05-01,0.009050601139210359,0.008459303766171353,-0.11467297857805978,9838.523297718279,7331.948018881079
2023-05-02,0.008459303766171352,0.009196447342625383,-1.4325995936259601,9838.523297718279,7970.853836003565
2023-05-03,0.009196447342625383,0.009462813043959203,-1.1338151584589875,9838.523297718279,8201.721473598318
2023-05-04,0.009462813043959205,0.00953016835272578,-1.0022507262017317,9838.523297718279,8260.100465099616
2023-05-05,0.009530168352725778,0.011927128262872736,2.182927531640298,9494.278126257632,10337.621966906787
2023-05-08,0.011927128262872738,0.011031989697812328,-0.24607735303722786,9494.278126257632,9561.77686072151
2023-05-09,0.011031989697812328,0.010232565571746023,-0.23259690399557556,9494.278126257632,8868.890507497385
2023-05-10,0.010232565571746025,0.009486049036774469,-0.06343160052322828,9494.278126257632,8221.860848681397
2023-05-11,0.009486049036774467,0.009059895896048286,-0.5581741365648519,9494.278126257632,7852.5003478347135
2023-05-12,0.009059895896048288,0.008508552486435166,-0.2665485690073388,9494.278126257632,7374.6334533981235
2023-05-15,0.008508552486435166,0.007990865487338704,0.13259201080162059,9494.278126257632,6925.9376419763175
2023-05-16,0.007990865487338704,0.008549964907505293,-1.3209241565695786,9494.278126257632,7410.526917803128
2023-05-17,0.008549964907505293,0.00962972844781781,1.6283664637007456,9494.278126257632,8346.392370692221
2023-05-18,0.00962972844781781,0.009129608518294132,0.4812598675613712,9043.275251878822,7912.922498013365
2023-05-19,0.009129608518294132,0.008644247267956397,-0.4193356597131247,9043.275251878822,7492.244442676664
2023-05-22,0.008644247267956396,0.008224593932270716,-0.435769047229068,9043.275251878822,7128.517529889601
2023-05-23,0.008224593932270718,0.008498834740356391,-1.1178707460952377,9043.275251878822,7366.210773343154
2023-05-24,0.008498834740356391,0.00881139203035871,-1.1527608941296699,9043.275251878822,7637.114132125898
2023-05-25,0.00881139203035871,0.008251854259610874,0.11981002804029026,9043.275251878822,7152.1449238880305
2023-05-26,0.008251854259610874,0.00862507440382051,1.1920189874027431,9043.275251878822,7475.626710638295
2023-05-30,0.00862507440382051,0.008110566584627683,-0.21213098887441298,9043.275251878822,7029.68639570183
2023-05-31,0.008110566584627683,0.008350916902671531,-1.0880239220849728,9043.275251878822,7238.005671960261
2023-06-01,0.00835091690267153,0.008235082248448622,0.7845594183066406,9043.275251878822,7137.608087593597
2023-06-02,0.008235082248448622,0.011484626851353062,2.686670854038259,9043.275251878822,9954.0918990402
2023-06-05,0.011484626851353064,0.0108184636697887,-0.5088233699846993,9043.275251878822,9376.707051027712
2023-06-06,0.0108184636697887,0.01001383065821294,0.13864763889000176,9043.275251878822,8679.305990819736
2023-06-07,0.010013830658212939,0.009373794942298005,0.32362584018011614,9043.275251878822,8124.56664949454
2023-06-08,0.009373794942298005,0.008738643903652605,0.09775306477815165,9043.275251878822,7574.061013545012
2023-06-09,0.008738643903652605,0.008180304598401125,-0.047776591826521705,9043.275251878822,7090.130553526217
2023-06-12,0.008180304598401127,0.007988763887998766,0.684257401803083,8248.308993008432,6924.1161188885
2023-06-13,0.007988763887998766,0.00785098024540269,0.7256503144760313,8187.59700171835,6804.6946471822375
2023-06-14,0.00785098024540269,0.008306166590955332,-1.2460931775502313,8187.59700171835,7199.219151414209
2023-06-15,0.008306166590955332,0.009602890736368972,1.757252229317653,8187.59700171835,8323.131271347913
2023-06-16,0.00960289073636897,0.009087208122316243,-0.45482714637479293,7992.423866564663,7876.172724286944
2023-06-20,0.009087208122316243,0.008829332624074496,-0.7040279019425421,7992.423866564663,7652.663816141033
2023-06-21,0.008829332624074496,0.008376680314486304,-0.4159309493335436,7992.423866564663,7260.335641593262
2023-06-22,0.008376680314486304,0.007871180230323616,-0.09753843537720272,7992.423866564663,6822.2026175207275
2023-06-23,0.007871180230323616,0.007977204780495286,-0.9634461860929521,7992.423866564663,6914.097472235913
2023-06-26,0.007977204780495288,0.007619135829774048,-0.4008384410384037,7992.423866564663,6603.747707476061
2023-06-27,0.007619135829774047,0.0076760544620011984,0.9000155381781306,7992.423866564663,6653.0808989928555
2023-06-28,0.007676054462001199,0.0076664300603184726,-0.8362542930806175,7992.423866564663,6644.739123499136
2023-06-29,0.007666430060318473,0.008492689466157265,1.5034949309145127,7992.423866564663,7360.8844684562255
2023-06-30,0.008492689466157267,0.008875958194931356,1.2027086447162014,7992.423866564663,7693.075683514827
2023-07-03,0.008875958194931356,0.008301806464966335,0.07356368104491923,7992.423866564663,7195.44009134133
2023-07-05,0.008301806464966333,0.008081611310512786,-0.6642640317411442,7992.423866564663,7004.589937346493
2023-07-06,0.008081611310512786,0.00858296163286611,-1.2811327475176464,7992.423866564663,7439.12623068113
2023-07-07,0.00858296163286611,0.00813938051638504,-0.3782485826084289,7992.423866564663,7054.66034813387
2023-07-10,0.00813938051638504,0.007788879365513015,0.4525442965826958,7992.423866564663,6750.869836551994
2023-07-11,0.007788879365513014,0.007870306256531732,0.9356401947502329,7992.423866564663,6821.4451165975925
2023-07-12,0.007870306256531732,0.007558774215183103,0.464377577398005,7992.423866564663,6551.430373479099
2023-07-13,0.007558774215183103,0.007174425161665337,0.15689793659787712,7992.423866564663,6218.302806554779
2023-07-14,0.007174425161665337,0.007159118552142476,0.7788244865478757,7992.423866564663,6205.036080537003
2023-07-17,0.007159118552142476,0.0073536295215973525,1.0037671250856743,7992.423866564663,6373.624933303877
2023-07-18,0.007353629521597353,0.008896968424023575,1.9549302730287197,7992.423866564663,7711.285918284379
2023-07-19,0.008896968424023575,0.008334085100465006,0.15955638341056178,7992.423866564663,7223.417012863298
2023-07-20,0.008334085100465006,0.007837655128192705,0.12118064447904635,7992.423866564663,6793.1453436662905
2023-07-21,0.007837655128192704,0.00749892303504671,-0.4047153848596007,7992.423866564663,6499.555449282195
2023-07-24,0.00749892303504671,0.00783440896735127,1.1454450790065034,7992.423866564663,6790.331792668687
2023-07-25,0.00783440896735127,0.007424898933045085,-0.21461532219635848,7992.423866564663,6435.396402270469
2023-07-26,0.007424898933045086,0.007132119510428513,-0.3898593671470055,7992.423866564663,6181.635151113237
2023-07-27,0.007132119510428513,0.007221775709618098,-0.8944755208187248,7992.423866564663,6259.343034669475
2023-07-28,0.0072217757096180975,0.007000082713369237,0.4823163650848643,7992.423866564663,6067.194653481561
2023-07-31,0.007000082713369238,0.006783149797480875,0.4338085653338462,7992.423866564663,5879.1719855596075
2023-08-01,0.006783149797480875,0.0069860575360728965,0.9863184584460492,7992.423866564663,6055.038585590539
2023-08-02,0.006986057536072896,0.00805259708062952,-1.6841997059172178,7992.423866564663,6979.4423801488565
2023-08-03,0.00805259708062952,0.007665925266571907,-0.3601003613491416,7992.423866564663,6644.301602680357
2023-08-04,0.007665925266571908,0.007389714204910579,-0.4831735922473187,7992.423866564663,6404.900677696505
2023-08-07,0.00738971420491058,0.007968363211892978,1.333965709428373,7992.423866564663,6906.434203107698
2023-08-08,0.007968363211892978,0.007664260114612672,-0.49719242791710777,7992.423866564663,6642.858362439066
2023-08-09,0.007664260114612672,0.007665006312413348,-0.8461538361944245,7992.423866564663,6643.505115840715
2023-08-10,0.007665006312413348,0.007251401629047937,0.018437749344614767,7992.423866564663,6285.020762680589
2023-08-11,0.007251401629047936,0.006914808313307249,0.1792254868960418,7992.423866564663,5993.284614797758
2023-08-14,0.0069148083133072505,0.006612114065293228,0.06380912365344144,7992.423866564663,5730.929868662714
2023-08-15,0.006612114065293228,0.007468472934998686,-1.5487535213909223,7992.423866564663,6473.163377677597
2023-08-16,0.0074684729349986856,0.00723350943514629,-0.5133755070837527,7992.423866564663,6269.513028325992
2023-08-17,0.0072335094351462905,0.00781820136415403,-1.338012094258794,7992.423866564663,6776.284146734985
2023-08-18,0.00781820136415403,0.007420703318229717,-0.24952906494847318,7992.423866564663,6431.759929271763
2023-08-21,0.007420703318229717,0.007052633615653354,-0.1382602430743711,7992.423866564663,6112.742194336312
2023-08-22,0.007052633615653353,0.007202237524992121,-0.951314776554345,7992.423866564663,6242.408667726201
2023-08-23,0.007202237524992122,0.007292299491847364,0.9009483078093241,7992.423866564663,6320.468243042728
2023-08-24,0.0072922994918473635,0.00792848391395449,-1.3765596326282434,7992.423866564663,6871.869545353741
2023-08-25,0.00792848391395449,0.007623342166555495,0.4875951634610276,7992.423866564663,6607.393473544281
2023-08-28,0.007623342166555496,0.0074264853614854605,0.6014900984252426,7444.009602622726,6066.79129765768
2023-08-29,0.00742648536148546,0.008205848982388826,1.476855904380098,7444.009602622726,6703.463451827491
2023-08-30,0.008205848982388826,0.007741959922217291,0.19662563426901655,7444.009602622726,6324.5065191278545
2023-08-31,0.007741959922217291,0.007788289681527268,-0.8986139776953203,7444.009602622726,6362.353894692887
2023-09-01,0.007788289681527268,0.007592530524111255,0.628199653557588,7444.009602622726,6202.435724139768
2023-09-05,0.007592530524111255,0.007683952536855724,-0.9321198242423331,7444.009602622726,6277.119540822273
2023-09-06,0.007683952536855724,0.007891521897446912,-1.0440551221849725,7444.009602622726,6446.6856180713785
2023-09-07,0.007891521897446912,0.007446355882170923,-0.022774944834757307,7444.009602622726,6083.0237812763335
2023-09-08,0.007446355882170923,0.007187836844356972,0.46604388668790325,7444.009602622726,5871.836258168524
2023-09-11,0.007187836844356972,0.006895521758995196,0.309574086607684,7444.009602622726,5633.040309651074
2023-09-12,0.006895521758995196,0.0066117632943595624,-0.18547633744948114,7444.009602622726,5401.234374529184
2023-09-13,0.006611763294359562,0.006416975729466603,-0.35664273697704124,6684.369043606571,4752.237051854998
2023-09-14,0.006416975729466603,0.007511624741732821,1.7305809643014582,6684.369043606571,5562.904228135624
2023-09-15,0.007511624741732821,0.007951019441938401,-1.229178330879371,6684.369043606571,5888.307948320685
2023-09-18,0.0079510194419384,0.007633352653221814,0.47068411432858903,6684.369043606571,5653.052596403023
2023-09-19,0.007633352653221815,0.007322543144506893,-0.40908454936451,6684.369043606571,5422.87555886159
2023-09-20,0.0073225431445068925,0.0070570472592433675,-0.4204227197576924,6684.369043606571,5226.256553857305
2023-09-21,0.0070570472592433675,0.007678666387268218,-1.3658254470117381,6684.369043606571,5686.610710843815
2023-09-22,0.007678666387268218,0.00738852221358717,-0.46077937232791816,6684.369043606571,5471.737856297186
2023-09-25,0.0073885222135871695,0.007031967145326751,0.17684116382257015,6684.369043606571,5207.6829061384915
2023-09-26,0.007031967145326751,0.00810002816902448,-1.6831715042729989,6684.369043606571,5998.659743895743
2023-09-27,0.00810002816902448,0.00763585802468896,-0.12605725322289885,6684.369043606571,5654.908006118874
2023-09-28,0.00763585802468896,0.007633279081594403,0.8401682327305049,6684.369043606571,5652.998111264153
2023-09-29,0.007633279081594403,0.008047422688591701,-1.211761298728357,6684.369043606571,5959.70156113446
2023-10-02,0.008047422688591701,0.007580544290501641,-0.013975451896415103,6684.369043606571,5613.944164558064
2023-10-03,0.00758054429050164,0.009775050478424087,-2.2828641317596285,6684.369043606571,7239.135540751252
2023-10-04,0.009775050478424087,0.009332842802120576,0.5733877265023676,6684.369043606571,7391.239536588478
2023-10-05,0.009332842802120574,0.008733658408428609,0.22685272676216178,6684.369043606571,6916.709377422335
2023-10-06,0.00873365840842861,0.009083392655780722,1.1828754944293984,6684.369043606571,7193.684962582797
2023-10-09,0.009083392655780722,0.008706166395184012,0.5680018242387779,6684.369043606571,6894.936798633404
2023-10-10,0.008706166395184012,0.008162733706188858,0.1336053617872855,6684.369043606571,6464.559767589559
2023-10-11,0.008162733706188858,0.007917164633343845,0.6146285985839547,6684.369043606571,6270.078849110677
2023-10-12,0.007917164633343845,0.007653987971163731,-0.5523284069687247,6684.369043606571,6061.653421633096
2023-10-13,0.007653987971163731,0.007311176158474174,0.3425788728806034,6684.369043606571,5790.160128830082
2023-10-16,0.007311176158474176,0.007691232035032967,1.1768442557810732,6684.369043606571,6091.149235846421
2023-10-17,0.007691232035032966,0.007369510145832462,-0.40162684286488215,6684.369043606571,5836.358321902771
2023-10-18,0.007369510145832462,0.008983309991574494,-1.993713179199354,6684.369043606571,7114.42348135008
2023-10-19,0.008983309991574494,0.00948571484511678,-1.2842540554470483,6684.369043606571,7512.308101889487
2023-10-20,0.00948571484511678,0.009540587693473476,-0.9939928985687905,6684.369043606571,7555.765210817443
2023-10-23,0.009540587693473476,0.009457533720079278,-0.8918170907347038,6684.369043606571,7489.989774025292
2023-10-24,0.009457533720079278,0.008862145658675949,0.27794897925158357,6684.369043606571,7018.466158728015
2023-10-25,0.008862145658675949,0.00832673102040751,0.24203171564025386,6684.369043606571,6594.439104298392
2023-10-26,0.00832673102040751,0.009187917736572324,-1.5100591879186664,6684.369043606571,7276.464660697552
2023-10-27,0.009187917736572326,0.010266014587484844,-1.6047688290887285,6684.369043606571,8130.274398811385
2023-10-30,0.010266014587484842,0.011559644241162318,1.668890689611877,6684.369043606571,9154.777526603451
2023-10-31,0.011559644241162318,0.010710628092869288,-0.25655987760255056,6684.369043606571,8482.390574897841
2023-11-01,0.010710628092869288,0.010846227971598945,1.0776285980366012,6684.369043606571,8589.780274486
2023-11-02,0.010846227971598945,0.011859733891986482,1.5250993892783922,6684.369043606571,9392.436569911095
2023-11-03,0.011859733891986482,0.011207399649817653,0.559420887252605,6684.369043606571,8875.81384905125
2023-11-06,0.011207399649817651,0.010368538185160214,0.18010511569982332,6684.369043606571,8211.469002067674
2023-11-07,0.010368538185160214,0.009614083217390832,0.12091703763275426,6684.369043606571,7613.970736578234
2023-11-08,0.009614083217390832,0.00895279886494279,0.12265858578467809,6684.369043606571,7090.259885086049
2023-11-09,0.00895279886494279,0.009243448258382114,-1.1459376910299763,6684.369043606571,7320.442620788624
2023-11-10,0.009243448258382114,0.010281282146945675,1.58214542513656,6684.369043606571,8142.365697412115
2023-11-13,0.010281282146945675,0.009576300104166319,-0.24988905840667694,6684.369043606571,7584.048016759471
2023-11-14,0.009576300104166319,0.010698946374601712,1.613885949333042,6684.369043606571,8473.139119607606
2023-11-15,0.01069894637460171,0.010045036673140677,0.4255255862489871,6684.369043606571,7955.268697778646
2023-11-16,0.010045036673140677,0.009346731022698288,0.18874476000167562,6684.369043606571,7402.238453767659
2023-11-17,0.009346731022698288,0.008708098600914824,-0.01315506013378747,6684.369043606571,6896.467028563683
2023-11-20,0.008708098600914824,0.00818489352076736,0.2188395282792351,6684.369043606571,6482.1094575510015
2023-11-21,0.008184893520767362,0.007787316272887818,-0.37247406875299344,6684.369043606571,6167.24412276709
2023-11-22,0.007787316272887817,0.00756261702770156,0.5875842006149355,6684.369043606571,5989.291276021949
2023-11-24,0.00756261702770156,0.0071882786706463165,0.20650364969724025,6684.369043606571,5692.830216579308
2023-11-27,0.0071882786706463165,0.006874918189777202,-0.24039114063746558,6684.369043606571,5444.661204788184
2023-11-28,0.006874918189777202,0.006576194955106542,0.016602704303695325,6684.369043606571,5208.084308615272
2023-11-29,0.006576194955106542,0.00632836976989751,0.1043056102848238,6684.369043606571,5011.816639061986
2023-11-30,0.006328369769897511,0.007067789050279217,1.4615022973507685,6684.369043606571,5597.407239391319
2023-12-01,0.007067789050279217,0.007188984378090643,0.9227465693388119,6684.369043606571,5693.389108749076
2023-12-04,0.007188984378090643,0.0068669965985173635,-0.2058176206708648,6684.369043606571,5438.387620227313
2023-12-05,0.006866996598517364,0.006569341322984345,-0.006384757748795026,6684.369043606571,5202.656505127647
2023-12-06,0.006569341322984344,0.0064477960958333295,-0.5128194915673377,6684.369043606571,5106.397529438258
2023-12-07,0.00644779609583333,0.0063469453561125905,0.5217619088898572,6684.369043606571,5026.527763009882
2023-12-08,0.00634694535611259,0.006287066050565292,0.5747041796538293,6684.369043606571,4979.1057395205235
2023-12-11,0.006287066050565292,0.006085166824220596,0.1116860437102505,6684.369043606571,4819.209598997672
2023-12-12,0.006085166824220595,0.006286500032934078,0.9186522830973117,6684.369043606571,4978.65747611537
2023-12-13,0.006286500032934078,0.008385469956324101,2.396635391269385,6684.369043606571,6640.958000489935
2023-12-14,0.008385469956324101,0.008288649838336316,0.8066245912548399,6684.369043606571,6564.280325832662
2023-12-15,0.008288649838336317,0.007789128912896283,-0.02304390154799573,6009.3191813749345,5696.694680687131
2023-12-18,0.007789128912896282,0.007451746454760961,-0.3947803199964805,6009.3191813749345,5449.945027919864
2023-12-19,0.007451746454760961,0.007821021946890383,1.1718609180618436,6009.3191813749345,5720.02012299742
2023-12-20,0.007821021946890385,0.008741173760311093,-1.55946014713886,6009.3191813749345,6392.986766579298
2023-12-21,0.008741173760311093,0.008445890237413775,0.6263047969404429,6009.3191813749345,6177.026793006564
2023-12-22,0.008445890237413774,0.007925756807438226,0.036693481961809736,6009.3191813749345,5796.6195129468615
2023-12-26,0.007925756807438226,0.0075518072533288004,0.35234556750997464,6009.3191813749345,5523.125973481434
2023-12-27,0.0075518072533288004,0.007264042096404108,0.43500536205482754,6009.3191813749345,5312.664668106731
2023-12-28,0.007264042096404109,0.006944709406368994,0.25732848499074534,6009.3191813749345,5079.115980309225
2023-12-29,0.006944709406368994,0.006659582109174074,-0.2130696212307881,6009.3191813749345,4870.583912678439
2024-01-02,0.006659582109174075,0.006393886469207352,0.029754556259152767,6009.3191813749345,4676.263475078006
2024-01-03,0.0063938864692073515,0.0068632668069592865,-1.2270113656257213,6009.3191813749345,5019.5517301823
2024-01-04,0.0068632668069592865,0.006602906289300556,0.2644037011422908,6009.3191813749345,4829.133213221855
2024-01-05,0.006602906289300556,0.006370514342944293,0.22285794201605186,6009.3191813749345,4659.16992471467
2024-01-08,0.0063705143429442935,0.007161421206397204,1.502751205575628,6009.3191813749345,5237.611361791336
2024-01-09,0.007161421206397205,0.007009684455011726,-0.589910058702518,6009.3191813749345,5126.636443524001
2024-01-10,0.007009684455011727,0.006913121913585477,0.6473179066702905,6009.3191813749345,5056.014000084174
2024-01-11,0.006913121913585476,0.0066413944586108525,-0.24902962752251578,6009.3191813749345,4857.282105329205
2024-01-12,0.006641394458610853,0.006509282268240277,-0.5107633357803081,6009.3191813749345,4760.6599001308905
2024-01-16,0.006509282268240276,0.006326933509725381,-0.3499096392183768,6009.3191813749345,4627.296437505202
2024-01-17,0.006326933509725381,0.006392604410028215,-0.7712615115411472,6009.3191813749345,4675.32582212762
2024-01-18,0.006392604410028215,0.0064438868964965855,0.7610980428935838,6009.3191813749345,4712.832027397003
2024-01-19,0.0064438868964965855,0.008458854577221226,2.3243208482178708,6009.3191813749345,6186.508454748924
2024-01-22,0.008458854577221226,0.008070019934686963,0.4514680493247344,6009.3191813749345,5902.128485619851
2024-01-23,0.008070019934686964,0.007792482496472258,-0.5564556409283422,6009.3191813749345,5699.147373656029
2024-01-24,0.007792482496472259,0.007395469995109152,-0.23946570776379744,6009.3191813749345,5408.786406470479
2024-01-25,0.007395469995109153,0.007343459599366171,0.7601609389014082,6009.3191813749345,5370.747833982749
2024-01-26,0.007343459599366172,0.007037448068985306,-0.3308298404183121,6009.3191813749345,5146.941773402171
2024-01-29,0.007037448068985306,0.007027677721937783,0.7691338890954549,6009.3191813749345,5139.796085524039
2024-01-30,0.0070276777219377825,0.006926626481750014,0.6436994928953882,6009.3191813749345,5065.890765828867
2024-01-31,0.006926626481750015,0.007882395888116137,-1.6112424612667773,6009.3191813749345,5764.906863019745
2024-02-01,0.007882395888116137,0.008400445300992857,1.2918528824309838,6009.3191813749345,6143.789966338491
2024-02-02,0.008400445300992857,0.008135207912781283,0.6210200762770854,6009.3191813749345,5949.804677939613
2024-02-05,0.008135207912781283,0.007832268498062943,-0.5294863867606404,6009.3191813749345,5728.245454604748
2024-02-06,0.007832268498062941,0.0074199981457597364,0.20257995666501682,6009.3191813749345,5426.725432374508
2024-02-07,0.007419998145759737,0.0070490747358609674,0.11818970349748975,6009.3191813749345,5155.445108253266
2024-02-08,0.0070490747358609674,0.006889615006855177,-0.5552557226452325,6009.3191813749345,5038.82187603187
2024-02-09,0.006889615006855176,0.00661886941905754,-0.23962545649773723,6009.3191813749345,4840.808084364785
2024-02-12,0.006618869419057539,0.0064120838261060974,0.324514625418114,6009.3191813749345,4689.572381299344
2024-02-13,0.0064120838261060974,0.00824334033780288,-2.217100773143309,6009.3191813749345,6028.888926938296
2024-02-14,0.00824334033780288,0.007822594105493885,0.33732680696220224,6009.3191813749345,6195.182760184605
2024-02-15,0.007822594105493885,0.00811879457314105,1.123418608220914,6009.3191813749345,6429.761725420394
2024-02-16,0.008118794573141052,0.008001573861084414,-0.7619473332560891,6009.3191813749345,6336.9275933311665
2024-02-20,0.008001573861084412,0.007693388598616563,-0.49687950671849584,6009.3191813749345,6092.85714825427
2024-02-21,0.007693388598616564,0.007368945530261949,0.3964316223492474,5789.123141871325,5389.3873466407
2024-02-22,0.00736894553026195,0.008660784549642109,1.8064775435003604,5789.123141871325,6334.192927894152
2024-02-23,0.008660784549642109,0.008111163039327702,-0.002910624424478319,5789.123141871325,5932.219103964323
2024-02-26,0.008111163039327702,0.007779659929874619,-0.4794947737811218,5789.123141871325,5689.769399848382
2024-02-27,0.0077796599298746195,0.007403490921615507,-0.2985239189969145,5789.123141871325,5414.652629750887
2024-02-28,0.007403490921615507,0.0070479466903611765,-0.19167486535809525,5789.123141871325,5154.620095486101
2024-02-29,0.007047946690361177,0.00672558437397007,-0.06554525922721748,5789.123141871325,4918.855645625897
2024-03-01,0.006725584373970069,0.0064590873474948424,0.13759197656322278,5789.123141871325,4723.9491021449185
2024-03-04,0.006459087347494843,0.006501347298938206,-0.7586037542000347,5789.123141871325,4754.856542923683
2024-03-05,0.006501347298938205,0.007574857983082734,-1.711334422294148,5789.123141871325,5539.984465752346
2024-03-06,0.007574857983082734,0.007176601366122851,0.06900734098429076,5390.225903734874,4893.742316686146
2024-03-07,0.007176601366122851,0.006833557056325763,-0.03292886584703853,5390.225903734874,4659.819548831569
2024-03-08,0.006833557056325763,0.006565926689308805,-0.2185134996091045,5047.178511354716,4477.321736080865
2024-03-11,0.006565926689308804,0.006341873218871288,0.23498928303798813,5047.178511354716,4324.539117464718
2024-03-12,0.006341873218871288,0.006722644149242163,1.1394030897027654,5047.178511354716,4584.187761698472
2024-03-13,0.006722644149242163,0.006594669901141388,0.5387193349210413,5047.178511354716,4496.9218037015335
2024-03-14,0.006594669901141389,0.0064372341360214224,-0.44417334132926933,5047.178511354716,4389.565963991062
2024-03-15,0.0064372341360214224,0.006336769044710072,-0.519707036306563,5047.178511354716,4321.058568412295
2024-03-18,0.006336769044710072,0.006212682246854705,0.43770385004021717,5047.178511354716,4236.443472404119
2024-03-19,0.006212682246854705,0.0069114816914694404,1.4279165269571423,5047.178511354716,4712.95655130116
2024-03-20,0.00691148169146944,0.007419408124368878,1.2738642221579988,5047.178511354716,5059.312848890293
2024-03-21,0.007419408124368878,0.007820190443268461,1.1966403633104348,4958.064676574356,5332.607308721506
2024-03-22,0.007820190443268461,0.008393393996166688,-1.330666071944522,4958.064676574356,5723.476236753991
2024-03-25,0.008393393996166688,0.008232907532438723,-0.7416485019012335,4958.064676574356,5614.040118076946
2024-03-26,0.008232907532438723,0.007742481879588286,-0.05419311779668085,4958.064676574356,5279.617645920154
2024-03-27,0.007742481879588286,0.008668542052491169,1.565480884880792,4958.064676574356,5911.10038053676
2024-03-28,0.008668542052491169,0.008124402036388013,-0.09786846449363693,4958.064676574356,5540.049950513375
2024-04-01,0.008124402036388013,0.00852814641036523,-1.2121443486480246,4958.064676574356,5815.364243067386
2024-04-02,0.008528146410365232,0.009406676286763145,-1.5153502109449337,4958.064676574356,6414.43595030981
2024-04-03,0.009406676286763145,0.008799820543668607,0.2310862332440654,5179.076238177464,6000.61951010391
2024-04-04,0.008799820543668608,0.009337634220375571,-1.3064773364466111,5179.076238177464,6367.3559935621415
2024-04-05,0.009337634220375571,0.009315755427208017,0.9303485574762377,5179.076238177464,6352.4367900980205
2024-04-08,0.00931575542720802,0.008695028987620864,-0.1384597661069887,5179.076238177464,5929.161887463338
2024-04-09,0.008695028987620864,0.008239586085467036,-0.3814504352716546,5179.076238177464,5618.5942399936475
2024-04-10,0.008239586085467036,0.009163017706232174,-1.5493689682671266,5179.076238177464,6248.284558371444
2024-04-11,0.009163017706232174,0.008553025777826531,0.08485693638485758,5224.894186554215,5832.329545603555
2024-04-12,0.008553025777826531,0.009773946351248128,-1.7046919605868098,5224.894186554215,6664.878320525117
2024-04-15,0.009773946351248126,0.009273943230221057,-0.5020428000197096,5503.3555620874195,6371.924312613331
2024-04-16,0.009273943230221059,0.008651563966400917,-0.09832590439218185,5503.3555620874195,5944.301082197308
2024-04-17,0.008651563966400919,0.008605416911454817,-0.8733815898738947,5503.3555620874195,5912.594446296373
2024-04-18,0.008605416911454816,0.00806948830576272,0.09710896710619585,5503.3555620874195,5544.36957930492
2024-04-19,0.00806948830576272,0.00780375312233316,0.573391479322942,5503.3555620874195,5361.7887251873535
2024-04-22,0.007803753122333161,0.00781011129950026,0.8634726597963605,5503.3555620874195,5366.157290173057
2024-04-23,0.007810111299500261,0.007888058821068451,0.9337304058435748,5503.3555620874195,5419.71333375221
2024-04-24,0.00788805882106845,0.007446753549207669,-0.07760383699678308,5503.3555620874195,5116.5020975769885
2024-04-25,0.007446753549207669,0.008242970997390185,-1.4879871098308082,5503.3555620874195,5663.565756503461
2024-04-26,0.008242970997390185,0.007996747964876988,0.624621128629873,5503.3555620874195,5494.391276107291
2024-04-29,0.007996747964876986,0.007653405277343016,0.4342574318672162,5503.3555620874195,5258.487997000894
2024-04-30,0.007653405277343016,0.009589243113463024,-2.1424366826489623,5503.3555620874195,6588.559991948381
2024-05-01,0.009589243113463024,0.008920406007567938,-0.03110425215632249,5789.123141871325,6526.514103830028
2024-05-02,0.00892040600756794,0.008957029485102677,0.9577328401712099,5789.123141871325,6553.309256703002
2024-05-03,0.008957029485102677,0.012027565354550023,2.515693605996203,5789.123141871325,8799.832076545794
2024-05-06,0.012027565354550025,0.01108828728101103,0.1617499302289138,5789.123141871325,8112.619903784849
2024-05-07,0.01108828728101103,0.010269904584849514,0.19978946471475031,5789.123141871325,7513.859465717659
2024-05-08,0.010269904584849514,0.009703415652839314,0.48262484270949,5789.123141871325,7099.394249527776
2024-05-09,0.009703415652839314,0.010145091915883192,1.2484998681070807,5789.123141871325,7422.541688964641
2024-05-10,0.010145091915883192,0.009408801900649034,0.057998121318494106,5789.123141871325,6883.843431860859
2024-05-13,0.009408801900649034,0.008824096360212585,-0.28941199497540643,5789.123141871325,6456.050240271986
2024-05-14,0.008824096360212585,0.00843351852053809,0.5130801355941782,5789.123141871325,6170.2883840160675
2024-05-15,0.00843351852053809,0.008821510591375745,1.2052211879746901,5789.123141871325,6454.158391765475
2024-05-16,0.008821510591375745,0.008388762347253224,-0.44813358296401656,5789.123141871325,6137.5430363346595
2024-05-17,0.008388762347253224,0.007955638977368928,0.3504348675965333,5789.123141871325,5820.653224385512
2024-05-20,0.007955638977368928,0.008036620425061551,-0.9455871874604773,5789.123141871325,5879.902384128475
2024-05-21,0.00803662042506155,0.007690823222723647,0.4387120368228123,5789.123141871325,5626.903774400552
2024-05-22,0.007690823222723648,0.00794507615823575,-1.0843353531339244,5789.123141871325,5812.925057305403
2024-05-23,0.00794507615823575,0.008850709941989733,-1.5469147566932924,5789.123141871325,6475.521766195203
2024-05-24,0.008850709941989733,0.008305566488158294,0.20604465815090234,5789.123141871325,6076.673727549536
2024-05-28,0.008305566488158294,0.008225293646708246,-0.8166543444872079,5789.123141871325,6017.943011544707
2024-05-29,0.008225293646708248,0.00887888108026282,-1.3829735262317402,5789.123141871325,6496.132860701919
2024-05-30,0.008878881080262819,0.008305004747446344,0.07970111278872091,5789.123141871325,6076.2627363148185
2024-05-31,0.008305004747446342,0.008800543908993317,1.2782199827391914,5789.123141871325,6438.818355878841
2024-06-03,0.008800543908993319,0.008724896650969021,-0.856432291280879,5789.123141871325,6383.471895640061
2024-06-04,0.008724896650969021,0.008167768869034496,-0.037554993964259875,5789.123141871325,5975.855658963569
2024-06-05,0.008167768869034496,0.007781719297782791,0.3919697612476412,5789.123141871325,5693.406859053091
2024-06-06,0.00778171929778279,0.00738270711529681,-0.22719243545564102,5789.123141871325,5401.474111330012
2024-06-07,0.007382707115296809,0.0070105695503133265,-0.050283742515879026,5789.123141871325,5129.203873364482
2024-06-10,0.007010569550313327,0.006694312463056006,-0.07320885369841233,5789.123141871325,4897.817954531865
2024-06-11,0.006694312463056005,0.006424374690510682,0.054669313925465854,5789.123141871325,4700.321038115854
2024-06-12,0.006424374690510682,0.006350248919736261,0.5670313219604716,5789.123141871325,4646.087756804882
2024-06-13,0.006350248919736261,0.006145901184016721,0.16758006433418118,5789.123141871325,4496.579048554624
2024-06-14,0.006145901184016721,0.006149550964344942,-0.6417420413149458,5789.123141871325,4499.2493690274605
2024-06-17,0.006149550964344942,0.006504395154184705,1.1011755948425093,5789.123141871325,4758.867104776998
2024-06-18,0.006504395154184705,0.006328761380282134,0.36694971456323516,5789.123141871325,4630.366641736241
2024-06-20,0.006328761380282135,0.006244622359242203,0.5231202742497579,5789.123141871325,4568.807279187756
2024-06-21,0.006244622359242204,0.006473070334646732,-0.9684825059786553,5789.123141871325,4735.948655062818
2024-06-24,0.006473070334646732,0.006896211753533745,1.1866399033696378,5789.123141871325,5045.53528552984
2024-06-25,0.006896211753533745,0.007310558537573262,-1.1937610590005572,5789.123141871325,5348.687420938955
2024-06-26,0.007310558537573263,0.006980050300825788,-0.24060300632110293,5789.123141871325,5106.874809861123
2024-06-27,0.0069800503008257886,0.006742858704232542,-0.3807237886797657,5789.123141871325,4933.336262494283
2024-06-28,0.006742858704232541,0.006524361871040078,0.3425774441656762,5789.123141871325,4773.475527202301
2024-07-01,0.006524361871040077,0.006316715930797467,0.2751294402934937,5789.123141871325,4621.553724938289
2024-07-02,0.006316715930797468,0.006473805101774376,0.8903997269168635,5789.123141871325,4736.486239116451
2024-07-03,0.006473805101774377,0.006244104675177381,-0.12456009883927109,5789.123141871325,4568.428521500323
2024-07-05,0.006244104675177381,0.006046871334116191,0.08896610419614505,5789.123141871325,4424.124979588744
2024-07-08,0.006046871334116189,0.005907963593476147,0.2569124839053532,5789.123141871325,4322.4947031585825
2024-07-09,0.005907963593476148,0.005764363669174282,0.07397427004642758,5789.123141871325,4217.4314436533605
2024-07-10,0.005764363669174282,0.007172700585814774,2.0037853773583008,5789.123141871325,5247.825210663596
2024-07-11,0.007172700585814774,0.0068317922599352805,-0.06254142600970924,5789.123141871325,4998.403492069399
2024-07-12,0.006831792259935281,0.007188695636837491,1.139852988311304,5789.123141871325,5259.5278087295
2024-07-15,0.00718869563683749,0.008018626575511563,1.5164733924072809,5789.123141871325,5866.737387740355
2024-07-16,0.008018626575511563,0.010456145142028994,2.351166767976185,5789.123141871325,7650.1202617067465
2024-07-17,0.010456145142028996,0.00980412844597069,0.389566464774258,5789.123141871325,7173.079624862754
2024-07-18,0.00980412844597069,0.011106178601488992,-1.6910122527435723,5789.123141871325,8125.709885937736
2024-07-19,0.011106178601488992,0.011460935985786057,-1.2039793584150014,5873.957057954668,8876.168439468673
2024-07-22,0.011460935985786059,0.010633033518721708,0.2771729908924095,5915.727724433745,8234.981562739877
2024-07-23,0.010633033518721706,0.009867264221264688,-0.19766151433502696,5915.727724433745,7641.915055917753
2024-07-24,0.00986726422126469,0.01120079438089768,-1.702939583442638,5915.727724433745,8674.696176996684
2024-07-25,0.011200794380897681,0.010336181221989735,0.051657921915882435,6306.006005884831,8005.077915192768
2024-07-26,0.010336181221989735,0.010955722586701492,1.3441724989319235,6306.006005884831,8484.895053620201
2024-07-29,0.010955722586701492,0.010228383903707831,-0.35672265662676705,6306.006005884831,7921.591962947693
2024-07-30,0.010228383903707831,0.010023442494324412,0.830868841757997,6306.006005884831,7762.870679435999
2024-07-31,0.010023442494324413,0.009302831814808359,0.06470058590267574,6306.006005884831,7204.77823579988
2024-08-01,0.009302831814808357,0.010466419233617113,-1.644061578165337,6306.006005884831,8105.9435451779445
2024-08-02,0.010466419233617113,0.010789594357285152,-1.18364623923343,6751.255141787804,8356.233472342814
2024-08-05,0.010789594357285152,0.014964920997654348,-2.6974977142433954,6751.255141787804,11589.905015023189
2024-08-06,0.014964920997654348,0.014179050250887927,0.6572698153298299,7186.755223490711,11663.144970532245
2024-08-07,0.014179050250887925,0.013375890561225762,-0.6017812018602583,7186.755223490711,11002.496497660733
2024-08-08,0.013375890561225763,0.013972983873145236,1.3083517841613335,7186.755223490711,11493.642641769782
2024-08-09,0.013972983873145235,0.012817848963919472,0.16680879961834627,7186.755223490711,10543.47280186961
2024-08-12,0.012817848963919473,0.01181988553519075,-0.2372905836370129,7186.755223490711,9722.58621647764
2024-08-13,0.01181988553519075,0.011556249198631293,0.8597174376139147,7186.755223490711,9505.729039277045
2024-08-14,0.011556249198631295,0.010921831126041205,0.5494242389713409,7186.755223490711,8983.880973178226
2024-08-15,0.010921831126041203,0.010797293037873381,0.9190421411923778,7186.755223490711,8881.44070031416
2024-08-16,0.010797293037873381,0.009981816177185115,0.060356662380955696,7186.755223490711,8210.66059318208
2024-08-19,0.009981816177185115,0.00939738431458817,0.4137191891662685,7186.755223490711,7729.929273505748
2024-08-20,0.00939738431458817,0.008756543398773705,-0.07688531913170951,7186.755223490711,7202.798021980302
2024-08-21,0.008756543398773705,0.0081984454145513,-0.07782549951819684,7186.755223490711,6743.727944466464
2024-08-22,0.0081984454145513,0.007950035856229009,-0.6158063893796559,7186.755223490711,6539.395733245381
2024-08-23,0.007950035856229009,0.00880421274987326,1.5148262666333385,7186.755223490711,7242.009008801545
2024-08-26,0.00880421274987326,0.008237338432756255,-0.04888781745689061,7186.755223490711,6775.719855182594
2024-08-27,0.008237338432756255,0.007755980583868202,0.1340302230747785,7186.755223490711,6379.773280838988
2024-08-28,0.007755980583868203,0.007405993317897567,-0.3573002267937503,7186.755223490711,6091.887128478388
2024-08-29,0.007405993317897566,0.007495002221732767,0.9162026426578822,7186.755223490711,6165.102451841326
2024-08-30,0.007495002221732768,0.007394393733572601,0.7124928895916167,7186.755223490711,6082.345753619975
2024-09-03,0.007394393733572602,0.009357754901840461,-2.1830219568394775,7186.755223490711,7697.33163277557
2024-09-04,0.009357754901840461,0.008721113601441725,0.06912439647974179,7477.397399888909,7669.567907146325
2024-09-05,0.008721113601441727,0.008613453300516273,-0.8217208032179555,7477.397399888909,7574.888715177645
2024-09-06,0.008613453300516273,0.008676123828896168,-0.9646994434465307,7477.397399888909,7630.002763125247
2024-09-09,0.008676123828896168,0.009611307436163704,1.5438176624749813,7477.397399888909,8452.426883412216
2024-09-10,0.009611307436163704,0.009234085741596941,-0.6285014666805987,7477.397399888909,8120.688583150845
2024-09-11,0.00923408574159694,0.008621695566082702,-0.1281315804274863,7477.397399888909,7582.13717201004
2024-09-12,0.0086216955660827,0.008252146580790584,0.5112738767786463,7477.397399888909,7257.146446370785
2024-09-13,0.008252146580790586,0.008218651263877191,0.8581878415481194,7477.397399888909,7227.689817392099
2024-09-16,0.008218651263877191,0.00789309443700908,0.5092525013786627,7477.397399888909,6941.386908680154
2024-09-17,0.00789309443700908,0.007448328390228886,0.039039683374450004,7477.397399888909,6550.24839650554
2024-09-18,0.007448328390228885,0.00710443254670602,-0.2607095614088331,7477.397399888909,6247.817692650476
2024-09-19,0.007104432546706021,0.008776587654868646,2.0499846128006625,7477.397399888909,7718.353192980934
2024-09-20,0.008776587654868648,0.00833540890771953,-0.4252256492548056,7477.397399888909,7330.369442844883
2024-09-23,0.008335408907719529,0.007829420051877072,0.017040716933781244,7477.397399888909,6885.390043711558
2024-09-24,0.007829420051877074,0.007446130942484026,-0.297001072377735,7477.397399888909,6548.315905372891
2024-09-25,0.007446130942484026,0.008567399133718689,-1.698414713455553,7477.397399888909,7534.3875159268155
2024-09-26,0.008567399133718689,0.008366917484003533,0.715415534490029,7477.397399888909,7358.078881858234
2024-09-27,0.008366917484003533,0.007966689177141708,0.4116469143051265,7477.397399888909,7006.107984777899
2024-09-30,0.007966689177141708,0.007563490822946682,0.2917853981244032,7477.397399888909,6651.525152943535
2024-10-01,0.007563490822946682,0.007646310391982311,-0.9216502487240966,7477.397399888909,6724.358776926411
2024-10-02,0.00764631039198231,0.007248382484861076,0.14938926712292822,7477.397399888909,6374.410909568004
2024-10-03,0.007248382484861076,0.007239423396442902,-0.7948174879459816,7477.397399888909,6366.532060587301
2024-10-04,0.007239423396442901,0.0074866871196809254,1.0581468651824675,7477.397399888909,6583.982033493783
2024-10-07,0.007486687119680926,0.008557891111698591,-1.6655158515531707,7477.397399888909,7526.025920850961
2024-10-08,0.008557891111698593,0.00812461810290647,0.3924898349726124,7477.397399888909,7144.994677006661
2024-10-09,0.00812461810290647,0.00880744738185108,1.4028402498451533,7477.397399888909,7745.492017505436
2024-10-10,0.00880744738185108,0.008267339865356183,-0.20434493924108735,7477.397399888909,7270.507805141436
2024-10-11,0.008267339865356183,0.008914441315997229,1.378441030771207,7477.397399888909,7839.585189672231
2024-10-14,0.008914441315997229,0.008451575243182425,0.41538954363636743,7477.397399888909,7432.529056751268
2024-10-15,0.008451575243182425,0.008686081679343864,-1.0940400638307082,7477.397399888909,7638.759948699024
2024-10-16,0.008686081679343864,0.008591754302772451,0.8316871349825675,7477.397399888909,7555.806067671971
2024-10-17,0.008591754302772451,0.008660368759704324,0.9685761403663088,7477.397399888909,7616.147356743583
2024-10-18,0.008660368759704324,0.00813804744149489,0.2004150135853713,7477.397399888909,7156.80477706486
2024-10-21,0.008138047441494892,0.008691799716440737,-1.3173244256669234,7477.397399888909,7643.788535163349
2024-10-22,0.008691799716440737,0.008139765144195356,-0.04980691441654717,7477.397399888909,7158.315368270017
2024-10-23,0.008139765144195356,0.008385024220652307,-1.0928580918631277,7477.397399888909,7374.002404088426
2024-10-24,0.008385024220652307,0.007889723860425968,0.1636402117637203,7477.397399888909,6938.422738372117
2024-10-25,0.007889723860425968,0.007853824042660983,-0.8273024794020267,7477.397399888909,6906.851530521182
2024-10-28,0.007853824042660983,0.007928495655606058,0.9334587125391403,7477.397399888909,6972.519635810365
2024-10-29,0.007928495655606058,0.00788588375777973,-0.8236654270095761,7477.397399888909,6935.045654967209
2024-10-30,0.00788588375777973,0.007445312117414134,-0.08202147909068884,7477.397399888909,6547.595809893734
2024-10-31,0.007445312117414133,0.008384324395448102,-1.5828985467666328,7477.397399888909,7373.38696010133
2024-11-01,0.008384324395448103,0.007875098900320893,0.07342755736133036,7477.397399888909,6925.5611785081755
2024-11-04,0.007875098900320893,0.008033252801087187,-1.0100724310463718,7477.397399888909,7064.64571944417
2024-11-05,0.008033252801087187,0.00866804301966233,1.3720870554259603,7477.397399888909,7622.896295075871
2024-11-06,0.008668043019662328,0.019437127758745235,5.314439020349983,7477.397399888909,17093.501825378273
2024-11-07,0.019437127758745235,0.017722847544411474,-0.20115286154462833,7477.397399888909,15585.92044109994
2024-11-08,0.017722847544411478,0.01616632721627727,0.16553159210114315,7477.397399888909,14217.077091380765
2024-11-11,0.01616632721627727,0.014810935080395653,0.23629051098022455,7477.397399888909,13025.110961592283
2024-11-12,0.014810935080395653,0.014333588574697093,-0.8326176661481259,7477.397399888909,12605.320369701714
2024-11-13,0.014333588574697093,0.013107082257914284,-0.007858819575544662,7477.397399888909,11526.699689476358
2024-11-14,0.013107082257914284,0.012179264701694713,-0.392549400370703,7477.397399888909,10710.75346080985
2024-11-15,0.012179264701694711,0.011334017509331946,-0.3759758001286697,7477.397399888909,9967.421698788161
2024-11-18,0.011334017509331948,0.010452613726560095,0.03987767750860018,7477.397399888909,9192.292916557088
2024-11-19,0.010452613726560095,0.01004092695399034,-0.6694964905227908,7477.397399888909,8830.245154884122
2024-11-20,0.010040926953990338,0.009315296869064873,0.024380832724082247,7477.397399888909,8192.10770293255
2024-11-21,0.009315296869064875,0.00947246485265093,1.0616469545727896,7477.397399888909,8330.32520336085
2024-11-22,0.00947246485265093,0.009440802393779767,0.9287903392086178,7477.397399888909,8302.480436107793
2024-11-25,0.009440802393779769,0.009399093924764875,0.9195722843981904,7477.397399888909,8265.800953414215
2024-11-26,0.009399093924764875,0.008754005035225842,-0.02179659895709125,7477.397399888909,7698.493466025524
2024-11-27,0.008754005035225842,0.008199139719079611,-0.10137969995927486,7477.397399888909,7210.530871340343
2024-11-29,0.008199139719079613,0.007789256124175817,0.3494527162151103,7477.397399888909,6850.068869719332
2024-12-02,0.007789256124175816,0.007507916663430326,-0.4998905985440085,7477.397399888909,6602.651831281631
2024-12-03,0.007507916663430325,0.007213738619060831,-0.41033939726258695,7477.397399888909,6343.944217644955
2024-12-04,0.007213738619060831,0.006866469931115558,-0.05697204093125836,7477.397399888909,6038.547349086611
2024-12-05,0.006866469931115559,0.007055918652947442,-0.9785457373984315,7477.397399888909,6205.153347289812
2024-12-06,0.007055918652947443,0.006887735308186462,-0.5417121679960506,7477.397399888909,6057.248659603815
2024-12-09,0.0068877353081864615,0.006607991499085999,-0.19958952452327847,7477.397399888909,5811.23487758576
2024-12-10,0.006607991499085999,0.006917958081325047,-1.083761836556432,7477.397399888909,6083.827330805889
2024-12-11,0.006917958081325047,0.00689983315726965,-0.7427631415566971,7477.397399888909,6067.8878141102505
2024-12-12,0.006899833157269649,0.007286726009656596,-1.1696376010379872,7477.397399888909,6408.131175196693
2024-12-13,0.007286726009656595,0.006958265607539567,-0.2357688490215233,7477.397399888909,6119.274788963095
2024-12-16,0.006958265607539568,0.006937759950195634,-0.7451182381759993,7477.397399888909,6101.241595191376
2024-12-17,0.006937759950195633,0.006997568350212677,-0.8420363991977126,7477.397399888909,6153.838615057354
2024-12-18,0.0069975683502126775,0.01257085100431398,-3.9693781184403485,7477.397399888909,11055.124360754364
2024-12-19,0.012570851004313982,0.01154365450552063,-0.00940804459315019,7553.187693594918,10960.917186636912
2024-12-20,0.01154365450552063,0.011887491682938059,1.199645311978886,7553.187693594918,11287.3970570763
2024-12-23,0.011887491682938059,0.010955537974322907,0.13022535622252965,7553.187693594918,10402.489472825178
2024-12-24,0.010955537974322907,0.010667536388059288,0.8047383279139196,7553.187693594918,10129.026546925421
2024-12-26,0.01066753638805929,0.009864906907824378,-0.01817765676102937,7553.187693594918,9366.914751202417
2024-12-27,0.009864906907824376,0.009811303059199243,-0.9289305499474843,7553.187693594918,9316.016888191692
2024-12-30,0.009811303059199243,0.009820300263932331,-0.9723311383362705,7553.187693594918,9324.559903399177
2024-12-31,0.009820300263932331,0.009150539442854468,-0.1928803189615267,7553.187693594918,8688.609399927545
2025-01-02,0.009150539442854468,0.008832558527471116,-0.6458968665518413,7553.187693594918,8386.680536864198
2025-01-03,0.008832558527471118,0.008667219871533573,0.7750367715454182,7553.187693594918,8229.688371634844
2025-01-06,0.008667219871533573,0.008119358779892075,-0.06203815420614139,7553.187693594918,7709.483955226584
2025-01-07,0.008119358779892075,0.007765070916960975,-0.4414647796161655,7553.187693594918,7373.080962226299
2025-01-08,0.007765070916960973,0.007469906515823244,0.47085665108771646,7553.187693594918,7092.816808810523
2025-01-10,0.007469906515823244,0.01009069754985259,-2.509287565048353,7553.187693594918,9581.307214837329
2025-01-13,0.010090697549852591,0.010178366756114245,1.034571975550944,8299.015611673025,11257.948769265324
2025-01-14,0.010178366756114245,0.009725435983539041,0.604253793333573,8299.015611673025,10756.977291634852
2025-01-15,0.009725435983539041,0.011845774470332408,2.0534956857160513,8299.015611673025,13102.21230131673
2025-01-16,0.011845774470332408,0.01110859616193132,-0.46885465629583956,8299.015611673025,12286.844194758005
2025-01-17,0.011108596161931321,0.010596522735612958,0.6287474027282449,8299.015611673025,11720.45701912089
2025-01-21,0.010596522735612958,0.01055647647115104,0.9645673668154525,8299.015611673025,11676.16319433393
2025-01-22,0.010556476471151039,0.00981221566860585,0.2323408539062025,8299.015611673025,10852.961379465864
2025-01-23,0.009812215668605852,0.009596792598374771,0.7984693420218362,8299.015611673025,10614.689174652407
2025-01-24,0.009596792598374771,0.008957754826090973,-0.20395314491534428,8299.015611673025,9907.871010758405
2025-01-27,0.008957754826090972,0.008971509623970478,0.9410755552364741,8299.015611673025,9923.084729576902
2025-01-28,0.00897150962397048,0.008401285982141004,0.16913860022914468,8299.015611673025,9292.379558446786
2025-01-29,0.008401285982141002,0.00791763131899047,-0.21866500707513956,8299.015611673025,8757.42541990642
2025-01-30,0.00791763131899047,0.007803016846649186,-0.7445641633115713,8299.015611673025,8630.654211052166
2025-01-31,0.007803016846649184,0.007743774841820755,-0.794656003291442,8299.015611673025,8565.128624155192
2025-02-03,0.007743774841820756,0.007785498358758797,-0.8942065154842882,8299.015611673025,8611.277601433878
2025-02-04,0.007785498358758797,0.007400770468455058,0.2759952944541027,8299.015611673025,8185.743035532604
2025-02-05,0.007400770468455058,0.007896353559800059,1.2711174520781172,8299.015611673025,8733.890806875648
2025-02-06,0.007896353559800057,0.007459524287650043,0.1231730966740419,8299.015611673025,8250.72865673735
2025-02-07,0.007459524287650046,0.00810783229715168,-1.3847215308686884,8299.015611673025,8967.800317894526
2025-02-10,0.00810783229715168,0.007632613336994955,0.009714038605736315,8299.015611673025,8442.176626410412
2025-02-11,0.007632613336994955,0.007319615500824669,0.4042864431578118,8299.015611673025,8095.980258277062
2025-02-12,0.00731961550082467,0.0073713607362014336,-0.8701741994261892,8299.015611673025,8153.213920895403
2025-02-13,0.0073713607362014336,0.007506871630348312,0.9600529686394905,8299.015611673025,8303.09795833849
2025-02-14,0.007506871630348312,0.007280729119866336,-0.5359025089168697,8299.015611673025,8052.969341580818
2025-02-18,0.007280729119866336,0.006948569624118916,-0.21790798379073045,8299.015611673025,7685.578906951102
2025-02-19,0.006948569624118916,0.00665107486899216,0.1524825877731947,8299.015611673025,7356.529974780304
2025-02-20,0.00665107486899216,0.007856497398411667,-1.7945970150394204,8299.015611673025,8689.807248697658
2025-02-21,0.007856497398411669,0.009918943698496469,-2.1869129655275614,8299.015611673025,10971.009659857355
2025-02-24,0.009918943698496467,0.009241603023652479,0.20703795052398122,8752.476152346828,10574.186382575008
2025-02-25,0.009241603023652479,0.008765291647569317,0.45418617364519326,8752.476152346828,10029.193781837483
2025-02-26,0.008765291647569317,0.00896991493329025,-1.0806797327735493,8752.476152346828,10263.32250992614
2025-02-27,0.008969914933290248,0.008397959352155131,-0.1608059445258018,8752.476152346828,9608.894387229471
2025-02-28,0.008397959352155131,0.009864414539332712,1.84166509120768,8752.476152346828,11286.803558530484
2025-03-03,0.009864414539332712,0.010647492347752037,-1.4351517539144083,8752.476152346828,12182.796459014507
2025-03-04,0.010647492347752037,0.01156695838453588,-1.4866995554712823,8752.476152346828,13234.843946935855
2025-03-05,0.01156695838453588,0.011651199917073347,1.0622020194498223,8752.476152346828,13331.232599848678
2025-03-06,0.011651199917073347,0.011253078284102698,-0.7585197881711361,8752.476152346828,12875.704231102218
2025-03-07,0.011253078284102698,0.010439435824102151,0.2581477548233908,8752.476152346828,11944.739440816054
2025-03-10,0.01043943582410215,0.012910088002765467,-2.138732964399251,8752.476152346828,14771.644746836837
2025-03-11,0.012910088002765467,0.012901724494538313,-1.033683625326947,9993.202314892722,14762.075271218833
2025-03-12,0.012901724494538311,0.012146861740531369,-0.5515669976350309,9993.202314892722,13898.365865642287
2025-03-13,0.012146861740531369,0.012274400530418025,-1.0933203978547776,9993.202314892722,14044.294979002596
2025-03-14,0.012274400530418027,0.013111124400957587,1.4196876895790282,9993.202314892722,15001.669379871213
2025-03-17,0.013111124400957588,0.012549849916850805,0.7164428016278458,9993.202314892722,14359.462503906194
2025-03-18,0.012549849916850805,0.011721343602922573,-0.44405086962344603,9993.202314892722,13411.490581697954
2025-03-19,0.011721343602922573,0.011057095559802924,0.5347849806121304,9993.202314892722,12651.46198122341
2025-03-20,0.011057095559802922,0.010207539921784527,-0.017672415562899918,9993.202314892722,11679.405549478572
2025-03-21,0.01020753992178453,0.009479586064284744,0.1522578267857079,9993.202314892722,10846.485140820407
2025-03-24,0.009479586064284744,0.010256219236141038,1.4384173918849696,9993.202314892722,11735.104127059138
2025-03-25,0.010256219236141038,0.009504137623060124,-0.027384754674043953,9993.202314892722,10874.576886138742
2025-03-26,0.009504137623060124,0.008956108069637272,-0.38537535850744936,9993.202314892722,10247.524779894702
2025-03-27,0.008956108069637272,0.008420112129244662,-0.2731272209156028,9993.202314892722,9634.24146102574
2025-03-28,0.00842011212924466,0.01025627213550253,-2.025203830030782,9993.202314892722,11735.16465418917
2025-03-31,0.010256272135502531,0.010301034498935702,1.0106780206049857,9993.202314892722,11786.38148017223
2025-04-01,0.010301034498935702,0.00956307080590905,-0.15744353836768527,9993.202314892722,10942.00787813959
2025-04-02,0.009563070805909048,0.009127268606214245,0.5558921460219529,9993.202314892722,10443.365632447481
2025-04-03,0.009127268606214245,0.017402065712535993,-4.33679363190446,9993.202314892722,19911.33852159858
2025-04-04,0.017402065712535997,0.02683046519645842,-3.245823091664865,12036.482972961505,32357.739169933226
2025-04-07,0.026830465196458424,0.02503815136013411,-0.5919410378573695,13375.222231809488,34731.51672311073
2025-04-08,0.02503815136013411,0.022853698991174325,-0.2947378497786829,13375.222231809488,31701.367136901055
2025-04-09,0.022853698991174322,0.03691632666396603,3.4871906802275987,13375.222231809488,51208.254093663534
2025-04-10,0.03691632666396603,0.03452471848538745,-0.6305486604914353,13375.222231809488,47890.74960802145
2025-04-11,0.034524718485387455,0.03182462687332055,0.47386213079618883,13375.222231809488,44145.334236511764
2025-04-14,0.031824626873320556,0.028919839050099903,0.23858904131713135,13375.222231809488,40115.97578236046
2025-04-15,0.0289198390500999,0.02621673616816031,-0.15158004288523141,13375.222231809488,36366.3833464806
2025-04-16,0.02621673616816031,0.024837736539888574,-0.7279636888190786,13375.222231809488,34453.51254537419
2025-04-17,0.02483773653988857,0.023903689866873978,-0.8481090815597175,13375.222231809488,33157.8554827835
2025-04-21,0.02390368986687398,0.023816532039964557,-1.0805535572674148,13375.222231809488,33036.9550425188
2025-04-22,0.023816532039964554,0.02384018405462897,1.109151293109275,13375.222231809488,33069.763788301854
2025-04-23,0.02384018405462897,0.021935782028239193,0.41626783154639174,13375.222231809488,30428.084301836436
2025-04-24,0.021935782028239193,0.020685771273224178,0.6730741209964203,13375.222231809488,28694.139618084846
2025-04-25,0.020685771273224178,0.018790593809626777,-0.09104891036910681,13375.222231809488,26065.25592681527
2025-04-28,0.018790593809626777,0.01710238471010426,0.11811014150050686,13375.222231809488,23723.467121051774
2025-04-29,0.01710238471010426,0.0156517080187603,0.23873041809271628,13375.222231809488,21711.16992544245
2025-04-30,0.0156517080187603,0.014335154231389313,0.20973657535943338,13375.222231809488,19884.920486126604
2025-05-01,0.014335154231389311,0.013164654733671588,0.2212012037482453,13375.222231809488,18261.26935091923
2025-05-02,0.013164654733671587,0.01265651138076971,0.7548485283826867,13375.222231809488,17556.401443332834
2025-05-05,0.01265651138076971,0.011752945985693906,-0.36412329676118566,13375.222231809488,16303.026296816772
2025-05-06,0.011752945985693906,0.011774652939790142,-1.0303827649904278,13375.222231809488,16333.136963868717
2025-05-07,0.011774652939790142,0.010851316321545589,0.11059488358074496,13375.222231809488,15052.336287478469
2025-05-08,0.01085131632154559,0.010245173414860009,0.5064329366134752,13375.222231809488,14211.528905282326
2025-05-09,0.010245173414860007,0.009594708112903014,-0.35327040132801774,13375.222231809488,13309.239986752453
2025-05-12,0.009594708112903014,0.013688820247753197,2.821742612085644,13375.222231809488,18988.362300240937
2025-05-13,0.013688820247753197,0.013404808963747612,-0.9054000657576308,13375.222231809488,18594.397805094628
2025-05-14,0.013404808963747612,0.012343438590878006,-0.23852589964336432,13375.222231809488,17122.124460129216
2025-05-15,0.012343438590878008,0.011369015804300548,0.16434865217729155,13375.222231809488,15770.459921457224
2025-05-16,0.011369015804300548,0.011004512830052205,0.7687124440710762,13375.222231809488,15264.84187627331
2025-05-19,0.011004512830052207,0.010282633950431873,0.37379444831175257,13375.222231809488,14263.492055395014
2025-05-20,0.010282633950431871,0.009633622487799802,-0.3630833609253811,13375.222231809488,13363.219821088353
2025-05-21,0.009633622487799804,0.012128728057703085,-2.2137721259979606,13375.222231809488,16824.290072664564
2025-05-22,0.012128728057703084,0.011173668718768194,-0.14762278897502218,13375.222231809488,15499.485420568932
2025-05-23,0.011173668718768195,0.010749492947351873,-0.7102524838609521,13375.222231809488,14911.092624048772
2025-05-27,0.010749492947351873,0.012520826695275598,1.8484908858990696,13375.222231809488,17368.187271466613
2025-05-28,0.012520826695275598,0.011670087609968818,-0.41439840461696653,13375.222231809488,16188.089813657407
2025-05-29,0.011670087609968816,0.010792112073106446,0.2189979067023642,13375.222231809488,14970.211480612044
2025-05-30,0.010792112073106446,0.010006849762637497,0.19541162053091352,13375.222231809488,13880.939725848804
2025-06-02,0.010006849762637498,0.009285387941080208,-0.022805728998751624,13375.222231809488,12880.168424481903
2025-06-03,0.009285387941080206,0.008797817881113622,0.4443014674683296,13375.222231809488,12203.838632883148
2025-06-04,0.008797817881113622,0.008423109373247995,-0.5314891310927948,13375.222231809488,11684.06404489387
2025-06-05,0.008423109373247995,0.007971094578883231,-0.316878981895389,13375.222231809488,11057.054519958672
2025-06-06,0.007971094578883231,0.008421306599149896,1.2438515112833426,13375.222231809488,11681.56333795926
2025-06-09,0.008421306599149896,0.008014210918826674,-0.411026397202549,13375.222231809488,11116.863084107274
2025-06-10,0.008014210918826674,0.007598087300809926,0.27261994280108615,13375.222231809488,10539.639782348602
2025-06-11,0.0075980873008099255,0.007194076300307494,-0.023950053453641557,13375.222231809488,9979.218423022026
2025-06-12,0.007194076300307495,0.007219787434224683,0.8293194781109642,13375.222231809488,10014.88346333474
2025-06-13,0.007219787434224682,0.00965741027815229,-2.4521907291140432,13375.222231809488,13396.216907276941
2025-06-16,0.00965741027815229,0.009460534101753874,0.8046133340189479,13375.222231809488,13123.121337455806
2025-06-17,0.009460534101753876,0.009231630955514757,-0.7628160149228729,13375.222231809488,12805.599754603054
2025-06-18,0.009231630955514757,0.008622359519577428,-0.1424118662459168,13375.222231809488,11960.452652414688
2025-06-20,0.008622359519577428,0.008086571750056148,0.11377274373299902,13375.222231809488,11217.237963378362
2025-06-23,0.008086571750056148,0.007772132797587629,0.5028059361379976,13375.222231809488,10781.06591621013
2025-06-24,0.007772132797587629,0.008473258722578014,1.418780213422729,13375.222231809488,11753.628404492794
2025-06-25,0.008473258722578014,0.007957225450469308,-0.11420478081887381,13375.222231809488,11037.816044301475
2025-06-26,0.007957225450469308,0.00830877171506492,1.1702804874454003,13375.222231809488,11525.46126986673
2025-06-27,0.00830877171506492,0.007876653107331677,0.33001095968737215,13375.222231809488,10926.05061709983
2025-06-30,0.007876653107331677,0.008436491012388019,1.3213384697414996,13375.222231809488,11702.62630282136
2025-07-01,0.00843649101238802,0.008852518872645928,1.2247554270998537,13375.222231809488,12279.716774797409
2025-07-02,0.008852518872645926,0.008355507598386045,-0.3352824034446933,13375.222231809488,11590.290661213949
2025-07-03,0.008355507598386047,0.008510492444491943,1.0286959671535734,13375.222231809488,11805.276931443403
2025-07-07,0.008510492444491943,0.009728651726060236,-1.7051444259639013,13375.222231809488,13495.039040900316
2025-07-08,0.009728651726060238,0.009190574545480275,-0.4419811652066646,13375.222231809488,12748.648609480819
2025-07-09,0.009190574545480274,0.008643581846338505,0.31541002115441563,13375.222231809488,11989.891071657543
2025-07-10,0.008643581846338505,0.00832475181552051,0.5845651146348605,13375.222231809488,11547.62796732883
2025-07-11,0.00832475181552051,0.008236243158302282,-0.8099969038197232,13375.222231809488,11424.8537311602
2025-07-14,0.008236243158302283,0.00774395461467259,0.027287831750792337,13375.222231809488,10741.978724146149
2025-07-15,0.0077439546146725905,0.008839055344592624,-1.6692437776012405,13375.222231809488,12261.04092517059
2025-07-16,0.008839055344592624,0.008586136820935116,0.6854590673491373,13375.222231809488,11910.206560139091
2025-07-17,0.008586136820935114,0.008266935290894593,0.5761980129210376,13375.222231809488,11467.428132962685
2025-07-18,0.008266935290894594,0.00782738818220497,-0.29848801413476495,13375.222231809488,10857.71308106171
2025-07-21,0.00782738818220497,0.007391170283188633,-0.023943029183284878,13375.222231809488,10252.616121757885
2025-07-22,0.007391170283188634,0.007693714530077601,1.1139458337647987,13375.222231809488,10672.28850168589
2025-07-23,0.007693714530077601,0.008449704054561998,1.4565861076987783,13375.222231809488,11720.95469251068
2025-07-24,0.008449704054561998,0.008279936380862588,-0.7370838363451745,13375.222231809488,11485.462514461036
2025-07-25,0.008279936380862588,0.007936623576156427,0.4922929078046879,13375.222231809488,11009.238281832775
2025-07-28,0.007936623576156427,0.00780219669493597,-0.7238193959112755,13375.222231809488,10822.76886538146
2025-07-29,0.00780219669493597,0.007883485510146204,-0.9363671785566908,13375.222231809488,10935.528142385087
2025-07-30,0.007883485510146204,0.007450935112101322,-0.13879940813104125,13375.222231809488,10335.518534359315
2025-07-31,0.007450935112101323,0.007764534818788336,-1.1255539285834126,13375.222231809488,10770.526426934988
2025-08-01,0.007764534818788336,0.009677650183345606,-2.1200654686520988,13375.222231809488,13424.2925665213
2025-08-04,0.009677650183345606,0.010604201562892174,1.5127941629103248,13375.222231809488,14709.552579158697
2025-08-05,0.010604201562892174,0.009808977567210338,-0.00036230498110081006,13375.222231809488,13606.462534395316
2025-08-06,0.009808977567210338,0.009170851623017477,-0.2763596029358626,12696.791070757394,12681.189079659567
2025-08-07,0.009170851623017477,0.008925425022417248,-0.7240684625998641,12696.791070757394,12341.820255985855
2025-08-08,0.008925425022417246,0.00917012350975486,1.113506672835368,12696.791070757394,12680.182265643358
2025-08-11,0.009170123509754862,0.008741338122796968,-0.5119701425291528,12696.791070757394,12087.270201407067
2025-08-12,0.008741338122796968,0.009655961794434866,1.5304778154816494,12696.791070757394,13351.985431087818
2025-08-13,0.009655961794434866,0.009938536448041137,1.151469690679788,12696.791070757394,13742.721510876383
2025-08-14,0.009938536448041137,0.009227539354504663,0.05502603882650706,12696.791070757394,12759.57523953176
2025-08-15,0.009227539354504663,0.008871990458850133,0.6116744265628064,12696.791070757394,12267.932482871856
2025-08-18,0.008871990458850131,0.008322889914866727,-0.20163957473278118,12696.791070757394,11508.652090141397
2025-08-19,0.00832288991486673,0.007825153644107527,0.10186450687394953,12696.791070757394,10820.396732758867
2025-08-20,0.007825153644107529,0.007459820702276358,-0.34206537677564236,12696.791070757394,10315.22487927892
2025-08-21,0.0074598207022763575,0.00715463208420345,-0.3718194145023404,12696.791070757394,9893.218861753889
2025-08-22,0.007154632084203451,0.009690517190418921,2.511882035976697,12696.791070757394,13399.767635861092
2025-08-25,0.00969051719041892,0.009606747122811662,-0.8984735902648706,12696.791070757394,13283.932802825815
2025-08-26,0.009606747122811662,0.008936808300391768,0.04926477643012542,12696.791070757394,12357.560724404175
2025-08-27,0.008936808300391768,0.008401572136997102,0.26881102712016947,12696.791070757394,11617.451597216483
2025-08-28,0.008401572136997102,0.007889223304297706,-0.06444995820812763,12696.791070757394,10908.990410700617
2025-08-29,0.007889223304297704,0.007450312983750159,-0.10091952587550643,12696.791070757394,10302.077880362885
2025-09-02,0.007450312983750159,0.007426478241490304,-0.7991017895013954,12696.791070757394,10269.119886308814
2025-09-03,0.007426478241490303,0.0071618377717758835,0.4494167637161757,12696.791070757394,9903.182678672008
2025-09-04,0.007161837771775885,0.0074196646653211665,1.0639480759669342,12696.791070757394,10259.698269728231
2025-09-05,0.007419664665321165,0.007377888687327956,-0.7750620314214982,12696.791070757394,10201.931652439389
2025-09-08,0.007377888687327957,0.007010247654810345,-0.09587271040756361,12696.791070757394,9693.568237737982
2025-09-09,0.0070102476548103455,0.007800557602383011,1.4918918977848166,12696.791070757394,10786.386035765696
2025-09-10,0.007800557602383011,0.007558488294102545,-0.5642248247717674,12696.791070757394,10451.659579066467
2025-09-11,0.007558488294102545,0.009627703655724362,2.2212120536806497,12696.791070757394,13312.910892020174
2025-09-12,0.009627703655724362,0.008972365591779575,-0.15847334495157359,12696.791070757394,12406.728321240835
2025-09-15,0.008972365591779575,0.008392960651052462,0.12542479086154407,12696.791070757394,11605.543882861282
2025-09-16,0.008392960651052462,0.00815015435019735,-0.6478644344732607,12696.791070757394,11269.798334089304
2025-09-17,0.00815015435019735,0.00807451659071486,0.8085447375786203,12696.791070757394,11165.208622142392
2025-09-18,0.00807451659071486,0.007605277430476082,0.04843993489522813,12696.791070757394,10516.35824715282
2025-09-19,0.0076052774304760816,0.007907184504523311,1.1210736441460945,12696.791070757394,10933.826640259369
2025-09-22,0.007907184504523311,0.007711431206345855,0.6448612924540156,12696.791070757394,10663.144626287529
2025-09-23,0.007711431206345855,0.007316041926482871,-0.20420417992423803,12696.791070757394,10116.41173558973
2025-09-24,0.00731604192648287,0.007161075280868824,-0.6122948098398956,12696.791070757394,9902.128328240728
2025-09-25,0.007161075280868824,0.007414132021336397,-1.0594884490781145,12696.791070757394,10252.047889222107
2025-09-26,0.007414132021336397,0.0072092922808937214,0.5527060680280188,12696.791070757394,9968.801404995673
2025-09-29,0.007209292280893721,0.006866523015810976,0.10083195580896208,12696.791070757394,9494.82995284606
2025-09-30,0.006866523015810977,0.006695978335814368,0.4931573231340911,12696.791070757394,9259.005688920673
2025-10-01,0.0066959783358143685,0.006564853888659148,0.5264216977978716,12696.791070757394,9077.690585842596
2025-10-02,0.006564853888659148,0.006315552922842984,0.0667357556483942,12696.791070757394,8732.964401709183
2025-10-03,0.006315552922842984,0.006867966935068657,1.300824578550637,12696.791070757394,9496.826562743929
2025-10-06,0.006867966935068657,0.006646918008090704,-0.3825698680902818,12696.791070757394,9191.166482950712
2025-10-07,0.006646918008090704,0.00642764859578337,-0.29771657376343386,12696.791070757394,8887.967064711705
2025-10-08,0.006427648595783371,0.006197535559776924,-0.003964310988103623,12696.791070757394,8569.773396419414
2025-10-09,0.006197535559776924,0.006811601516727832,-1.3539558048443803,12696.791070757394,9418.886088193003
2025-10-10,0.006811601516727832,0.010199251505483453,-3.0026058475940416,12696.791070757394,14103.230771656734
2025-10-13,0.010199251505483453,0.010454833151164907,1.1417940900281742,12696.791070757394,16910.652655693048
2025-10-14,0.010454833151164905,0.009974221242464672,0.6021504066410968,12696.791070757394,16133.264730634313
2025-10-15,0.009974221242464672,0.009259453231589904,0.062161520434778274,12696.791070757394,14977.130205430818
2025-10-16,0.009259453231589904,0.00975264684266855,-1.278691396697528,12696.791070757394,15774.8689859898
2025-10-17,0.00975264684266855,0.009080955753032971,0.15475405097662678,12696.791070757394,14688.411216217968
2025-10-20,0.00908095575303297,0.009838228071959351,1.434493296667225,12696.791070757394,15913.296297211185
2025-10-21,0.009838228071959353,0.009163497602042115,-0.18334961045012513,12696.791070757394,14821.922341452595
2025-10-22,0.009163497602042117,0.009562032086997326,-1.219660073494453,12696.791070757394,15466.550347366028
2025-10-23,0.009562032086997326,0.008895963349833407,-0.008983082679584064,12696.791070757394,14389.1867112242
2025-10-24,0.008895963349833409,0.008973735249342453,0.9891789415133725,12696.791070757394,14514.98246137679
2025-10-27,0.008973735249342453,0.008750318388402265,0.7291240123105706,12696.791070757394,14153.606542875037
2025-10-28,0.008750318388402265,0.008202769058712783,0.14225174031031435,12696.791070757394,13267.947595251882
2025-10-29,0.008202769058712782,0.007835848472885003,0.4367257085224131,12696.791070757394,12674.454950324724
2025-10-30,0.007835848472885005,0.007435416201386445,-0.2476474726411687,12696.791070757394,12026.757281932209
2025-10-31,0.007435416201386444,0.00724140267837454,-0.5737878848003166,12696.791070757394,11712.941150127552
2025-11-03,0.00724140267837454,0.007621523068413235,-1.1748804950415703,12696.791070757394,12327.784427906185
2025-11-04,0.007621523068413234,0.007219536142180832,0.09798919788471534,12696.791070757394,11677.572111424746
2025-11-05,0.007219536142180832,0.0073416972334365,0.9357981154414374,12696.791070757394,11875.167209538276
2025-11-06,0.0073416972334365,0.007697977659794035,-1.1578865477418845,12696.791070757394,12451.449437197089
2025-11-07,0.007697977659794035,0.007301177073196177,0.19037071145723186,12696.791070757394,11809.626005248396
2025-11-10,0.007301177073196176,0.007286928909303813,0.7943787224609378,12696.791070757394,11786.579654619805
2025-11-11,0.007286928909303813,0.008477741072827316,1.7494126737978406,12696.791070757394,13712.713776930168
2025-11-12,0.008477741072827316,0.008388345791470065,0.8211262423898001,12696.791070757394,13568.117251071506
2025-11-13,0.008388345791470067,0.010093683950623104,-1.9633176431390085,12696.791070757394,16326.495204403336
2025-11-14,0.010093683950623105,0.010046499505356743,-0.9425176463123601,12696.791070757394,16250.174544559799
2025-11-17,0.010046499505356743,0.009898494276259537,-0.865897004284024,12696.791070757394,16010.776652283514
2025-11-18,0.009898494276259537,0.010299880449350894,-1.2255155589836972,12696.791070757394,16660.017252855843
2025-11-19,0.010299880449350894,0.009542096546212601,-0.01829888725257104,12696.791070757394,15434.304686355521
2025-11-20,0.009542096546212601,0.009509513805371553,-0.9311314573286411,12696.791070757394,15381.602227601117
2025-11-21,0.009509513805371553,0.00957348974016627,1.0013781572471465,12696.791070757394,15485.083057566937
2025-11-24,0.00957348974016627,0.008954602257298749,0.2540780709285559,12696.791070757394,14484.03491988693
2025-11-25,0.008954602257298749,0.01025164273683391,1.7257093677606672,12696.791070757394,16581.992937260813
2025-11-26,0.010251642736833912,0.010087797434065038,0.8636780379033622,12696.791070757394,16316.973786373404
2025-11-28,0.01008779743406504,0.00951088960802711,0.44216693949072894,12696.791070757394,15383.827583137117
2025-12-01,0.00951088960802711,0.009851528351199578,-1.1862046402618467,12696.791070757394,15934.80944803848
2025-12-02,0.009851528351199578,0.009219325809294203,0.3009167664399803,12696.791070757394,14912.22425326502
2025-12-03,0.009219325809294203,0.00910530682175057,0.8487674484948616,12696.791070757394,14727.798976780396
2025-12-04,0.00910530682175057,0.008689069522514544,-0.5197007845465839,12696.791070757394,14054.536736441354
2025-12-05,0.008689069522514546,0.008154558069304796,-0.1663667103396931,12696.791070757394,13189.966504183496
2025-12-08,0.008154558069304796,0.00806451820459983,-0.7940776587882559,12696.791070757394,13044.32736722399
2025-12-09,0.008064518204599828,0.008307205785376116,-1.088347882312377,12696.791070757394,13436.873601393301
2025-12-10,0.008307205785376116,0.008503649631418258,1.0599808290439974,12696.791070757394,13754.620771408821
2025-12-11,0.008503649631418258,0.010759806096561363,2.215581928904472,12696.791070757394,17403.945229033492
2025-12-12,0.010759806096561363,0.010143100866090698,-0.4827029983154597,12696.791070757394,16406.42687626317
2025-12-15,0.0101431008660907,0.009406452471599646,-0.05111408863473652,12696.791070757394,15214.900914203783
2025-12-16,0.009406452471599644,0.009129184997192038,-0.7125472579301845,12696.791070757394,14766.421834276443
2025-12-17,0.009129184997192038,0.008936821182560886,-0.772186472897592,12696.791070757394,14455.274099471217
2025-12-18,0.008936821182560886,0.008354669600754016,0.0727698805411268,12696.791070757394,13513.646141324287
2025-12-19,0.008354669600754016,0.008004984103897135,0.4957705460320116,11546.99689776673,11069.061105122117
2025-12-22,0.008004984103897134,0.007627862779511927,0.3679396979803816,11546.99689776673,10547.588616297036
2025-12-23,0.007627862779511928,0.007241211689041801,0.19248491041926083,11546.99689776673,10012.938641827715
2025-12-24,0.0072412116890418,0.007200629491420464,0.75581612156422,11546.99689776673,9956.822749601017
2025-12-26,0.007200629491420463,0.0068689439033641645,-0.16693001585028294,11546.99689776673,9498.177486321089
2025-12-29,0.006868943903364165,0.007154104647500173,-1.0742738897834931,11546.99689776673,9892.489537495167
2025-12-30,0.007154104647500172,0.006860714639632923,-0.2921536743816107,11546.99689776673,9486.7982978169
2025-12-31,0.006860714639632924,0.007112044068601944,-1.0408530803503007,11546.99689776673,9834.329382284533
2026-01-02,0.007112044068601944,0.007125380538788719,0.8061299094719168,11546.99689776673,9852.770668551697
2026-01-05,0.007125380538788719,0.007679284958864924,1.3136243534290921,11546.99689776673,10618.693722569484
2026-01-06,0.007679284958864925,0.007843479865092297,1.0054290767143645,11546.99689776673,10845.737702493912
2026-01-07,0.007843479865092297,0.008162954695806614,-1.142569886327499,11546.99689776673,11287.498282755867
2026-01-08,0.008162954695806614,0.007680306924664213,0.01563852950432834,11546.99689776673,10620.106867396862
2026-01-09,0.007680306924664213,0.007313707346733819,0.28809695867425333,11546.99689776673,10113.183546056605
2026-01-12,0.007313707346733819,0.007020544373533215,-0.3538216702320306,11546.99689776673,9660.047736213292
2026-01-13,0.007020544373533214,0.008716168491866776,-2.0713505657838622,11546.99689776673,11993.173068705613
2026-01-14,0.008716168491866776,0.008252293554146773,-0.3698398803548398,11546.99689776673,11396.436887335769
2026-01-15,0.008252293554146773,0.00812605722861077,0.764896898259153,11546.99689776673,11222.104223644072
2026-01-16,0.00812605722861077,0.007821762007407947,-0.5258335535476947,11546.99689776673,10801.871804523058
2026-01-20,0.007821762007407947,0.008874170392923974,-1.6404072930308136,11546.99689776673,12255.250270344779
2026-01-21,0.008874170392923974,0.009392058468727257,1.2939130120736841,11546.99689776673,12970.454926101373
2026-01-22,0.009392058468727255,0.009082872379898098,0.6791079785509363,11546.99689776673,12543.468207237853
2026-01-23,0.0090828723798981,0.008918976870653102,-0.7953721143032818,11546.99689776673,12317.128121906087
2026-01-26,0.008918976870653102,0.009134908122458997,1.0929574179654034,11546.99689776673,12615.329690604853
2026-01-27,0.009134908122458998,0.011595367733211435,-2.2447747608943147,11546.99689776673,16013.230223807355
2026-01-28,0.011595367733211433,0.010682398600825947,0.029073938161286606,11873.525497570383,15395.384350745788
2026-01-29,0.010682398600825949,0.009959388098179664,-0.310846700358924,11873.525497570383,14353.387605089358
2026-01-30,0.009959388098179662,0.00963388039433532,-0.7110399737864584,11873.525497570383,13884.268599417266
2026-02-02,0.00963388039433532,0.010608823189297251,1.5384820954104614,11873.525497570383,15289.348077285538
2026-02-03,0.010608823189297251,0.009846966989175775,-0.20080596757057922,11873.525497570383,14191.367234297526
2026-02-04,0.009846966989175775,0.009719469413306198,0.871994848252435,11873.525497570383,14007.618784380225
2026-02-05,0.009719469413306198,0.010493622057628112,-1.432969921962309,11873.525497570383,15123.321160863401
2026-02-06,0.010493622057628112,0.014312134481825509,2.6130867602098125,11873.525497570383,20626.52962699119
2026-02-09,0.014312134481825509,0.013168452811676362,-0.26496923150117224,11873.525497570383,18978.2650803483
2026-02-10,0.013168452811676364,0.012074567416607507,-0.04028418949533387,11873.525497570383,17401.76651274661
2026-02-11,0.012074567416607507,0.011199000358898729,0.3132806138958699,11873.525497570383,16139.906523995016
2026-02-12,0.011199000358898729,0.012128264941076243,-1.4792906327945983,11873.525497570383,17479.154940081255
2026-02-13,0.012128264941076241,0.011152605204690786,0.021573170314685537,11873.525497570383,16073.04221217387
2026-02-17,0.011152605204690788,0.0103616539942555,0.2818013723990872,11873.525497570383,14933.12988139852
2026-02-18,0.0103616539942555,0.00962378759261191,0.18390110874173055,11873.525497570383,13869.72293720094
2026-02-19,0.00962378759261191,0.009150837098416806,-0.516944565627806,11873.525497570383,13188.110603764348
2026-02-20,0.009150837098416806,0.008730844194296494,0.5212026170741616,11873.525497570383,12582.820310344832
2026-02-23,0.008730844194296494,0.010439819216719631,-1.9409299145031864,11873.525497570383,15045.780952348428
2026-02-24,0.010439819216719633,0.009952441905829872,0.5936763575218061,11873.525497570383,14343.376810229955
2026-02-25,0.009952441905829872,0.009771531739001403,0.8351511574156832,11873.525497570383,14082.650576791475
2026-02-26,0.009771531739001403,0.009088753556655577,-0.11225934060539977,11873.525497570383,13098.636317793047
2026-02-27,0.009088753556655577,0.009166524757038386,-0.9966830886964838,11873.525497570383,13210.71952738416
2026-03-02,0.009166524757038384,0.008551334063678395,-0.024951347232593856,11873.525497570383,12324.111797492247
2026-03-03,0.008551334063678395,0.008824371028085025,-1.1252599674934558,11873.525497570383,12717.610408251441
2026-03-04,0.008824371028085025,0.008350985033747246,0.3766412077217843,11873.525497570383,12035.370435617715
2026-03-05,0.008350985033747246,0.01071992223879286,-2.2826157170701347,11873.525497570383,15449.463106868423
2026-03-06,0.01071992223879286,0.01086284797323111,-1.0821500683821508,11873.525497570383,15708.045889407878
2026-03-09,0.010862847973231109,0.010262777057042474,0.514793684754792,11873.525497570383,14840.323031496386
2026-03-10,0.010262777057042474,0.00950929093690841,0.003839203310358349,11873.525497570383,13750.75659539563
2026-03-11,0.00950929093690841,0.009259158608080327,-0.7467819337221347,11873.525497570383,13389.056780638184
2026-03-12,0.009259158608080327,0.011182752696705461,-2.002860125597208,11873.525497570383,16170.638948701033
2026-03-13,0.01118275269670546,0.010463655215882396,-0.4059314714686922,11873.525497570383,15130.79964913966
2026-03-16,0.010463655215882398,0.01020234960827701,0.7991685179068357,11873.525497570383,14752.942895041673
2026-03-17,0.010202349608277008,0.009457805905562422,0.04328333107277667,11873.525497570383,13676.30749724077
2026-03-18,0.009457805905562423,0.011192023788490789,-1.9054340286487483,11873.525497570383,16184.045261259922
2026-03-19,0.011192023788490789,0.010533538953053772,-0.4848195186401071,11873.525497570383,15231.853898735751
2026-03-20,0.010533538953053772,0.01024555021617821,-0.7818391428831499,11873.525497570383,14815.412436457938
2026-03-23,0.01024555021617821,0.01025909099093442,0.9895932771956276,11873.525497570383,14834.99285512649
2026-03-24,0.010259090990934418,0.009507210595382037,0.037830285905010565,11873.525497570383,13747.7483511265
2026-03-25,0.009507210595382039,0.008898961938575117,0.2608502936940687,11873.525497570383,12868.200203454882
2026-03-26,0.008898961938575117,0.009182667464449871,-1.140171674332315,11873.525497570383,13278.44799763382
2026-03-27,0.009182667464449871,0.012203978980263454,-2.4694241347468564,11873.525497570383,17647.366724430638
2026-03-30,0.012203978980263454,0.011219927602526786,-0.02954877971568319,12293.150199452473,16400.95119398577
2026-03-31,0.011219927602526786,0.014547980050634079,2.3765595110577014,12293.150199452473,21265.797715824305
2026-04-01,0.014547980050634077,0.01343874633199125,0.3483225886150637,12293.150199452473,19644.353377976047
2026-04-02,0.013438746331991252,0.01234092403039046,-0.16242117692493205,12293.150199452473,18039.589904799202
2026-04-06,0.01234092403039046,0.011484372540709517,0.38346163030990155,11873.525497570383,15468.78391076222
2026-04-07,0.011484372540709518,0.010689122568507951,0.34008896397939975,11546.99689776673,14170.801311569585
2026-04-08,0.01068912256850795,0.014692957158899487,2.652935655510346,11546.99689776673,19478.771549649457
2026-04-09,0.014692957158899487,0.013578079638952063,0.3591798151181603,11546.99689776673,18000.75427361445
2026-04-10,0.013578079638952063,0.012691928208336693,-0.48703430976095036,11546.99689776673,16825.964128330677
2026-04-13,0.012691928208336693,0.012086459745858544,0.6609356062886133,11546.99689776673,16023.281473397192
2026-04-14,0.012086459745858544,0.011225422533268645,0.3386318626795242,11546.99689776673,14881.785790914591
2026-04-15,0.011225422533268645,0.010355503400313605,0.003141461757707115,11546.99689776673,13728.515154224764
2026-04-16,0.010355503400313609,0.009628279578994474,0.2142799467366374,11546.99689776673,12764.418782899098
2026-04-17,0.00962827957899447,0.01116362730784108,1.8062713055685413,11546.99689776673,14799.862522103209
2026-04-20,0.011163627307841081,0.01031254968001321,0.11368054025214448,11546.99689776673,13671.570476860605
2026-04-21,0.01031254968001321,0.009563945280793046,-0.11603029953970609,11265.689473378901,12679.129410316016
2026-04-22,0.009563945280793048,0.009406358839371314,0.8322753355355283,11265.689473378901,12470.213651658345
2026-04-23,0.009406358839371314,0.008760103488955883,-0.012261226388142048,11265.689473378901,11613.458935957282
2026-04-24,0.008760103488955881,0.00842104623179664,-0.5740601325259594,11265.689473378901,11163.963386284673
2026-04-27,0.008421046231796642,0.007937282705332584,-0.22708113037503763,11265.689473378901,10522.627601109625
2026-04-28,0.007937282705332584,0.007609444232356477,0.44956565551440175,11265.689473378901,10088.005036623374
2026-04-29,0.007609444232356478,0.00723287113527788,-0.22325459432819028,11265.689473378901,9588.773925390256
2026-04-30,0.007232871135277879,0.008300077694389372,1.673816870436286,11265.689473378901,11003.59277610943
2026-05-01,0.008300077694389372,0.007924575834490402,-0.44216054998452975,11265.689473378901,10505.781827207953
2026-05-04,0.007924575834490402,0.009161933707044479,-1.7439374522670386,11265.689473378901,12146.173959573389
2026-05-05,0.009161933707044479,0.008871745895822453,0.6772253138582925,11265.689473378901,11761.465692874131
2026-05-06,0.008871745895822453,0.00916064606016363,1.1432569050272818,11265.689473378901,12144.466898213486
2026-05-07,0.009160646060163629,0.008942276628078756,-0.7497870951170605,11265.689473378901,11854.969812296267
2026-05-08,0.008942276628078756,0.008361826163339248,0.09340039940916166,11265.689473378901,11085.45405884561
2026-05-11,0.008361826163339246,0.007887070961586225,0.23145963656079718,11265.689473378901,10456.06080485701
2026-05-12,0.007887070961586227,0.007682566328476954,0.6305604221989726,11265.689473378901,10184.944583248238
2026-05-13,0.007682566328476954,0.007565755387935914,-0.7155428263663084,11265.689473378901,10030.085789290588
2026-05-14,0.007565755387935913,0.0074142774949447435,0.6559494377184727,11265.689473378901,9829.268265596245
2026-05-15,0.007414277494944744,0.007623868322799142,-1.0326343226213563,11265.689473378901,10107.127365743756
2026-05-18,0.007623868322799142,0.00721615151947898,0.02181526620672314,11265.689473378901,9566.608368584872
2026-05-19,0.007216151519478981,0.007100938087655217,-0.6537756957742986,11265.689473378901,9413.867426535171
2026-05-20,0.007100938087655217,0.0082467600549144,1.7306224183855123,11265.689473378901,10932.908426616823
2026-05-21,0.0082467600549144,0.007823742104391178,0.33302789670703886,11265.689473378901,10372.104367193573
2026-05-22,0.007823742104391178,0.0076256300906602315,0.6301275387625527,11265.689473378901,10109.462979556452
2026-05-26,0.0076256300906602315,0.007432497435534865,-0.6072132901751508,11265.689473378901,9853.42283547384
2026-05-27,0.007432497435534865,0.007051961214704658,0.01883544836785979,11265.689473378901,9348.9377252434
2026-05-28,0.007051961214704658,0.006731491649833216,-0.09420053167427327,11265.689473378901,8924.084281839367
2026-05-29,0.006731491649833216,0.00662129856913204,0.5725131913487634,11265.689473378901,8777.998928011857
2026-06-01,0.0066212985691320395,0.006735141250750658,-0.8719431380291682,11265.689473378901,8928.922636824645
2026-06-02,0.006735141250750658,0.006685716565112251,0.6708139485999222,11265.689473378901,8863.399260553133
2026-06-03,0.006685716565112251,0.006788272428421245,-0.8654706342855237,11265.689473378901,8999.359789864486
2026-06-04,0.006788272428421246,0.010173406597610098,3.0063340465374084,11265.689473378901,13487.105478730353
2026-06-05,0.0101734065976101,0.009893794646508944,-0.7668105002201556,11265.689473378901,13116.417858862613
2026-06-08,0.009893794646508946,0.009412565729814519,-0.541186104016869,11265.689473378901,12478.442260757887
2026-06-09,0.009412565729814519,0.008765888004879334,-0.02541666445319443,11265.689473378901,11621.127594007507
2026-06-10,0.008765888004879336,0.010244826588826299,-1.8264501727972988,11265.689473378901,13581.788508016645
2026-06-11,0.010244826588826299,0.010887416481458063,1.3570159602402405,11265.689473378901,14433.683846941423
2026-06-12,0.010887416481458063,0.010422800379207503,0.6548920106660965,11265.689473378901,13817.732216772438
2026-06-15,0.010422800379207503,0.010141502011979489,0.7807628005900962,11265.689473378901,13444.808878518159
2026-06-16,0.010141502011979489,0.009965320672130473,0.8488262728433285,11265.689473378901,13211.241460256715
2026-06-17,0.009965320672130473,0.010104414123532872,-1.0652105562401868,11265.689473378901,13395.640661494335
2026-06-18,0.010104414123532872,0.00938336494162347,0.12705254751919323,11265.689473378901,12439.730143374585
2026-06-22,0.009383364941623468,0.008924739281891301,0.5022522888447922,11265.689473378901,11831.72017260303
2026-06-23,0.008924739281891301,0.008361836814475311,-0.1747078183858955,11265.689473378901,11085.468179287389
2026-06-24,0.008361836814475311,0.007983451280303302,0.44988274151424174,11265.689473378901,10583.83428094281
2026-06-25,0.007983451280303304,0.007559155771104098,-0.23364842877273329,11265.689473378901,10021.336534311355
2026-06-26,0.007559155771104098,0.007345929301867848,0.5661828806325876,11265.689473378901,9738.657585637256
2026-06-29,0.007345929301867848,0.007099522320584886,0.46507603056625885,11265.689473378901,9411.990513465036
2026-06-30,0.007099522320584886,0.006973787465344593,0.6189999284628099,11265.689473378901,9245.301092501846
2026-07-01,0.006973787465344593,0.006979714763357396,0.7809174906703539,11265.689473378901,9253.159039860533
2026-07-02,0.006979714763357396,0.00857881929826289,2.0184072153671324,11265.689473378901,11373.12655780609
2026-07-06,0.008578819298262891,0.008139057478902671,-0.38479156789200086,11265.689473378901,10790.124788799536
2026-07-07,0.00813905747890267,0.00775816210580712,-0.39522728815253777,11265.689473378901,10285.16354263182
2026-07-08,0.007758162105807121,0.008411556308380419,-1.3864920469104154,11265.689473378901,11151.382389263505
2026-07-09,0.008411556308380417,0.00808703535646734,0.5430547947388811,11265.689473378901,10721.157934306808
2026-07-10,0.00808703535646734,0.007620039515345923,0.09282467133158243,11265.689473378901,10102.05143277245
2026-07-13,0.007620039515345923,0.007213099431272754,-0.02955891206724375,11265.689473378901,9562.562149142761
2026-07-14,0.007213099431272753,0.007079695777845823,0.6269565422532941,11265.689473378901,9385.70603632017
2026-07-15,0.007079695777845823,0.00698003847670813,0.6543389564750661,11265.689473378901,9253.588193661113
2026-07-16,0.0069800384767081305,0.006880676449665656,0.6380872076384123,11265.689473378901,9121.861802265617
2026-07-17,0.006880676449665656,0.006617935714466854,-0.26489151574097014,11265.689473378901,8773.540718744012
2026-07-20,0.006617935714466853,0.006873878290942423,-1.0295494664828628,11265.689473378901,9112.849336000589
2026-07-21,0.006873878290942424,0.0072845077042970295,1.1897811435988475,11265.689473378901,9657.229643368208
2026-07-22,0.0072845077042970295,0.0069959101035085855,-0.35544074561956923,11265.689473378901,9274.629553084129
2026-07-23,0.006995910103508585,0.007238857805270873,-1.0408009208467237,11265.689473378901,9596.71058346906
2026-07-24,0.007238857805270873,0.007774288804002194,1.300218001605085,11265.689473378901,10306.543055727436
2026-07-27,0.007774288804002194,0.007474101395843362,0.4638255438203875,11265.689473378901,9908.578106781431
2026-07-28,0.007474101395843362,0.00801274891095984,1.3045141286613344,11265.689473378901,10622.674784480185
