Date,Rolling_VaR_95,Rolling_ES_95,Rolling_VaR_99,Rolling_ES_99
2016-07-29,,,,
2016-08-01,,,,
2016-08-02,,,,
2016-08-03,,,,
2016-08-04,,,,
2016-08-05,,,,
2016-08-08,,,,
2016-08-09,,,,
2016-08-10,,,,
2016-08-11,,,,
2016-08-12,,,,
2016-08-15,,,,
2016-08-16,,,,
2016-08-17,,,,
2016-08-18,,,,
2016-08-19,,,,
2016-08-22,,,,
2016-08-23,,,,
2016-08-24,,,,
2016-08-25,,,,
2016-08-26,,,,
2016-08-29,,,,
2016-08-30,,,,
2016-08-31,,,,
2016-09-01,,,,
2016-09-02,,,,
2016-09-06,,,,
2016-09-07,,,,
2016-09-08,,,,
2016-09-09,,,,
2016-09-12,,,,
2016-09-13,,,,
2016-09-14,,,,
2016-09-15,,,,
2016-09-16,,,,
2016-09-19,,,,
2016-09-20,,,,
2016-09-21,,,,
2016-09-22,,,,
2016-09-23,,,,
2016-09-26,,,,
2016-09-27,,,,
2016-09-28,,,,
2016-09-29,,,,
2016-09-30,,,,
2016-10-03,,,,
2016-10-04,,,,
2016-10-05,,,,
2016-10-06,,,,
2016-10-07,,,,
2016-10-10,,,,
2016-10-11,,,,
2016-10-12,,,,
2016-10-13,,,,
2016-10-14,,,,
2016-10-17,,,,
2016-10-18,,,,
2016-10-19,,,,
2016-10-20,,,,
2016-10-21,,,,
2016-10-24,,,,
2016-10-25,,,,
2016-10-26,,,,
2016-10-27,,,,
2016-10-28,,,,
2016-10-31,,,,
2016-11-01,,,,
2016-11-02,,,,
2016-11-03,,,,
2016-11-04,,,,
2016-11-07,,,,
2016-11-08,,,,
2016-11-09,,,,
2016-11-10,,,,
2016-11-11,,,,
2016-11-14,,,,
2016-11-15,,,,
2016-11-16,,,,
2016-11-17,,,,
2016-11-18,,,,
2016-11-21,,,,
2016-11-22,,,,
2016-11-23,,,,
2016-11-25,,,,
2016-11-28,,,,
2016-11-29,,,,
2016-11-30,,,,
2016-12-01,,,,
2016-12-02,,,,
2016-12-05,,,,
2016-12-06,,,,
2016-12-07,,,,
2016-12-08,,,,
2016-12-09,,,,
2016-12-12,,,,
2016-12-13,,,,
2016-12-14,,,,
2016-12-15,,,,
2016-12-16,,,,
2016-12-19,,,,
2016-12-20,,,,
2016-12-21,,,,
2016-12-22,,,,
2016-12-23,,,,
2016-12-27,,,,
2016-12-28,,,,
2016-12-29,,,,
2016-12-30,,,,
2017-01-03,,,,
2017-01-04,,,,
2017-01-05,,,,
2017-01-06,,,,
2017-01-09,,,,
2017-01-10,,,,
2017-01-11,,,,
2017-01-12,,,,
2017-01-13,,,,
2017-01-17,,,,
2017-01-18,,,,
2017-01-19,,,,
2017-01-20,,,,
2017-01-23,,,,
2017-01-24,,,,
2017-01-25,,,,
2017-01-26,,,,
2017-01-27,,,,
2017-01-30,,,,
2017-01-31,,,,
2017-02-01,,,,
2017-02-02,,,,
2017-02-03,,,,
2017-02-06,,,,
2017-02-07,,,,
2017-02-08,,,,
2017-02-09,,,,
2017-02-10,,,,
2017-02-13,,,,
2017-02-14,,,,
2017-02-15,,,,
2017-02-16,,,,
2017-02-17,,,,
2017-02-21,,,,
2017-02-22,,,,
2017-02-23,,,,
2017-02-24,,,,
2017-02-27,,,,
2017-02-28,,,,
2017-03-01,,,,
2017-03-02,,,,
2017-03-03,,,,
2017-03-06,,,,
2017-03-07,,,,
2017-03-08,,,,
2017-03-09,,,,
2017-03-10,,,,
2017-03-13,,,,
2017-03-14,,,,
2017-03-15,,,,
2017-03-16,,,,
2017-03-17,,,,
2017-03-20,,,,
2017-03-21,,,,
2017-03-22,,,,
2017-03-23,,,,
2017-03-24,,,,
2017-03-27,,,,
2017-03-28,,,,
2017-03-29,,,,
2017-03-30,,,,
2017-03-31,,,,
2017-04-03,,,,
2017-04-04,,,,
2017-04-05,,,,
2017-04-06,,,,
2017-04-07,,,,
2017-04-10,,,,
2017-04-11,,,,
2017-04-12,,,,
2017-04-13,,,,
2017-04-17,,,,
2017-04-18,,,,
2017-04-19,,,,
2017-04-20,,,,
2017-04-21,,,,
2017-04-24,,,,
2017-04-25,,,,
2017-04-26,,,,
2017-04-27,,,,
2017-04-28,,,,
2017-05-01,,,,
2017-05-02,,,,
2017-05-03,,,,
2017-05-04,,,,
2017-05-05,,,,
2017-05-08,,,,
2017-05-09,,,,
2017-05-10,,,,
2017-05-11,,,,
2017-05-12,,,,
2017-05-15,,,,
2017-05-16,,,,
2017-05-17,,,,
2017-05-18,,,,
2017-05-19,,,,
2017-05-22,,,,
2017-05-23,,,,
2017-05-24,,,,
2017-05-25,,,,
2017-05-26,,,,
2017-05-30,,,,
2017-05-31,,,,
2017-06-01,,,,
2017-06-02,,,,
2017-06-05,,,,
2017-06-06,,,,
2017-06-07,,,,
2017-06-08,,,,
2017-06-09,,,,
2017-06-12,,,,
2017-06-13,,,,
2017-06-14,,,,
2017-06-15,,,,
2017-06-16,,,,
2017-06-19,,,,
2017-06-20,,,,
2017-06-21,,,,
2017-06-22,,,,
2017-06-23,,,,
2017-06-26,,,,
2017-06-27,,,,
2017-06-28,,,,
2017-06-29,,,,
2017-06-30,,,,
2017-07-03,,,,
2017-07-05,,,,
2017-07-06,,,,
2017-07-07,,,,
2017-07-10,,,,
2017-07-11,,,,
2017-07-12,,,,
2017-07-13,,,,
2017-07-14,,,,
2017-07-17,,,,
2017-07-18,,,,
2017-07-19,,,,
2017-07-20,,,,
2017-07-21,,,,
2017-07-24,,,,
2017-07-25,,,,
2017-07-26,942.4458985836637,1351.0050116498012,1621.3564580822845,2245.0739914771934
2017-07-27,942.4458985836637,1351.0050116498012,1621.3564580822845,2245.0739914771934
2017-07-28,942.4458985836637,1351.0050116498012,1621.3564580822845,2245.0739914771934
2017-07-31,942.4458985836637,1351.0050116498012,1621.3564580822845,2245.0739914771934
2017-08-01,942.4458985836637,1351.0050116498012,1621.3564580822845,2245.0739914771934
2017-08-02,942.4458985836637,1351.0050116498012,1621.3564580822845,2245.0739914771934
2017-08-03,942.4458985836637,1351.0050116498012,1621.3564580822845,2245.0739914771934
2017-08-04,942.4458985836637,1351.0050116498012,1621.3564580822845,2245.0739914771934
2017-08-07,942.4458985836637,1351.0050116498012,1621.3564580822845,2245.0739914771934
2017-08-08,942.4458985836637,1351.0050116498012,1621.3564580822845,2245.0739914771934
2017-08-09,942.4458985836637,1351.0050116498012,1621.3564580822845,2245.0739914771934
2017-08-10,954.0926510845679,1443.1014912754001,2053.964251061408,2304.452333148021
2017-08-11,954.0926510845679,1443.1014912754001,2053.964251061408,2304.452333148021
2017-08-14,954.0926510845679,1443.1014912754001,2053.964251061408,2304.452333148021
2017-08-15,954.0926510845679,1443.1014912754001,2053.964251061408,2304.452333148021
2017-08-16,954.0926510845679,1443.1014912754001,2053.964251061408,2304.452333148021
2017-08-17,979.553351323408,1516.3465258478896,2053.964251061408,2304.452333148021
2017-08-18,979.553351323408,1516.3465258478896,2053.964251061408,2304.452333148021
2017-08-21,979.553351323408,1516.3465258478896,2053.964251061408,2304.452333148021
2017-08-22,979.553351323408,1516.3465258478896,2053.964251061408,2304.452333148021
2017-08-23,979.553351323408,1516.3465258478896,2053.964251061408,2304.452333148021
2017-08-24,979.553351323408,1516.3465258478896,2053.964251061408,2304.452333148021
2017-08-25,979.553351323408,1516.3465258478896,2053.964251061408,2304.452333148021
2017-08-28,979.553351323408,1516.3465258478896,2053.964251061408,2304.452333148021
2017-08-29,979.553351323408,1516.3465258478896,2053.964251061408,2304.452333148021
2017-08-30,979.553351323408,1516.3465258478896,2053.964251061408,2304.452333148021
2017-08-31,979.553351323408,1516.3465258478896,2053.964251061408,2304.452333148021
2017-09-01,979.553351323408,1516.3465258478896,2053.964251061408,2304.452333148021
2017-09-05,1014.343835047397,1564.4518226958282,2053.964251061408,2304.452333148021
2017-09-06,1014.343835047397,1564.4518226958282,2053.964251061408,2304.452333148021
2017-09-07,979.553351323408,1476.135063329584,1939.3128850654261,2244.909492853025
2017-09-08,979.553351323408,1476.135063329584,1939.3128850654261,2244.909492853025
2017-09-11,954.0926510845679,1463.5644830949973,1939.3128850654261,2244.909492853025
2017-09-12,954.0926510845679,1463.5644830949973,1939.3128850654261,2244.909492853025
2017-09-13,954.0926510845679,1463.5644830949973,1939.3128850654261,2244.909492853025
2017-09-14,954.0926510845679,1463.5644830949973,1939.3128850654261,2244.909492853025
2017-09-15,954.0926510845679,1463.5644830949973,1939.3128850654261,2244.909492853025
2017-09-18,954.0926510845679,1463.5644830949973,1939.3128850654261,2244.909492853025
2017-09-19,954.0926510845679,1463.5644830949973,1939.3128850654261,2244.909492853025
2017-09-20,954.0926510845679,1463.5644830949973,1939.3128850654261,2244.909492853025
2017-09-21,942.4458985836637,1462.152388983133,1939.3128850654261,2244.909492853025
2017-09-22,930.6842828722035,1454.03208243575,1939.3128850654261,2244.909492853025
2017-09-25,930.6842828722035,1454.03208243575,1939.3128850654261,2244.909492853025
2017-09-26,930.6842828722035,1454.03208243575,1939.3128850654261,2244.909492853025
2017-09-27,912.0699952869558,1427.3379778808314,1939.3128850654261,2244.909492853025
2017-09-28,912.0699952869558,1427.3379778808314,1939.3128850654261,2244.909492853025
2017-09-29,912.0699952869558,1427.3379778808314,1939.3128850654261,2244.909492853025
2017-10-02,912.0699952869558,1427.3379778808314,1939.3128850654261,2244.909492853025
2017-10-03,912.0699952869558,1427.3379778808314,1939.3128850654261,2244.909492853025
2017-10-04,912.0699952869558,1427.3379778808314,1939.3128850654261,2244.909492853025
2017-10-05,912.0699952869558,1427.3379778808314,1939.3128850654261,2244.909492853025
2017-10-06,912.0699952869558,1427.3379778808314,1939.3128850654261,2244.909492853025
2017-10-09,890.1530982358217,1402.7719042684912,1939.3128850654261,2244.909492853025
2017-10-10,890.1530982358217,1402.7719042684912,1939.3128850654261,2244.909492853025
2017-10-11,890.1530982358217,1402.7719042684912,1939.3128850654261,2244.909492853025
2017-10-12,890.1530982358217,1402.7719042684912,1939.3128850654261,2244.909492853025
2017-10-13,890.1530982358217,1402.7719042684912,1939.3128850654261,2244.909492853025
2017-10-16,890.1530982358217,1402.7719042684912,1939.3128850654261,2244.909492853025
2017-10-17,890.1530982358217,1402.7719042684912,1939.3128850654261,2244.909492853025
2017-10-18,890.1530982358217,1402.7719042684912,1939.3128850654261,2244.909492853025
2017-10-19,890.1530982358217,1402.7719042684912,1939.3128850654261,2244.909492853025
2017-10-20,890.1530982358217,1402.7719042684912,1939.3128850654261,2244.909492853025
2017-10-23,890.1530982358217,1402.7719042684912,1939.3128850654261,2244.909492853025
2017-10-24,890.1530982358217,1402.7719042684912,1939.3128850654261,2244.909492853025
2017-10-25,890.1530982358217,1402.7719042684912,1939.3128850654261,2244.909492853025
2017-10-26,858.5635564283108,1397.322779916632,1939.3128850654261,2244.909492853025
2017-10-27,858.5635564283108,1397.322779916632,1939.3128850654261,2244.909492853025
2017-10-30,795.5503183066396,1382.6636782713758,1939.3128850654261,2244.909492853025
2017-10-31,795.5503183066396,1382.6636782713758,1939.3128850654261,2244.909492853025
2017-11-01,795.5503183066396,1382.6636782713758,1939.3128850654261,2244.909492853025
2017-11-02,795.5503183066396,1382.6636782713758,1939.3128850654261,2244.909492853025
2017-11-03,795.5503183066396,1382.6636782713758,1939.3128850654261,2244.909492853025
2017-11-06,795.5503183066396,1382.6636782713758,1939.3128850654261,2244.909492853025
2017-11-07,795.5503183066396,1382.6636782713758,1939.3128850654261,2244.909492853025
2017-11-08,795.5503183066396,1382.6636782713758,1939.3128850654261,2244.909492853025
2017-11-09,795.5503183066396,1382.6636782713758,1939.3128850654261,2244.909492853025
2017-11-10,795.5503183066396,1382.6636782713758,1939.3128850654261,2244.909492853025
2017-11-13,795.5503183066396,1382.6636782713758,1939.3128850654261,2244.909492853025
2017-11-14,795.5503183066396,1382.6636782713758,1939.3128850654261,2244.909492853025
2017-11-15,858.5635564283108,1408.7468150728191,1939.3128850654261,2244.909492853025
2017-11-16,858.5635564283108,1408.7468150728191,1939.3128850654261,2244.909492853025
2017-11-17,858.5635564283108,1408.7468150728191,1939.3128850654261,2244.909492853025
2017-11-20,858.5635564283108,1408.7468150728191,1939.3128850654261,2244.909492853025
2017-11-21,858.5635564283108,1408.7468150728191,1939.3128850654261,2244.909492853025
2017-11-22,858.5635564283108,1408.7468150728191,1939.3128850654261,2244.909492853025
2017-11-24,858.5635564283108,1408.7468150728191,1939.3128850654261,2244.909492853025
2017-11-27,858.5635564283108,1408.7468150728191,1939.3128850654261,2244.909492853025
2017-11-28,858.5635564283108,1408.7468150728191,1939.3128850654261,2244.909492853025
2017-11-29,858.5635564283108,1408.7468150728191,1939.3128850654261,2244.909492853025
2017-11-30,858.5635564283108,1408.7468150728191,1939.3128850654261,2244.909492853025
2017-12-01,858.5635564283108,1408.7468150728191,1939.3128850654261,2244.909492853025
2017-12-04,858.5635564283108,1408.7468150728191,1939.3128850654261,2244.909492853025
2017-12-05,858.5635564283108,1408.7468150728191,1939.3128850654261,2244.909492853025
2017-12-06,858.5635564283108,1408.7468150728191,1939.3128850654261,2244.909492853025
2017-12-07,858.5635564283108,1408.7468150728191,1939.3128850654261,2244.909492853025
2017-12-08,858.5635564283108,1408.7468150728191,1939.3128850654261,2244.909492853025
2017-12-11,858.5635564283108,1408.7468150728191,1939.3128850654261,2244.909492853025
2017-12-12,858.5635564283108,1408.7468150728191,1939.3128850654261,2244.909492853025
2017-12-13,858.5635564283108,1408.7468150728191,1939.3128850654261,2244.909492853025
2017-12-14,890.1530982358217,1429.5684373353668,1939.3128850654261,2244.909492853025
2017-12-15,890.1530982358217,1429.5684373353668,1939.3128850654261,2244.909492853025
2017-12-18,890.1530982358217,1429.5684373353668,1939.3128850654261,2244.909492853025
2017-12-19,890.1530982358217,1429.5684373353668,1939.3128850654261,2244.909492853025
2017-12-20,890.1530982358217,1429.5684373353668,1939.3128850654261,2244.909492853025
2017-12-21,890.1530982358217,1429.5684373353668,1939.3128850654261,2244.909492853025
2017-12-22,890.1530982358217,1429.5684373353668,1939.3128850654261,2244.909492853025
2017-12-26,890.1530982358217,1429.5684373353668,1939.3128850654261,2244.909492853025
2017-12-27,890.1530982358217,1429.5684373353668,1939.3128850654261,2244.909492853025
2017-12-28,890.1530982358217,1429.5684373353668,1939.3128850654261,2244.909492853025
2017-12-29,890.1530982358217,1429.5684373353668,1939.3128850654261,2244.909492853025
2018-01-02,890.1530982358217,1429.5684373353668,1939.3128850654261,2244.909492853025
2018-01-03,890.1530982358217,1429.5684373353668,1939.3128850654261,2244.909492853025
2018-01-04,890.1530982358217,1429.5684373353668,1939.3128850654261,2244.909492853025
2018-01-05,890.1530982358217,1429.5684373353668,1939.3128850654261,2244.909492853025
2018-01-08,890.1530982358217,1429.5684373353668,1939.3128850654261,2244.909492853025
2018-01-09,890.1530982358217,1429.5684373353668,1939.3128850654261,2244.909492853025
2018-01-10,890.1530982358217,1429.5684373353668,1939.3128850654261,2244.909492853025
2018-01-11,890.1530982358217,1429.5684373353668,1939.3128850654261,2244.909492853025
2018-01-12,860.7858205248933,1424.3843180435204,1939.3128850654261,2244.909492853025
2018-01-16,860.7858205248933,1424.3843180435204,1939.3128850654261,2244.909492853025
2018-01-17,860.7858205248933,1424.3843180435204,1939.3128850654261,2244.909492853025
2018-01-18,860.7858205248933,1424.3843180435204,1939.3128850654261,2244.909492853025
2018-01-19,860.7858205248933,1424.3843180435204,1939.3128850654261,2244.909492853025
2018-01-22,860.7858205248933,1424.3843180435204,1939.3128850654261,2244.909492853025
2018-01-23,860.7858205248933,1424.3843180435204,1939.3128850654261,2244.909492853025
2018-01-24,860.7858205248933,1424.3843180435204,1939.3128850654261,2244.909492853025
2018-01-25,860.7858205248933,1424.3843180435204,1939.3128850654261,2244.909492853025
2018-01-26,843.4425395458187,1413.0026846753317,1939.3128850654261,2244.909492853025
2018-01-29,860.7858205248933,1417.9304399142543,1939.3128850654261,2244.909492853025
2018-01-30,890.1530982358217,1526.6070125063484,2053.964251061408,2352.522031853941
2018-01-31,890.1530982358217,1526.6070125063484,2053.964251061408,2352.522031853941
2018-02-01,890.1530982358217,1526.6070125063484,2053.964251061408,2352.522031853941
2018-02-02,907.1754337433988,1777.6828004870576,2215.04873523256,3028.119821095456
2018-02-05,914.6201832919527,2263.1625361180722,2461.601937838436,4673.12288097672
2018-02-06,914.6201832919527,2263.1625361180722,2461.601937838436,4673.12288097672
2018-02-07,914.6201832919527,2263.1625361180722,2461.601937838436,4673.12288097672
2018-02-08,1027.8136567522954,2716.2972417995893,3414.5800400303415,6066.127321469413
2018-02-09,1027.8136567522954,2716.2972417995893,3414.5800400303415,6066.127321469413
2018-02-12,1027.8136567522954,2716.2972417995893,3414.5800400303415,6066.127321469413
2018-02-13,1027.8136567522954,2716.2972417995893,3414.5800400303415,6066.127321469413
2018-02-14,1027.8136567522954,2716.2972417995893,3414.5800400303415,6066.127321469413
2018-02-15,1027.8136567522954,2716.2972417995893,3414.5800400303415,6066.127321469413
2018-02-16,1027.8136567522954,2716.2972417995893,3414.5800400303415,6066.127321469413
2018-02-20,1027.8136567522954,2716.2972417995893,3414.5800400303415,6066.127321469413
2018-02-21,1092.8166859749815,2716.2972417995893,3414.5800400303415,6066.127321469413
2018-02-22,1092.8166859749815,2716.2972417995893,3414.5800400303415,6066.127321469413
2018-02-23,1092.8166859749815,2716.2972417995893,3414.5800400303415,6066.127321469413
2018-02-26,1092.8166859749815,2716.2972417995893,3414.5800400303415,6066.127321469413
2018-02-27,1117.876596137735,2770.248136124341,3414.5800400303415,6066.127321469413
2018-02-28,1131.8287463651634,2873.6346259366223,3414.5800400303415,6066.127321469413
2018-03-01,1163.6213625318105,2960.841577061187,3414.5800400303415,6066.127321469413
2018-03-02,1163.6213625318105,2960.841577061187,3414.5800400303415,6066.127321469413
2018-03-05,1163.6213625318105,2960.841577061187,3414.5800400303415,6066.127321469413
2018-03-06,1163.6213625318105,2960.841577061187,3414.5800400303415,6066.127321469413
2018-03-07,1163.6213625318105,2960.841577061187,3414.5800400303415,6066.127321469413
2018-03-08,1163.6213625318105,2960.841577061187,3414.5800400303415,6066.127321469413
2018-03-09,1163.6213625318105,2960.841577061187,3414.5800400303415,6066.127321469413
2018-03-12,1163.6213625318105,2960.841577061187,3414.5800400303415,6066.127321469413
2018-03-13,1164.2110059598062,2960.841577061187,3414.5800400303415,6066.127321469413
2018-03-14,1164.2110059598062,2960.841577061187,3414.5800400303415,6066.127321469413
2018-03-15,1164.2110059598062,2960.841577061187,3414.5800400303415,6066.127321469413
2018-03-16,1164.2110059598062,2960.841577061187,3414.5800400303415,6066.127321469413
2018-03-19,1164.2110059598062,3009.354872425934,3414.5800400303415,6066.127321469413
2018-03-20,1164.2110059598062,3009.354872425934,3414.5800400303415,6066.127321469413
2018-03-21,1164.2110059598062,3009.354872425934,3414.5800400303415,6066.127321469413
2018-03-22,1421.360440879569,3290.8014724479144,4510.03409173141,6289.6504003513355
2018-03-23,1728.7290835280064,3455.160200604557,4510.03409173141,6289.6504003513355
2018-03-26,1728.7290835280064,3455.160200604557,4510.03409173141,6289.6504003513355
2018-03-27,1871.3265881966645,3568.2173188051015,4510.03409173141,6289.6504003513355
2018-03-28,1871.3265881966645,3568.2173188051015,4510.03409173141,6289.6504003513355
2018-03-29,1871.3265881966645,3568.2173188051015,4510.03409173141,6289.6504003513355
2018-04-02,2039.2302103112368,3632.3395684793077,4510.03409173141,6289.6504003513355
2018-04-03,2039.2302103112368,3632.3395684793077,4510.03409173141,6289.6504003513355
2018-04-04,2039.2302103112368,3632.3395684793077,4510.03409173141,6289.6504003513355
2018-04-05,2039.2302103112368,3632.3395684793077,4510.03409173141,6289.6504003513355
2018-04-06,2216.2036445965496,3762.677613725493,4510.03409173141,6289.6504003513355
2018-04-09,2216.2036445965496,3762.677613725493,4510.03409173141,6289.6504003513355
2018-04-10,2216.2036445965496,3762.677613725493,4510.03409173141,6289.6504003513355
2018-04-11,2216.2036445965496,3762.677613725493,4510.03409173141,6289.6504003513355
2018-04-12,2216.2036445965496,3762.677613725493,4510.03409173141,6289.6504003513355
2018-04-13,2216.2036445965496,3762.677613725493,4510.03409173141,6289.6504003513355
2018-04-16,2216.2036445965496,3762.677613725493,4510.03409173141,6289.6504003513355
2018-04-17,2216.2036445965496,3762.677613725493,4510.03409173141,6289.6504003513355
2018-04-18,2216.2036445965496,3762.677613725493,4510.03409173141,6289.6504003513355
2018-04-19,2216.2036445965496,3762.677613725493,4510.03409173141,6289.6504003513355
2018-04-20,2216.2036445965496,3762.677613725493,4510.03409173141,6289.6504003513355
2018-04-23,2216.2036445965496,3762.677613725493,4510.03409173141,6289.6504003513355
2018-04-24,2282.162209958647,3832.815528423016,4510.03409173141,6289.6504003513355
2018-04-25,2282.162209958647,3832.815528423016,4510.03409173141,6289.6504003513355
2018-04-26,2282.162209958647,3832.815528423016,4510.03409173141,6289.6504003513355
2018-04-27,2282.162209958647,3832.815528423016,4510.03409173141,6289.6504003513355
2018-04-30,2282.162209958647,3832.815528423016,4510.03409173141,6289.6504003513355
2018-05-01,2282.162209958647,3832.815528423016,4510.03409173141,6289.6504003513355
2018-05-02,2282.162209958647,3832.815528423016,4510.03409173141,6289.6504003513355
2018-05-03,2282.162209958647,3832.815528423016,4510.03409173141,6289.6504003513355
2018-05-04,2282.162209958647,3832.815528423016,4510.03409173141,6289.6504003513355
2018-05-07,2282.162209958647,3832.815528423016,4510.03409173141,6289.6504003513355
2018-05-08,2282.162209958647,3832.815528423016,4510.03409173141,6289.6504003513355
2018-05-09,2282.162209958647,3832.815528423016,4510.03409173141,6289.6504003513355
2018-05-10,2282.162209958647,3832.815528423016,4510.03409173141,6289.6504003513355
2018-05-11,2282.162209958647,3832.815528423016,4510.03409173141,6289.6504003513355
2018-05-14,2282.162209958647,3832.815528423016,4510.03409173141,6289.6504003513355
2018-05-15,2216.2036445965496,3805.674477554287,4510.03409173141,6289.6504003513355
2018-05-16,2216.2036445965496,3805.674477554287,4510.03409173141,6289.6504003513355
2018-05-17,2216.2036445965496,3805.674477554287,4510.03409173141,6289.6504003513355
2018-05-18,2216.2036445965496,3805.674477554287,4510.03409173141,6289.6504003513355
2018-05-21,2216.2036445965496,3805.674477554287,4510.03409173141,6289.6504003513355
2018-05-22,2216.2036445965496,3805.674477554287,4510.03409173141,6289.6504003513355
2018-05-23,2216.2036445965496,3805.674477554287,4510.03409173141,6289.6504003513355
2018-05-24,2216.2036445965496,3805.674477554287,4510.03409173141,6289.6504003513355
2018-05-25,2216.2036445965496,3805.674477554287,4510.03409173141,6289.6504003513355
2018-05-29,2282.162209958647,3822.351600979457,4510.03409173141,6289.6504003513355
2018-05-30,2282.162209958647,3822.351600979457,4510.03409173141,6289.6504003513355
2018-05-31,2282.162209958647,3822.351600979457,4510.03409173141,6289.6504003513355
2018-06-01,2282.162209958647,3822.351600979457,4510.03409173141,6289.6504003513355
2018-06-04,2282.162209958647,3822.351600979457,4510.03409173141,6289.6504003513355
2018-06-05,2282.162209958647,3822.351600979457,4510.03409173141,6289.6504003513355
2018-06-06,2282.162209958647,3822.351600979457,4510.03409173141,6289.6504003513355
2018-06-07,2282.162209958647,3822.351600979457,4510.03409173141,6289.6504003513355
2018-06-08,2282.162209958647,3822.351600979457,4510.03409173141,6289.6504003513355
2018-06-11,2282.162209958647,3822.351600979457,4510.03409173141,6289.6504003513355
2018-06-12,2282.162209958647,3822.351600979457,4510.03409173141,6289.6504003513355
2018-06-13,2282.162209958647,3822.351600979457,4510.03409173141,6289.6504003513355
2018-06-14,2282.162209958647,3822.351600979457,4510.03409173141,6289.6504003513355
2018-06-15,2282.162209958647,3822.351600979457,4510.03409173141,6289.6504003513355
2018-06-18,2282.162209958647,3822.351600979457,4510.03409173141,6289.6504003513355
2018-06-19,2282.162209958647,3822.351600979457,4510.03409173141,6289.6504003513355
2018-06-20,2282.162209958647,3822.351600979457,4510.03409173141,6289.6504003513355
2018-06-21,2282.162209958647,3822.351600979457,4510.03409173141,6289.6504003513355
2018-06-22,2282.162209958647,3822.351600979457,4510.03409173141,6289.6504003513355
2018-06-25,2297.0517764504198,3823.903876663741,4510.03409173141,6289.6504003513355
2018-06-26,2297.0517764504198,3823.903876663741,4510.03409173141,6289.6504003513355
2018-06-27,2297.0517764504198,3823.903876663741,4510.03409173141,6289.6504003513355
2018-06-28,2297.0517764504198,3823.903876663741,4510.03409173141,6289.6504003513355
2018-06-29,2297.0517764504198,3823.903876663741,4510.03409173141,6289.6504003513355
2018-07-02,2297.0517764504198,3823.903876663741,4510.03409173141,6289.6504003513355
2018-07-03,2297.0517764504198,3823.903876663741,4510.03409173141,6289.6504003513355
2018-07-05,2297.0517764504198,3823.903876663741,4510.03409173141,6289.6504003513355
2018-07-06,2297.0517764504198,3823.903876663741,4510.03409173141,6289.6504003513355
2018-07-09,2297.0517764504198,3823.903876663741,4510.03409173141,6289.6504003513355
2018-07-10,2297.0517764504198,3823.903876663741,4510.03409173141,6289.6504003513355
2018-07-11,2297.0517764504198,3823.903876663741,4510.03409173141,6289.6504003513355
2018-07-12,2297.0517764504198,3823.903876663741,4510.03409173141,6289.6504003513355
2018-07-13,2297.0517764504198,3823.903876663741,4510.03409173141,6289.6504003513355
2018-07-16,2297.0517764504198,3823.903876663741,4510.03409173141,6289.6504003513355
2018-07-17,2297.0517764504198,3823.903876663741,4510.03409173141,6289.6504003513355
2018-07-18,2297.0517764504198,3823.903876663741,4510.03409173141,6289.6504003513355
2018-07-19,2297.0517764504198,3823.903876663741,4510.03409173141,6289.6504003513355
2018-07-20,2297.0517764504198,3823.903876663741,4510.03409173141,6289.6504003513355
2018-07-23,2297.0517764504198,3823.903876663741,4510.03409173141,6289.6504003513355
2018-07-24,2297.0517764504198,3823.903876663741,4510.03409173141,6289.6504003513355
2018-07-25,2297.0517764504198,3823.903876663741,4510.03409173141,6289.6504003513355
2018-07-26,2297.0517764504198,3823.903876663741,4510.03409173141,6289.6504003513355
2018-07-27,2297.0517764504198,3823.903876663741,4510.03409173141,6289.6504003513355
2018-07-30,2297.0517764504198,3823.903876663741,4510.03409173141,6289.6504003513355
2018-07-31,2297.0517764504198,3823.903876663741,4510.03409173141,6289.6504003513355
2018-08-01,2297.0517764504198,3823.903876663741,4510.03409173141,6289.6504003513355
2018-08-02,2297.0517764504198,3823.903876663741,4510.03409173141,6289.6504003513355
2018-08-03,2297.0517764504198,3823.903876663741,4510.03409173141,6289.6504003513355
2018-08-06,2297.0517764504198,3823.903876663741,4510.03409173141,6289.6504003513355
2018-08-07,2297.0517764504198,3823.903876663741,4510.03409173141,6289.6504003513355
2018-08-08,2297.0517764504198,3823.903876663741,4510.03409173141,6289.6504003513355
2018-08-09,2297.0517764504198,3823.903876663741,4510.03409173141,6289.6504003513355
2018-08-10,2297.0517764504198,3823.903876663741,4510.03409173141,6289.6504003513355
2018-08-13,2297.0517764504198,3823.903876663741,4510.03409173141,6289.6504003513355
2018-08-14,2297.0517764504198,3823.903876663741,4510.03409173141,6289.6504003513355
2018-08-15,2297.0517764504198,3823.903876663741,4510.03409173141,6289.6504003513355
2018-08-16,2297.0517764504198,3823.903876663741,4510.03409173141,6289.6504003513355
2018-08-17,2297.0517764504198,3823.903876663741,4510.03409173141,6289.6504003513355
2018-08-20,2297.0517764504198,3823.903876663741,4510.03409173141,6289.6504003513355
2018-08-21,2297.0517764504198,3823.903876663741,4510.03409173141,6289.6504003513355
2018-08-22,2297.0517764504198,3823.903876663741,4510.03409173141,6289.6504003513355
2018-08-23,2297.0517764504198,3823.903876663741,4510.03409173141,6289.6504003513355
2018-08-24,2297.0517764504198,3823.903876663741,4510.03409173141,6289.6504003513355
2018-08-27,2297.0517764504198,3823.903876663741,4510.03409173141,6289.6504003513355
2018-08-28,2297.0517764504198,3823.903876663741,4510.03409173141,6289.6504003513355
2018-08-29,2297.0517764504198,3823.903876663741,4510.03409173141,6289.6504003513355
2018-08-30,2297.0517764504198,3823.903876663741,4510.03409173141,6289.6504003513355
2018-08-31,2297.0517764504198,3823.903876663741,4510.03409173141,6289.6504003513355
2018-09-04,2297.0517764504198,3823.903876663741,4510.03409173141,6289.6504003513355
2018-09-05,2297.0517764504198,3823.903876663741,4510.03409173141,6289.6504003513355
2018-09-06,2297.0517764504198,3823.903876663741,4510.03409173141,6289.6504003513355
2018-09-07,2297.0517764504198,3823.903876663741,4510.03409173141,6289.6504003513355
2018-09-10,2297.0517764504198,3823.903876663741,4510.03409173141,6289.6504003513355
2018-09-11,2297.0517764504198,3823.903876663741,4510.03409173141,6289.6504003513355
2018-09-12,2297.0517764504198,3823.903876663741,4510.03409173141,6289.6504003513355
2018-09-13,2297.0517764504198,3823.903876663741,4510.03409173141,6289.6504003513355
2018-09-14,2297.0517764504198,3823.903876663741,4510.03409173141,6289.6504003513355
2018-09-17,2297.0517764504198,3823.903876663741,4510.03409173141,6289.6504003513355
2018-09-18,2297.0517764504198,3823.903876663741,4510.03409173141,6289.6504003513355
2018-09-19,2297.0517764504198,3823.903876663741,4510.03409173141,6289.6504003513355
2018-09-20,2297.0517764504198,3823.903876663741,4510.03409173141,6289.6504003513355
2018-09-21,2297.0517764504198,3823.903876663741,4510.03409173141,6289.6504003513355
2018-09-24,2297.0517764504198,3823.903876663741,4510.03409173141,6289.6504003513355
2018-09-25,2297.0517764504198,3823.903876663741,4510.03409173141,6289.6504003513355
2018-09-26,2297.0517764504198,3823.903876663741,4510.03409173141,6289.6504003513355
2018-09-27,2297.0517764504198,3823.903876663741,4510.03409173141,6289.6504003513355
2018-09-28,2297.0517764504198,3823.903876663741,4510.03409173141,6289.6504003513355
2018-10-01,2297.0517764504198,3823.903876663741,4510.03409173141,6289.6504003513355
2018-10-02,2297.0517764504198,3823.903876663741,4510.03409173141,6289.6504003513355
2018-10-03,2297.0517764504198,3823.903876663741,4510.03409173141,6289.6504003513355
2018-10-04,2297.0517764504198,3823.903876663741,4510.03409173141,6289.6504003513355
2018-10-05,2297.0517764504198,3823.903876663741,4510.03409173141,6289.6504003513355
2018-10-08,2297.0517764504198,3823.903876663741,4510.03409173141,6289.6504003513355
2018-10-09,2297.0517764504198,3823.903876663741,4510.03409173141,6289.6504003513355
2018-10-10,2392.132175134976,4093.9322204451846,5337.335918431785,6615.6130805761395
2018-10-11,2480.0053538155144,4155.869312674729,5337.335918431785,6615.6130805761395
2018-10-12,2480.0053538155144,4155.869312674729,5337.335918431785,6615.6130805761395
2018-10-15,2480.0053538155144,4155.869312674729,5337.335918431785,6615.6130805761395
2018-10-16,2480.0053538155144,4155.869312674729,5337.335918431785,6615.6130805761395
2018-10-17,2480.0053538155144,4155.869312674729,5337.335918431785,6615.6130805761395
2018-10-18,2549.032754502325,4189.126732950716,5337.335918431785,6615.6130805761395
2018-10-19,2549.032754502325,4189.126732950716,5337.335918431785,6615.6130805761395
2018-10-22,2549.032754502325,4189.126732950716,5337.335918431785,6615.6130805761395
2018-10-23,2549.032754502325,4189.126732950716,5337.335918431785,6615.6130805761395
2018-10-24,2678.675155886351,4428.1361922273445,5759.862027099778,6615.6130805761395
2018-10-25,2678.675155886351,4428.1361922273445,5759.862027099778,6615.6130805761395
2018-10-26,2678.675155886351,4428.1361922273445,5759.862027099778,6615.6130805761395
2018-10-29,2678.675155886351,4428.1361922273445,5759.862027099778,6615.6130805761395
2018-10-30,2678.675155886351,4428.1361922273445,5759.862027099778,6615.6130805761395
2018-10-31,2678.675155886351,4428.1361922273445,5759.862027099778,6615.6130805761395
2018-11-01,2678.675155886351,4428.1361922273445,5759.862027099778,6615.6130805761395
2018-11-02,2678.675155886351,4428.1361922273445,5759.862027099778,6615.6130805761395
2018-11-05,2678.675155886351,4428.1361922273445,5759.862027099778,6615.6130805761395
2018-11-06,2678.675155886351,4428.1361922273445,5759.862027099778,6615.6130805761395
2018-11-07,2678.675155886351,4428.1361922273445,5759.862027099778,6615.6130805761395
2018-11-08,2678.675155886351,4428.1361922273445,5759.862027099778,6615.6130805761395
2018-11-09,2697.786524602934,4428.1361922273445,5759.862027099778,6615.6130805761395
2018-11-12,2846.3305896476472,4602.765372392985,5759.862027099778,6615.6130805761395
2018-11-13,2846.3305896476472,4602.765372392985,5759.862027099778,6615.6130805761395
2018-11-14,2846.3305896476472,4602.765372392985,5759.862027099778,6615.6130805761395
2018-11-15,2846.3305896476472,4602.765372392985,5759.862027099778,6615.6130805761395
2018-11-16,2846.3305896476472,4602.765372392985,5759.862027099778,6615.6130805761395
2018-11-19,2877.365431888709,4602.765372392985,5759.862027099778,6615.6130805761395
2018-11-20,3071.1321863820863,4645.827505831031,5759.862027099778,6615.6130805761395
2018-11-21,3071.1321863820863,4645.827505831031,5759.862027099778,6615.6130805761395
2018-11-23,3071.1321863820863,4645.827505831031,5759.862027099778,6615.6130805761395
2018-11-26,3071.1321863820863,4645.827505831031,5759.862027099778,6615.6130805761395
2018-11-27,3071.1321863820863,4645.827505831031,5759.862027099778,6615.6130805761395
2018-11-28,3071.1321863820863,4645.827505831031,5759.862027099778,6615.6130805761395
2018-11-29,3071.1321863820863,4645.827505831031,5759.862027099778,6615.6130805761395
2018-11-30,3071.1321863820863,4645.827505831031,5759.862027099778,6615.6130805761395
2018-12-03,3071.1321863820863,4645.827505831031,5759.862027099778,6615.6130805761395
2018-12-04,3232.4175774545297,4898.050794157627,6148.880092625354,6832.854279440915
2018-12-06,3232.4175774545297,4898.050794157627,6148.880092625354,6832.854279440915
2018-12-07,3278.9947275231966,4986.596388713965,6148.880092625354,6832.854279440915
2018-12-10,3278.9947275231966,4986.596388713965,6148.880092625354,6832.854279440915
2018-12-11,3278.9947275231966,4986.596388713965,6148.880092625354,6832.854279440915
2018-12-12,3278.9947275231966,4986.596388713965,6148.880092625354,6832.854279440915
2018-12-13,3278.9947275231966,4986.596388713965,6148.880092625354,6832.854279440915
2018-12-14,3278.9947275231966,4986.596388713965,6148.880092625354,6832.854279440915
2018-12-17,3278.9947275231966,4986.596388713965,6148.880092625354,6832.854279440915
2018-12-18,3278.9947275231966,4986.596388713965,6148.880092625354,6832.854279440915
2018-12-19,3278.9947275231966,4986.596388713965,6148.880092625354,6832.854279440915
2018-12-20,3278.9947275231966,4986.596388713965,6148.880092625354,6832.854279440915
2018-12-21,3397.2815617240826,5036.497547958745,6148.880092625354,6832.854279440915
2018-12-24,3439.3286078392484,5036.497547958745,6148.880092625354,6832.854279440915
2018-12-26,3439.3286078392484,5036.497547958745,6148.880092625354,6832.854279440915
2018-12-27,3439.3286078392484,5036.497547958745,6148.880092625354,6832.854279440915
2018-12-28,3439.3286078392484,5036.497547958745,6148.880092625354,6832.854279440915
2018-12-31,3439.3286078392484,5036.497547958745,6148.880092625354,6832.854279440915
2019-01-02,3439.3286078392484,5036.497547958745,6148.880092625354,6832.854279440915
2019-01-03,3634.5307176723213,5141.388427852111,6148.880092625354,6832.854279440915
2019-01-04,3634.5307176723213,5141.388427852111,6148.880092625354,6832.854279440915
2019-01-07,3634.5307176723213,5141.388427852111,6148.880092625354,6832.854279440915
2019-01-08,3634.5307176723213,5141.388427852111,6148.880092625354,6832.854279440915
2019-01-09,3634.5307176723213,5141.388427852111,6148.880092625354,6832.854279440915
2019-01-10,3634.5307176723213,5141.388427852111,6148.880092625354,6832.854279440915
2019-01-11,3634.5307176723213,5141.388427852111,6148.880092625354,6832.854279440915
2019-01-14,3634.5307176723213,5141.388427852111,6148.880092625354,6832.854279440915
2019-01-15,3634.5307176723213,5141.388427852111,6148.880092625354,6832.854279440915
2019-01-16,3634.5307176723213,5141.388427852111,6148.880092625354,6832.854279440915
2019-01-17,3634.5307176723213,5141.388427852111,6148.880092625354,6832.854279440915
2019-01-18,3634.5307176723213,5141.388427852111,6148.880092625354,6832.854279440915
2019-01-22,3634.5307176723213,5141.388427852111,6148.880092625354,6832.854279440915
2019-01-23,3634.5307176723213,5141.388427852111,6148.880092625354,6832.854279440915
2019-01-24,3634.5307176723213,5141.388427852111,6148.880092625354,6832.854279440915
2019-01-25,3634.5307176723213,5141.388427852111,6148.880092625354,6832.854279440915
2019-01-28,3634.5307176723213,5141.388427852111,6148.880092625354,6832.854279440915
2019-01-29,3634.5307176723213,5141.388427852111,6148.880092625354,6832.854279440915
2019-01-30,3634.5307176723213,5141.388427852111,6148.880092625354,6832.854279440915
2019-01-31,3634.5307176723213,5141.388427852111,6148.880092625354,6832.854279440915
2019-02-01,3439.3286078392484,5088.960892268311,6148.880092625354,6832.854279440915
2019-02-04,3339.644970974351,4793.632417817383,5759.862027099778,6364.700570577804
2019-02-05,3339.644970974351,4793.632417817383,5759.862027099778,6364.700570577804
2019-02-06,3339.644970974351,4793.632417817383,5759.862027099778,6364.700570577804
2019-02-07,3278.9947275231966,4522.776890003461,5366.435356417573,5995.212303987249
2019-02-08,3278.9947275231966,4522.776890003461,5366.435356417573,5995.212303987249
2019-02-11,3278.9947275231966,4522.776890003461,5366.435356417573,5995.212303987249
2019-02-12,3278.9947275231966,4522.776890003461,5366.435356417573,5995.212303987249
2019-02-13,3278.9947275231966,4522.776890003461,5366.435356417573,5995.212303987249
2019-02-14,3278.9947275231966,4522.776890003461,5366.435356417573,5995.212303987249
2019-02-15,3278.9947275231966,4522.776890003461,5366.435356417573,5995.212303987249
2019-02-19,3278.9947275231966,4522.776890003461,5366.435356417573,5995.212303987249
2019-02-20,3278.9947275231966,4522.776890003461,5366.435356417573,5995.212303987249
2019-02-21,3278.9947275231966,4522.776890003461,5366.435356417573,5995.212303987249
2019-02-22,3278.9947275231966,4522.776890003461,5366.435356417573,5995.212303987249
2019-02-25,3278.9947275231966,4522.776890003461,5366.435356417573,5995.212303987249
2019-02-26,3278.9947275231966,4522.776890003461,5366.435356417573,5995.212303987249
2019-02-27,3278.9947275231966,4522.776890003461,5366.435356417573,5995.212303987249
2019-02-28,3278.9947275231966,4522.776890003461,5366.435356417573,5995.212303987249
2019-03-01,3278.9947275231966,4522.776890003461,5366.435356417573,5995.212303987249
2019-03-04,3278.9947275231966,4522.776890003461,5366.435356417573,5995.212303987249
2019-03-05,3278.9947275231966,4522.776890003461,5366.435356417573,5995.212303987249
2019-03-06,3278.9947275231966,4522.776890003461,5366.435356417573,5995.212303987249
2019-03-07,3278.9947275231966,4522.776890003461,5366.435356417573,5995.212303987249
2019-03-08,3278.9947275231966,4522.776890003461,5366.435356417573,5995.212303987249
2019-03-11,3278.9947275231966,4522.776890003461,5366.435356417573,5995.212303987249
2019-03-12,3278.9947275231966,4522.776890003461,5366.435356417573,5995.212303987249
2019-03-13,3278.9947275231966,4522.776890003461,5366.435356417573,5995.212303987249
2019-03-14,3278.9947275231966,4522.776890003461,5366.435356417573,5995.212303987249
2019-03-15,3278.9947275231966,4522.776890003461,5366.435356417573,5995.212303987249
2019-03-18,3278.9947275231966,4522.776890003461,5366.435356417573,5995.212303987249
2019-03-19,3278.9947275231966,4522.776890003461,5366.435356417573,5995.212303987249
2019-03-20,3278.9947275231966,4522.776890003461,5366.435356417573,5995.212303987249
2019-03-21,3232.4175774545297,4401.9357095428095,5366.435356417573,5995.212303987249
2019-03-22,3232.4175774545297,4376.851529000374,5366.435356417573,5995.212303987249
2019-03-25,3232.4175774545297,4376.851529000374,5366.435356417573,5995.212303987249
2019-03-26,3088.123235446375,4369.241357452469,5366.435356417573,5995.212303987249
2019-03-27,3088.123235446375,4369.241357452469,5366.435356417573,5995.212303987249
2019-03-28,3088.123235446375,4369.241357452469,5366.435356417573,5995.212303987249
2019-03-29,3088.123235446375,4369.241357452469,5366.435356417573,5995.212303987249
2019-04-01,3088.123235446375,4369.241357452469,5366.435356417573,5995.212303987249
2019-04-02,3088.123235446375,4369.241357452469,5366.435356417573,5995.212303987249
2019-04-03,3088.123235446375,4369.241357452469,5366.435356417573,5995.212303987249
2019-04-04,2947.4449215033146,4302.225278148598,5366.435356417573,5995.212303987249
2019-04-05,2947.4449215033146,4302.225278148598,5366.435356417573,5995.212303987249
2019-04-08,2947.4449215033146,4302.225278148598,5366.435356417573,5995.212303987249
2019-04-09,2947.4449215033146,4302.225278148598,5366.435356417573,5995.212303987249
2019-04-10,2947.4449215033146,4302.225278148598,5366.435356417573,5995.212303987249
2019-04-11,2947.4449215033146,4302.225278148598,5366.435356417573,5995.212303987249
2019-04-12,2947.4449215033146,4302.225278148598,5366.435356417573,5995.212303987249
2019-04-15,2947.4449215033146,4302.225278148598,5366.435356417573,5995.212303987249
2019-04-16,2947.4449215033146,4302.225278148598,5366.435356417573,5995.212303987249
2019-04-17,2947.4449215033146,4302.225278148598,5366.435356417573,5995.212303987249
2019-04-18,2947.4449215033146,4302.225278148598,5366.435356417573,5995.212303987249
2019-04-22,2947.4449215033146,4302.225278148598,5366.435356417573,5995.212303987249
2019-04-23,2919.4784648928107,4282.0219071522315,5366.435356417573,5995.212303987249
2019-04-24,2919.4784648928107,4282.0219071522315,5366.435356417573,5995.212303987249
2019-04-25,2919.4784648928107,4282.0219071522315,5366.435356417573,5995.212303987249
2019-04-26,2919.4784648928107,4282.0219071522315,5366.435356417573,5995.212303987249
2019-04-29,2919.4784648928107,4282.0219071522315,5366.435356417573,5995.212303987249
2019-04-30,2919.4784648928107,4282.0219071522315,5366.435356417573,5995.212303987249
2019-05-01,2919.4784648928107,4282.0219071522315,5366.435356417573,5995.212303987249
2019-05-02,2919.4784648928107,4282.0219071522315,5366.435356417573,5995.212303987249
2019-05-03,2919.4784648928107,4282.0219071522315,5366.435356417573,5995.212303987249
2019-05-06,2919.4784648928107,4282.0219071522315,5366.435356417573,5995.212303987249
2019-05-07,2947.4449215033146,4301.729054019157,5366.435356417573,5995.212303987249
2019-05-08,2947.4449215033146,4301.729054019157,5366.435356417573,5995.212303987249
2019-05-09,2947.4449215033146,4301.729054019157,5366.435356417573,5995.212303987249
2019-05-10,2947.4449215033146,4301.729054019157,5366.435356417573,5995.212303987249
2019-05-13,3084.5752329208763,4429.080917413919,5366.435356417573,5995.212303987249
2019-05-14,3084.5752329208763,4429.080917413919,5366.435356417573,5995.212303987249
2019-05-15,3084.5752329208763,4429.080917413919,5366.435356417573,5995.212303987249
2019-05-16,3084.5752329208763,4429.080917413919,5366.435356417573,5995.212303987249
2019-05-17,3084.5752329208763,4429.080917413919,5366.435356417573,5995.212303987249
2019-05-20,3084.5752329208763,4429.080917413919,5366.435356417573,5995.212303987249
2019-05-21,3084.5752329208763,4429.080917413919,5366.435356417573,5995.212303987249
2019-05-22,3084.5752329208763,4429.080917413919,5366.435356417573,5995.212303987249
2019-05-23,3084.5752329208763,4429.080917413919,5366.435356417573,5995.212303987249
2019-05-24,3084.5752329208763,4429.080917413919,5366.435356417573,5995.212303987249
2019-05-28,3084.5752329208763,4429.080917413919,5366.435356417573,5995.212303987249
2019-05-29,3084.5752329208763,4429.080917413919,5366.435356417573,5995.212303987249
2019-05-30,3084.5752329208763,4429.080917413919,5366.435356417573,5995.212303987249
2019-05-31,3084.5752329208763,4429.080917413919,5366.435356417573,5995.212303987249
2019-06-03,3084.5752329208763,4429.080917413919,5366.435356417573,5995.212303987249
2019-06-04,3084.5752329208763,4429.080917413919,5366.435356417573,5995.212303987249
2019-06-05,3084.5752329208763,4429.080917413919,5366.435356417573,5995.212303987249
2019-06-06,3084.5752329208763,4429.080917413919,5366.435356417573,5995.212303987249
2019-06-07,3084.5752329208763,4429.080917413919,5366.435356417573,5995.212303987249
2019-06-10,3084.5752329208763,4429.080917413919,5366.435356417573,5995.212303987249
2019-06-11,3084.5752329208763,4429.080917413919,5366.435356417573,5995.212303987249
2019-06-12,3084.5752329208763,4429.080917413919,5366.435356417573,5995.212303987249
2019-06-13,3084.5752329208763,4429.080917413919,5366.435356417573,5995.212303987249
2019-06-14,3084.5752329208763,4429.080917413919,5366.435356417573,5995.212303987249
2019-06-17,3084.5752329208763,4429.080917413919,5366.435356417573,5995.212303987249
2019-06-18,3084.5752329208763,4429.080917413919,5366.435356417573,5995.212303987249
2019-06-19,3084.5752329208763,4429.080917413919,5366.435356417573,5995.212303987249
2019-06-20,3084.5752329208763,4429.080917413919,5366.435356417573,5995.212303987249
2019-06-21,3084.5752329208763,4429.080917413919,5366.435356417573,5995.212303987249
2019-06-24,3084.5752329208763,4429.080917413919,5366.435356417573,5995.212303987249
2019-06-25,3084.5752329208763,4429.080917413919,5366.435356417573,5995.212303987249
2019-06-26,3084.5752329208763,4429.080917413919,5366.435356417573,5995.212303987249
2019-06-27,3084.5752329208763,4429.080917413919,5366.435356417573,5995.212303987249
2019-06-28,3084.5752329208763,4429.080917413919,5366.435356417573,5995.212303987249
2019-07-01,3084.5752329208763,4429.080917413919,5366.435356417573,5995.212303987249
2019-07-02,3084.5752329208763,4429.080917413919,5366.435356417573,5995.212303987249
2019-07-03,3084.5752329208763,4429.080917413919,5366.435356417573,5995.212303987249
2019-07-05,3084.5752329208763,4429.080917413919,5366.435356417573,5995.212303987249
2019-07-08,3084.5752329208763,4429.080917413919,5366.435356417573,5995.212303987249
2019-07-09,3084.5752329208763,4429.080917413919,5366.435356417573,5995.212303987249
2019-07-10,3084.5752329208763,4429.080917413919,5366.435356417573,5995.212303987249
2019-07-11,3084.5752329208763,4429.080917413919,5366.435356417573,5995.212303987249
2019-07-12,3084.5752329208763,4429.080917413919,5366.435356417573,5995.212303987249
2019-07-15,3084.5752329208763,4429.080917413919,5366.435356417573,5995.212303987249
2019-07-16,3084.5752329208763,4429.080917413919,5366.435356417573,5995.212303987249
2019-07-17,3084.5752329208763,4429.080917413919,5366.435356417573,5995.212303987249
2019-07-18,3084.5752329208763,4429.080917413919,5366.435356417573,5995.212303987249
2019-07-19,3084.5752329208763,4429.080917413919,5366.435356417573,5995.212303987249
2019-07-22,3084.5752329208763,4429.080917413919,5366.435356417573,5995.212303987249
2019-07-23,3084.5752329208763,4429.080917413919,5366.435356417573,5995.212303987249
2019-07-24,3084.5752329208763,4429.080917413919,5366.435356417573,5995.212303987249
2019-07-25,3084.5752329208763,4429.080917413919,5366.435356417573,5995.212303987249
2019-07-26,3084.5752329208763,4429.080917413919,5366.435356417573,5995.212303987249
2019-07-29,3084.5752329208763,4429.080917413919,5366.435356417573,5995.212303987249
2019-07-30,3084.5752329208763,4429.080917413919,5366.435356417573,5995.212303987249
2019-07-31,3084.5752329208763,4429.080917413919,5366.435356417573,5995.212303987249
2019-08-01,3084.5752329208763,4429.080917413919,5366.435356417573,5995.212303987249
2019-08-02,3084.5752329208763,4429.080917413919,5366.435356417573,5995.212303987249
2019-08-05,3229.514666297303,4640.0175834597385,5759.862027099778,6069.92445498086
2019-08-06,3229.514666297303,4640.0175834597385,5759.862027099778,6069.92445498086
2019-08-07,3229.514666297303,4640.0175834597385,5759.862027099778,6069.92445498086
2019-08-08,3229.514666297303,4640.0175834597385,5759.862027099778,6069.92445498086
2019-08-09,3229.514666297303,4640.0175834597385,5759.862027099778,6069.92445498086
2019-08-12,3229.514666297303,4640.0175834597385,5759.862027099778,6069.92445498086
2019-08-13,3229.514666297303,4640.0175834597385,5759.862027099778,6069.92445498086
2019-08-14,3330.3855616639526,4832.395237471152,5793.0232549501425,6069.92445498086
2019-08-15,3330.3855616639526,4832.395237471152,5793.0232549501425,6069.92445498086
2019-08-16,3330.3855616639526,4832.395237471152,5793.0232549501425,6069.92445498086
2019-08-19,3330.3855616639526,4832.395237471152,5793.0232549501425,6069.92445498086
2019-08-20,3330.3855616639526,4832.395237471152,5793.0232549501425,6069.92445498086
2019-08-21,3330.3855616639526,4832.395237471152,5793.0232549501425,6069.92445498086
2019-08-22,3330.3855616639526,4832.395237471152,5793.0232549501425,6069.92445498086
2019-08-23,3408.021616180491,4934.209356298457,5793.0232549501425,6069.92445498086
2019-08-26,3408.021616180491,4934.209356298457,5793.0232549501425,6069.92445498086
2019-08-27,3408.021616180491,4934.209356298457,5793.0232549501425,6069.92445498086
2019-08-28,3408.021616180491,4934.209356298457,5793.0232549501425,6069.92445498086
2019-08-29,3408.021616180491,4934.209356298457,5793.0232549501425,6069.92445498086
2019-08-30,3408.021616180491,4934.209356298457,5793.0232549501425,6069.92445498086
2019-09-03,3408.021616180491,4934.209356298457,5793.0232549501425,6069.92445498086
2019-09-04,3408.021616180491,4934.209356298457,5793.0232549501425,6069.92445498086
2019-09-05,3408.021616180491,4934.209356298457,5793.0232549501425,6069.92445498086
2019-09-06,3408.021616180491,4934.209356298457,5793.0232549501425,6069.92445498086
2019-09-09,3408.021616180491,4934.209356298457,5793.0232549501425,6069.92445498086
2019-09-10,3408.021616180491,4934.209356298457,5793.0232549501425,6069.92445498086
2019-09-11,3408.021616180491,4934.209356298457,5793.0232549501425,6069.92445498086
2019-09-12,3408.021616180491,4934.209356298457,5793.0232549501425,6069.92445498086
2019-09-13,3408.021616180491,4934.209356298457,5793.0232549501425,6069.92445498086
2019-09-16,3408.021616180491,4934.209356298457,5793.0232549501425,6069.92445498086
2019-09-17,3408.021616180491,4934.209356298457,5793.0232549501425,6069.92445498086
2019-09-18,3408.021616180491,4934.209356298457,5793.0232549501425,6069.92445498086
2019-09-19,3408.021616180491,4934.209356298457,5793.0232549501425,6069.92445498086
2019-09-20,3408.021616180491,4934.209356298457,5793.0232549501425,6069.92445498086
2019-09-23,3408.021616180491,4934.209356298457,5793.0232549501425,6069.92445498086
2019-09-24,3408.021616180491,4934.209356298457,5793.0232549501425,6069.92445498086
2019-09-25,3408.021616180491,4934.209356298457,5793.0232549501425,6069.92445498086
2019-09-26,3408.021616180491,4934.209356298457,5793.0232549501425,6069.92445498086
2019-09-27,3408.021616180491,4934.209356298457,5793.0232549501425,6069.92445498086
2019-09-30,3408.021616180491,4934.209356298457,5793.0232549501425,6069.92445498086
2019-10-01,3408.021616180491,4934.209356298457,5793.0232549501425,6069.92445498086
2019-10-02,3460.8710070955008,4947.137391661907,5793.0232549501425,6069.92445498086
2019-10-03,3460.8710070955008,4947.137391661907,5793.0232549501425,6069.92445498086
2019-10-04,3460.8710070955008,4947.137391661907,5793.0232549501425,6069.92445498086
2019-10-07,3460.8710070955008,4947.137391661907,5793.0232549501425,6069.92445498086
2019-10-08,3460.8710070955008,4947.137391661907,5793.0232549501425,6069.92445498086
2019-10-09,3408.021616180491,4763.526849898407,5735.42594599738,6053.953160142691
2019-10-10,3408.021616180491,4763.526849898407,5735.42594599738,6053.953160142691
2019-10-11,3408.021616180491,4763.526849898407,5735.42594599738,6053.953160142691
2019-10-14,3408.021616180491,4763.526849898407,5735.42594599738,6053.953160142691
2019-10-15,3408.021616180491,4763.526849898407,5735.42594599738,6053.953160142691
2019-10-16,3408.021616180491,4763.526849898407,5735.42594599738,6053.953160142691
2019-10-17,3408.021616180491,4763.526849898407,5735.42594599738,6053.953160142691
2019-10-18,3408.021616180491,4763.526849898407,5735.42594599738,6053.953160142691
2019-10-21,3408.021616180491,4763.526849898407,5735.42594599738,6053.953160142691
2019-10-22,3408.021616180491,4763.526849898407,5735.42594599738,6053.953160142691
2019-10-23,3292.2225562618787,4585.125374394299,5400.950103772033,6053.953160142691
2019-10-24,3292.2225562618787,4585.125374394299,5400.950103772033,6053.953160142691
2019-10-25,3292.2225562618787,4585.125374394299,5400.950103772033,6053.953160142691
2019-10-28,3292.2225562618787,4585.125374394299,5400.950103772033,6053.953160142691
2019-10-29,3292.2225562618787,4585.125374394299,5400.950103772033,6053.953160142691
2019-10-30,3292.2225562618787,4585.125374394299,5400.950103772033,6053.953160142691
2019-10-31,3292.2225562618787,4585.125374394299,5400.950103772033,6053.953160142691
2019-11-01,3292.2225562618787,4585.125374394299,5400.950103772033,6053.953160142691
2019-11-04,3292.2225562618787,4585.125374394299,5400.950103772033,6053.953160142691
2019-11-05,3292.2225562618787,4585.125374394299,5400.950103772033,6053.953160142691
2019-11-06,3292.2225562618787,4585.125374394299,5400.950103772033,6053.953160142691
2019-11-07,3292.2225562618787,4585.125374394299,5400.950103772033,6053.953160142691
2019-11-08,3292.2225562618787,4585.125374394299,5400.950103772033,6053.953160142691
2019-11-11,3084.5752329208763,4443.937955473433,5318.512414624899,6053.953160142691
2019-11-12,3084.5752329208763,4443.937955473433,5318.512414624899,6053.953160142691
2019-11-13,3084.5752329208763,4443.937955473433,5318.512414624899,6053.953160142691
2019-11-14,3084.5752329208763,4443.937955473433,5318.512414624899,6053.953160142691
2019-11-15,3084.5752329208763,4443.937955473433,5318.512414624899,6053.953160142691
2019-11-18,3084.5752329208763,4443.937955473433,5318.512414624899,6053.953160142691
2019-11-19,2940.2453026380517,4403.78027486689,5318.512414624899,6053.953160142691
2019-11-20,2940.2453026380517,4403.78027486689,5318.512414624899,6053.953160142691
2019-11-21,2940.2453026380517,4403.78027486689,5318.512414624899,6053.953160142691
2019-11-22,2940.2453026380517,4403.78027486689,5318.512414624899,6053.953160142691
2019-11-25,2940.2453026380517,4403.78027486689,5318.512414624899,6053.953160142691
2019-11-26,2940.2453026380517,4403.78027486689,5318.512414624899,6053.953160142691
2019-11-27,2940.2453026380517,4403.78027486689,5318.512414624899,6053.953160142691
2019-11-29,2940.2453026380517,4403.78027486689,5318.512414624899,6053.953160142691
2019-12-02,2940.2453026380517,4403.78027486689,5318.512414624899,6053.953160142691
2019-12-03,2820.22228713322,4130.122911464396,4779.119326407682,5514.5673608459765
2019-12-04,2820.22228713322,4130.122911464396,4779.119326407682,5514.5673608459765
2019-12-05,2599.043609886886,3998.6532011764716,4779.119326407682,5514.5673608459765
2019-12-06,2599.043609886886,3998.6532011764716,4779.119326407682,5514.5673608459765
2019-12-09,2599.043609886886,3998.6532011764716,4779.119326407682,5514.5673608459765
2019-12-10,2599.043609886886,3998.6532011764716,4779.119326407682,5514.5673608459765
2019-12-11,2599.043609886886,3998.6532011764716,4779.119326407682,5514.5673608459765
2019-12-12,2424.7486426362716,3979.7437042017946,4779.119326407682,5514.5673608459765
2019-12-13,2358.120044809716,3934.5539721156374,4779.119326407682,5514.5673608459765
2019-12-16,2358.120044809716,3934.5539721156374,4779.119326407682,5514.5673608459765
2019-12-17,2358.120044809716,3934.5539721156374,4779.119326407682,5514.5673608459765
2019-12-18,2303.95638402477,3934.5539721156374,4779.119326407682,5514.5673608459765
2019-12-19,2202.1871958650804,3802.073124503934,4779.119326407682,5514.5673608459765
2019-12-20,2159.5547113287007,3710.1638569380916,4779.119326407682,5514.5673608459765
2019-12-23,2159.5547113287007,3710.1638569380916,4779.119326407682,5514.5673608459765
2019-12-24,2159.5547113287007,3710.1638569380916,4779.119326407682,5514.5673608459765
2019-12-26,2159.5547113287007,3710.1638569380916,4779.119326407682,5514.5673608459765
2019-12-27,2159.5547113287007,3710.1638569380916,4779.119326407682,5514.5673608459765
2019-12-30,2159.5547113287007,3710.1638569380916,4779.119326407682,5514.5673608459765
2019-12-31,2084.5121197210906,3500.633104689433,4663.495531943453,5466.303462438664
2020-01-02,2084.5121197210906,3500.633104689433,4663.495531943453,5466.303462438664
2020-01-03,2084.5121197210906,3500.633104689433,4663.495531943453,5466.303462438664
2020-01-06,2084.5121197210906,3500.633104689433,4663.495531943453,5466.303462438664
2020-01-07,2084.5121197210906,3500.633104689433,4663.495531943453,5466.303462438664
2020-01-08,2084.5121197210906,3500.633104689433,4663.495531943453,5466.303462438664
2020-01-09,2084.5121197210906,3500.633104689433,4663.495531943453,5466.303462438664
2020-01-10,2084.5121197210906,3500.633104689433,4663.495531943453,5466.303462438664
2020-01-13,2084.5121197210906,3500.633104689433,4663.495531943453,5466.303462438664
2020-01-14,2084.5121197210906,3500.633104689433,4663.495531943453,5466.303462438664
2020-01-15,2084.5121197210906,3500.633104689433,4663.495531943453,5466.303462438664
2020-01-16,2084.5121197210906,3500.633104689433,4663.495531943453,5466.303462438664
2020-01-17,2016.261044621083,3467.5376669081315,4663.495531943453,5466.303462438664
2020-01-21,2016.261044621083,3467.5376669081315,4663.495531943453,5466.303462438664
2020-01-22,2016.261044621083,3467.5376669081315,4663.495531943453,5466.303462438664
2020-01-23,2016.261044621083,3467.5376669081315,4663.495531943453,5466.303462438664
2020-01-24,2016.261044621083,3476.1340863233627,4663.495531943453,5466.303462438664
2020-01-27,2084.5121197210906,3603.5885095643866,4663.495531943453,5466.303462438664
2020-01-28,2084.5121197210906,3603.5885095643866,4663.495531943453,5466.303462438664
2020-01-29,2084.5121197210906,3603.5885095643866,4663.495531943453,5466.303462438664
2020-01-30,2084.5121197210906,3603.5885095643866,4663.495531943453,5466.303462438664
2020-01-31,2159.5547113287007,3936.01400617935,5247.564483966149,6047.111253099963
2020-02-03,2159.5547113287007,3936.01400617935,5247.564483966149,6047.111253099963
2020-02-04,2159.5547113287007,3936.01400617935,5247.564483966149,6047.111253099963
2020-02-05,2159.5547113287007,3936.01400617935,5247.564483966149,6047.111253099963
2020-02-06,2159.5547113287007,3936.01400617935,5247.564483966149,6047.111253099963
2020-02-07,2159.5547113287007,3936.01400617935,5247.564483966149,6047.111253099963
2020-02-10,2159.5547113287007,3936.01400617935,5247.564483966149,6047.111253099963
2020-02-11,2159.5547113287007,3936.01400617935,5247.564483966149,6047.111253099963
2020-02-12,2159.5547113287007,3936.01400617935,5247.564483966149,6047.111253099963
2020-02-13,2159.5547113287007,3936.01400617935,5247.564483966149,6047.111253099963
2020-02-14,2159.5547113287007,3936.01400617935,5247.564483966149,6047.111253099963
2020-02-18,2159.5547113287007,3936.01400617935,5247.564483966149,6047.111253099963
2020-02-19,2159.5547113287007,3936.01400617935,5247.564483966149,6047.111253099963
2020-02-20,2159.5547113287007,3936.01400617935,5247.564483966149,6047.111253099963
2020-02-21,2159.5547113287007,3936.01400617935,5247.564483966149,6047.111253099963
2020-02-24,2202.1871958650804,4374.08656407273,5848.382017513509,6751.520458933218
2020-02-25,2303.95638402477,4721.756015440814,6191.599805548117,7021.311593674861
2020-02-26,2303.95638402477,4721.756015440814,6191.599805548117,7021.311593674861
2020-02-27,2731.9740647685785,5267.697308694725,6593.927216058738,8030.147370981528
2020-02-28,2731.9740647685785,5267.697308694725,6593.927216058738,8030.147370981528
2020-03-02,2731.9740647685785,5267.697308694725,6593.927216058738,8030.147370981528
2020-03-03,3110.6736185704253,5521.958881049328,6593.927216058738,8030.147370981528
2020-03-04,3110.6736185704253,5521.958881049328,6593.927216058738,8030.147370981528
2020-03-05,3318.5521553528524,5780.425935326547,6640.596660812487,8030.147370981528
2020-03-06,3521.9994682854062,5809.628521995382,6640.596660812487,8030.147370981528
2020-03-09,3648.7119484446057,6763.95300011575,7319.591860953082,11119.95591594076
2020-03-10,3648.7119484446057,6763.95300011575,7319.591860953082,11119.95591594076
2020-03-11,3755.787086044831,7131.161019798961,8178.837252182089,11314.088243283622
2020-03-12,4255.144546043939,8134.114683094162,8979.308964485965,14108.549407147986
2020-03-13,4255.144546043939,8134.114683094162,8979.308964485965,14108.549407147986
2020-03-16,4666.906146629251,9737.133777139381,12804.322882487151,19436.900124327647
2020-03-17,4666.906146629251,9737.133777139381,12804.322882487151,19436.900124327647
2020-03-18,5290.096948446269,10279.851371256651,13924.65791210125,19436.900124327647
2020-03-19,5290.096948446269,10279.851371256651,13924.65791210125,19436.900124327647
2020-03-20,5854.640436624548,10378.376361846185,13924.65791210125,19436.900124327647
2020-03-23,5854.640436624548,10378.376361846185,13924.65791210125,19436.900124327647
2020-03-24,5854.640436624548,10378.376361846185,13924.65791210125,19436.900124327647
2020-03-25,5854.640436624548,10378.376361846185,13924.65791210125,19436.900124327647
2020-03-26,5854.640436624548,10378.376361846185,13924.65791210125,19436.900124327647
2020-03-27,6012.834561887194,10390.65425139352,13924.65791210125,19436.900124327647
2020-03-30,6012.834561887194,10390.65425139352,13924.65791210125,19436.900124327647
2020-03-31,6012.834561887194,10390.65425139352,13924.65791210125,19436.900124327647
2020-04-01,6218.4051501351905,10528.95973800244,13924.65791210125,19436.900124327647
2020-04-02,6218.4051501351905,10528.95973800244,13924.65791210125,19436.900124327647
2020-04-03,6218.4051501351905,10528.95973800244,13924.65791210125,19436.900124327647
2020-04-06,6218.4051501351905,10528.95973800244,13924.65791210125,19436.900124327647
2020-04-07,6218.4051501351905,10528.95973800244,13924.65791210125,19436.900124327647
2020-04-08,6218.4051501351905,10528.95973800244,13924.65791210125,19436.900124327647
2020-04-09,6218.4051501351905,10528.95973800244,13924.65791210125,19436.900124327647
2020-04-13,6218.4051501351905,10528.95973800244,13924.65791210125,19436.900124327647
2020-04-14,6218.4051501351905,10528.95973800244,13924.65791210125,19436.900124327647
2020-04-15,6218.4051501351905,10528.95973800244,13924.65791210125,19436.900124327647
2020-04-16,6218.4051501351905,10528.95973800244,13924.65791210125,19436.900124327647
2020-04-17,6218.4051501351905,10528.95973800244,13924.65791210125,19436.900124327647
2020-04-20,6218.4051501351905,10528.95973800244,13924.65791210125,19436.900124327647
2020-04-21,6218.4051501351905,10528.95973800244,13924.65791210125,19436.900124327647
2020-04-22,6218.4051501351905,10528.95973800244,13924.65791210125,19436.900124327647
2020-04-23,6218.4051501351905,10528.95973800244,13924.65791210125,19436.900124327647
2020-04-24,6218.4051501351905,10528.95973800244,13924.65791210125,19436.900124327647
2020-04-27,6218.4051501351905,10528.95973800244,13924.65791210125,19436.900124327647
2020-04-28,6218.4051501351905,10528.95973800244,13924.65791210125,19436.900124327647
2020-04-29,6218.4051501351905,10528.95973800244,13924.65791210125,19436.900124327647
2020-04-30,6218.4051501351905,10528.95973800244,13924.65791210125,19436.900124327647
2020-05-01,6218.4051501351905,10528.95973800244,13924.65791210125,19436.900124327647
2020-05-04,6218.4051501351905,10528.95973800244,13924.65791210125,19436.900124327647
2020-05-05,6218.4051501351905,10528.95973800244,13924.65791210125,19436.900124327647
2020-05-06,6218.4051501351905,10528.95973800244,13924.65791210125,19436.900124327647
2020-05-07,6218.4051501351905,10528.95973800244,13924.65791210125,19436.900124327647
2020-05-08,6218.4051501351905,10528.95973800244,13924.65791210125,19436.900124327647
2020-05-11,6218.4051501351905,10528.95973800244,13924.65791210125,19436.900124327647
2020-05-12,6218.4051501351905,10528.95973800244,13924.65791210125,19436.900124327647
2020-05-13,6218.4051501351905,10528.95973800244,13924.65791210125,19436.900124327647
2020-05-14,6218.4051501351905,10528.95973800244,13924.65791210125,19436.900124327647
2020-05-15,6218.4051501351905,10528.95973800244,13924.65791210125,19436.900124327647
2020-05-18,6218.4051501351905,10528.95973800244,13924.65791210125,19436.900124327647
2020-05-19,6218.4051501351905,10528.95973800244,13924.65791210125,19436.900124327647
2020-05-20,6218.4051501351905,10528.95973800244,13924.65791210125,19436.900124327647
2020-05-21,6218.4051501351905,10528.95973800244,13924.65791210125,19436.900124327647
2020-05-22,6218.4051501351905,10528.95973800244,13924.65791210125,19436.900124327647
2020-05-26,6218.4051501351905,10528.95973800244,13924.65791210125,19436.900124327647
2020-05-27,6218.4051501351905,10528.95973800244,13924.65791210125,19436.900124327647
2020-05-28,6218.4051501351905,10528.95973800244,13924.65791210125,19436.900124327647
2020-05-29,6218.4051501351905,10528.95973800244,13924.65791210125,19436.900124327647
2020-06-01,6218.4051501351905,10528.95973800244,13924.65791210125,19436.900124327647
2020-06-02,6218.4051501351905,10528.95973800244,13924.65791210125,19436.900124327647
2020-06-03,6218.4051501351905,10528.95973800244,13924.65791210125,19436.900124327647
2020-06-04,6218.4051501351905,10528.95973800244,13924.65791210125,19436.900124327647
2020-06-05,6218.4051501351905,10528.95973800244,13924.65791210125,19436.900124327647
2020-06-08,6218.4051501351905,10528.95973800244,13924.65791210125,19436.900124327647
2020-06-09,6218.4051501351905,10528.95973800244,13924.65791210125,19436.900124327647
2020-06-10,6218.4051501351905,10528.95973800244,13924.65791210125,19436.900124327647
2020-06-11,6393.759184285011,11163.658937045268,15305.633793801935,19436.900124327647
2020-06-12,6393.759184285011,11163.658937045268,15305.633793801935,19436.900124327647
2020-06-15,6393.759184285011,11163.658937045268,15305.633793801935,19436.900124327647
2020-06-16,6393.759184285011,11163.658937045268,15305.633793801935,19436.900124327647
2020-06-17,6393.759184285011,11163.658937045268,15305.633793801935,19436.900124327647
2020-06-18,6393.759184285011,11163.658937045268,15305.633793801935,19436.900124327647
2020-06-19,6393.759184285011,11163.658937045268,15305.633793801935,19436.900124327647
2020-06-22,6393.759184285011,11163.658937045268,15305.633793801935,19436.900124327647
2020-06-23,6393.759184285011,11163.658937045268,15305.633793801935,19436.900124327647
2020-06-24,6393.759184285011,11163.658937045268,15305.633793801935,19436.900124327647
2020-06-25,6393.759184285011,11163.658937045268,15305.633793801935,19436.900124327647
2020-06-26,6500.0830044703525,11199.849463593728,15305.633793801935,19436.900124327647
2020-06-29,6500.0830044703525,11199.849463593728,15305.633793801935,19436.900124327647
2020-06-30,6500.0830044703525,11199.849463593728,15305.633793801935,19436.900124327647
2020-07-01,6500.0830044703525,11199.849463593728,15305.633793801935,19436.900124327647
2020-07-02,6500.0830044703525,11199.849463593728,15305.633793801935,19436.900124327647
2020-07-06,6500.0830044703525,11199.849463593728,15305.633793801935,19436.900124327647
2020-07-07,6500.0830044703525,11199.849463593728,15305.633793801935,19436.900124327647
2020-07-08,6500.0830044703525,11199.849463593728,15305.633793801935,19436.900124327647
2020-07-09,6500.0830044703525,11199.849463593728,15305.633793801935,19436.900124327647
2020-07-10,6500.0830044703525,11199.849463593728,15305.633793801935,19436.900124327647
2020-07-13,6500.0830044703525,11199.849463593728,15305.633793801935,19436.900124327647
2020-07-14,6500.0830044703525,11199.849463593728,15305.633793801935,19436.900124327647
2020-07-15,6500.0830044703525,11199.849463593728,15305.633793801935,19436.900124327647
2020-07-16,6500.0830044703525,11199.849463593728,15305.633793801935,19436.900124327647
2020-07-17,6500.0830044703525,11199.849463593728,15305.633793801935,19436.900124327647
2020-07-20,6500.0830044703525,11199.849463593728,15305.633793801935,19436.900124327647
2020-07-21,6500.0830044703525,11199.849463593728,15305.633793801935,19436.900124327647
2020-07-22,6500.0830044703525,11199.849463593728,15305.633793801935,19436.900124327647
2020-07-23,6500.0830044703525,11199.849463593728,15305.633793801935,19436.900124327647
2020-07-24,6500.0830044703525,11199.849463593728,15305.633793801935,19436.900124327647
2020-07-27,6500.0830044703525,11199.849463593728,15305.633793801935,19436.900124327647
2020-07-28,6500.0830044703525,11199.849463593728,15305.633793801935,19436.900124327647
2020-07-29,6500.0830044703525,11199.849463593728,15305.633793801935,19436.900124327647
2020-07-30,6500.0830044703525,11199.849463593728,15305.633793801935,19436.900124327647
2020-07-31,6500.0830044703525,11199.849463593728,15305.633793801935,19436.900124327647
2020-08-03,6500.0830044703525,11199.849463593728,15305.633793801935,19436.900124327647
2020-08-04,6500.0830044703525,11199.849463593728,15305.633793801935,19436.900124327647
2020-08-05,6500.0830044703525,11199.849463593728,15305.633793801935,19436.900124327647
2020-08-06,6500.0830044703525,11199.849463593728,15305.633793801935,19436.900124327647
2020-08-07,6500.0830044703525,11199.849463593728,15305.633793801935,19436.900124327647
2020-08-10,6500.0830044703525,11199.849463593728,15305.633793801935,19436.900124327647
2020-08-11,6500.0830044703525,11199.849463593728,15305.633793801935,19436.900124327647
2020-08-12,6500.0830044703525,11199.849463593728,15305.633793801935,19436.900124327647
2020-08-13,6500.0830044703525,11199.849463593728,15305.633793801935,19436.900124327647
2020-08-14,6500.0830044703525,11199.849463593728,15305.633793801935,19436.900124327647
2020-08-17,6500.0830044703525,11199.849463593728,15305.633793801935,19436.900124327647
2020-08-18,6500.0830044703525,11199.849463593728,15305.633793801935,19436.900124327647
2020-08-19,6500.0830044703525,11199.849463593728,15305.633793801935,19436.900124327647
2020-08-20,6500.0830044703525,11199.849463593728,15305.633793801935,19436.900124327647
2020-08-21,6500.0830044703525,11199.849463593728,15305.633793801935,19436.900124327647
2020-08-24,6500.0830044703525,11199.849463593728,15305.633793801935,19436.900124327647
2020-08-25,6500.0830044703525,11199.849463593728,15305.633793801935,19436.900124327647
2020-08-26,6500.0830044703525,11199.849463593728,15305.633793801935,19436.900124327647
2020-08-27,6500.0830044703525,11199.849463593728,15305.633793801935,19436.900124327647
2020-08-28,6500.0830044703525,11199.849463593728,15305.633793801935,19436.900124327647
2020-08-31,6500.0830044703525,11199.849463593728,15305.633793801935,19436.900124327647
2020-09-01,6500.0830044703525,11199.849463593728,15305.633793801935,19436.900124327647
2020-09-02,6500.0830044703525,11199.849463593728,15305.633793801935,19436.900124327647
2020-09-03,6648.255795101155,11290.660053712723,15305.633793801935,19436.900124327647
2020-09-04,6648.255795101155,11290.660053712723,15305.633793801935,19436.900124327647
2020-09-08,6660.748614038637,11290.660053712723,15305.633793801935,19436.900124327647
2020-09-09,6660.748614038637,11290.660053712723,15305.633793801935,19436.900124327647
2020-09-10,6660.748614038637,11290.660053712723,15305.633793801935,19436.900124327647
2020-09-11,6660.748614038637,11290.660053712723,15305.633793801935,19436.900124327647
2020-09-14,6660.748614038637,11290.660053712723,15305.633793801935,19436.900124327647
2020-09-15,6660.748614038637,11290.660053712723,15305.633793801935,19436.900124327647
2020-09-16,6660.748614038637,11290.660053712723,15305.633793801935,19436.900124327647
2020-09-17,6660.748614038637,11290.660053712723,15305.633793801935,19436.900124327647
2020-09-18,6660.748614038637,11290.660053712723,15305.633793801935,19436.900124327647
2020-09-21,6660.748614038637,11290.660053712723,15305.633793801935,19436.900124327647
2020-09-22,6660.748614038637,11290.660053712723,15305.633793801935,19436.900124327647
2020-09-23,6660.748614038637,11290.660053712723,15305.633793801935,19436.900124327647
2020-09-24,6660.748614038637,11290.660053712723,15305.633793801935,19436.900124327647
2020-09-25,6660.748614038637,11290.660053712723,15305.633793801935,19436.900124327647
2020-09-28,6660.748614038637,11290.660053712723,15305.633793801935,19436.900124327647
2020-09-29,6660.748614038637,11290.660053712723,15305.633793801935,19436.900124327647
2020-09-30,6660.748614038637,11290.660053712723,15305.633793801935,19436.900124327647
2020-10-01,6660.748614038637,11290.660053712723,15305.633793801935,19436.900124327647
2020-10-02,6660.748614038637,11290.660053712723,15305.633793801935,19436.900124327647
2020-10-05,6660.748614038637,11290.660053712723,15305.633793801935,19436.900124327647
2020-10-06,6660.748614038637,11290.660053712723,15305.633793801935,19436.900124327647
2020-10-07,6660.748614038637,11290.660053712723,15305.633793801935,19436.900124327647
2020-10-08,6660.748614038637,11290.660053712723,15305.633793801935,19436.900124327647
2020-10-09,6660.748614038637,11290.660053712723,15305.633793801935,19436.900124327647
2020-10-12,6660.748614038637,11290.660053712723,15305.633793801935,19436.900124327647
2020-10-13,6660.748614038637,11290.660053712723,15305.633793801935,19436.900124327647
2020-10-14,6660.748614038637,11290.660053712723,15305.633793801935,19436.900124327647
2020-10-15,6660.748614038637,11290.660053712723,15305.633793801935,19436.900124327647
2020-10-16,6660.748614038637,11290.660053712723,15305.633793801935,19436.900124327647
2020-10-19,6660.748614038637,11290.660053712723,15305.633793801935,19436.900124327647
2020-10-20,6660.748614038637,11290.660053712723,15305.633793801935,19436.900124327647
2020-10-21,6660.748614038637,11290.660053712723,15305.633793801935,19436.900124327647
2020-10-22,6660.748614038637,11290.660053712723,15305.633793801935,19436.900124327647
2020-10-23,6660.748614038637,11290.660053712723,15305.633793801935,19436.900124327647
2020-10-26,6660.748614038637,11290.660053712723,15305.633793801935,19436.900124327647
2020-10-27,6660.748614038637,11290.660053712723,15305.633793801935,19436.900124327647
2020-10-28,6835.486153559004,11328.907473587644,15305.633793801935,19436.900124327647
2020-10-29,6835.486153559004,11328.907473587644,15305.633793801935,19436.900124327647
2020-10-30,6835.486153559004,11328.907473587644,15305.633793801935,19436.900124327647
2020-11-02,6835.486153559004,11328.907473587644,15305.633793801935,19436.900124327647
2020-11-03,6835.486153559004,11328.907473587644,15305.633793801935,19436.900124327647
2020-11-04,6835.486153559004,11328.907473587644,15305.633793801935,19436.900124327647
2020-11-05,6835.486153559004,11328.907473587644,15305.633793801935,19436.900124327647
2020-11-06,6835.486153559004,11328.907473587644,15305.633793801935,19436.900124327647
2020-11-09,6835.486153559004,11328.907473587644,15305.633793801935,19436.900124327647
2020-11-10,6835.486153559004,11328.907473587644,15305.633793801935,19436.900124327647
2020-11-11,6835.486153559004,11328.907473587644,15305.633793801935,19436.900124327647
2020-11-12,6835.486153559004,11328.907473587644,15305.633793801935,19436.900124327647
2020-11-13,6835.486153559004,11328.907473587644,15305.633793801935,19436.900124327647
2020-11-16,6835.486153559004,11328.907473587644,15305.633793801935,19436.900124327647
2020-11-17,6835.486153559004,11328.907473587644,15305.633793801935,19436.900124327647
2020-11-18,6835.486153559004,11328.907473587644,15305.633793801935,19436.900124327647
2020-11-19,6835.486153559004,11328.907473587644,15305.633793801935,19436.900124327647
2020-11-20,6835.486153559004,11328.907473587644,15305.633793801935,19436.900124327647
2020-11-23,6835.486153559004,11328.907473587644,15305.633793801935,19436.900124327647
2020-11-24,6835.486153559004,11328.907473587644,15305.633793801935,19436.900124327647
2020-11-25,6835.486153559004,11328.907473587644,15305.633793801935,19436.900124327647
2020-11-27,6835.486153559004,11328.907473587644,15305.633793801935,19436.900124327647
2020-11-30,6835.486153559004,11328.907473587644,15305.633793801935,19436.900124327647
2020-12-01,6835.486153559004,11328.907473587644,15305.633793801935,19436.900124327647
2020-12-02,6835.486153559004,11328.907473587644,15305.633793801935,19436.900124327647
2020-12-03,6835.486153559004,11328.907473587644,15305.633793801935,19436.900124327647
2020-12-04,6835.486153559004,11328.907473587644,15305.633793801935,19436.900124327647
2020-12-07,6835.486153559004,11328.907473587644,15305.633793801935,19436.900124327647
2020-12-08,6835.486153559004,11328.907473587644,15305.633793801935,19436.900124327647
2020-12-09,6835.486153559004,11328.907473587644,15305.633793801935,19436.900124327647
2020-12-10,6835.486153559004,11328.907473587644,15305.633793801935,19436.900124327647
2020-12-11,6835.486153559004,11328.907473587644,15305.633793801935,19436.900124327647
2020-12-14,6835.486153559004,11328.907473587644,15305.633793801935,19436.900124327647
2020-12-15,6835.486153559004,11328.907473587644,15305.633793801935,19436.900124327647
2020-12-16,6835.486153559004,11328.907473587644,15305.633793801935,19436.900124327647
2020-12-17,6835.486153559004,11328.907473587644,15305.633793801935,19436.900124327647
2020-12-18,6835.486153559004,11328.907473587644,15305.633793801935,19436.900124327647
2020-12-21,6835.486153559004,11328.907473587644,15305.633793801935,19436.900124327647
2020-12-22,6835.486153559004,11328.907473587644,15305.633793801935,19436.900124327647
2020-12-23,6835.486153559004,11328.907473587644,15305.633793801935,19436.900124327647
2020-12-24,6835.486153559004,11328.907473587644,15305.633793801935,19436.900124327647
2020-12-28,6835.486153559004,11328.907473587644,15305.633793801935,19436.900124327647
2020-12-29,6835.486153559004,11328.907473587644,15305.633793801935,19436.900124327647
2020-12-30,6835.486153559004,11328.907473587644,15305.633793801935,19436.900124327647
2020-12-31,6835.486153559004,11328.907473587644,15305.633793801935,19436.900124327647
2021-01-04,6835.486153559004,11328.907473587644,15305.633793801935,19436.900124327647
2021-01-05,6835.486153559004,11328.907473587644,15305.633793801935,19436.900124327647
2021-01-06,6835.486153559004,11328.907473587644,15305.633793801935,19436.900124327647
2021-01-07,6835.486153559004,11328.907473587644,15305.633793801935,19436.900124327647
2021-01-08,6835.486153559004,11328.907473587644,15305.633793801935,19436.900124327647
2021-01-11,6835.486153559004,11328.907473587644,15305.633793801935,19436.900124327647
2021-01-12,6835.486153559004,11328.907473587644,15305.633793801935,19436.900124327647
2021-01-13,6835.486153559004,11328.907473587644,15305.633793801935,19436.900124327647
2021-01-14,6835.486153559004,11328.907473587644,15305.633793801935,19436.900124327647
2021-01-15,6835.486153559004,11328.907473587644,15305.633793801935,19436.900124327647
2021-01-19,6835.486153559004,11328.907473587644,15305.633793801935,19436.900124327647
2021-01-20,6835.486153559004,11328.907473587644,15305.633793801935,19436.900124327647
2021-01-21,6835.486153559004,11328.907473587644,15305.633793801935,19436.900124327647
2021-01-22,6835.486153559004,11328.907473587644,15305.633793801935,19436.900124327647
2021-01-25,6835.486153559004,11328.907473587644,15305.633793801935,19436.900124327647
2021-01-26,6835.486153559004,11328.907473587644,15305.633793801935,19436.900124327647
2021-01-27,6846.950844094982,11328.907473587644,15305.633793801935,19436.900124327647
2021-01-28,6846.950844094982,11328.907473587644,15305.633793801935,19436.900124327647
2021-01-29,6846.950844094982,11328.907473587644,15305.633793801935,19436.900124327647
2021-02-01,6846.950844094982,11328.907473587644,15305.633793801935,19436.900124327647
2021-02-02,6846.950844094982,11328.907473587644,15305.633793801935,19436.900124327647
2021-02-03,6846.950844094982,11328.907473587644,15305.633793801935,19436.900124327647
2021-02-04,6846.950844094982,11328.907473587644,15305.633793801935,19436.900124327647
2021-02-05,6846.950844094982,11328.907473587644,15305.633793801935,19436.900124327647
2021-02-08,6846.950844094982,11328.907473587644,15305.633793801935,19436.900124327647
2021-02-09,6846.950844094982,11328.907473587644,15305.633793801935,19436.900124327647
2021-02-10,6846.950844094982,11328.907473587644,15305.633793801935,19436.900124327647
2021-02-11,6846.950844094982,11328.907473587644,15305.633793801935,19436.900124327647
2021-02-12,6846.950844094982,11328.907473587644,15305.633793801935,19436.900124327647
2021-02-16,6846.950844094982,11328.907473587644,15305.633793801935,19436.900124327647
2021-02-17,6846.950844094982,11328.907473587644,15305.633793801935,19436.900124327647
2021-02-18,6846.950844094982,11328.907473587644,15305.633793801935,19436.900124327647
2021-02-19,6748.433455392653,11242.606193170806,15305.633793801935,19436.900124327647
2021-02-22,6674.761013582609,11242.606193170806,15305.633793801935,19436.900124327647
2021-02-23,6674.761013582609,11242.606193170806,15305.633793801935,19436.900124327647
2021-02-24,6558.21169955555,11019.259904920395,15305.633793801935,19436.900124327647
2021-02-25,6558.21169955555,11019.259904920395,15305.633793801935,19436.900124327647
2021-02-26,6558.21169955555,11019.259904920395,15305.633793801935,19436.900124327647
2021-03-01,6558.21169955555,11019.259904920395,15305.633793801935,19436.900124327647
2021-03-02,6558.21169955555,11019.259904920395,15305.633793801935,19436.900124327647
2021-03-03,6351.984582253758,11019.259904920395,15305.633793801935,19436.900124327647
2021-03-04,6351.984582253758,11019.259904920395,15305.633793801935,19436.900124327647
2021-03-05,5938.155352874415,10256.245560690604,13197.94652958806,18961.925364515104
2021-03-08,5938.155352874415,10256.245560690604,13197.94652958806,18961.925364515104
2021-03-09,5646.995658016169,10048.15956687841,13197.94652958806,18961.925364515104
2021-03-10,5490.375498254006,9176.03583511437,9860.397640949166,17266.26170464837
2021-03-11,5490.375498254006,9176.03583511437,9860.397640949166,17266.26170464837
2021-03-12,5415.604337580686,7638.1241251749725,7804.647467631754,11407.386079437603
2021-03-15,5415.604337580686,7638.1241251749725,7804.647467631754,11407.386079437603
2021-03-16,5309.899455938781,7145.270963760149,7482.477370760338,10061.678107707578
2021-03-17,5309.899455938781,7145.270963760149,7482.477370760338,10061.678107707578
2021-03-18,5191.489510011785,7007.361866310844,7482.477370760338,10061.678107707578
2021-03-19,5191.489510011785,7007.361866310844,7482.477370760338,10061.678107707578
2021-03-22,5191.489510011785,7007.361866310844,7482.477370760338,10061.678107707578
2021-03-23,5191.489510011785,7007.361866310844,7482.477370760338,10061.678107707578
2021-03-24,5191.489510011785,7007.361866310844,7482.477370760338,10061.678107707578
2021-03-25,4852.952705359593,6932.535512697218,7482.477370760338,10061.678107707578
2021-03-26,4852.952705359593,6932.535512697218,7482.477370760338,10061.678107707578
2021-03-29,4852.952705359593,6932.535512697218,7482.477370760338,10061.678107707578
2021-03-30,4461.465059626771,6675.136165910163,7078.041263943147,9844.680098563433
2021-03-31,4461.465059626771,6675.136165910163,7078.041263943147,9844.680098563433
2021-04-01,4461.465059626771,6675.136165910163,7078.041263943147,9844.680098563433
2021-04-05,4461.465059626771,6675.136165910163,7078.041263943147,9844.680098563433
2021-04-06,4461.465059626771,6675.136165910163,7078.041263943147,9844.680098563433
2021-04-07,4461.465059626771,6675.136165910163,7078.041263943147,9844.680098563433
2021-04-08,4461.465059626771,6675.136165910163,7078.041263943147,9844.680098563433
2021-04-09,4461.465059626771,6675.136165910163,7078.041263943147,9844.680098563433
2021-04-12,4461.465059626771,6675.136165910163,7078.041263943147,9844.680098563433
2021-04-13,4428.831332414648,6675.136165910163,7078.041263943147,9844.680098563433
2021-04-14,4428.831332414648,6675.136165910163,7078.041263943147,9844.680098563433
2021-04-15,4428.831332414648,6675.136165910163,7078.041263943147,9844.680098563433
2021-04-16,4428.831332414648,6675.136165910163,7078.041263943147,9844.680098563433
2021-04-19,4196.781829216621,6601.345073761441,7078.041263943147,9844.680098563433
2021-04-20,4196.781829216621,6601.345073761441,7078.041263943147,9844.680098563433
2021-04-21,4196.781829216621,6601.345073761441,7078.041263943147,9844.680098563433
2021-04-22,4196.781829216621,6601.345073761441,7078.041263943147,9844.680098563433
2021-04-23,4196.781829216621,6601.345073761441,7078.041263943147,9844.680098563433
2021-04-26,4196.781829216621,6601.345073761441,7078.041263943147,9844.680098563433
2021-04-27,4196.781829216621,6601.345073761441,7078.041263943147,9844.680098563433
2021-04-28,4196.781829216621,6601.345073761441,7078.041263943147,9844.680098563433
2021-04-29,4001.9822172011945,6490.877982837439,7078.041263943147,9844.680098563433
2021-04-30,4001.9822172011945,6490.877982837439,7078.041263943147,9844.680098563433
2021-05-03,4001.9822172011945,6490.877982837439,7078.041263943147,9844.680098563433
2021-05-04,4001.9822172011945,6490.877982837439,7078.041263943147,9844.680098563433
2021-05-05,4001.9822172011945,6490.877982837439,7078.041263943147,9844.680098563433
2021-05-06,4001.9822172011945,6490.877982837439,7078.041263943147,9844.680098563433
2021-05-07,4001.9822172011945,6490.877982837439,7078.041263943147,9844.680098563433
2021-05-10,3882.130645850802,6478.58185414967,7078.041263943147,9844.680098563433
2021-05-11,4124.84947639317,6545.910113506203,7078.041263943147,9844.680098563433
2021-05-12,4428.831332414648,6651.392705274107,7078.041263943147,9844.680098563433
2021-05-13,4428.831332414648,6651.392705274107,7078.041263943147,9844.680098563433
2021-05-14,4428.831332414648,6651.392705274107,7078.041263943147,9844.680098563433
2021-05-17,4428.831332414648,6651.392705274107,7078.041263943147,9844.680098563433
2021-05-18,4428.831332414648,6651.392705274107,7078.041263943147,9844.680098563433
2021-05-19,4428.831332414648,6651.392705274107,7078.041263943147,9844.680098563433
2021-05-20,4428.831332414648,6651.392705274107,7078.041263943147,9844.680098563433
2021-05-21,4428.831332414648,6651.392705274107,7078.041263943147,9844.680098563433
2021-05-24,4428.831332414648,6651.392705274107,7078.041263943147,9844.680098563433
2021-05-25,4428.831332414648,6651.392705274107,7078.041263943147,9844.680098563433
2021-05-26,4428.831332414648,6651.392705274107,7078.041263943147,9844.680098563433
2021-05-27,4428.831332414648,6651.392705274107,7078.041263943147,9844.680098563433
2021-05-28,4428.831332414648,6651.392705274107,7078.041263943147,9844.680098563433
2021-06-01,4428.831332414648,6651.392705274107,7078.041263943147,9844.680098563433
2021-06-02,4428.831332414648,6651.392705274107,7078.041263943147,9844.680098563433
2021-06-03,4428.831332414648,6651.392705274107,7078.041263943147,9844.680098563433
2021-06-04,4428.831332414648,6651.392705274107,7078.041263943147,9844.680098563433
2021-06-07,4428.831332414648,6651.392705274107,7078.041263943147,9844.680098563433
2021-06-08,4428.831332414648,6651.392705274107,7078.041263943147,9844.680098563433
2021-06-09,4124.84947639317,5860.499411077845,6840.619738773794,7291.097887786639
2021-06-10,4124.84947639317,5860.499411077845,6840.619738773794,7291.097887786639
2021-06-11,4124.84947639317,5860.499411077845,6840.619738773794,7291.097887786639
2021-06-14,4124.84947639317,5860.499411077845,6840.619738773794,7291.097887786639
2021-06-15,4124.84947639317,5860.499411077845,6840.619738773794,7291.097887786639
2021-06-16,4124.84947639317,5860.499411077845,6840.619738773794,7291.097887786639
2021-06-17,4124.84947639317,5860.499411077845,6840.619738773794,7291.097887786639
2021-06-18,4274.15663346107,5860.499411077845,6840.619738773794,7291.097887786639
2021-06-21,4274.15663346107,5860.499411077845,6840.619738773794,7291.097887786639
2021-06-22,4096.5514223888495,5766.6111334918105,6840.619738773794,7291.097887786639
2021-06-23,4096.5514223888495,5766.6111334918105,6840.619738773794,7291.097887786639
2021-06-24,3882.130645850802,5535.52568103991,6667.193268485186,7238.338676776727
2021-06-25,3882.130645850802,5535.52568103991,6667.193268485186,7238.338676776727
2021-06-28,3882.130645850802,5535.52568103991,6667.193268485186,7238.338676776727
2021-06-29,3882.130645850802,5535.52568103991,6667.193268485186,7238.338676776727
2021-06-30,3882.130645850802,5535.52568103991,6667.193268485186,7238.338676776727
2021-07-01,3882.130645850802,5535.52568103991,6667.193268485186,7238.338676776727
2021-07-02,3882.130645850802,5535.52568103991,6667.193268485186,7238.338676776727
2021-07-06,3882.130645850802,5535.52568103991,6667.193268485186,7238.338676776727
2021-07-07,3882.130645850802,5535.52568103991,6667.193268485186,7238.338676776727
2021-07-08,3882.498886126653,5535.52568103991,6667.193268485186,7238.338676776727
2021-07-09,3882.498886126653,5535.52568103991,6667.193268485186,7238.338676776727
2021-07-12,3882.498886126653,5535.52568103991,6667.193268485186,7238.338676776727
2021-07-13,3882.498886126653,5535.52568103991,6667.193268485186,7238.338676776727
2021-07-14,3882.498886126653,5535.52568103991,6667.193268485186,7238.338676776727
2021-07-15,3882.498886126653,5535.52568103991,6667.193268485186,7238.338676776727
2021-07-16,3882.498886126653,5535.52568103991,6667.193268485186,7238.338676776727
2021-07-19,4096.5514223888495,5766.6019120836845,6840.558600837914,7291.0579283514235
2021-07-20,4096.5514223888495,5766.6019120836845,6840.558600837914,7291.0579283514235
2021-07-21,4064.985411431854,5766.6019120836845,6840.558600837914,7291.0579283514235
2021-07-22,4064.985411431854,5766.6019120836845,6840.558600837914,7291.0579283514235
2021-07-23,4064.985411431854,5766.6019120836845,6840.558600837914,7291.0579283514235
2021-07-26,4064.985411431854,5766.6019120836845,6840.558600837914,7291.0579283514235
2021-07-27,4064.985411431854,5766.6019120836845,6840.558600837914,7291.0579283514235
2021-07-28,4064.985411431854,5766.6019120836845,6840.558600837914,7291.0579283514235
2021-07-29,4064.985411431854,5766.6019120836845,6840.558600837914,7291.0579283514235
2021-07-30,4064.985411431854,5766.6019120836845,6840.558600837914,7291.0579283514235
2021-08-02,4064.985411431854,5766.6019120836845,6840.558600837914,7291.0579283514235
2021-08-03,4064.985411431854,5766.6019120836845,6840.558600837914,7291.0579283514235
2021-08-04,4064.985411431854,5766.6019120836845,6840.558600837914,7291.0579283514235
2021-08-05,4064.985411431854,5766.6019120836845,6840.558600837914,7291.0579283514235
2021-08-06,4064.985411431854,5766.6019120836845,6840.558600837914,7291.0579283514235
2021-08-09,4064.985411431854,5766.6019120836845,6840.558600837914,7291.0579283514235
2021-08-10,4064.985411431854,5766.6019120836845,6840.558600837914,7291.0579283514235
2021-08-11,4064.985411431854,5766.6019120836845,6840.558600837914,7291.0579283514235
2021-08-12,4064.985411431854,5766.6019120836845,6840.558600837914,7291.0579283514235
2021-08-13,4064.985411431854,5766.6019120836845,6840.558600837914,7291.0579283514235
2021-08-16,4064.985411431854,5766.6019120836845,6840.558600837914,7291.0579283514235
2021-08-17,4064.985411431854,5766.6019120836845,6840.558600837914,7291.0579283514235
2021-08-18,4064.985411431854,5766.6019120836845,6840.558600837914,7291.0579283514235
2021-08-19,4064.985411431854,5766.6019120836845,6840.558600837914,7291.0579283514235
2021-08-20,4064.985411431854,5766.6019120836845,6840.558600837914,7291.0579283514235
2021-08-23,4064.985411431854,5766.6019120836845,6840.558600837914,7291.0579283514235
2021-08-24,4064.985411431854,5766.6019120836845,6840.558600837914,7291.0579283514235
2021-08-25,4064.985411431854,5766.6019120836845,6840.558600837914,7291.0579283514235
2021-08-26,4064.985411431854,5766.6019120836845,6840.558600837914,7291.0579283514235
2021-08-27,4064.985411431854,5766.6019120836845,6840.558600837914,7291.0579283514235
2021-08-30,4064.985411431854,5766.6019120836845,6840.558600837914,7291.0579283514235
2021-08-31,4064.985411431854,5766.6019120836845,6840.558600837914,7291.0579283514235
2021-09-01,3843.549965792254,5468.17405330593,6667.193268485186,6969.863853601331
2021-09-02,3843.549965792254,5468.17405330593,6667.193268485186,6969.863853601331
2021-09-03,3780.026016397325,5258.358312986773,6269.504042794215,6969.863853601331
2021-09-07,3780.026016397325,5258.358312986773,6269.504042794215,6969.863853601331
2021-09-08,3680.9860815659304,5212.63724640153,6269.504042794215,6969.863853601331
2021-09-09,3680.9860815659304,5212.63724640153,6269.504042794215,6969.863853601331
2021-09-10,3680.9860815659304,5212.63724640153,6269.504042794215,6969.863853601331
2021-09-13,3680.9860815659304,5212.63724640153,6269.504042794215,6969.863853601331
2021-09-14,3680.9860815659304,5212.63724640153,6269.504042794215,6969.863853601331
2021-09-15,3680.9860815659304,5212.63724640153,6269.504042794215,6969.863853601331
2021-09-16,3680.9860815659304,5212.63724640153,6269.504042794215,6969.863853601331
2021-09-17,3680.9860815659304,5212.63724640153,6269.504042794215,6969.863853601331
2021-09-20,3780.026016397325,5475.764262981133,6840.558600837914,7091.093450513125
2021-09-21,3680.9860815659304,5367.381040086302,6840.558600837914,7091.093450513125
2021-09-22,3680.9860815659304,5367.381040086302,6840.558600837914,7091.093450513125
2021-09-23,3680.9860815659304,5367.381040086302,6840.558600837914,7091.093450513125
2021-09-24,3680.9860815659304,5367.381040086302,6840.558600837914,7091.093450513125
2021-09-27,3680.9860815659304,5367.381040086302,6840.558600837914,7091.093450513125
2021-09-28,3780.026016397325,5484.870030368024,6840.558600837914,7091.093450513125
2021-09-29,3780.026016397325,5484.870030368024,6840.558600837914,7091.093450513125
2021-09-30,3843.549965792254,5604.023175576057,6840.558600837914,7091.093450513125
2021-10-01,3843.549965792254,5604.023175576057,6840.558600837914,7091.093450513125
2021-10-04,4020.445394563505,5628.712292848141,6840.558600837914,7091.093450513125
2021-10-05,4020.445394563505,5628.712292848141,6840.558600837914,7091.093450513125
2021-10-06,4020.445394563505,5628.712292848141,6840.558600837914,7091.093450513125
2021-10-07,4020.445394563505,5628.712292848141,6840.558600837914,7091.093450513125
2021-10-08,4020.445394563505,5628.712292848141,6840.558600837914,7091.093450513125
2021-10-11,4020.445394563505,5628.712292848141,6840.558600837914,7091.093450513125
2021-10-12,4020.445394563505,5628.712292848141,6840.558600837914,7091.093450513125
2021-10-13,4020.445394563505,5628.712292848141,6840.558600837914,7091.093450513125
2021-10-14,4020.445394563505,5628.712292848141,6840.558600837914,7091.093450513125
2021-10-15,4020.445394563505,5628.712292848141,6840.558600837914,7091.093450513125
2021-10-18,4020.445394563505,5628.712292848141,6840.558600837914,7091.093450513125
2021-10-19,4020.445394563505,5628.712292848141,6840.558600837914,7091.093450513125
2021-10-20,4020.445394563505,5628.712292848141,6840.558600837914,7091.093450513125
2021-10-21,4020.445394563505,5628.712292848141,6840.558600837914,7091.093450513125
2021-10-22,3843.549965792254,5512.58960200905,6840.558600837914,7091.093450513125
2021-10-25,3843.549965792254,5512.58960200905,6840.558600837914,7091.093450513125
2021-10-26,3758.076376834076,5251.932862018385,6269.504042794215,6933.846994415119
2021-10-27,3758.076376834076,5251.932862018385,6269.504042794215,6933.846994415119
2021-10-28,3758.076376834076,5251.932862018385,6269.504042794215,6933.846994415119
2021-10-29,3758.076376834076,5251.932862018385,6269.504042794215,6933.846994415119
2021-11-01,3758.076376834076,5251.932862018385,6269.504042794215,6933.846994415119
2021-11-02,3758.076376834076,5251.932862018385,6269.504042794215,6933.846994415119
2021-11-03,3758.076376834076,5251.932862018385,6269.504042794215,6933.846994415119
2021-11-04,3758.076376834076,5251.932862018385,6269.504042794215,6933.846994415119
2021-11-05,3758.076376834076,5251.932862018385,6269.504042794215,6933.846994415119
2021-11-08,3758.076376834076,5251.932862018385,6269.504042794215,6933.846994415119
2021-11-09,3758.076376834076,5251.932862018385,6269.504042794215,6933.846994415119
2021-11-10,3758.076376834076,5251.932862018385,6269.504042794215,6933.846994415119
2021-11-11,3758.076376834076,5251.932862018385,6269.504042794215,6933.846994415119
2021-11-12,3758.076376834076,5251.932862018385,6269.504042794215,6933.846994415119
2021-11-15,3758.076376834076,5251.932862018385,6269.504042794215,6933.846994415119
2021-11-16,3758.076376834076,5251.932862018385,6269.504042794215,6933.846994415119
2021-11-17,3758.076376834076,5251.932862018385,6269.504042794215,6933.846994415119
2021-11-18,3758.076376834076,5251.932862018385,6269.504042794215,6933.846994415119
2021-11-19,3758.076376834076,5251.932862018385,6269.504042794215,6933.846994415119
2021-11-22,3758.076376834076,5251.932862018385,6269.504042794215,6933.846994415119
2021-11-23,3758.076376834076,5251.932862018385,6269.504042794215,6933.846994415119
2021-11-24,3758.076376834076,5251.932862018385,6269.504042794215,6933.846994415119
2021-11-26,3843.549965792254,5644.052550442304,6840.558600837914,7660.766227057223
2021-11-29,3843.549965792254,5644.052550442304,6840.558600837914,7660.766227057223
2021-11-30,4004.1162814481672,5666.457875670285,6840.558600837914,7660.766227057223
2021-12-01,4004.1162814481672,5666.457875670285,6840.558600837914,7660.766227057223
2021-12-02,4004.1162814481672,5666.457875670285,6840.558600837914,7660.766227057223
2021-12-03,4004.1162814481672,5666.457875670285,6840.558600837914,7660.766227057223
2021-12-06,4004.1162814481672,5666.457875670285,6840.558600837914,7660.766227057223
2021-12-07,4004.1162814481672,5666.457875670285,6840.558600837914,7660.766227057223
2021-12-08,4004.1162814481672,5666.457875670285,6840.558600837914,7660.766227057223
2021-12-09,4004.1162814481672,5666.457875670285,6840.558600837914,7660.766227057223
2021-12-10,4004.1162814481672,5666.457875670285,6840.558600837914,7660.766227057223
2021-12-13,4004.1162814481672,5666.457875670285,6840.558600837914,7660.766227057223
2021-12-14,4004.1162814481672,5666.457875670285,6840.558600837914,7660.766227057223
2021-12-15,4004.1162814481672,5666.457875670285,6840.558600837914,7660.766227057223
2021-12-16,4004.1162814481672,5666.457875670285,6840.558600837914,7660.766227057223
2021-12-17,4151.516547147199,5789.433950527206,6840.558600837914,7660.766227057223
2021-12-20,4209.416747473552,5860.7968236725,6840.558600837914,7660.766227057223
2021-12-21,4209.416747473552,5860.7968236725,6840.558600837914,7660.766227057223
2021-12-22,4209.416747473552,5860.7968236725,6840.558600837914,7660.766227057223
2021-12-23,4209.416747473552,5860.7968236725,6840.558600837914,7660.766227057223
2021-12-27,4209.416747473552,5860.7968236725,6840.558600837914,7660.766227057223
2021-12-28,4209.416747473552,5860.7968236725,6840.558600837914,7660.766227057223
2021-12-29,4209.416747473552,5860.7968236725,6840.558600837914,7660.766227057223
2021-12-30,4209.416747473552,5860.7968236725,6840.558600837914,7660.766227057223
2021-12-31,4209.416747473552,5860.7968236725,6840.558600837914,7660.766227057223
2022-01-03,4209.416747473552,5860.7968236725,6840.558600837914,7660.766227057223
2022-01-04,4209.416747473552,5860.7968236725,6840.558600837914,7660.766227057223
2022-01-05,4394.34937176505,5881.564766652683,6840.558600837914,7660.766227057223
2022-01-06,4394.34937176505,5881.564766652683,6840.558600837914,7660.766227057223
2022-01-07,4394.34937176505,5881.564766652683,6840.558600837914,7660.766227057223
2022-01-10,4394.34937176505,5881.564766652683,6840.558600837914,7660.766227057223
2022-01-11,4394.34937176505,5881.564766652683,6840.558600837914,7660.766227057223
2022-01-12,4394.34937176505,5881.564766652683,6840.558600837914,7660.766227057223
2022-01-13,4394.34937176505,5881.564766652683,6840.558600837914,7660.766227057223
2022-01-14,4394.34937176505,5881.564766652683,6840.558600837914,7660.766227057223
2022-01-18,4527.170845572456,5991.889685842806,6840.558600837914,7660.766227057223
2022-01-19,4618.14050365259,6003.316325035705,6840.558600837914,7660.766227057223
2022-01-20,4618.14050365259,6003.316325035705,6840.558600837914,7660.766227057223
2022-01-21,4618.14050365259,6003.316325035705,6840.558600837914,7660.766227057223
2022-01-24,4529.6931659332595,5832.281085612223,6443.74074529154,7660.766227057223
2022-01-25,4529.6931659332595,5832.281085612223,6443.74074529154,7660.766227057223
2022-01-26,4518.9246741956595,5737.077481053676,6443.74074529154,7660.766227057223
2022-01-27,4518.9246741956595,5737.077481053676,6443.74074529154,7660.766227057223
2022-01-28,4518.9246741956595,5737.077481053676,6443.74074529154,7660.766227057223
2022-01-31,4518.9246741956595,5737.077481053676,6443.74074529154,7660.766227057223
2022-02-01,4518.9246741956595,5737.077481053676,6443.74074529154,7660.766227057223
2022-02-02,4518.9246741956595,5737.077481053676,6443.74074529154,7660.766227057223
2022-02-03,4529.6931659332595,5757.701119161833,6443.74074529154,7660.766227057223
2022-02-04,4529.6931659332595,5757.701119161833,6443.74074529154,7660.766227057223
2022-02-07,4529.6931659332595,5757.701119161833,6443.74074529154,7660.766227057223
2022-02-08,4529.6931659332595,5757.701119161833,6443.74074529154,7660.766227057223
2022-02-09,4529.6931659332595,5757.701119161833,6443.74074529154,7660.766227057223
2022-02-10,4618.14050365259,5864.339272573335,6443.74074529154,7660.766227057223
2022-02-11,4618.14050365259,5864.339272573335,6443.74074529154,7660.766227057223
2022-02-14,4618.14050365259,5864.339272573335,6443.74074529154,7660.766227057223
2022-02-15,4618.14050365259,5864.339272573335,6443.74074529154,7660.766227057223
2022-02-16,4618.14050365259,5864.339272573335,6443.74074529154,7660.766227057223
2022-02-17,4742.3766021141855,6029.913878203625,6878.562055234047,7660.766227057223
2022-02-18,4742.3766021141855,6029.913878203625,6878.562055234047,7660.766227057223
2022-02-22,4742.3766021141855,6029.913878203625,6878.562055234047,7660.766227057223
2022-02-23,4789.45438040274,6064.575477195058,6878.562055234047,7660.766227057223
2022-02-24,4789.45438040274,6064.575477195058,6878.562055234047,7660.766227057223
2022-02-25,4789.45438040274,6064.575477195058,6878.562055234047,7660.766227057223
2022-02-28,4789.45438040274,6064.575477195058,6878.562055234047,7660.766227057223
2022-03-01,4956.226175304842,6103.571087048322,6878.562055234047,7660.766227057223
2022-03-02,4956.226175304842,6103.571087048322,6878.562055234047,7660.766227057223
2022-03-03,4956.226175304842,6103.571087048322,6878.562055234047,7660.766227057223
2022-03-04,4956.226175304842,6103.571087048322,6878.562055234047,7660.766227057223
2022-03-07,5168.328263807671,6204.589619665017,6878.562055234047,7660.766227057223
2022-03-08,5168.328263807671,6204.589619665017,6878.562055234047,7660.766227057223
2022-03-09,5168.328263807671,6204.589619665017,6878.562055234047,7660.766227057223
2022-03-10,5168.328263807671,6204.589619665017,6878.562055234047,7660.766227057223
2022-03-11,5168.328263807671,6204.589619665017,6878.562055234047,7660.766227057223
2022-03-14,5168.328263807671,6204.589619665017,6878.562055234047,7660.766227057223
2022-03-15,5168.328263807671,6204.589619665017,6878.562055234047,7660.766227057223
2022-03-16,5168.328263807671,6204.589619665017,6878.562055234047,7660.766227057223
2022-03-17,5168.328263807671,6204.589619665017,6878.562055234047,7660.766227057223
2022-03-18,5168.328263807671,6204.589619665017,6878.562055234047,7660.766227057223
2022-03-21,5168.328263807671,6204.589619665017,6878.562055234047,7660.766227057223
2022-03-22,5168.328263807671,6204.589619665017,6878.562055234047,7660.766227057223
2022-03-23,5168.328263807671,6204.589619665017,6878.562055234047,7660.766227057223
2022-03-24,5168.328263807671,6204.589619665017,6878.562055234047,7660.766227057223
2022-03-25,5168.328263807671,6204.589619665017,6878.562055234047,7660.766227057223
2022-03-28,5168.328263807671,6204.589619665017,6878.562055234047,7660.766227057223
2022-03-29,5168.328263807671,6204.589619665017,6878.562055234047,7660.766227057223
2022-03-30,5168.328263807671,6204.589619665017,6878.562055234047,7660.766227057223
2022-03-31,5235.594848240161,6208.303884952226,6878.562055234047,7660.766227057223
2022-04-01,5235.594848240161,6208.303884952226,6878.562055234047,7660.766227057223
2022-04-04,5235.594848240161,6208.303884952226,6878.562055234047,7660.766227057223
2022-04-05,5235.594848240161,6208.303884952226,6878.562055234047,7660.766227057223
2022-04-06,5235.594848240161,6208.303884952226,6878.562055234047,7660.766227057223
2022-04-07,5235.594848240161,6208.303884952226,6878.562055234047,7660.766227057223
2022-04-08,5235.594848240161,6208.303884952226,6878.562055234047,7660.766227057223
2022-04-11,5235.594848240161,6208.303884952226,6878.562055234047,7660.766227057223
2022-04-12,5235.594848240161,6208.303884952226,6878.562055234047,7660.766227057223
2022-04-13,5235.594848240161,6208.303884952226,6878.562055234047,7660.766227057223
2022-04-14,5235.594848240161,6208.303884952226,6878.562055234047,7660.766227057223
2022-04-18,5235.594848240161,6208.303884952226,6878.562055234047,7660.766227057223
2022-04-19,5235.594848240161,6208.303884952226,6878.562055234047,7660.766227057223
2022-04-20,5235.594848240161,6208.303884952226,6878.562055234047,7660.766227057223
2022-04-21,5235.594848240161,6208.303884952226,6878.562055234047,7660.766227057223
2022-04-22,5261.187798962143,6642.764715492609,7022.876729018477,8984.055544383707
2022-04-25,5261.187798962143,6642.764715492609,7022.876729018477,8984.055544383707
2022-04-26,5288.4335895166005,6861.785005011654,7634.736920674526,9318.140501253327
2022-04-27,5288.4335895166005,6861.785005011654,7634.736920674526,9318.140501253327
2022-04-28,5288.4335895166005,6861.785005011654,7634.736920674526,9318.140501253327
2022-04-29,5349.073678251355,7195.912517820583,8541.396965929724,9822.911527019382
2022-05-02,5349.073678251355,7195.912517820583,8541.396965929724,9822.911527019382
2022-05-03,5349.073678251355,7195.912517820583,8541.396965929724,9822.911527019382
2022-05-04,5349.073678251355,7195.912517820583,8541.396965929724,9822.911527019382
2022-05-05,5544.161655767838,7611.9310444172725,9297.400354620147,10442.803455002859
2022-05-06,5544.161655767838,7611.9310444172725,9297.400354620147,10442.803455002859
2022-05-09,5580.07287586629,7618.434098108009,9297.400354620147,10442.803455002859
2022-05-10,5580.07287586629,7618.434098108009,9297.400354620147,10442.803455002859
2022-05-11,5580.07287586629,7618.434098108009,9297.400354620147,10442.803455002859
2022-05-12,5580.07287586629,7618.434098108009,9297.400354620147,10442.803455002859
2022-05-13,5580.07287586629,7618.434098108009,9297.400354620147,10442.803455002859
2022-05-16,5580.07287586629,7618.434098108009,9297.400354620147,10442.803455002859
2022-05-17,5580.07287586629,7618.434098108009,9297.400354620147,10442.803455002859
2022-05-18,5744.462020962147,7886.401867364103,9433.033120806747,10442.803455002859
2022-05-19,5744.462020962147,7886.401867364103,9433.033120806747,10442.803455002859
2022-05-20,5744.462020962147,7886.401867364103,9433.033120806747,10442.803455002859
2022-05-23,5744.462020962147,7886.401867364103,9433.033120806747,10442.803455002859
2022-05-24,5744.462020962147,7886.401867364103,9433.033120806747,10442.803455002859
2022-05-25,5744.462020962147,7886.401867364103,9433.033120806747,10442.803455002859
2022-05-26,5744.462020962147,7886.401867364103,9433.033120806747,10442.803455002859
2022-05-27,5744.462020962147,7886.401867364103,9433.033120806747,10442.803455002859
2022-05-31,5744.462020962147,7886.401867364103,9433.033120806747,10442.803455002859
2022-06-01,5744.462020962147,7886.401867364103,9433.033120806747,10442.803455002859
2022-06-02,5744.462020962147,7886.401867364103,9433.033120806747,10442.803455002859
2022-06-03,5744.462020962147,7886.401867364103,9433.033120806747,10442.803455002859
2022-06-06,5744.462020962147,7886.401867364103,9433.033120806747,10442.803455002859
2022-06-07,5744.462020962147,7886.401867364103,9433.033120806747,10442.803455002859
2022-06-08,5744.462020962147,7886.401867364103,9433.033120806747,10442.803455002859
2022-06-09,5846.410155239941,7950.285354476261,9433.033120806747,10442.803455002859
2022-06-10,5937.767395716699,8257.285171909603,9779.680057187035,10533.99637828129
2022-06-13,6200.7388574829065,8430.171299725918,9779.680057187035,10533.99637828129
2022-06-14,6200.7388574829065,8430.171299725918,9779.680057187035,10533.99637828129
2022-06-15,6200.7388574829065,8430.171299725918,9779.680057187035,10533.99637828129
2022-06-16,6503.610323066725,8558.467332089826,9779.680057187035,10533.99637828129
2022-06-17,6503.610323066725,8558.467332089826,9779.680057187035,10533.99637828129
2022-06-21,6503.610323066725,8558.467332089826,9779.680057187035,10533.99637828129
2022-06-22,6503.610323066725,8558.467332089826,9779.680057187035,10533.99637828129
2022-06-23,6503.610323066725,8558.467332089826,9779.680057187035,10533.99637828129
2022-06-24,6503.610323066725,8558.467332089826,9779.680057187035,10533.99637828129
2022-06-27,6503.610323066725,8558.467332089826,9779.680057187035,10533.99637828129
2022-06-28,6503.610323066725,8558.467332089826,9779.680057187035,10533.99637828129
2022-06-29,6503.610323066725,8558.467332089826,9779.680057187035,10533.99637828129
2022-06-30,6503.610323066725,8558.467332089826,9779.680057187035,10533.99637828129
2022-07-01,6503.610323066725,8558.467332089826,9779.680057187035,10533.99637828129
2022-07-05,6503.610323066725,8558.467332089826,9779.680057187035,10533.99637828129
2022-07-06,6503.610323066725,8558.467332089826,9779.680057187035,10533.99637828129
2022-07-07,6503.610323066725,8558.467332089826,9779.680057187035,10533.99637828129
2022-07-08,6503.610323066725,8558.467332089826,9779.680057187035,10533.99637828129
2022-07-11,6503.610323066725,8558.467332089826,9779.680057187035,10533.99637828129
2022-07-12,6503.610323066725,8558.467332089826,9779.680057187035,10533.99637828129
2022-07-13,6503.610323066725,8558.467332089826,9779.680057187035,10533.99637828129
2022-07-14,6503.610323066725,8558.467332089826,9779.680057187035,10533.99637828129
2022-07-15,6200.7388574829065,8519.065724771237,9779.680057187035,10533.99637828129
2022-07-18,6200.7388574829065,8519.065724771237,9779.680057187035,10533.99637828129
2022-07-19,6200.7388574829065,8519.065724771237,9779.680057187035,10533.99637828129
2022-07-20,6200.7388574829065,8519.065724771237,9779.680057187035,10533.99637828129
2022-07-21,6200.7388574829065,8519.065724771237,9779.680057187035,10533.99637828129
2022-07-22,6200.7388574829065,8519.065724771237,9779.680057187035,10533.99637828129
2022-07-25,6200.7388574829065,8519.065724771237,9779.680057187035,10533.99637828129
2022-07-26,6200.7388574829065,8519.065724771237,9779.680057187035,10533.99637828129
2022-07-27,6200.7388574829065,8519.065724771237,9779.680057187035,10533.99637828129
2022-07-28,6200.7388574829065,8519.065724771237,9779.680057187035,10533.99637828129
2022-07-29,6200.7388574829065,8519.065724771237,9779.680057187035,10533.99637828129
2022-08-01,6200.7388574829065,8519.065724771237,9779.680057187035,10533.99637828129
2022-08-02,6200.7388574829065,8519.065724771237,9779.680057187035,10533.99637828129
2022-08-03,6200.7388574829065,8519.065724771237,9779.680057187035,10533.99637828129
2022-08-04,6200.7388574829065,8519.065724771237,9779.680057187035,10533.99637828129
2022-08-05,6200.7388574829065,8519.065724771237,9779.680057187035,10533.99637828129
2022-08-08,6200.7388574829065,8519.065724771237,9779.680057187035,10533.99637828129
2022-08-09,6200.7388574829065,8519.065724771237,9779.680057187035,10533.99637828129
2022-08-10,6200.7388574829065,8519.065724771237,9779.680057187035,10533.99637828129
2022-08-11,6200.7388574829065,8519.065724771237,9779.680057187035,10533.99637828129
2022-08-12,6200.7388574829065,8519.065724771237,9779.680057187035,10533.99637828129
2022-08-15,6200.7388574829065,8519.065724771237,9779.680057187035,10533.99637828129
2022-08-16,6200.7388574829065,8519.065724771237,9779.680057187035,10533.99637828129
2022-08-17,6200.7388574829065,8519.065724771237,9779.680057187035,10533.99637828129
2022-08-18,6200.7388574829065,8519.065724771237,9779.680057187035,10533.99637828129
2022-08-19,6200.7388574829065,8519.065724771237,9779.680057187035,10533.99637828129
2022-08-22,6486.173014405475,8530.301809931294,9779.680057187035,10533.99637828129
2022-08-23,6486.173014405475,8530.301809931294,9779.680057187035,10533.99637828129
2022-08-24,6486.173014405475,8530.301809931294,9779.680057187035,10533.99637828129
2022-08-25,6486.173014405475,8530.301809931294,9779.680057187035,10533.99637828129
2022-08-26,6569.341421253065,8777.097119005244,9838.523297718279,10533.99637828129
2022-08-29,6569.341421253065,8777.097119005244,9838.523297718279,10533.99637828129
2022-08-30,6569.341421253065,8777.097119005244,9838.523297718279,10533.99637828129
2022-08-31,6569.341421253065,8777.097119005244,9838.523297718279,10533.99637828129
2022-09-01,6569.341421253065,8777.097119005244,9838.523297718279,10533.99637828129
2022-09-02,6569.341421253065,8777.097119005244,9838.523297718279,10533.99637828129
2022-09-06,6569.341421253065,8777.097119005244,9838.523297718279,10533.99637828129
2022-09-07,6569.341421253065,8777.097119005244,9838.523297718279,10533.99637828129
2022-09-08,6569.341421253065,8777.097119005244,9838.523297718279,10533.99637828129
2022-09-09,6569.341421253065,8777.097119005244,9838.523297718279,10533.99637828129
2022-09-12,6569.341421253065,8777.097119005244,9838.523297718279,10533.99637828129
2022-09-13,6723.2246584396225,9306.141967321002,10365.898620839836,11716.482272900039
2022-09-14,6723.2246584396225,9306.141967321002,10365.898620839836,11716.482272900039
2022-09-15,6723.2246584396225,9306.141967321002,10365.898620839836,11716.482272900039
2022-09-16,6569.341421253065,9264.605149897443,10365.898620839836,11716.482272900039
2022-09-19,6569.341421253065,9264.605149897443,10365.898620839836,11716.482272900039
2022-09-20,6569.341421253065,9264.605149897443,10365.898620839836,11716.482272900039
2022-09-21,6569.341421253065,9264.605149897443,10365.898620839836,11716.482272900039
2022-09-22,6569.341421253065,9264.605149897443,10365.898620839836,11716.482272900039
2022-09-23,6569.341421253065,9264.605149897443,10365.898620839836,11716.482272900039
2022-09-26,6569.341421253065,9264.605149897443,10365.898620839836,11716.482272900039
2022-09-27,6569.341421253065,9264.605149897443,10365.898620839836,11716.482272900039
2022-09-28,6569.341421253065,9264.605149897443,10365.898620839836,11716.482272900039
2022-09-29,6569.341421253065,9264.605149897443,10365.898620839836,11716.482272900039
2022-09-30,6569.341421253065,9264.605149897443,10365.898620839836,11716.482272900039
2022-10-03,6569.341421253065,9264.605149897443,10365.898620839836,11716.482272900039
2022-10-04,6569.341421253065,9264.605149897443,10365.898620839836,11716.482272900039
2022-10-05,6569.341421253065,9264.605149897443,10365.898620839836,11716.482272900039
2022-10-06,6569.341421253065,9264.605149897443,10365.898620839836,11716.482272900039
2022-10-07,6569.341421253065,9264.605149897443,10365.898620839836,11716.482272900039
2022-10-10,6569.341421253065,9264.605149897443,10365.898620839836,11716.482272900039
2022-10-11,6569.341421253065,9264.605149897443,10365.898620839836,11716.482272900039
2022-10-12,6569.341421253065,9264.605149897443,10365.898620839836,11716.482272900039
2022-10-13,6569.341421253065,9264.605149897443,10365.898620839836,11716.482272900039
2022-10-14,6569.341421253065,9264.605149897443,10365.898620839836,11716.482272900039
2022-10-17,6569.341421253065,9264.605149897443,10365.898620839836,11716.482272900039
2022-10-18,6569.341421253065,9264.605149897443,10365.898620839836,11716.482272900039
2022-10-19,6569.341421253065,9264.605149897443,10365.898620839836,11716.482272900039
2022-10-20,6569.341421253065,9264.605149897443,10365.898620839836,11716.482272900039
2022-10-21,6569.341421253065,9264.605149897443,10365.898620839836,11716.482272900039
2022-10-24,6569.341421253065,9264.605149897443,10365.898620839836,11716.482272900039
2022-10-25,6569.341421253065,9264.605149897443,10365.898620839836,11716.482272900039
2022-10-26,6569.341421253065,9264.605149897443,10365.898620839836,11716.482272900039
2022-10-27,6569.341421253065,9264.605149897443,10365.898620839836,11716.482272900039
2022-10-28,6569.341421253065,9264.605149897443,10365.898620839836,11716.482272900039
2022-10-31,6569.341421253065,9264.605149897443,10365.898620839836,11716.482272900039
2022-11-01,6569.341421253065,9264.605149897443,10365.898620839836,11716.482272900039
2022-11-02,6569.341421253065,9264.605149897443,10365.898620839836,11716.482272900039
2022-11-03,6569.341421253065,9264.605149897443,10365.898620839836,11716.482272900039
2022-11-04,6569.341421253065,9264.605149897443,10365.898620839836,11716.482272900039
2022-11-07,6569.341421253065,9264.605149897443,10365.898620839836,11716.482272900039
2022-11-08,6569.341421253065,9264.605149897443,10365.898620839836,11716.482272900039
2022-11-09,6569.341421253065,9264.605149897443,10365.898620839836,11716.482272900039
2022-11-10,6569.341421253065,9264.605149897443,10365.898620839836,11716.482272900039
2022-11-11,6569.341421253065,9264.605149897443,10365.898620839836,11716.482272900039
2022-11-14,6569.341421253065,9264.605149897443,10365.898620839836,11716.482272900039
2022-11-15,6569.341421253065,9264.605149897443,10365.898620839836,11716.482272900039
2022-11-16,6569.341421253065,9264.605149897443,10365.898620839836,11716.482272900039
2022-11-17,6569.341421253065,9264.605149897443,10365.898620839836,11716.482272900039
2022-11-18,6569.341421253065,9264.605149897443,10365.898620839836,11716.482272900039
2022-11-21,6569.341421253065,9264.605149897443,10365.898620839836,11716.482272900039
2022-11-22,6569.341421253065,9264.605149897443,10365.898620839836,11716.482272900039
2022-11-23,6486.173014405475,9080.855016723355,10365.898620839836,11716.482272900039
2022-11-25,6486.173014405475,9080.855016723355,10365.898620839836,11716.482272900039
2022-11-28,6486.173014405475,9080.855016723355,10365.898620839836,11716.482272900039
2022-11-29,6486.173014405475,9080.855016723355,10365.898620839836,11716.482272900039
2022-11-30,6486.173014405475,9080.855016723355,10365.898620839836,11716.482272900039
2022-12-01,6486.173014405475,9080.855016723355,10365.898620839836,11716.482272900039
2022-12-02,6486.173014405475,9080.855016723355,10365.898620839836,11716.482272900039
2022-12-05,6486.173014405475,9080.855016723355,10365.898620839836,11716.482272900039
2022-12-06,6486.173014405475,9080.855016723355,10365.898620839836,11716.482272900039
2022-12-07,6486.173014405475,9080.855016723355,10365.898620839836,11716.482272900039
2022-12-08,6486.173014405475,9080.855016723355,10365.898620839836,11716.482272900039
2022-12-09,6486.173014405475,9080.855016723355,10365.898620839836,11716.482272900039
2022-12-12,6486.173014405475,9080.855016723355,10365.898620839836,11716.482272900039
2022-12-13,6486.173014405475,9080.855016723355,10365.898620839836,11716.482272900039
2022-12-14,6486.173014405475,9080.855016723355,10365.898620839836,11716.482272900039
2022-12-15,6569.341421253065,9215.096498689874,10365.898620839836,11716.482272900039
2022-12-16,6569.341421253065,9215.096498689874,10365.898620839836,11716.482272900039
2022-12-19,6569.341421253065,9215.096498689874,10365.898620839836,11716.482272900039
2022-12-20,6569.341421253065,9215.096498689874,10365.898620839836,11716.482272900039
2022-12-21,6569.341421253065,9215.096498689874,10365.898620839836,11716.482272900039
2022-12-22,6569.341421253065,9215.096498689874,10365.898620839836,11716.482272900039
2022-12-23,6569.341421253065,9215.096498689874,10365.898620839836,11716.482272900039
2022-12-27,6569.341421253065,9215.096498689874,10365.898620839836,11716.482272900039
2022-12-28,6569.341421253065,9215.096498689874,10365.898620839836,11716.482272900039
2022-12-29,6569.341421253065,9215.096498689874,10365.898620839836,11716.482272900039
2022-12-30,6569.341421253065,9215.096498689874,10365.898620839836,11716.482272900039
2023-01-03,6569.341421253065,9215.096498689874,10365.898620839836,11716.482272900039
2023-01-04,6569.341421253065,9215.096498689874,10365.898620839836,11716.482272900039
2023-01-05,6569.341421253065,9215.096498689874,10365.898620839836,11716.482272900039
2023-01-06,6569.341421253065,9215.096498689874,10365.898620839836,11716.482272900039
2023-01-09,6569.341421253065,9215.096498689874,10365.898620839836,11716.482272900039
2023-01-10,6569.341421253065,9215.096498689874,10365.898620839836,11716.482272900039
2023-01-11,6569.341421253065,9215.096498689874,10365.898620839836,11716.482272900039
2023-01-12,6569.341421253065,9215.096498689874,10365.898620839836,11716.482272900039
2023-01-13,6569.341421253065,9215.096498689874,10365.898620839836,11716.482272900039
2023-01-17,6569.341421253065,9215.096498689874,10365.898620839836,11716.482272900039
2023-01-18,6569.341421253065,9215.096498689874,10365.898620839836,11716.482272900039
2023-01-19,6569.341421253065,9215.096498689874,10365.898620839836,11716.482272900039
2023-01-20,6569.341421253065,9215.096498689874,10365.898620839836,11716.482272900039
2023-01-23,6569.341421253065,9215.096498689874,10365.898620839836,11716.482272900039
2023-01-24,6569.341421253065,9215.096498689874,10365.898620839836,11716.482272900039
2023-01-25,6569.341421253065,9215.096498689874,10365.898620839836,11716.482272900039
2023-01-26,6569.341421253065,9215.096498689874,10365.898620839836,11716.482272900039
2023-01-27,6569.341421253065,9215.096498689874,10365.898620839836,11716.482272900039
2023-01-30,6569.341421253065,9215.096498689874,10365.898620839836,11716.482272900039
2023-01-31,6569.341421253065,9215.096498689874,10365.898620839836,11716.482272900039
2023-02-01,6569.341421253065,9215.096498689874,10365.898620839836,11716.482272900039
2023-02-02,6569.341421253065,9215.096498689874,10365.898620839836,11716.482272900039
2023-02-03,6569.341421253065,9215.096498689874,10365.898620839836,11716.482272900039
2023-02-06,6569.341421253065,9215.096498689874,10365.898620839836,11716.482272900039
2023-02-07,6569.341421253065,9215.096498689874,10365.898620839836,11716.482272900039
2023-02-08,6569.341421253065,9215.096498689874,10365.898620839836,11716.482272900039
2023-02-09,6569.341421253065,9215.096498689874,10365.898620839836,11716.482272900039
2023-02-10,6569.341421253065,9215.096498689874,10365.898620839836,11716.482272900039
2023-02-13,6569.341421253065,9215.096498689874,10365.898620839836,11716.482272900039
2023-02-14,6569.341421253065,9215.096498689874,10365.898620839836,11716.482272900039
2023-02-15,6569.341421253065,9215.096498689874,10365.898620839836,11716.482272900039
2023-02-16,6486.173014405475,9193.130952264259,10365.898620839836,11716.482272900039
2023-02-17,6486.173014405475,9193.130952264259,10365.898620839836,11716.482272900039
2023-02-21,6569.341421253065,9279.5514747972,10365.898620839836,11716.482272900039
2023-02-22,6569.341421253065,9279.5514747972,10365.898620839836,11716.482272900039
2023-02-23,6569.341421253065,9279.5514747972,10365.898620839836,11716.482272900039
2023-02-24,6569.341421253065,9279.5514747972,10365.898620839836,11716.482272900039
2023-02-27,6569.341421253065,9279.5514747972,10365.898620839836,11716.482272900039
2023-02-28,6569.341421253065,9279.5514747972,10365.898620839836,11716.482272900039
2023-03-01,6569.341421253065,9279.5514747972,10365.898620839836,11716.482272900039
2023-03-02,6569.341421253065,9279.5514747972,10365.898620839836,11716.482272900039
2023-03-03,6569.341421253065,9279.5514747972,10365.898620839836,11716.482272900039
2023-03-06,6569.341421253065,9279.5514747972,10365.898620839836,11716.482272900039
2023-03-07,6924.38647925286,9327.212757188128,10365.898620839836,11716.482272900039
2023-03-08,6924.38647925286,9327.212757188128,10365.898620839836,11716.482272900039
2023-03-09,6924.38647925286,9327.212757188128,10365.898620839836,11716.482272900039
2023-03-10,6924.38647925286,9327.212757188128,10365.898620839836,11716.482272900039
2023-03-13,6924.38647925286,9327.212757188128,10365.898620839836,11716.482272900039
2023-03-14,6924.38647925286,9327.212757188128,10365.898620839836,11716.482272900039
2023-03-15,6924.38647925286,9327.212757188128,10365.898620839836,11716.482272900039
2023-03-16,6924.38647925286,9327.212757188128,10365.898620839836,11716.482272900039
2023-03-17,6924.38647925286,9327.212757188128,10365.898620839836,11716.482272900039
2023-03-20,6924.38647925286,9327.212757188128,10365.898620839836,11716.482272900039
2023-03-21,6924.38647925286,9327.212757188128,10365.898620839836,11716.482272900039
2023-03-22,6924.38647925286,9327.212757188128,10365.898620839836,11716.482272900039
2023-03-23,6924.38647925286,9327.212757188128,10365.898620839836,11716.482272900039
2023-03-24,6924.38647925286,9327.212757188128,10365.898620839836,11716.482272900039
2023-03-27,6924.38647925286,9327.212757188128,10365.898620839836,11716.482272900039
2023-03-28,6924.38647925286,9327.212757188128,10365.898620839836,11716.482272900039
2023-03-29,6924.38647925286,9327.212757188128,10365.898620839836,11716.482272900039
2023-03-30,6924.38647925286,9327.212757188128,10365.898620839836,11716.482272900039
2023-03-31,6924.38647925286,9327.212757188128,10365.898620839836,11716.482272900039
2023-04-03,6924.38647925286,9327.212757188128,10365.898620839836,11716.482272900039
2023-04-04,6924.38647925286,9327.212757188128,10365.898620839836,11716.482272900039
2023-04-05,6924.38647925286,9327.212757188128,10365.898620839836,11716.482272900039
2023-04-06,6924.38647925286,9327.212757188128,10365.898620839836,11716.482272900039
2023-04-10,6924.38647925286,9327.212757188128,10365.898620839836,11716.482272900039
2023-04-11,6924.38647925286,9327.212757188128,10365.898620839836,11716.482272900039
2023-04-12,6924.38647925286,9327.212757188128,10365.898620839836,11716.482272900039
2023-04-13,6924.38647925286,9327.212757188128,10365.898620839836,11716.482272900039
2023-04-14,6924.38647925286,9327.212757188128,10365.898620839836,11716.482272900039
2023-04-17,6924.38647925286,9327.212757188128,10365.898620839836,11716.482272900039
2023-04-18,6924.38647925286,9327.212757188128,10365.898620839836,11716.482272900039
2023-04-19,6924.38647925286,9327.212757188128,10365.898620839836,11716.482272900039
2023-04-20,6924.38647925286,9327.212757188128,10365.898620839836,11716.482272900039
2023-04-21,6569.341421253065,8996.11156161317,9838.523297718279,11391.752206824758
2023-04-24,6569.341421253065,8996.11156161317,9838.523297718279,11391.752206824758
2023-04-25,6368.507519942683,8875.03943125309,9838.523297718279,11391.752206824758
2023-04-26,6368.507519942683,8875.03943125309,9838.523297718279,11391.752206824758
2023-04-27,6368.507519942683,8875.03943125309,9838.523297718279,11391.752206824758
2023-04-28,6115.40607064809,8606.131834665093,9838.523297718279,11391.752206824758
2023-05-01,6115.40607064809,8606.131834665093,9838.523297718279,11391.752206824758
2023-05-02,6115.40607064809,8606.131834665093,9838.523297718279,11391.752206824758
2023-05-03,6115.40607064809,8606.131834665093,9838.523297718279,11391.752206824758
2023-05-04,6058.925028734174,8243.031145301979,9494.278126257632,11045.056041074024
2023-05-05,6058.925028734174,8243.031145301979,9494.278126257632,11045.056041074024
2023-05-08,6058.925028734174,8243.031145301979,9494.278126257632,11045.056041074024
2023-05-09,6058.925028734174,8243.031145301979,9494.278126257632,11045.056041074024
2023-05-10,6058.925028734174,8243.031145301979,9494.278126257632,11045.056041074024
2023-05-11,6058.925028734174,8243.031145301979,9494.278126257632,11045.056041074024
2023-05-12,6058.925028734174,8243.031145301979,9494.278126257632,11045.056041074024
2023-05-15,6058.925028734174,8243.031145301979,9494.278126257632,11045.056041074024
2023-05-16,6058.925028734174,8243.031145301979,9494.278126257632,11045.056041074024
2023-05-17,6013.934116678868,7998.083577611726,9043.275251878822,11045.056041074024
2023-05-18,6013.934116678868,7998.083577611726,9043.275251878822,11045.056041074024
2023-05-19,6013.934116678868,7998.083577611726,9043.275251878822,11045.056041074024
2023-05-22,6013.934116678868,7998.083577611726,9043.275251878822,11045.056041074024
2023-05-23,6013.934116678868,7998.083577611726,9043.275251878822,11045.056041074024
2023-05-24,6013.934116678868,7998.083577611726,9043.275251878822,11045.056041074024
2023-05-25,6013.934116678868,7998.083577611726,9043.275251878822,11045.056041074024
2023-05-26,6013.934116678868,7998.083577611726,9043.275251878822,11045.056041074024
2023-05-30,6013.934116678868,7998.083577611726,9043.275251878822,11045.056041074024
2023-05-31,6013.934116678868,7998.083577611726,9043.275251878822,11045.056041074024
2023-06-01,6013.934116678868,7998.083577611726,9043.275251878822,11045.056041074024
2023-06-02,6013.934116678868,7998.083577611726,9043.275251878822,11045.056041074024
2023-06-05,6013.934116678868,7998.083577611726,9043.275251878822,11045.056041074024
2023-06-06,6013.934116678868,7998.083577611726,9043.275251878822,11045.056041074024
2023-06-07,6013.934116678868,7998.083577611726,9043.275251878822,11045.056041074024
2023-06-08,5773.7626022603945,7952.456895896788,9043.275251878822,11045.056041074024
2023-06-09,5494.278801071192,7613.624188452789,8248.308993008432,10506.159282324099
2023-06-12,5364.902187016725,7404.302085409205,8187.59700171835,10506.159282324099
2023-06-13,5364.902187016725,7404.302085409205,8187.59700171835,10506.159282324099
2023-06-14,5364.902187016725,7404.302085409205,8187.59700171835,10506.159282324099
2023-06-15,5207.405492411612,7185.45177512954,7992.423866564663,10506.159282324099
2023-06-16,5207.405492411612,7185.45177512954,7992.423866564663,10506.159282324099
2023-06-20,5207.405492411612,7185.45177512954,7992.423866564663,10506.159282324099
2023-06-21,5207.405492411612,7185.45177512954,7992.423866564663,10506.159282324099
2023-06-22,5207.405492411612,7185.45177512954,7992.423866564663,10506.159282324099
2023-06-23,5207.405492411612,7185.45177512954,7992.423866564663,10506.159282324099
2023-06-26,5207.405492411612,7185.45177512954,7992.423866564663,10506.159282324099
2023-06-27,5207.405492411612,7185.45177512954,7992.423866564663,10506.159282324099
2023-06-28,5207.405492411612,7185.45177512954,7992.423866564663,10506.159282324099
2023-06-29,5207.405492411612,7185.45177512954,7992.423866564663,10506.159282324099
2023-06-30,5207.405492411612,7185.45177512954,7992.423866564663,10506.159282324099
2023-07-03,5207.405492411612,7185.45177512954,7992.423866564663,10506.159282324099
2023-07-05,5207.405492411612,7185.45177512954,7992.423866564663,10506.159282324099
2023-07-06,5207.405492411612,7185.45177512954,7992.423866564663,10506.159282324099
2023-07-07,5207.405492411612,7185.45177512954,7992.423866564663,10506.159282324099
2023-07-10,5207.405492411612,7185.45177512954,7992.423866564663,10506.159282324099
2023-07-11,5207.405492411612,7185.45177512954,7992.423866564663,10506.159282324099
2023-07-12,5207.405492411612,7185.45177512954,7992.423866564663,10506.159282324099
2023-07-13,5207.405492411612,7185.45177512954,7992.423866564663,10506.159282324099
2023-07-14,5207.405492411612,7185.45177512954,7992.423866564663,10506.159282324099
2023-07-17,5207.405492411612,7185.45177512954,7992.423866564663,10506.159282324099
2023-07-18,5207.405492411612,7185.45177512954,7992.423866564663,10506.159282324099
2023-07-19,5207.405492411612,7185.45177512954,7992.423866564663,10506.159282324099
2023-07-20,5207.405492411612,7185.45177512954,7992.423866564663,10506.159282324099
2023-07-21,5207.405492411612,7185.45177512954,7992.423866564663,10506.159282324099
2023-07-24,5207.405492411612,7185.45177512954,7992.423866564663,10506.159282324099
2023-07-25,5207.405492411612,7185.45177512954,7992.423866564663,10506.159282324099
2023-07-26,5207.405492411612,7185.45177512954,7992.423866564663,10506.159282324099
2023-07-27,5207.405492411612,7185.45177512954,7992.423866564663,10506.159282324099
2023-07-28,5207.405492411612,7185.45177512954,7992.423866564663,10506.159282324099
2023-07-31,5207.405492411612,7185.45177512954,7992.423866564663,10506.159282324099
2023-08-01,5207.405492411612,7185.45177512954,7992.423866564663,10506.159282324099
2023-08-02,5207.405492411612,7185.45177512954,7992.423866564663,10506.159282324099
2023-08-03,5207.405492411612,7185.45177512954,7992.423866564663,10506.159282324099
2023-08-04,5207.405492411612,7185.45177512954,7992.423866564663,10506.159282324099
2023-08-07,5207.405492411612,7185.45177512954,7992.423866564663,10506.159282324099
2023-08-08,5207.405492411612,7185.45177512954,7992.423866564663,10506.159282324099
2023-08-09,5207.405492411612,7185.45177512954,7992.423866564663,10506.159282324099
2023-08-10,5207.405492411612,7185.45177512954,7992.423866564663,10506.159282324099
2023-08-11,5207.405492411612,7185.45177512954,7992.423866564663,10506.159282324099
2023-08-14,5207.405492411612,7185.45177512954,7992.423866564663,10506.159282324099
2023-08-15,5207.405492411612,7185.45177512954,7992.423866564663,10506.159282324099
2023-08-16,5207.405492411612,7185.45177512954,7992.423866564663,10506.159282324099
2023-08-17,5207.405492411612,7185.45177512954,7992.423866564663,10506.159282324099
2023-08-18,5207.405492411612,7185.45177512954,7992.423866564663,10506.159282324099
2023-08-21,5114.408526735917,7080.033394926442,7992.423866564663,10506.159282324099
2023-08-22,5114.408526735917,7080.033394926442,7992.423866564663,10506.159282324099
2023-08-23,5114.408526735917,7080.033394926442,7992.423866564663,10506.159282324099
2023-08-24,5114.408526735917,7080.033394926442,7992.423866564663,10506.159282324099
2023-08-25,4927.105239207373,6716.357031595441,7444.009602622726,9811.201873979726
2023-08-28,4927.105239207373,6716.357031595441,7444.009602622726,9811.201873979726
2023-08-29,4927.105239207373,6716.357031595441,7444.009602622726,9811.201873979726
2023-08-30,4927.105239207373,6716.357031595441,7444.009602622726,9811.201873979726
2023-08-31,4927.105239207373,6716.357031595441,7444.009602622726,9811.201873979726
2023-09-01,4927.105239207373,6716.357031595441,7444.009602622726,9811.201873979726
2023-09-05,4927.105239207373,6716.357031595441,7444.009602622726,9811.201873979726
2023-09-06,4927.105239207373,6716.357031595441,7444.009602622726,9811.201873979726
2023-09-07,4927.105239207373,6716.357031595441,7444.009602622726,9811.201873979726
2023-09-08,4927.105239207373,6716.357031595441,7444.009602622726,9811.201873979726
2023-09-11,4927.105239207373,6716.357031595441,7444.009602622726,9811.201873979726
2023-09-12,4640.424586905503,6049.984623561532,6684.369043606571,7725.2064216388
2023-09-13,4640.424586905503,6049.984623561532,6684.369043606571,7725.2064216388
2023-09-14,4640.424586905503,6049.984623561532,6684.369043606571,7725.2064216388
2023-09-15,4640.424586905503,6049.984623561532,6684.369043606571,7725.2064216388
2023-09-18,4640.424586905503,6049.984623561532,6684.369043606571,7725.2064216388
2023-09-19,4640.424586905503,6049.984623561532,6684.369043606571,7725.2064216388
2023-09-20,4408.687615822648,5931.2879426666495,6684.369043606571,7725.2064216388
2023-09-21,4408.687615822648,5931.2879426666495,6684.369043606571,7725.2064216388
2023-09-22,4408.687615822648,5931.2879426666495,6684.369043606571,7725.2064216388
2023-09-25,4408.687615822648,5931.2879426666495,6684.369043606571,7725.2064216388
2023-09-26,4408.687615822648,5931.2879426666495,6684.369043606571,7725.2064216388
2023-09-27,4408.687615822648,5931.2879426666495,6684.369043606571,7725.2064216388
2023-09-28,4408.687615822648,5931.2879426666495,6684.369043606571,7725.2064216388
2023-09-29,4408.687615822648,5931.2879426666495,6684.369043606571,7725.2064216388
2023-10-02,4408.687615822648,5931.2879426666495,6684.369043606571,7725.2064216388
2023-10-03,4640.424586905503,6040.623783085705,6684.369043606571,7725.2064216388
2023-10-04,4640.424586905503,6040.623783085705,6684.369043606571,7725.2064216388
2023-10-05,4640.424586905503,6040.623783085705,6684.369043606571,7725.2064216388
2023-10-06,4408.687615822648,5915.037777712259,6684.369043606571,7725.2064216388
2023-10-09,4408.687615822648,5915.037777712259,6684.369043606571,7725.2064216388
2023-10-10,4408.687615822648,5915.037777712259,6684.369043606571,7725.2064216388
2023-10-11,4408.687615822648,5915.037777712259,6684.369043606571,7725.2064216388
2023-10-12,4408.687615822648,5915.037777712259,6684.369043606571,7725.2064216388
2023-10-13,4408.687615822648,5915.037777712259,6684.369043606571,7725.2064216388
2023-10-16,4408.687615822648,5915.037777712259,6684.369043606571,7725.2064216388
2023-10-17,4408.687615822648,5915.037777712259,6684.369043606571,7725.2064216388
2023-10-18,4640.424586905503,5962.2627351368155,6684.369043606571,7725.2064216388
2023-10-19,4640.424586905503,5962.2627351368155,6684.369043606571,7725.2064216388
2023-10-20,4640.424586905503,5962.2627351368155,6684.369043606571,7725.2064216388
2023-10-23,4640.424586905503,5962.2627351368155,6684.369043606571,7725.2064216388
2023-10-24,4640.424586905503,5962.2627351368155,6684.369043606571,7725.2064216388
2023-10-25,4640.424586905503,5962.2627351368155,6684.369043606571,7725.2064216388
2023-10-26,4640.424586905503,5962.2627351368155,6684.369043606571,7725.2064216388
2023-10-27,4827.079506290645,5966.280843174421,6684.369043606571,7725.2064216388
2023-10-30,4827.079506290645,5966.280843174421,6684.369043606571,7725.2064216388
2023-10-31,4827.079506290645,5966.280843174421,6684.369043606571,7725.2064216388
2023-11-01,4640.424586905503,5911.622502881147,6684.369043606571,7725.2064216388
2023-11-02,4640.424586905503,5911.622502881147,6684.369043606571,7725.2064216388
2023-11-03,4640.424586905503,5911.622502881147,6684.369043606571,7725.2064216388
2023-11-06,4640.424586905503,5911.622502881147,6684.369043606571,7725.2064216388
2023-11-07,4640.424586905503,5911.622502881147,6684.369043606571,7725.2064216388
2023-11-08,4408.687615822648,5789.642931242863,6684.369043606571,7725.2064216388
2023-11-09,4408.687615822648,5789.642931242863,6684.369043606571,7725.2064216388
2023-11-10,4408.687615822648,5789.642931242863,6684.369043606571,7725.2064216388
2023-11-13,4408.687615822648,5789.642931242863,6684.369043606571,7725.2064216388
2023-11-14,4408.687615822648,5789.642931242863,6684.369043606571,7725.2064216388
2023-11-15,4408.687615822648,5789.642931242863,6684.369043606571,7725.2064216388
2023-11-16,4408.687615822648,5789.642931242863,6684.369043606571,7725.2064216388
2023-11-17,4408.687615822648,5789.642931242863,6684.369043606571,7725.2064216388
2023-11-20,4408.687615822648,5789.642931242863,6684.369043606571,7725.2064216388
2023-11-21,4408.687615822648,5789.642931242863,6684.369043606571,7725.2064216388
2023-11-22,4408.687615822648,5789.642931242863,6684.369043606571,7725.2064216388
2023-11-24,4408.687615822648,5789.642931242863,6684.369043606571,7725.2064216388
2023-11-27,4269.1908850291,5703.8712968024865,6684.369043606571,7725.2064216388
2023-11-28,4269.1908850291,5703.8712968024865,6684.369043606571,7725.2064216388
2023-11-29,4269.1908850291,5703.8712968024865,6684.369043606571,7725.2064216388
2023-11-30,4269.1908850291,5703.8712968024865,6684.369043606571,7725.2064216388
2023-12-01,4269.1908850291,5703.8712968024865,6684.369043606571,7725.2064216388
2023-12-04,4149.514352762409,5621.402217188994,6684.369043606571,7725.2064216388
2023-12-05,4149.514352762409,5621.402217188994,6684.369043606571,7725.2064216388
2023-12-06,4149.514352762409,5621.402217188994,6684.369043606571,7725.2064216388
2023-12-07,4149.514352762409,5621.402217188994,6684.369043606571,7725.2064216388
2023-12-08,4149.514352762409,5621.402217188994,6684.369043606571,7725.2064216388
2023-12-11,4149.514352762409,5621.402217188994,6684.369043606571,7725.2064216388
2023-12-12,4149.514352762409,5621.402217188994,6684.369043606571,7725.2064216388
2023-12-13,4149.514352762409,5621.402217188994,6684.369043606571,7725.2064216388
2023-12-14,4131.816113644929,5301.701804521475,6009.3191813749345,7007.644005228979
2023-12-15,4131.816113644929,5301.701804521475,6009.3191813749345,7007.644005228979
2023-12-18,4131.816113644929,5301.701804521475,6009.3191813749345,7007.644005228979
2023-12-19,4131.816113644929,5301.701804521475,6009.3191813749345,7007.644005228979
2023-12-20,4149.514352762409,5336.517565092493,6009.3191813749345,7007.644005228979
2023-12-21,4131.816113644929,5335.318077080802,6009.3191813749345,7007.644005228979
2023-12-22,4131.816113644929,5335.318077080802,6009.3191813749345,7007.644005228979
2023-12-26,4131.816113644929,5335.318077080802,6009.3191813749345,7007.644005228979
2023-12-27,4131.816113644929,5335.318077080802,6009.3191813749345,7007.644005228979
2023-12-28,4131.816113644929,5335.318077080802,6009.3191813749345,7007.644005228979
2023-12-29,4131.816113644929,5335.318077080802,6009.3191813749345,7007.644005228979
2024-01-02,4131.816113644929,5335.318077080802,6009.3191813749345,7007.644005228979
2024-01-03,4131.816113644929,5335.318077080802,6009.3191813749345,7007.644005228979
2024-01-04,4131.816113644929,5335.318077080802,6009.3191813749345,7007.644005228979
2024-01-05,4131.816113644929,5335.318077080802,6009.3191813749345,7007.644005228979
2024-01-08,4131.816113644929,5335.318077080802,6009.3191813749345,7007.644005228979
2024-01-09,4131.816113644929,5335.318077080802,6009.3191813749345,7007.644005228979
2024-01-10,4131.816113644929,5335.318077080802,6009.3191813749345,7007.644005228979
2024-01-11,4131.816113644929,5335.318077080802,6009.3191813749345,7007.644005228979
2024-01-12,4131.816113644929,5335.318077080802,6009.3191813749345,7007.644005228979
2024-01-16,4090.3230716633193,5253.718227465995,6009.3191813749345,7007.644005228979
2024-01-17,4012.6940845160475,5196.401755280704,6009.3191813749345,7007.644005228979
2024-01-18,4012.6940845160475,5196.401755280704,6009.3191813749345,7007.644005228979
2024-01-19,4012.6940845160475,5196.401755280704,6009.3191813749345,7007.644005228979
2024-01-22,4012.6940845160475,5196.401755280704,6009.3191813749345,7007.644005228979
2024-01-23,4012.6940845160475,5196.401755280704,6009.3191813749345,7007.644005228979
2024-01-24,4012.6940845160475,5196.401755280704,6009.3191813749345,7007.644005228979
2024-01-25,4012.6940845160475,5196.401755280704,6009.3191813749345,7007.644005228979
2024-01-26,4012.6940845160475,5196.401755280704,6009.3191813749345,7007.644005228979
2024-01-29,4012.6940845160475,5196.401755280704,6009.3191813749345,7007.644005228979
2024-01-30,4012.6940845160475,5196.401755280704,6009.3191813749345,7007.644005228979
2024-01-31,4090.3230716633193,5220.943342443179,6009.3191813749345,7007.644005228979
2024-02-01,4090.3230716633193,5220.943342443179,6009.3191813749345,7007.644005228979
2024-02-02,4090.3230716633193,5220.943342443179,6009.3191813749345,7007.644005228979
2024-02-05,4090.3230716633193,5220.943342443179,6009.3191813749345,7007.644005228979
2024-02-06,4090.3230716633193,5220.943342443179,6009.3191813749345,7007.644005228979
2024-02-07,4090.3230716633193,5220.943342443179,6009.3191813749345,7007.644005228979
2024-02-08,4090.3230716633193,5220.943342443179,6009.3191813749345,7007.644005228979
2024-02-09,4090.3230716633193,5220.943342443179,6009.3191813749345,7007.644005228979
2024-02-12,4090.3230716633193,5220.943342443179,6009.3191813749345,7007.644005228979
2024-02-13,4131.816113644929,5342.9093211850495,6009.3191813749345,7007.644005228979
2024-02-14,4131.816113644929,5342.9093211850495,6009.3191813749345,7007.644005228979
2024-02-15,4090.3230716633193,5324.39395679795,6009.3191813749345,7007.644005228979
2024-02-16,4090.3230716633193,5324.39395679795,6009.3191813749345,7007.644005228979
2024-02-20,4012.6940845160475,5045.768186789714,5789.123141871325,6405.443877281563
2024-02-21,4012.6940845160475,5045.768186789714,5789.123141871325,6405.443877281563
2024-02-22,4012.6940845160475,5045.768186789714,5789.123141871325,6405.443877281563
2024-02-23,4012.6940845160475,5045.768186789714,5789.123141871325,6405.443877281563
2024-02-26,4012.6940845160475,5045.768186789714,5789.123141871325,6405.443877281563
2024-02-27,4012.6940845160475,5045.768186789714,5789.123141871325,6405.443877281563
2024-02-28,4012.6940845160475,5045.768186789714,5789.123141871325,6405.443877281563
2024-02-29,4012.6940845160475,5045.768186789714,5789.123141871325,6405.443877281563
2024-03-01,4012.6940845160475,5045.768186789714,5789.123141871325,6405.443877281563
2024-03-04,4012.6940845160475,5045.768186789714,5789.123141871325,6405.443877281563
2024-03-05,4012.6940845160475,4830.151744884837,5390.225903734874,5906.450499736083
2024-03-06,4012.6940845160475,4830.151744884837,5390.225903734874,5906.450499736083
2024-03-07,3913.4869492507237,4662.366118221884,5047.178511354716,5545.4414710101555
2024-03-08,3913.4869492507237,4662.366118221884,5047.178511354716,5545.4414710101555
2024-03-11,3913.4869492507237,4662.366118221884,5047.178511354716,5545.4414710101555
2024-03-12,3913.4869492507237,4662.366118221884,5047.178511354716,5545.4414710101555
2024-03-13,3913.4869492507237,4662.366118221884,5047.178511354716,5545.4414710101555
2024-03-14,3913.4869492507237,4662.366118221884,5047.178511354716,5545.4414710101555
2024-03-15,3848.8329359873637,4616.627014064176,5047.178511354716,5545.4414710101555
2024-03-18,3848.8329359873637,4616.627014064176,5047.178511354716,5545.4414710101555
2024-03-19,3848.8329359873637,4616.627014064176,5047.178511354716,5545.4414710101555
2024-03-20,3734.4799156969766,4525.206897743812,4958.064676574356,5545.4414710101555
2024-03-21,3734.4799156969766,4525.206897743812,4958.064676574356,5545.4414710101555
2024-03-22,3848.8329359873637,4555.148146330016,4958.064676574356,5545.4414710101555
2024-03-25,3848.8329359873637,4555.148146330016,4958.064676574356,5545.4414710101555
2024-03-26,3848.8329359873637,4555.148146330016,4958.064676574356,5545.4414710101555
2024-03-27,3848.8329359873637,4555.148146330016,4958.064676574356,5545.4414710101555
2024-03-28,3848.8329359873637,4555.148146330016,4958.064676574356,5545.4414710101555
2024-04-01,3913.4869492507237,4564.869846888948,4958.064676574356,5545.4414710101555
2024-04-02,3971.962434234202,4667.105455675202,5179.076238177464,5622.400422270391
2024-04-03,3971.962434234202,4667.105455675202,5179.076238177464,5622.400422270391
2024-04-04,4019.9099997278263,4716.726909512381,5179.076238177464,5622.400422270391
2024-04-05,4019.9099997278263,4716.726909512381,5179.076238177464,5622.400422270391
2024-04-08,4019.9099997278263,4716.726909512381,5179.076238177464,5622.400422270391
2024-04-09,4019.9099997278263,4716.726909512381,5179.076238177464,5622.400422270391
2024-04-10,4090.3230716633193,4801.465306776361,5224.894186554215,5622.400422270391
2024-04-11,4090.3230716633193,4801.465306776361,5224.894186554215,5622.400422270391
2024-04-12,4131.816113644929,4936.717081829668,5503.3555620874195,5817.978523644405
2024-04-15,4131.816113644929,4936.717081829668,5503.3555620874195,5817.978523644405
2024-04-16,4131.816113644929,4936.717081829668,5503.3555620874195,5817.978523644405
2024-04-17,4131.816113644929,4936.717081829668,5503.3555620874195,5817.978523644405
2024-04-18,4131.816113644929,4936.717081829668,5503.3555620874195,5817.978523644405
2024-04-19,4131.816113644929,4936.717081829668,5503.3555620874195,5817.978523644405
2024-04-22,4131.816113644929,4936.717081829668,5503.3555620874195,5817.978523644405
2024-04-23,4101.4720603491905,4936.717081829668,5503.3555620874195,5817.978523644405
2024-04-24,4101.4720603491905,4936.717081829668,5503.3555620874195,5817.978523644405
2024-04-25,4191.695925753805,4954.558270455262,5503.3555620874195,5817.978523644405
2024-04-26,4191.695925753805,4954.558270455262,5503.3555620874195,5817.978523644405
2024-04-29,4191.695925753805,4954.558270455262,5503.3555620874195,5817.978523644405
2024-04-30,4309.7033977065685,5140.234834128713,5789.123141871325,6131.57705893026
2024-05-01,4309.7033977065685,5140.234834128713,5789.123141871325,6131.57705893026
2024-05-02,4309.7033977065685,5140.234834128713,5789.123141871325,6131.57705893026
2024-05-03,4309.7033977065685,5140.234834128713,5789.123141871325,6131.57705893026
2024-05-06,4309.7033977065685,5140.234834128713,5789.123141871325,6131.57705893026
2024-05-07,4309.7033977065685,5140.234834128713,5789.123141871325,6131.57705893026
2024-05-08,4309.7033977065685,5140.234834128713,5789.123141871325,6131.57705893026
2024-05-09,4309.7033977065685,5140.234834128713,5789.123141871325,6131.57705893026
2024-05-10,4309.7033977065685,5140.234834128713,5789.123141871325,6131.57705893026
2024-05-13,4309.7033977065685,5140.234834128713,5789.123141871325,6131.57705893026
2024-05-14,4309.7033977065685,5140.234834128713,5789.123141871325,6131.57705893026
2024-05-15,4309.7033977065685,5140.234834128713,5789.123141871325,6131.57705893026
2024-05-16,4309.7033977065685,5140.234834128713,5789.123141871325,6131.57705893026
2024-05-17,4309.7033977065685,5140.234834128713,5789.123141871325,6131.57705893026
2024-05-20,4309.7033977065685,5140.234834128713,5789.123141871325,6131.57705893026
2024-05-21,4309.7033977065685,5140.234834128713,5789.123141871325,6131.57705893026
2024-05-22,4309.7033977065685,5140.234834128713,5789.123141871325,6131.57705893026
2024-05-23,4372.604843922672,5198.868228781068,5789.123141871325,6131.57705893026
2024-05-24,4372.604843922672,5198.868228781068,5789.123141871325,6131.57705893026
2024-05-28,4372.604843922672,5198.868228781068,5789.123141871325,6131.57705893026
2024-05-29,4387.898239587221,5220.52139816246,5789.123141871325,6131.57705893026
2024-05-30,4387.898239587221,5220.52139816246,5789.123141871325,6131.57705893026
2024-05-31,4387.898239587221,5220.52139816246,5789.123141871325,6131.57705893026
2024-06-03,4387.898239587221,5220.52139816246,5789.123141871325,6131.57705893026
2024-06-04,4387.898239587221,5220.52139816246,5789.123141871325,6131.57705893026
2024-06-05,4387.898239587221,5220.52139816246,5789.123141871325,6131.57705893026
2024-06-06,4387.898239587221,5220.52139816246,5789.123141871325,6131.57705893026
2024-06-07,4387.898239587221,5220.52139816246,5789.123141871325,6131.57705893026
2024-06-10,4387.898239587221,5220.52139816246,5789.123141871325,6131.57705893026
2024-06-11,4387.898239587221,5220.52139816246,5789.123141871325,6131.57705893026
2024-06-12,4387.898239587221,5220.52139816246,5789.123141871325,6131.57705893026
2024-06-13,4387.898239587221,5220.52139816246,5789.123141871325,6131.57705893026
2024-06-14,4387.898239587221,5220.52139816246,5789.123141871325,6131.57705893026
2024-06-17,4387.898239587221,5220.52139816246,5789.123141871325,6131.57705893026
2024-06-18,4387.898239587221,5220.52139816246,5789.123141871325,6131.57705893026
2024-06-20,4387.898239587221,5220.52139816246,5789.123141871325,6131.57705893026
2024-06-21,4387.898239587221,5220.52139816246,5789.123141871325,6131.57705893026
2024-06-24,4387.898239587221,5220.52139816246,5789.123141871325,6131.57705893026
2024-06-25,4387.898239587221,5220.52139816246,5789.123141871325,6131.57705893026
2024-06-26,4387.898239587221,5220.52139816246,5789.123141871325,6131.57705893026
2024-06-27,4387.898239587221,5220.52139816246,5789.123141871325,6131.57705893026
2024-06-28,4387.898239587221,5220.52139816246,5789.123141871325,6131.57705893026
2024-07-01,4387.898239587221,5220.52139816246,5789.123141871325,6131.57705893026
2024-07-02,4387.898239587221,5220.52139816246,5789.123141871325,6131.57705893026
2024-07-03,4387.898239587221,5220.52139816246,5789.123141871325,6131.57705893026
2024-07-05,4387.898239587221,5220.52139816246,5789.123141871325,6131.57705893026
2024-07-08,4387.898239587221,5220.52139816246,5789.123141871325,6131.57705893026
2024-07-09,4387.898239587221,5220.52139816246,5789.123141871325,6131.57705893026
2024-07-10,4387.898239587221,5220.52139816246,5789.123141871325,6131.57705893026
2024-07-11,4387.898239587221,5220.52139816246,5789.123141871325,6131.57705893026
2024-07-12,4387.898239587221,5220.52139816246,5789.123141871325,6131.57705893026
2024-07-15,4387.898239587221,5220.52139816246,5789.123141871325,6131.57705893026
2024-07-16,4387.898239587221,5220.52139816246,5789.123141871325,6131.57705893026
2024-07-17,4387.898239587221,5220.52139816246,5789.123141871325,6131.57705893026
2024-07-18,4506.534651910509,5466.328510950762,5873.957057954668,6707.214785945776
2024-07-19,4610.435792537033,5570.753872437067,5915.727724433745,6731.258919136424
2024-07-22,4610.435792537033,5570.753872437067,5915.727724433745,6731.258919136424
2024-07-23,4610.435792537033,5570.753872437067,5915.727724433745,6731.258919136424
2024-07-24,4640.816329361483,5792.653865064091,6306.006005884831,7250.5537702219635
2024-07-25,4640.816329361483,5792.653865064091,6306.006005884831,7250.5537702219635
2024-07-26,4640.816329361483,5792.653865064091,6306.006005884831,7250.5537702219635
2024-07-29,4640.816329361483,5792.653865064091,6306.006005884831,7250.5537702219635
2024-07-30,4640.816329361483,5792.653865064091,6306.006005884831,7250.5537702219635
2024-07-31,4640.816329361483,5792.653865064091,6306.006005884831,7250.5537702219635
2024-08-01,4762.286091477183,5961.656751737008,6751.255141787804,7318.6810168408365
2024-08-02,4966.4944207519,6003.408468482474,6751.255141787804,7318.6810168408365
2024-08-05,5101.578931690367,6618.653133254485,7186.755223490711,9388.050180330136
2024-08-06,5101.578931690367,6618.653133254485,7186.755223490711,9388.050180330136
2024-08-07,5101.578931690367,6618.653133254485,7186.755223490711,9388.050180330136
2024-08-08,5101.578931690367,6618.653133254485,7186.755223490711,9388.050180330136
2024-08-09,5101.578931690367,6618.653133254485,7186.755223490711,9388.050180330136
2024-08-12,5101.578931690367,6618.653133254485,7186.755223490711,9388.050180330136
2024-08-13,5101.578931690367,6618.653133254485,7186.755223490711,9388.050180330136
2024-08-14,5101.578931690367,6618.653133254485,7186.755223490711,9388.050180330136
2024-08-15,5101.578931690367,6618.653133254485,7186.755223490711,9388.050180330136
2024-08-16,5101.578931690367,6618.653133254485,7186.755223490711,9388.050180330136
2024-08-19,5101.578931690367,6618.653133254485,7186.755223490711,9388.050180330136
2024-08-20,5101.578931690367,6618.653133254485,7186.755223490711,9388.050180330136
2024-08-21,5101.578931690367,6618.653133254485,7186.755223490711,9388.050180330136
2024-08-22,5101.578931690367,6618.653133254485,7186.755223490711,9388.050180330136
2024-08-23,5101.578931690367,6618.653133254485,7186.755223490711,9388.050180330136
2024-08-26,5101.578931690367,6618.653133254485,7186.755223490711,9388.050180330136
2024-08-27,5101.578931690367,6618.653133254485,7186.755223490711,9388.050180330136
2024-08-28,5101.578931690367,6618.653133254485,7186.755223490711,9388.050180330136
2024-08-29,5101.578931690367,6618.653133254485,7186.755223490711,9388.050180330136
2024-08-30,5101.578931690367,6618.653133254485,7186.755223490711,9388.050180330136
2024-09-03,5145.689079467195,6796.348428183992,7477.397399888909,9388.050180330136
2024-09-04,5145.689079467195,6796.348428183992,7477.397399888909,9388.050180330136
2024-09-05,5145.689079467195,6796.348428183992,7477.397399888909,9388.050180330136
2024-09-06,5145.689079467195,6796.348428183992,7477.397399888909,9388.050180330136
2024-09-09,5145.689079467195,6796.348428183992,7477.397399888909,9388.050180330136
2024-09-10,5145.689079467195,6796.348428183992,7477.397399888909,9388.050180330136
2024-09-11,5145.689079467195,6796.348428183992,7477.397399888909,9388.050180330136
2024-09-12,5145.689079467195,6796.348428183992,7477.397399888909,9388.050180330136
2024-09-13,5145.689079467195,6796.348428183992,7477.397399888909,9388.050180330136
2024-09-16,5145.689079467195,6796.348428183992,7477.397399888909,9388.050180330136
2024-09-17,5145.689079467195,6796.348428183992,7477.397399888909,9388.050180330136
2024-09-18,5145.689079467195,6796.348428183992,7477.397399888909,9388.050180330136
2024-09-19,5145.689079467195,6796.348428183992,7477.397399888909,9388.050180330136
2024-09-20,5145.689079467195,6796.348428183992,7477.397399888909,9388.050180330136
2024-09-23,5145.689079467195,6796.348428183992,7477.397399888909,9388.050180330136
2024-09-24,5145.689079467195,6796.348428183992,7477.397399888909,9388.050180330136
2024-09-25,5230.389020021625,6846.4678400782195,7477.397399888909,9388.050180330136
2024-09-26,5230.389020021625,6846.4678400782195,7477.397399888909,9388.050180330136
2024-09-27,5230.389020021625,6846.4678400782195,7477.397399888909,9388.050180330136
2024-09-30,5230.389020021625,6846.4678400782195,7477.397399888909,9388.050180330136
2024-10-01,5145.689079467195,6791.549727629521,7477.397399888909,9388.050180330136
2024-10-02,5145.689079467195,6791.549727629521,7477.397399888909,9388.050180330136
2024-10-03,5145.689079467195,6791.549727629521,7477.397399888909,9388.050180330136
2024-10-04,5145.689079467195,6791.549727629521,7477.397399888909,9388.050180330136
2024-10-07,5230.389020021625,6835.829272979638,7477.397399888909,9388.050180330136
2024-10-08,5230.389020021625,6835.829272979638,7477.397399888909,9388.050180330136
2024-10-09,5230.389020021625,6835.829272979638,7477.397399888909,9388.050180330136
2024-10-10,5230.389020021625,6835.829272979638,7477.397399888909,9388.050180330136
2024-10-11,5230.389020021625,6835.829272979638,7477.397399888909,9388.050180330136
2024-10-14,5230.389020021625,6835.829272979638,7477.397399888909,9388.050180330136
2024-10-15,5230.389020021625,6835.829272979638,7477.397399888909,9388.050180330136
2024-10-16,5230.389020021625,6835.829272979638,7477.397399888909,9388.050180330136
2024-10-17,5230.389020021625,6835.829272979638,7477.397399888909,9388.050180330136
2024-10-18,5230.389020021625,6835.829272979638,7477.397399888909,9388.050180330136
2024-10-21,5230.389020021625,6835.829272979638,7477.397399888909,9388.050180330136
2024-10-22,5230.389020021625,6835.829272979638,7477.397399888909,9388.050180330136
2024-10-23,5230.389020021625,6835.829272979638,7477.397399888909,9388.050180330136
2024-10-24,5230.389020021625,6835.829272979638,7477.397399888909,9388.050180330136
2024-10-25,5230.389020021625,6835.829272979638,7477.397399888909,9388.050180330136
2024-10-28,5230.389020021625,6835.829272979638,7477.397399888909,9388.050180330136
2024-10-29,5230.389020021625,6835.829272979638,7477.397399888909,9388.050180330136
2024-10-30,5230.389020021625,6835.829272979638,7477.397399888909,9388.050180330136
2024-10-31,5347.839419239438,6849.214900724101,7477.397399888909,9388.050180330136
2024-11-01,5347.839419239438,6849.214900724101,7477.397399888909,9388.050180330136
2024-11-04,5347.839419239438,6849.214900724101,7477.397399888909,9388.050180330136
2024-11-05,5347.839419239438,6849.214900724101,7477.397399888909,9388.050180330136
2024-11-06,5347.839419239438,6849.214900724101,7477.397399888909,9388.050180330136
2024-11-07,5347.839419239438,6849.214900724101,7477.397399888909,9388.050180330136
2024-11-08,5347.839419239438,6849.214900724101,7477.397399888909,9388.050180330136
2024-11-11,5347.839419239438,6849.214900724101,7477.397399888909,9388.050180330136
2024-11-12,5433.431471665189,6896.831925916602,7477.397399888909,9388.050180330136
2024-11-13,5433.431471665189,6896.831925916602,7477.397399888909,9388.050180330136
2024-11-14,5433.431471665189,6896.831925916602,7477.397399888909,9388.050180330136
2024-11-15,5433.431471665189,6896.831925916602,7477.397399888909,9388.050180330136
2024-11-18,5433.431471665189,6896.831925916602,7477.397399888909,9388.050180330136
2024-11-19,5433.431471665189,6896.831925916602,7477.397399888909,9388.050180330136
2024-11-20,5433.431471665189,6896.831925916602,7477.397399888909,9388.050180330136
2024-11-21,5433.431471665189,6896.831925916602,7477.397399888909,9388.050180330136
2024-11-22,5433.431471665189,6896.831925916602,7477.397399888909,9388.050180330136
2024-11-25,5433.431471665189,6896.831925916602,7477.397399888909,9388.050180330136
2024-11-26,5433.431471665189,6896.831925916602,7477.397399888909,9388.050180330136
2024-11-27,5433.431471665189,6896.831925916602,7477.397399888909,9388.050180330136
2024-11-29,5433.431471665189,6896.831925916602,7477.397399888909,9388.050180330136
2024-12-02,5433.431471665189,6896.831925916602,7477.397399888909,9388.050180330136
2024-12-03,5433.431471665189,6896.831925916602,7477.397399888909,9388.050180330136
2024-12-04,5433.431471665189,6896.831925916602,7477.397399888909,9388.050180330136
2024-12-05,5433.431471665189,6896.831925916602,7477.397399888909,9388.050180330136
2024-12-06,5433.431471665189,6896.831925916602,7477.397399888909,9388.050180330136
2024-12-09,5433.431471665189,6896.831925916602,7477.397399888909,9388.050180330136
2024-12-10,5433.431471665189,6896.831925916602,7477.397399888909,9388.050180330136
2024-12-11,5433.431471665189,6896.831925916602,7477.397399888909,9388.050180330136
2024-12-12,5433.431471665189,6896.831925916602,7477.397399888909,9388.050180330136
2024-12-13,5433.431471665189,6896.831925916602,7477.397399888909,9388.050180330136
2024-12-16,5433.431471665189,6896.831925916602,7477.397399888909,9388.050180330136
2024-12-17,5433.431471665189,6896.831925916602,7477.397399888909,9388.050180330136
2024-12-18,5598.222242475467,7528.549990334176,7553.187693594918,11444.5824273821
2024-12-19,5598.222242475467,7528.549990334176,7553.187693594918,11444.5824273821
2024-12-20,5598.222242475467,7528.549990334176,7553.187693594918,11444.5824273821
2024-12-23,5598.222242475467,7528.549990334176,7553.187693594918,11444.5824273821
2024-12-24,5598.222242475467,7528.549990334176,7553.187693594918,11444.5824273821
2024-12-26,5598.222242475467,7528.549990334176,7553.187693594918,11444.5824273821
2024-12-27,5598.222242475467,7528.549990334176,7553.187693594918,11444.5824273821
2024-12-30,5598.222242475467,7528.549990334176,7553.187693594918,11444.5824273821
2024-12-31,5598.222242475467,7528.549990334176,7553.187693594918,11444.5824273821
2025-01-02,5598.222242475467,7528.549990334176,7553.187693594918,11444.5824273821
2025-01-03,5598.222242475467,7528.549990334176,7553.187693594918,11444.5824273821
2025-01-06,5598.222242475467,7528.549990334176,7553.187693594918,11444.5824273821
2025-01-07,5598.222242475467,7528.549990334176,7553.187693594918,11444.5824273821
2025-01-08,5598.222242475467,7528.549990334176,7553.187693594918,11444.5824273821
2025-01-10,5719.55921403944,7779.976223298035,8299.015611673025,11904.276485518494
2025-01-13,5719.55921403944,7779.976223298035,8299.015611673025,11904.276485518494
2025-01-14,5719.55921403944,7779.976223298035,8299.015611673025,11904.276485518494
2025-01-15,5719.55921403944,7779.976223298035,8299.015611673025,11904.276485518494
2025-01-16,5719.55921403944,7779.976223298035,8299.015611673025,11904.276485518494
2025-01-17,5719.55921403944,7779.976223298035,8299.015611673025,11904.276485518494
2025-01-21,5719.55921403944,7779.976223298035,8299.015611673025,11904.276485518494
2025-01-22,5719.55921403944,7779.976223298035,8299.015611673025,11904.276485518494
2025-01-23,5719.55921403944,7779.976223298035,8299.015611673025,11904.276485518494
2025-01-24,5719.55921403944,7779.976223298035,8299.015611673025,11904.276485518494
2025-01-27,5719.55921403944,7779.976223298035,8299.015611673025,11904.276485518494
2025-01-28,5719.55921403944,7779.976223298035,8299.015611673025,11904.276485518494
2025-01-29,5719.55921403944,7779.976223298035,8299.015611673025,11904.276485518494
2025-01-30,5719.55921403944,7779.976223298035,8299.015611673025,11904.276485518494
2025-01-31,5719.55921403944,7779.976223298035,8299.015611673025,11904.276485518494
2025-02-03,5719.55921403944,7779.976223298035,8299.015611673025,11904.276485518494
2025-02-04,5719.55921403944,7779.976223298035,8299.015611673025,11904.276485518494
2025-02-05,5719.55921403944,7779.976223298035,8299.015611673025,11904.276485518494
2025-02-06,5719.55921403944,7779.976223298035,8299.015611673025,11904.276485518494
2025-02-07,5719.55921403944,7779.976223298035,8299.015611673025,11904.276485518494
2025-02-10,5719.55921403944,7779.976223298035,8299.015611673025,11904.276485518494
2025-02-11,5719.55921403944,7779.976223298035,8299.015611673025,11904.276485518494
2025-02-12,5611.556607911544,7779.976223298035,8299.015611673025,11904.276485518494
2025-02-13,5611.556607911544,7779.976223298035,8299.015611673025,11904.276485518494
2025-02-14,5611.556607911544,7779.976223298035,8299.015611673025,11904.276485518494
2025-02-18,5611.556607911544,7779.976223298035,8299.015611673025,11904.276485518494
2025-02-19,5611.556607911544,7779.976223298035,8299.015611673025,11904.276485518494
2025-02-20,5772.2241951866245,7789.001869504004,8299.015611673025,11904.276485518494
2025-02-21,5829.1657390519595,7997.826943588555,8752.476152346828,11904.276485518494
2025-02-24,5829.1657390519595,7997.826943588555,8752.476152346828,11904.276485518494
2025-02-25,5829.1657390519595,7997.826943588555,8752.476152346828,11904.276485518494
2025-02-26,5829.1657390519595,7997.826943588555,8752.476152346828,11904.276485518494
2025-02-27,5829.1657390519595,7997.826943588555,8752.476152346828,11904.276485518494
2025-02-28,5829.1657390519595,7997.826943588555,8752.476152346828,11904.276485518494
2025-03-03,5864.928257891853,8081.190413556192,8752.476152346828,11904.276485518494
2025-03-04,5918.613020416622,8221.234956950724,8752.476152346828,11904.276485518494
2025-03-05,5918.613020416622,8221.234956950724,8752.476152346828,11904.276485518494
2025-03-06,5918.613020416622,8221.234956950724,8752.476152346828,11904.276485518494
2025-03-07,5918.613020416622,8221.234956950724,8752.476152346828,11904.276485518494
2025-03-10,5984.791166028109,8607.437069919511,9993.202314892722,12569.921216080062
2025-03-11,6140.064362890669,8625.295150952585,9993.202314892722,12569.921216080062
2025-03-12,6140.064362890669,8625.295150952585,9993.202314892722,12569.921216080062
2025-03-13,6177.824216423697,8625.295150952585,9993.202314892722,12569.921216080062
2025-03-14,6177.824216423697,8625.295150952585,9993.202314892722,12569.921216080062
2025-03-17,6177.824216423697,8625.295150952585,9993.202314892722,12569.921216080062
2025-03-18,6177.824216423697,8625.295150952585,9993.202314892722,12569.921216080062
2025-03-19,6177.824216423697,8625.295150952585,9993.202314892722,12569.921216080062
2025-03-20,6177.824216423697,8625.295150952585,9993.202314892722,12569.921216080062
2025-03-21,6177.824216423697,8625.295150952585,9993.202314892722,12569.921216080062
2025-03-24,6177.824216423697,8625.295150952585,9993.202314892722,12569.921216080062
2025-03-25,6177.824216423697,8625.295150952585,9993.202314892722,12569.921216080062
2025-03-26,6177.824216423697,8625.295150952585,9993.202314892722,12569.921216080062
2025-03-27,6177.824216423697,8625.295150952585,9993.202314892722,12569.921216080062
2025-03-28,6465.901611573873,8776.045597421367,9993.202314892722,12569.921216080062
2025-03-31,6465.901611573873,8776.045597421367,9993.202314892722,12569.921216080062
2025-04-01,6465.901611573873,8776.045597421367,9993.202314892722,12569.921216080062
2025-04-02,6465.901611573873,8776.045597421367,9993.202314892722,12569.921216080062
2025-04-03,6759.430411382066,9774.151916620174,12036.482972961505,15453.488727822454
2025-04-04,6895.471200252102,11331.320431806165,13375.222231809488,20131.84979680578
2025-04-07,6922.363299706348,11331.320431806165,13375.222231809488,20131.84979680578
2025-04-08,6922.363299706348,11331.320431806165,13375.222231809488,20131.84979680578
2025-04-09,6922.363299706348,11331.320431806165,13375.222231809488,20131.84979680578
2025-04-10,7213.689668043047,11636.94728279446,13375.222231809488,20131.84979680578
2025-04-11,7213.689668043047,11636.94728279446,13375.222231809488,20131.84979680578
2025-04-14,7213.689668043047,11636.94728279446,13375.222231809488,20131.84979680578
2025-04-15,7213.689668043047,11636.94728279446,13375.222231809488,20131.84979680578
2025-04-16,7479.973706304558,11745.754391718101,13375.222231809488,20131.84979680578
2025-04-17,7556.656755564666,11909.871725642775,13375.222231809488,20131.84979680578
2025-04-21,7652.7932618554905,12223.661925039612,13375.222231809488,20131.84979680578
2025-04-22,7652.7932618554905,12223.661925039612,13375.222231809488,20131.84979680578
2025-04-23,7652.7932618554905,12223.661925039612,13375.222231809488,20131.84979680578
2025-04-24,7652.7932618554905,12223.661925039612,13375.222231809488,20131.84979680578
2025-04-25,7652.7932618554905,12223.661925039612,13375.222231809488,20131.84979680578
2025-04-28,7652.7932618554905,12223.661925039612,13375.222231809488,20131.84979680578
2025-04-29,7652.7932618554905,12223.661925039612,13375.222231809488,20131.84979680578
2025-04-30,7652.7932618554905,12223.661925039612,13375.222231809488,20131.84979680578
2025-05-01,7652.7932618554905,12223.661925039612,13375.222231809488,20131.84979680578
2025-05-02,7652.7932618554905,12223.661925039612,13375.222231809488,20131.84979680578
2025-05-05,7652.7932618554905,12223.661925039612,13375.222231809488,20131.84979680578
2025-05-06,7652.7932618554905,12223.661925039612,13375.222231809488,20131.84979680578
2025-05-07,7652.7932618554905,12223.661925039612,13375.222231809488,20131.84979680578
2025-05-08,7652.7932618554905,12223.661925039612,13375.222231809488,20131.84979680578
2025-05-09,7652.7932618554905,12223.661925039612,13375.222231809488,20131.84979680578
2025-05-12,7652.7932618554905,12223.661925039612,13375.222231809488,20131.84979680578
2025-05-13,7652.7932618554905,12223.661925039612,13375.222231809488,20131.84979680578
2025-05-14,7652.7932618554905,12223.661925039612,13375.222231809488,20131.84979680578
2025-05-15,7652.7932618554905,12223.661925039612,13375.222231809488,20131.84979680578
2025-05-16,7652.7932618554905,12223.661925039612,13375.222231809488,20131.84979680578
2025-05-19,7652.7932618554905,12223.661925039612,13375.222231809488,20131.84979680578
2025-05-20,7652.7932618554905,12223.661925039612,13375.222231809488,20131.84979680578
2025-05-21,7977.143136717021,12422.863630272377,13375.222231809488,20131.84979680578
2025-05-22,7977.143136717021,12422.863630272377,13375.222231809488,20131.84979680578
2025-05-23,7977.143136717021,12422.863630272377,13375.222231809488,20131.84979680578
2025-05-27,7977.143136717021,12422.863630272377,13375.222231809488,20131.84979680578
2025-05-28,7977.143136717021,12422.863630272377,13375.222231809488,20131.84979680578
2025-05-29,7977.143136717021,12422.863630272377,13375.222231809488,20131.84979680578
2025-05-30,7977.143136717021,12422.863630272377,13375.222231809488,20131.84979680578
2025-06-02,7977.143136717021,12422.863630272377,13375.222231809488,20131.84979680578
2025-06-03,7977.143136717021,12422.863630272377,13375.222231809488,20131.84979680578
2025-06-04,7977.143136717021,12422.863630272377,13375.222231809488,20131.84979680578
2025-06-05,7977.143136717021,12422.863630272377,13375.222231809488,20131.84979680578
2025-06-06,7977.143136717021,12422.863630272377,13375.222231809488,20131.84979680578
2025-06-09,7977.143136717021,12422.863630272377,13375.222231809488,20131.84979680578
2025-06-10,7977.143136717021,12422.863630272377,13375.222231809488,20131.84979680578
2025-06-11,7977.143136717021,12422.863630272377,13375.222231809488,20131.84979680578
2025-06-12,7977.143136717021,12422.863630272377,13375.222231809488,20131.84979680578
2025-06-13,8378.542831125611,12451.304889195424,13375.222231809488,20131.84979680578
2025-06-16,8378.542831125611,12451.304889195424,13375.222231809488,20131.84979680578
2025-06-17,8378.542831125611,12451.304889195424,13375.222231809488,20131.84979680578
2025-06-18,8378.542831125611,12451.304889195424,13375.222231809488,20131.84979680578
2025-06-20,8378.542831125611,12451.304889195424,13375.222231809488,20131.84979680578
2025-06-23,8378.542831125611,12451.304889195424,13375.222231809488,20131.84979680578
2025-06-24,8378.542831125611,12451.304889195424,13375.222231809488,20131.84979680578
2025-06-25,8378.542831125611,12451.304889195424,13375.222231809488,20131.84979680578
2025-06-26,8378.542831125611,12451.304889195424,13375.222231809488,20131.84979680578
2025-06-27,8378.542831125611,12451.304889195424,13375.222231809488,20131.84979680578
2025-06-30,8378.542831125611,12451.304889195424,13375.222231809488,20131.84979680578
2025-07-01,8378.542831125611,12451.304889195424,13375.222231809488,20131.84979680578
2025-07-02,8378.542831125611,12451.304889195424,13375.222231809488,20131.84979680578
2025-07-03,8378.542831125611,12451.304889195424,13375.222231809488,20131.84979680578
2025-07-07,8378.542831125611,12451.304889195424,13375.222231809488,20131.84979680578
2025-07-08,8378.542831125611,12451.304889195424,13375.222231809488,20131.84979680578
2025-07-09,8378.542831125611,12451.304889195424,13375.222231809488,20131.84979680578
2025-07-10,8378.542831125611,12451.304889195424,13375.222231809488,20131.84979680578
2025-07-11,8378.542831125611,12451.304889195424,13375.222231809488,20131.84979680578
2025-07-14,8378.542831125611,12451.304889195424,13375.222231809488,20131.84979680578
2025-07-15,8378.542831125611,12451.304889195424,13375.222231809488,20131.84979680578
2025-07-16,8378.542831125611,12451.304889195424,13375.222231809488,20131.84979680578
2025-07-17,8378.542831125611,12451.304889195424,13375.222231809488,20131.84979680578
2025-07-18,8378.542831125611,12451.304889195424,13375.222231809488,20131.84979680578
2025-07-21,8378.542831125611,12451.304889195424,13375.222231809488,20131.84979680578
2025-07-22,8378.542831125611,12451.304889195424,13375.222231809488,20131.84979680578
2025-07-23,8378.542831125611,12451.304889195424,13375.222231809488,20131.84979680578
2025-07-24,8378.542831125611,12451.304889195424,13375.222231809488,20131.84979680578
2025-07-25,8378.542831125611,12451.304889195424,13375.222231809488,20131.84979680578
2025-07-28,8378.542831125611,12451.304889195424,13375.222231809488,20131.84979680578
2025-07-29,8378.542831125611,12451.304889195424,13375.222231809488,20131.84979680578
2025-07-30,8378.542831125611,12451.304889195424,13375.222231809488,20131.84979680578
2025-07-31,8378.542831125611,12451.304889195424,13375.222231809488,20131.84979680578
2025-08-01,8388.223563999556,12451.304889195424,13375.222231809488,20131.84979680578
2025-08-04,8388.223563999556,12451.304889195424,13375.222231809488,20131.84979680578
2025-08-05,8216.121947874277,12079.481273500252,12696.791070757394,20131.84979680578
2025-08-06,8216.121947874277,12079.481273500252,12696.791070757394,20131.84979680578
2025-08-07,8216.121947874277,12079.481273500252,12696.791070757394,20131.84979680578
2025-08-08,8216.121947874277,12079.481273500252,12696.791070757394,20131.84979680578
2025-08-11,8216.121947874277,12079.481273500252,12696.791070757394,20131.84979680578
2025-08-12,8216.121947874277,12079.481273500252,12696.791070757394,20131.84979680578
2025-08-13,8216.121947874277,12079.481273500252,12696.791070757394,20131.84979680578
2025-08-14,8216.121947874277,12079.481273500252,12696.791070757394,20131.84979680578
2025-08-15,8216.121947874277,12079.481273500252,12696.791070757394,20131.84979680578
2025-08-18,8216.121947874277,12079.481273500252,12696.791070757394,20131.84979680578
2025-08-19,8216.121947874277,12079.481273500252,12696.791070757394,20131.84979680578
2025-08-20,8216.121947874277,12079.481273500252,12696.791070757394,20131.84979680578
2025-08-21,8216.121947874277,12079.481273500252,12696.791070757394,20131.84979680578
2025-08-22,8216.121947874277,12079.481273500252,12696.791070757394,20131.84979680578
2025-08-25,8216.121947874277,12079.481273500252,12696.791070757394,20131.84979680578
2025-08-26,8216.121947874277,12079.481273500252,12696.791070757394,20131.84979680578
2025-08-27,8216.121947874277,12079.481273500252,12696.791070757394,20131.84979680578
2025-08-28,8216.121947874277,12079.481273500252,12696.791070757394,20131.84979680578
2025-08-29,8216.121947874277,12079.481273500252,12696.791070757394,20131.84979680578
2025-09-02,8216.121947874277,12079.481273500252,12696.791070757394,20131.84979680578
2025-09-03,8216.121947874277,12079.481273500252,12696.791070757394,20131.84979680578
2025-09-04,8216.121947874277,12079.481273500252,12696.791070757394,20131.84979680578
2025-09-05,8216.121947874277,12079.481273500252,12696.791070757394,20131.84979680578
2025-09-08,8216.121947874277,12079.481273500252,12696.791070757394,20131.84979680578
2025-09-09,8216.121947874277,12079.481273500252,12696.791070757394,20131.84979680578
2025-09-10,8216.121947874277,12079.481273500252,12696.791070757394,20131.84979680578
2025-09-11,8216.121947874277,12079.481273500252,12696.791070757394,20131.84979680578
2025-09-12,8216.121947874277,12079.481273500252,12696.791070757394,20131.84979680578
2025-09-15,8216.121947874277,12079.481273500252,12696.791070757394,20131.84979680578
2025-09-16,8216.121947874277,12079.481273500252,12696.791070757394,20131.84979680578
2025-09-17,8216.121947874277,12079.481273500252,12696.791070757394,20131.84979680578
2025-09-18,8216.121947874277,12079.481273500252,12696.791070757394,20131.84979680578
2025-09-19,8216.121947874277,12079.481273500252,12696.791070757394,20131.84979680578
2025-09-22,8216.121947874277,12079.481273500252,12696.791070757394,20131.84979680578
2025-09-23,8216.121947874277,12079.481273500252,12696.791070757394,20131.84979680578
2025-09-24,8216.121947874277,12079.481273500252,12696.791070757394,20131.84979680578
2025-09-25,8216.121947874277,12079.481273500252,12696.791070757394,20131.84979680578
2025-09-26,8216.121947874277,12079.481273500252,12696.791070757394,20131.84979680578
2025-09-29,8216.121947874277,12079.481273500252,12696.791070757394,20131.84979680578
2025-09-30,8216.121947874277,12079.481273500252,12696.791070757394,20131.84979680578
2025-10-01,8216.121947874277,12079.481273500252,12696.791070757394,20131.84979680578
2025-10-02,8216.121947874277,12079.481273500252,12696.791070757394,20131.84979680578
2025-10-03,8216.121947874277,12079.481273500252,12696.791070757394,20131.84979680578
2025-10-06,8216.121947874277,12079.481273500252,12696.791070757394,20131.84979680578
2025-10-07,8216.121947874277,12079.481273500252,12696.791070757394,20131.84979680578
2025-10-08,8216.121947874277,12079.481273500252,12696.791070757394,20131.84979680578
2025-10-09,8216.121947874277,12079.481273500252,12696.791070757394,20131.84979680578
2025-10-10,8388.223563999556,12324.71296483615,12696.791070757394,20131.84979680578
2025-10-13,8388.223563999556,12324.71296483615,12696.791070757394,20131.84979680578
2025-10-14,8388.223563999556,12324.71296483615,12696.791070757394,20131.84979680578
2025-10-15,8388.223563999556,12324.71296483615,12696.791070757394,20131.84979680578
2025-10-16,8388.223563999556,12324.71296483615,12696.791070757394,20131.84979680578
2025-10-17,8388.223563999556,12324.71296483615,12696.791070757394,20131.84979680578
2025-10-20,8388.223563999556,12324.71296483615,12696.791070757394,20131.84979680578
2025-10-21,8388.223563999556,12324.71296483615,12696.791070757394,20131.84979680578
2025-10-22,8388.223563999556,12324.71296483615,12696.791070757394,20131.84979680578
2025-10-23,8388.223563999556,12324.71296483615,12696.791070757394,20131.84979680578
2025-10-24,8388.223563999556,12324.71296483615,12696.791070757394,20131.84979680578
2025-10-27,8388.223563999556,12324.71296483615,12696.791070757394,20131.84979680578
2025-10-28,8388.223563999556,12324.71296483615,12696.791070757394,20131.84979680578
2025-10-29,8388.223563999556,12324.71296483615,12696.791070757394,20131.84979680578
2025-10-30,8388.223563999556,12324.71296483615,12696.791070757394,20131.84979680578
2025-10-31,8388.223563999556,12324.71296483615,12696.791070757394,20131.84979680578
2025-11-03,8388.223563999556,12324.71296483615,12696.791070757394,20131.84979680578
2025-11-04,8388.223563999556,12324.71296483615,12696.791070757394,20131.84979680578
2025-11-05,8388.223563999556,12324.71296483615,12696.791070757394,20131.84979680578
2025-11-06,8388.223563999556,12324.71296483615,12696.791070757394,20131.84979680578
2025-11-07,8388.223563999556,12324.71296483615,12696.791070757394,20131.84979680578
2025-11-10,8388.223563999556,12324.71296483615,12696.791070757394,20131.84979680578
2025-11-11,8388.223563999556,12324.71296483615,12696.791070757394,20131.84979680578
2025-11-12,8388.223563999556,12324.71296483615,12696.791070757394,20131.84979680578
2025-11-13,8550.215488771355,12396.49054873292,12696.791070757394,20131.84979680578
2025-11-14,8550.215488771355,12396.49054873292,12696.791070757394,20131.84979680578
2025-11-17,8550.215488771355,12396.49054873292,12696.791070757394,20131.84979680578
2025-11-18,8550.215488771355,12396.49054873292,12696.791070757394,20131.84979680578
2025-11-19,8550.215488771355,12396.49054873292,12696.791070757394,20131.84979680578
2025-11-20,8550.215488771355,12396.49054873292,12696.791070757394,20131.84979680578
2025-11-21,8550.215488771355,12396.49054873292,12696.791070757394,20131.84979680578
2025-11-24,8550.215488771355,12396.49054873292,12696.791070757394,20131.84979680578
2025-11-25,8550.215488771355,12396.49054873292,12696.791070757394,20131.84979680578
2025-11-26,8550.215488771355,12396.49054873292,12696.791070757394,20131.84979680578
2025-11-28,8550.215488771355,12396.49054873292,12696.791070757394,20131.84979680578
2025-12-01,8550.215488771355,12396.49054873292,12696.791070757394,20131.84979680578
2025-12-02,8550.215488771355,12396.49054873292,12696.791070757394,20131.84979680578
2025-12-03,8550.215488771355,12396.49054873292,12696.791070757394,20131.84979680578
2025-12-04,8550.215488771355,12396.49054873292,12696.791070757394,20131.84979680578
2025-12-05,8550.215488771355,12396.49054873292,12696.791070757394,20131.84979680578
2025-12-08,8550.215488771355,12396.49054873292,12696.791070757394,20131.84979680578
2025-12-09,8550.215488771355,12396.49054873292,12696.791070757394,20131.84979680578
2025-12-10,8550.215488771355,12396.49054873292,12696.791070757394,20131.84979680578
2025-12-11,8550.215488771355,12396.49054873292,12696.791070757394,20131.84979680578
2025-12-12,8550.215488771355,12396.49054873292,12696.791070757394,20131.84979680578
2025-12-15,8550.215488771355,12396.49054873292,12696.791070757394,20131.84979680578
2025-12-16,8550.215488771355,12396.49054873292,12696.791070757394,20131.84979680578
2025-12-17,8550.215488771355,12396.49054873292,12696.791070757394,20131.84979680578
2025-12-18,8388.223563999556,11999.76435511233,11546.99689776673,19463.98393022135
2025-12-19,8388.223563999556,11999.76435511233,11546.99689776673,19463.98393022135
2025-12-22,8388.223563999556,11999.76435511233,11546.99689776673,19463.98393022135
2025-12-23,8388.223563999556,11999.76435511233,11546.99689776673,19463.98393022135
2025-12-24,8388.223563999556,11999.76435511233,11546.99689776673,19463.98393022135
2025-12-26,8388.223563999556,11999.76435511233,11546.99689776673,19463.98393022135
2025-12-29,8388.223563999556,11999.76435511233,11546.99689776673,19463.98393022135
2025-12-30,8388.223563999556,11999.76435511233,11546.99689776673,19463.98393022135
2025-12-31,8388.223563999556,11999.76435511233,11546.99689776673,19463.98393022135
2026-01-02,8388.223563999556,11999.76435511233,11546.99689776673,19463.98393022135
2026-01-05,8388.223563999556,11999.76435511233,11546.99689776673,19463.98393022135
2026-01-06,8388.223563999556,11999.76435511233,11546.99689776673,19463.98393022135
2026-01-07,8388.223563999556,11999.76435511233,11546.99689776673,19463.98393022135
2026-01-08,8388.223563999556,11999.76435511233,11546.99689776673,19463.98393022135
2026-01-09,8216.121947874277,11942.151801544229,11546.99689776673,19463.98393022135
2026-01-12,8216.121947874277,11942.151801544229,11546.99689776673,19463.98393022135
2026-01-13,8326.855073056919,11956.285003265724,11546.99689776673,19463.98393022135
2026-01-14,8326.855073056919,11956.285003265724,11546.99689776673,19463.98393022135
2026-01-15,8326.855073056919,11956.285003265724,11546.99689776673,19463.98393022135
2026-01-16,8326.855073056919,11956.285003265724,11546.99689776673,19463.98393022135
2026-01-20,8326.855073056919,11956.285003265724,11546.99689776673,19463.98393022135
2026-01-21,8326.855073056919,11956.285003265724,11546.99689776673,19463.98393022135
2026-01-22,8326.855073056919,11956.285003265724,11546.99689776673,19463.98393022135
2026-01-23,8326.855073056919,11956.285003265724,11546.99689776673,19463.98393022135
2026-01-26,8326.855073056919,11956.285003265724,11546.99689776673,19463.98393022135
2026-01-27,8470.90279407031,12237.42141630984,11873.525497570383,19593.767722827342
2026-01-28,8470.90279407031,12237.42141630984,11873.525497570383,19593.767722827342
2026-01-29,8470.90279407031,12237.42141630984,11873.525497570383,19593.767722827342
2026-01-30,8470.90279407031,12237.42141630984,11873.525497570383,19593.767722827342
2026-02-02,8470.90279407031,12237.42141630984,11873.525497570383,19593.767722827342
2026-02-03,8470.90279407031,12237.42141630984,11873.525497570383,19593.767722827342
2026-02-04,8470.90279407031,12237.42141630984,11873.525497570383,19593.767722827342
2026-02-05,8470.90279407031,12237.42141630984,11873.525497570383,19593.767722827342
2026-02-06,8470.90279407031,12237.42141630984,11873.525497570383,19593.767722827342
2026-02-09,8470.90279407031,12237.42141630984,11873.525497570383,19593.767722827342
2026-02-10,8470.90279407031,12237.42141630984,11873.525497570383,19593.767722827342
2026-02-11,8470.90279407031,12237.42141630984,11873.525497570383,19593.767722827342
2026-02-12,8550.215488771355,12333.679759095543,11873.525497570383,19593.767722827342
2026-02-13,8550.215488771355,12333.679759095543,11873.525497570383,19593.767722827342
2026-02-17,8550.215488771355,12333.679759095543,11873.525497570383,19593.767722827342
2026-02-18,8550.215488771355,12333.679759095543,11873.525497570383,19593.767722827342
2026-02-19,8550.215488771355,12333.679759095543,11873.525497570383,19593.767722827342
2026-02-20,8500.00490527283,12333.679759095543,11873.525497570383,19593.767722827342
2026-02-23,8730.784888165766,12439.049442158295,11873.525497570383,19593.767722827342
2026-02-24,8730.784888165766,12439.049442158295,11873.525497570383,19593.767722827342
2026-02-25,8730.784888165766,12439.049442158295,11873.525497570383,19593.767722827342
2026-02-26,8730.784888165766,12439.049442158295,11873.525497570383,19593.767722827342
2026-02-27,8730.784888165766,12439.049442158295,11873.525497570383,19593.767722827342
2026-03-02,8730.784888165766,12439.049442158295,11873.525497570383,19593.767722827342
2026-03-03,8730.784888165766,12439.049442158295,11873.525497570383,19593.767722827342
2026-03-04,8730.784888165766,12439.049442158295,11873.525497570383,19593.767722827342
2026-03-05,9186.390941618267,12612.316860868332,11873.525497570383,19593.767722827342
2026-03-06,9186.390941618267,12612.316860868332,11873.525497570383,19593.767722827342
2026-03-09,8730.784888165766,12449.804694735907,11873.525497570383,19593.767722827342
2026-03-10,8730.784888165766,12449.804694735907,11873.525497570383,19593.767722827342
2026-03-11,8730.784888165766,12449.804694735907,11873.525497570383,19593.767722827342
2026-03-12,9186.390941618267,12575.763902624818,11873.525497570383,19593.767722827342
2026-03-13,9186.390941618267,12575.763902624818,11873.525497570383,19593.767722827342
2026-03-16,9186.390941618267,12575.763902624818,11873.525497570383,19593.767722827342
2026-03-17,9186.390941618267,12575.763902624818,11873.525497570383,19593.767722827342
2026-03-18,9557.76525767784,12623.421541200405,11873.525497570383,19593.767722827342
2026-03-19,9557.76525767784,12623.421541200405,11873.525497570383,19593.767722827342
2026-03-20,9557.76525767784,12623.421541200405,11873.525497570383,19593.767722827342
2026-03-23,9557.76525767784,12623.421541200405,11873.525497570383,19593.767722827342
2026-03-24,9557.76525767784,12623.421541200405,11873.525497570383,19593.767722827342
2026-03-25,9557.76525767784,12623.421541200405,11873.525497570383,19593.767722827342
2026-03-26,9557.76525767784,12623.421541200405,11873.525497570383,19593.767722827342
2026-03-27,9713.976631106258,12844.232003890174,12293.150199452473,19743.33800174975
2026-03-30,9713.976631106258,12844.232003890174,12293.150199452473,19743.33800174975
2026-03-31,9713.976631106258,12844.232003890174,12293.150199452473,19743.33800174975
2026-04-01,9713.976631106258,12844.232003890174,12293.150199452473,19743.33800174975
2026-04-02,9557.76525767784,12076.545841617559,11873.525497570383,17223.973024635012
2026-04-06,9186.390941618267,10719.594232116897,11546.99689776673,12084.094159017608
2026-04-07,9186.390941618267,10719.594232116897,11546.99689776673,12084.094159017608
2026-04-08,9186.390941618267,10719.594232116897,11546.99689776673,12084.094159017608
2026-04-09,9186.390941618267,10719.594232116897,11546.99689776673,12084.094159017608
2026-04-10,8730.784888165766,10562.237708008879,11546.99689776673,12084.094159017608
2026-04-13,8730.784888165766,10562.237708008879,11546.99689776673,12084.094159017608
2026-04-14,8730.784888165766,10562.237708008879,11546.99689776673,12084.094159017608
2026-04-15,8730.784888165766,10562.237708008879,11546.99689776673,12084.094159017608
2026-04-16,8500.00490527283,10540.313430926668,11546.99689776673,12084.094159017608
2026-04-17,8326.855073056919,10445.471262359459,11546.99689776673,12084.094159017608
2026-04-20,8122.3279142712945,10180.151753579845,11265.689473378901,11997.04695009483
2026-04-21,8122.3279142712945,10180.151753579845,11265.689473378901,11997.04695009483
2026-04-22,8122.3279142712945,10180.151753579845,11265.689473378901,11997.04695009483
2026-04-23,8122.3279142712945,10180.151753579845,11265.689473378901,11997.04695009483
2026-04-24,8122.3279142712945,10180.151753579845,11265.689473378901,11997.04695009483
2026-04-27,8122.3279142712945,10180.151753579845,11265.689473378901,11997.04695009483
2026-04-28,8122.3279142712945,10180.151753579845,11265.689473378901,11997.04695009483
2026-04-29,8122.3279142712945,10180.151753579845,11265.689473378901,11997.04695009483
2026-04-30,8122.3279142712945,10180.151753579845,11265.689473378901,11997.04695009483
2026-05-01,8122.3279142712945,10180.151753579845,11265.689473378901,11997.04695009483
2026-05-04,8245.451636514541,10182.899859281428,11265.689473378901,11997.04695009483
2026-05-05,8245.451636514541,10182.899859281428,11265.689473378901,11997.04695009483
2026-05-06,8245.451636514541,10182.899859281428,11265.689473378901,11997.04695009483
2026-05-07,8245.451636514541,10182.899859281428,11265.689473378901,11997.04695009483
2026-05-08,8245.451636514541,10182.899859281428,11265.689473378901,11997.04695009483
2026-05-11,8245.451636514541,10182.899859281428,11265.689473378901,11997.04695009483
2026-05-12,8245.451636514541,10182.899859281428,11265.689473378901,11997.04695009483
2026-05-13,8245.451636514541,10182.899859281428,11265.689473378901,11997.04695009483
2026-05-14,8245.451636514541,10182.899859281428,11265.689473378901,11997.04695009483
2026-05-15,8245.451636514541,10182.899859281428,11265.689473378901,11997.04695009483
2026-05-18,8245.451636514541,10182.899859281428,11265.689473378901,11997.04695009483
2026-05-19,8245.451636514541,10182.899859281428,11265.689473378901,11997.04695009483
2026-05-20,8122.3279142712945,10024.181493738452,11265.689473378901,11997.04695009483
2026-05-21,8122.3279142712945,10024.181493738452,11265.689473378901,11997.04695009483
2026-05-22,8122.3279142712945,10024.181493738452,11265.689473378901,11997.04695009483
2026-05-26,8122.3279142712945,10024.181493738452,11265.689473378901,11997.04695009483
2026-05-27,8122.3279142712945,10024.181493738452,11265.689473378901,11997.04695009483
2026-05-28,8122.3279142712945,10024.181493738452,11265.689473378901,11997.04695009483
2026-05-29,8122.3279142712945,10024.181493738452,11265.689473378901,11997.04695009483
2026-06-01,8122.3279142712945,10024.181493738452,11265.689473378901,11997.04695009483
2026-06-02,8122.3279142712945,10024.181493738452,11265.689473378901,11997.04695009483
2026-06-03,8122.3279142712945,10024.181493738452,11265.689473378901,11997.04695009483
2026-06-04,8122.3279142712945,10024.181493738452,11265.689473378901,11997.04695009483
2026-06-05,8122.3279142712945,10024.181493738452,11265.689473378901,11997.04695009483
2026-06-08,8122.3279142712945,10024.181493738452,11265.689473378901,11997.04695009483
2026-06-09,8122.3279142712945,10024.181493738452,11265.689473378901,11997.04695009483
2026-06-10,8245.451636514541,10157.627520573697,11265.689473378901,11997.04695009483
2026-06-11,8245.451636514541,10157.627520573697,11265.689473378901,11997.04695009483
2026-06-12,8122.3279142712945,10130.841087782948,11265.689473378901,11997.04695009483
2026-06-15,8122.3279142712945,10130.841087782948,11265.689473378901,11997.04695009483
2026-06-16,8122.3279142712945,10130.841087782948,11265.689473378901,11997.04695009483
2026-06-17,8122.3279142712945,10130.841087782948,11265.689473378901,11997.04695009483
2026-06-18,8122.3279142712945,10130.841087782948,11265.689473378901,11997.04695009483
2026-06-22,8122.3279142712945,10130.841087782948,11265.689473378901,11997.04695009483
2026-06-23,8122.3279142712945,10130.841087782948,11265.689473378901,11997.04695009483
2026-06-24,8122.3279142712945,10130.841087782948,11265.689473378901,11997.04695009483
2026-06-25,8122.3279142712945,10130.841087782948,11265.689473378901,11997.04695009483
2026-06-26,8122.3279142712945,10130.841087782948,11265.689473378901,11997.04695009483
2026-06-29,8122.3279142712945,10130.841087782948,11265.689473378901,11997.04695009483
2026-06-30,8122.3279142712945,10130.841087782948,11265.689473378901,11997.04695009483
2026-07-01,8122.3279142712945,10130.841087782948,11265.689473378901,11997.04695009483
2026-07-02,8122.3279142712945,10130.841087782948,11265.689473378901,11997.04695009483
2026-07-06,8122.3279142712945,10130.841087782948,11265.689473378901,11997.04695009483
2026-07-07,8122.3279142712945,10130.841087782948,11265.689473378901,11997.04695009483
2026-07-08,8122.3279142712945,10130.841087782948,11265.689473378901,11997.04695009483
2026-07-09,8122.3279142712945,10130.841087782948,11265.689473378901,11997.04695009483
2026-07-10,8122.3279142712945,10130.841087782948,11265.689473378901,11997.04695009483
2026-07-13,8122.3279142712945,10130.841087782948,11265.689473378901,11997.04695009483
2026-07-14,8122.3279142712945,10130.841087782948,11265.689473378901,11997.04695009483
2026-07-15,8122.3279142712945,10130.841087782948,11265.689473378901,11997.04695009483
2026-07-16,8122.3279142712945,10130.841087782948,11265.689473378901,11997.04695009483
2026-07-17,8122.3279142712945,10130.841087782948,11265.689473378901,11997.04695009483
2026-07-20,8122.3279142712945,10130.841087782948,11265.689473378901,11997.04695009483
2026-07-21,8122.3279142712945,10130.841087782948,11265.689473378901,11997.04695009483
2026-07-22,8122.3279142712945,10130.841087782948,11265.689473378901,11997.04695009483
2026-07-23,8122.3279142712945,10130.841087782948,11265.689473378901,11997.04695009483
2026-07-24,8122.3279142712945,10130.841087782948,11265.689473378901,11997.04695009483
2026-07-27,8122.3279142712945,10130.841087782948,11265.689473378901,11997.04695009483
2026-07-28,8122.3279142712945,10130.841087782948,11265.689473378901,11997.04695009483
