Date,AAPL,AMGN,CAT,GS,HD,JPM,MSFT,TRV,UNH,V
2016-08-01,0.01750265877960541,0.012305708483539816,-0.009835200371538648,-0.003974878538319432,0.003826509910946391,-0.002661071243913562,-0.0017658985799955695,0.0050636907146349285,0.002162533601739803,0.0026869717946083147
2016-08-02,-0.014915071767405454,-5.759150772659046e-05,-0.00870183586833926,-0.0134933433253392,-0.011232282139916694,-0.002353385652010877,0.0,0.0018814800197435497,-0.002372075763002594,0.0002551517483013273
2016-08-03,0.012460332100267958,-0.004142987796602549,0.009677419982362066,0.014503922351665968,-0.0011665493079184453,0.01574318101265904,0.006869167033820928,0.008084864542679544,-0.0020276299281913298,0.0054784627034787795
2016-08-04,0.006158360931544852,-0.004391526005464635,-0.0031747444961582054,-0.0018325314316532497,-0.007396249866250464,-0.0015479194006439378,0.007345103540350178,-0.000847886220004378,-0.0011905642637427636,0.009735109261555758
2016-08-05,0.015092983339519061,0.005717152284436308,0.00961499560456976,0.025239977008132564,0.006301323446487938,0.026594962592839274,0.009883190051418585,0.005920642173307121,0.0019602715824195783,0.008269606481584492
2016-08-08,0.008246555912910536,-0.007630216371517339,0.010602539852908129,0.004555159897832887,-0.005126119148533646,-0.0030211094673212677,0.0017240386587117588,-0.003632780208680358,-0.006032762671807077,-0.0023737266664322723
2016-08-09,0.004051426980150239,-0.0015096678965596845,-0.007337336247755272,0.0037394177199951287,-0.0007345655149070426,-0.0034856006671970256,0.002408196165766777,0.00025380372187742284,-0.0021832346811354376,0.0013746960740018217
2016-08-10,-0.00747165649143394,-0.004951945349283855,-0.002175540721164271,-0.007677644635753288,-0.003754123105287947,-0.008997470555491407,-0.003097499695998682,0.0004229166577388205,0.0026054043855499682,-0.004757245921693597
2016-08-11,-0.0006482965370925006,0.006983399419467717,0.007113138659766956,0.01024370490799037,0.01056363233353004,0.0027535439978734503,0.004814212580219806,0.003124709315451101,0.003089736763169045,0.005506740375738561
2016-08-12,0.0023135385920232056,0.003416335627712465,-0.0028871937798267723,-0.003729354982374733,-0.0034355399614654095,-0.0021410403965433965,-0.006194321306031297,-0.0007589865063299322,0.0017511488855465342,-0.0012491280391591863
2016-08-15,0.011945662446030132,0.01477208599100391,0.01376041418210896,0.013990724671483493,0.003581641816426605,0.006104792175373632,0.0031019940356730898,-0.0013511791512981594,-0.00885752937519656,0.011061196008683178
2016-08-16,-0.0009143054290330419,-0.013958814823844838,0.001661925621153109,0.0006034740608254819,-0.0060742690318607235,-0.00015174367095693522,-0.005555488424049101,-0.011643196035581593,-0.0038203435476907724,-0.0012371268815210353
2016-08-17,-0.001463667512758415,0.012410922228900953,0.001423389979287549,0.00012087853808325795,-0.0005872354501384087,0.0027353987155400725,0.0020871785333810107,0.0037542159048216586,0.00445520370454578,0.002105355715409009
2016-08-18,-0.0012822872115394771,0.002521154916622451,-0.012277772870577821,0.002351549843399686,-0.009965267744335897,0.0009101894882026447,0.0006943863135668048,0.0034008093462187887,0.003241058909988622,-0.0070757529132832835
2016-08-19,0.0025635423985756064,-0.006487431855619895,0.005501697643064433,0.0010224841948281561,0.004884443562814697,-0.001365670415922899,0.0003473479334426653,-0.0029748326195505647,-0.0009146834007768052,0.0024880832142227987
2016-08-22,-0.0078028898546389945,0.004196025132215299,-0.002986519877227772,0.0001809630810226568,-0.0008866431987490794,-0.0009114339232471097,0.0008673209056262018,-0.004436762610572517,0.00035196894420672683,0.007305518083354733
2016-08-23,0.003128373988616218,0.00028652156766030584,0.005011908732683931,-0.0010833209218389704,0.00648128133329419,-0.00045617953042771263,0.003807211495820299,-0.002740307415834,-0.0005632225400167392,-0.0032128156532169405
2016-08-24,-0.00756192502727913,-0.02062419943229513,-0.010289327864291771,-0.004707391805483675,-0.00855180103608028,0.002733283869597696,0.0010360960085119024,0.00410740699923797,-0.01518426970264904,-0.006331637379815123
2016-08-25,-0.004267270232002326,-0.003576810236524271,-0.0037348852629376303,0.0036227824765293825,0.0027354854628314222,0.0018178974055643286,0.003789294499525351,0.005449946325635938,-0.018544835235318687,0.00037324927688721875
2016-08-26,-0.005873698554252001,0.010169522241576663,-0.0021755065787159742,0.0004219764533458326,-0.007932075363273011,0.0022675095285237903,-0.002409747692405352,-0.005193807890452693,-0.0049650896829878405,0.0031078161347711125
2016-08-29,-0.001122937578812258,-0.002678479606166211,0.00530873454573114,0.00540802819478843,0.006528326736947801,0.010963584633564087,0.0012055257652305914,0.011374530141275464,0.004746410294587428,0.003716249636764566
2016-08-30,-0.007705873416685725,-0.004382262396017947,-0.007488638702729228,0.018773287153655876,-0.0033504256373338864,0.00818165637995366,-0.0036211685808622816,-8.456690467619995e-05,-0.0029182974941313173,0.003703095441257527
2016-08-31,0.0009430525879919671,-0.004107776915168137,-0.006446862533912036,0.0005314312105534185,0.00014948681002758106,0.0,-0.007455354195639485,0.0020237145230647,-0.006009124193724073,-0.0033320164017197587
2016-09-01,0.0059201410008927775,0.0004116466130933079,-0.0061202548916986866,-0.005621779330754085,0.0008196384217253258,-0.004305431277291331,0.0022599038317637128,-0.0030371497635869413,-0.002280980367085867,0.0049327947279006155
2016-09-02,0.009325727541401025,-0.002118605003436147,0.002942523029472375,0.003968298205284184,0.006830327628376131,0.004157395431177258,0.0013882388680554552,0.004131744080657971,0.006388763227290495,0.00857292257765492
2016-09-06,-0.0002786742911423669,0.0062827653026426965,0.004762934807374771,0.0008862601004979943,-0.007799452860129149,-0.0007412437614950881,-0.0010408306506617478,0.0037794795288222842,-0.004695817654141163,0.006442393602753257
2016-09-07,0.006109887628521123,-0.0012301307314050473,0.019783727804629666,0.0020057613392983364,-0.009816728950376493,-0.0041601152886957425,0.0008673223310091114,0.0005056380178142245,-0.002626543828534604,0.008566094516025538
2016-09-08,-0.02655890766361772,0.0019905733646494953,-0.002152387684381793,0.01166051900821829,-0.011588702717315793,0.001338883806420112,-0.003997003317547659,-0.0151118190039679,0.0033280320686346603,-0.003248923176528767
2016-09-09,-0.022910170822629368,-0.02619199084581424,-0.033472697852000056,-0.018164452181190185,-0.027183199179105118,-0.008962222668207589,-0.021471999273360035,-0.02126834136091204,-0.013528413725785456,-0.01996397507159295
2016-09-12,0.022151952241689702,0.03243115659071197,0.013890079724605502,0.014662846097603792,0.006631918547232347,0.006132935334647135,0.014833456309937326,0.009392963960464025,0.01419290588468456,0.01996397507159283
2016-09-13,0.023526098978665998,-0.016054083945278456,-0.020845677430196333,-0.02402053736318433,-0.02257154224918246,-0.007934700976771852,-0.009156517677340376,-0.010967002726342955,-0.011726551420678558,-0.013102087952768345
2016-09-14,0.03477480004333114,0.004948564293770424,0.009798297393750904,-0.0050424956820269914,0.004285999278430736,-0.0019558571441015728,-0.004787718239184769,-0.004825146902361529,-0.0019430577176994149,-0.004896667770145866
2016-09-15,0.033433359136135626,0.014587304185604305,0.012389039212466417,0.011488932278598296,0.005528678591546593,0.00360754994925474,0.016395251914742937,0.010758770336190117,0.01425956610724437,0.006360795046588041
2016-09-16,-0.005640090258331518,0.001851998798594478,0.00024412371866544625,-0.012452582495856533,-0.006717426782920011,-0.012381217945830303,0.0010483204728644478,-0.002351701258600518,0.020870464212864114,0.0007318092275584178
2016-09-19,-0.011728860212442403,-0.00917738649507722,-0.002074168888481834,0.0012643394957734156,0.0014261587351126787,0.0056057976967380935,-0.005605042539047939,0.003655788833282121,-0.005721411808083402,0.005346594890705359
2016-09-20,-8.81965254151646e-05,0.011602459638740169,-0.002200577191829974,0.0015635261708426818,0.0042671575511105155,0.004070922636074917,-0.0021099225631944205,-0.002609713481134788,-0.0015260756521465353,-0.00036353912433139394
2016-09-21,-0.00017590222555055962,0.0027072259988612083,0.02143304863000515,0.0033575950147434045,0.01004130855279494,0.005701386635088535,0.01658393796981572,0.009882091088296635,0.017593537582971126,0.00893189807927988
2016-09-22,0.009379189968977323,0.010129701134234326,0.0003598473657820511,0.005910142835450114,0.004983170822801111,0.00819491797191131,0.0010382779184151722,0.006876835562927182,0.008043986332212979,0.0016809127124145537
2016-09-23,-0.016804413631234277,-0.004680088653658232,-0.012776410108045644,-0.017350012285466555,-0.007484023080627872,-0.0020795114888030974,-0.006768044293647978,-0.012239382192986564,-0.0037648622511178196,-0.00988566627134208
2016-09-26,0.0015071952873120095,-0.007292121877447216,-0.0008496109151498002,-0.022352146493146426,-0.01848124217386976,-0.022101212060861013,-0.009271482341769704,-0.011951928476145705,-0.005638367466241573,-0.008883313849298817
2016-09-27,0.0018586986558232438,-0.011009575379553296,0.006173049336384467,0.008694568070040817,0.010861710741664851,0.008778828499262738,0.01828530148330192,0.004116312484028073,0.007629055673314257,0.00426897720368202
2016-09-28,0.007575827205062689,-0.01124952535986326,0.04379031248153089,0.003431376197728483,0.011368847909860438,0.005260422736927753,0.001379546807119962,0.005230559919183125,-0.0027025409896690557,0.009810287807658401
2016-09-29,-0.015655035200094196,-0.025422227138302084,0.010111350888383136,-0.02791737131235549,-0.0026545000763335243,-0.01601735504469251,-0.010915633682889387,-0.009961454278694866,-0.014996740066292974,-0.012735830129959337
2016-09-30,0.007725141299330476,0.008186157987146324,0.014752765272975714,0.01449072691812536,0.005845699483291833,0.01421646717022904,0.00347811053236867,0.00595380220861713,0.012072287005953992,0.009476119035880847
2016-10-03,-0.004699106364590969,0.003172048489000601,-0.00553517146092448,-0.0012418125630140227,-0.0013998030053160155,-0.001201700028118157,-0.0031301511274138007,-0.013623530218155624,-0.01084433199942369,0.001933091140978947
2016-10-04,0.004257084726080612,0.001254362012714774,-0.008760520794743454,0.007423223184892935,-0.0023374694274210135,0.008595332154296304,-0.0031393793287470854,-0.006035800073136027,-0.002385862183385042,-0.001570122940065393
2016-10-05,0.0004420216385103848,-0.001851981917890219,0.02159135926918664,0.025132949458258547,-0.004847985869657606,0.01623351791444671,0.006963807588889602,0.006920247440602557,-0.004061366923604097,0.00746623387862333
2016-10-06,0.007403342428735487,-0.002035199269413605,-0.001454668664472793,0.004497426729108212,0.02025141511873372,0.0026557298466048005,0.0017334381102375453,0.0007072954807520347,-0.008246182479842882,0.00012022412384216719
2016-10-07,0.0014912982028253312,0.0035886983969100764,-0.009226034555212141,0.015905723342663755,-0.014545957829116106,0.0035302302717515215,0.001038265629123606,0.011857248457890664,0.001391656968893749,-0.005774874767860566
2016-10-10,0.017296557671369454,0.004824193167282951,-0.0028301096064364964,0.0070994858961169575,-0.008295443079301888,0.007751158734294905,0.004144018430884616,0.005312035016775262,0.010337414661824269,0.002891606025460747
2016-10-11,0.0021519780955546247,-0.0239912476265456,-0.008537619460372849,-0.011762091725850535,-0.011063070069552441,-0.004819439306713069,-0.014753369066310895,-0.009950315269994304,-0.024412667097917444,-0.013078385588007963
2016-10-12,0.008902641760642841,-0.0026821483050774543,0.0012569094895998126,0.0015368161940906848,0.006652333676911378,-0.0026386013943571966,-0.0013998233827016181,0.011772214033951834,0.002594328507022618,0.002556713619472483
2016-10-13,-0.0030727254636818526,0.0024990734211200205,-0.006989603640608483,-0.011166462400031142,-0.0031621492459725014,-0.005740445504805528,-0.0033327380262444515,-0.0025169858099130657,-0.006758619686020864,-0.004631342121650589
2016-10-14,0.005541114738220358,-0.014654442174284786,0.00801673153925368,0.018347080454851953,0.0010287956951929211,-0.0032532700191663846,0.008745780044868798,0.00017357088323471365,-0.0020140022910136255,0.007059403506007513
2016-10-17,-0.0006804881051633874,0.00443746092604212,-0.004343836194545161,-0.008954017490651325,-0.010176461869065276,-0.005196872282768768,-0.0034888084098536718,-0.0008693056729711908,0.0015666323953073087,-0.003645103771343786
2016-10-18,-0.0006808094826205924,0.0011063111020999585,-0.0008023858368683583,0.02125200430337861,0.004783087042199071,0.00785971634898229,0.007660120056683626,0.001737774321647807,0.06675902153974057,-0.006962527161510837
2016-10-19,-0.002983789699676065,-0.010621414916156384,0.008903213336912555,0.010831381541486286,0.0011924763123895318,0.009555060577908604,-0.002257306573382111,0.00907513411617416,0.0068109877178155745,0.014964664736580664
2016-10-20,-0.000512581076994088,0.002604141663868416,-0.006902096488332258,0.0,0.0028554143646271745,-0.0013174055379903183,-0.00487890323650606,-0.05946364877386285,0.004836860513712308,-0.0037505911686930697
2016-10-21,-0.0039373016118023855,-0.018687597901341377,-0.0034691590748844757,0.00091624934473706,0.0027683792359277383,0.003363331481755913,0.041234399490369424,-0.010740713305384298,0.002065746660756752,-0.0018197363921317372
2016-10-24,0.008964913334905681,0.001576049970760425,-0.003946595316057479,0.0025732564126145748,0.009277518169315225,0.005533241359671381,0.022212091036209913,0.006623091025568289,-0.004688512458276535,0.009907869300499335
2016-10-25,0.005087033420054522,-0.005431560955526315,-0.017715514601097593,0.002452499591572114,-0.03536527088677726,-0.0010170456540137983,-0.00016403569253418967,-0.0003664785762763009,-0.006309245668657592,-0.013801509161959533
2016-10-26,-0.022751838435310392,0.00687950450233662,-0.004151734812618543,0.008620941685238546,-0.0051209014455577285,0.00478505367522061,-0.005920230512727824,-0.001928128251881571,-0.010838627785793122,-0.0034189024559410264
2016-10-27,-0.009649107900320291,0.00988859917841542,-0.01340201609458229,0.003832564099995901,-0.0036738178672970716,0.0014456970575802614,-0.008779986571233316,-0.007378640394465305,-0.002040922140884596,0.0020771701618184056
2016-10-28,-0.006660860996622143,-0.07493749775360571,0.010426062822914823,-0.0034372584107687345,0.010738808088385591,-0.0017351444573463586,-0.0038343461640038845,0.0037883605887720525,-0.011265274429079994,0.003655318704038239
2016-10-31,-0.0015843472045078875,-0.028080233349766233,-0.0050196705750464,0.0061905643760885734,-0.012785860213722532,0.00216846055348992,0.000834954703211062,-0.0023084276629770422,0.006958322078539268,0.0035209548678585612
2016-11-01,-0.018219991901600938,-0.002837947674818552,-0.01472598014903151,-0.0010104324605464195,-0.017528113562369593,-0.004196156050741661,-0.0020046039673075034,-0.018096055250603107,-0.013534848535080008,-0.010845203285474555
2016-11-02,0.0008963365100337088,-0.014742653777647469,-0.013835557065482612,-0.008346642761160162,0.003330508425481043,-0.004213551143111311,-0.006206666172079158,-0.005852467704218771,-0.0032328995632300715,-0.012823885418900107
2016-11-03,-0.010776565335091175,-0.025410474153970828,0.001970785006574915,-0.0020971391013291344,-0.0009147481497263904,-0.004377803531024239,-0.0037082269964238343,0.0009462171727301123,-0.008308912433867542,0.0008684462929507516
2016-11-04,-0.009054833642886475,0.0013301089634720853,0.012715834332655062,-0.001647368784913815,0.006055866633299438,-0.009108302764140123,-0.008480911516744728,-0.009981301090532649,-0.0008712295094013279,-0.0036020997798712024
2016-11-07,0.014322099947458138,0.027750510285271292,0.01734363062289229,0.031115892561875372,0.0232170380929841,0.030807374050907478,0.02871041307110204,0.006570523741183802,0.030183984173987682,0.026402742191295084
2016-11-08,0.0058695663406511415,-0.005474342314919288,0.011042888914816848,0.0024219423265440998,0.004032217301661255,0.0021447328478496307,0.000827072854393417,0.024840565242592604,0.006811066030333553,0.004474396899502509
2016-11-09,-0.0016221137399350233,0.0559697303727366,0.07417546213034201,0.057204066963632005,0.014145024450022244,0.044954096003233864,-0.004973514464340633,-0.009956186113008015,-0.007022146605538434,0.004334082835088766
2016-11-10,-0.028263550337116757,0.03456851824025489,0.024371744230220177,0.04188692131236242,0.02360396406240716,0.04537161129109288,-0.024734186444699515,0.024752178365451433,0.029373785573639438,-0.01659549089981388
2016-11-11,0.005919903410206299,-0.016833040579601007,-0.0047192999298303895,0.0151676941220186,0.006335361081636746,0.0005216958889605246,0.005436490556077783,0.006002827856758556,0.0019828920886315535,0.00012249733583604057
2016-11-14,-0.025405498642293675,-0.011003193686692319,0.012394506841016792,0.025369410598435435,-0.016931105494248578,0.03611159778749605,-0.015366403595293399,0.017082167710007125,0.03924156829233797,-0.043686355486329286
2016-11-15,0.013156866595958513,0.004361560401640837,0.002863232443245256,0.009562563329520673,-0.025946789528031568,-0.0018887121629576707,0.01955483503413666,-0.002946118119682073,-0.0003285012117497415,0.0024212995948274807
2016-11-16,0.026533596063677962,0.0011552395054666988,-0.011609081028934333,-0.02362023100928727,0.00744801562481861,-0.025007136131659544,0.013162502330596099,-0.004480123820036047,-0.0048072579313442046,0.02113872707251519
2016-11-17,-0.00036399896725578266,0.0008827226363571692,-0.0061245820806105685,0.016206670840857477,0.02831931865593059,0.007977950114857503,0.016460496574338714,-0.001528140159052281,-0.0048298218398201325,0.01228682821137619
2016-11-18,0.0009999999701855232,-0.014559722903575576,-0.004753357938502837,0.0034288993411966447,-0.004664391237842059,-0.003981240949690804,-0.004793873778926322,0.005739827584003482,-0.008793592578850075,-0.0030888952555300736
2016-11-21,0.015059631151026933,0.002200570302566488,0.006045816520678622,0.0034641213474648053,-0.0008577172875007201,0.0043658738417815144,0.008415380605220053,0.00017885302061872516,0.0064029496288280615,0.010707389784573982
2016-11-22,0.0006263222594056415,-0.008417302222426164,0.007720470875225784,0.0001422265208634496,0.021297232928690114,0.0061308294501094505,0.004262969645569729,0.0049949412511996185,0.012224836397518113,-0.021780761226324993
2016-11-23,-0.005111486694203417,0.004838525082867012,0.02697735115446156,0.005668206232692007,0.001754587729601194,0.004193356392501758,-0.011850149773857562,0.005942991428855927,0.008371845302409772,-0.004513709533541777
2016-11-25,0.005022046703163517,0.0027540253316130367,-0.0038545273269492003,-0.004390142263191639,0.002739650184887872,-0.00038061906685107113,0.002150130736294205,0.003354971711280398,-0.0047663787183786065,0.007013037561975796
2016-11-28,-0.0019703757625310608,-0.0024784853658746035,-0.009543178824379902,-0.004884411837828863,-0.0070935961857547854,-0.006490021270364698,0.0013207277989747987,0.0031683593733220885,-0.004591305241926301,-0.01319011635071002
2016-11-29,-0.00098601288808093,0.006390274680573979,-0.009103610920831813,0.00972794375751522,-0.002542394519670733,0.007631069680529867,0.007888153890326106,-0.0009669621491453557,0.03539278666387037,0.000884705633895896
2016-11-30,-0.008469210104433939,-0.013307323712345567,0.016034102851963182,0.034988757703656496,-0.001698926961963254,0.015715119780872304,-0.013679605330022828,-0.003082948258038961,0.008595921714416487,-0.023392374452310075
2016-12-01,-0.009363422205849174,-0.01172949030203763,0.007090856569054367,0.03292382837934689,0.0005409964298229081,0.020005518297786733,-0.01774687085678401,0.018010735150623264,0.016413159119579187,-0.024747420637115814
2016-12-02,0.0037380019968186354,0.011312927752260102,-0.0114953387656877,-0.014534015447872367,0.0030846661536063718,-0.002326070784938927,0.0008441378817805783,0.0020772551059761377,-0.0013058338823526956,0.003837559122153397
2016-12-05,-0.0072146880581019064,0.00884885029362258,-0.007278722503512392,0.022970152560892076,-0.0014641028803688658,0.020139533396065022,0.01623878697724221,0.0019005099619116607,-0.019475085535817626,0.020780623098383258
2016-12-06,0.007669193632600148,-0.001239774647694116,0.00811888120647003,0.012306487779013648,-0.007275125818471982,0.005151242360570164,-0.004493576618594358,0.008251072994702848,-0.0019685667345949705,-0.002590083297921772
2016-12-07,0.009774663354549882,-0.027385003990076765,0.02191731470076727,0.017904139626468966,0.028486005798945554,0.00453025687288946,0.02341023961318893,0.015631019868432287,0.01313451135992944,0.02813138765278803
2016-12-08,0.009769450199933612,-0.004258765321672758,-0.010950410338335935,0.024696881528036483,0.0005285019461581684,0.012412085887556924,-0.005883385599852881,0.003299845342959205,-0.0005020917119589626,-0.0003785490304315713
2016-12-09,0.016189935369040776,0.020138718074372824,-0.007716523074131285,0.0016553762622907233,0.006467955298710993,0.00433725736119187,0.015612617656625135,0.006819158029132472,0.005008823917667803,-0.0017674958121655143
2016-12-12,-0.00572093440608823,0.015974908084181623,-0.004721593060313255,-0.019540412172519277,0.008881714219606644,-0.008929269909472166,0.0032220638272660272,0.014327823022574609,-0.003942644511935028,-0.008120003911929026
2016-12-13,0.01654399029462104,0.01774758618049704,0.009837831974509907,0.005801526420121721,0.014458652016231761,0.00035382936378682424,0.012944734010684597,0.00429122701806402,0.006562203856085698,0.008877987843151846
2016-12-14,0.0,0.002154598954911799,-0.024031162269837734,0.005768218692029572,-0.004109847252735794,-0.0003538293637869505,-0.0047748426122910075,-0.008767471072564544,-0.004245128860305553,-0.0008842500056013597
2016-12-15,0.005454394398117327,0.011368109231552938,0.008391954559330136,0.012714281359376297,-0.0010300886170558528,0.01487756784109176,-0.0015966941508189355,0.00024911126526676655,0.004743070640474133,0.004664958831567729
2016-12-16,0.001294281867766718,-0.006805386808013838,-0.020844480709564975,-0.017016220222346477,-0.005388256071818101,-0.0124023436264244,-0.004484491419872433,0.00991753311098184,0.02045955011799391,-0.01457098117580914
2016-12-19,0.005760552313687771,-0.01097234494794886,0.0014032380663633898,0.0007113644046386594,0.0024394999688249243,0.005751961538858685,0.02096659099089836,0.001232891112608169,-0.014747858386638963,-0.0031961962823030677
2016-12-20,0.0026546552044833457,-0.0035261877586328667,0.017429138628251444,0.01667522379776517,0.012254830532144536,0.012793832717021286,-0.0012581349881320737,0.0056511741246358365,0.0003093440253548477,0.003323927814778027
2016-12-21,0.0009397479470942639,-0.0071575893972482,-0.00552704919810819,-0.0068107315904466035,-0.0020442336415859652,0.002539854485007057,0.0,0.0010612867397063455,-0.0016102135605105532,-0.002811987435080639
2016-12-22,-0.006599211863020958,0.0012990249367135986,0.003192243837108472,-0.005482088141758414,-0.010284682978626612,0.0016121561102635693,0.00015740382568125462,-0.003678268768152036,0.0015486635034074542,-0.0030760004361367562
2016-12-23,0.001975723403927454,0.008097661476854293,0.0021228480633617218,0.0035333701928128313,-0.0028097363316523473,0.001839642874770364,-0.004890064290098513,0.0,0.008933782528130055,0.00320449344800312
2016-12-27,0.006330871823106045,0.005474389905519708,0.0024353485652669846,0.0024456236849995584,0.0015537285904151147,0.000918440828129405,0.000632317004121441,-0.0011469424021629164,-0.00239525614568717,0.002555762890739265
2016-12-28,-0.004273119525491366,-0.0046612759394753615,-0.01491768998357378,-0.0037744510402514817,-0.0014054318584226936,-0.00725668479734062,-0.00459321330970362,0.0008195106300815789,-0.007405406831633401,-0.0006386938193567396
2016-12-29,-0.0002570142478651192,0.0007445322656537969,0.0015017726312398887,-0.01031682244406258,0.00022218880439794111,-0.00707711359587285,-0.0014300026625003793,0.0017184745810750904,-0.002480966077616562,0.00038297319003758126
2016-12-30,-0.007826486923688154,-0.010680941342519464,-0.005912919395930404,0.0053178948419173085,-0.007578930137728188,0.0046464691920169296,-0.01215630557252775,0.0010627413131758844,-0.006228861569367797,-0.003965248051100496
2017-01-03,0.0028451835524713406,0.030446394548032284,0.013388538676208232,0.008814886013561861,0.0017139519547637436,0.010834646994613673,0.0070559004221336565,-0.012494128802443768,0.008771431082118109,0.01879194985622867
2017-01-04,-0.001119822546608806,0.014097762133402825,-0.00447862179389695,0.006436985041514243,0.00882114386729711,0.001842285514054934,-0.004484491419872433,-0.005390917480551728,0.0028454082806976563,0.008142844380874384
2017-01-05,0.005072550171853515,0.0007194157965166101,-0.0061100367835250444,-0.007472628440612227,-0.01187840102129749,-0.009247262973192755,0.0,-0.016095561970548795,0.0016659973518006943,0.011659539091041476
2017-01-06,0.011086620144684712,0.024536393976383027,0.0004300869797731653,0.014725922709640056,-0.0027670311064700213,0.000116148583632546,0.008630673122782337,-0.0005070829209851542,0.001417422764948538,0.013717226624547439
2017-01-09,0.00911764271258498,0.013053657655012749,-0.007227858784318263,-0.00824085340682599,0.005824288260470311,0.0006966083439401392,-0.0031879955571427233,-0.00806493717203167,-0.002836524916852801,-0.00561087383525125
2017-01-10,0.0010082916912180484,-0.0005035564948594011,0.015682887223843766,-0.0013184700908038247,0.013239177975621502,0.002896529325219919,-0.0003192025210376571,-0.0011942165406178496,-0.002287026466537201,-0.005396726227844414
2017-01-11,0.005358581674176477,-0.013571623396484793,0.008701100893950124,0.01306502972613755,-0.002943114856140662,0.007492417579412315,0.009061327805334713,0.004003120834820008,0.0019164944661615522,0.006007974717380964
2017-01-12,-0.004184011952400754,-0.008077317613342157,-0.006997557735826592,-0.007843050399105057,-0.00465327374091433,-0.00969293708080785,-0.009220933205515244,-0.007679112295303251,0.0028991645046758698,-0.005270413298131157
2017-01-13,-0.0017625814632734622,0.004879855303592268,0.005200348095020979,0.0018843784243382572,-0.00022216646239791975,0.0053197785649116355,0.0014365532227580357,0.002566181547512345,-0.003455331012232445,-0.002460992074385262
2017-01-17,0.008032018342637755,-0.008490823521287934,-0.009678969888917824,-0.035667333228214436,0.006569161756216013,-0.03700869852832236,-0.002715201457664972,0.0034965787348874007,-0.007070488753547163,0.0011081959844190799
2017-01-18,-8.325886257023837e-05,0.006246291389235376,0.005695208071494409,-0.0061699336285397696,0.00169035979394159,0.0046565938646449005,-0.0004799917199387095,0.009152513072168827,-0.01834229146095369,0.0040526100365177375
2017-01-19,-0.0017516326750054514,-0.012727021941118464,0.0005354735862434591,-0.01236827464175506,-0.0056708840307422076,-0.0076534697698619385,-0.003205229689575853,-0.0046505310542887725,0.006067396760295824,0.0017147668058947797
2017-01-20,0.0018348915375756313,0.005640715151371122,0.012768955396329718,0.003408029935283429,0.0015495435564798071,0.004431714725599174,0.007038115791658002,0.0002539764191138431,-0.00025195199288212714,0.0013448220292732037
2017-01-23,0.0006665124943746327,-0.012687854831706487,-0.0012699097033189056,0.0020220836050178514,0.018051726342715218,0.00047829058035563565,0.0035002301031942045,0.00016999767079693646,0.0025808860152810725,0.003780513760917004
2017-01-24,-0.000916309881085999,-0.0057125423282979055,0.01866884449575948,0.0043311415905467315,-7.274496317113777e-05,0.011993026212015978,0.008855228109153854,-0.010218572033671356,0.008513311216350116,0.013061521326313096
2017-01-25,0.015794948015386043,0.014708288461348903,0.01965158033652554,0.015161948118979246,-0.004209689528870904,0.015344664568649307,0.0025157480589934364,0.007078781991209147,0.005036383176082277,0.008017550766463592
2017-01-26,0.0004923186513922855,-0.007294461809846344,-0.009520103673181651,0.00977294713604414,0.00710305731688941,0.008334649270430287,0.009222602944095201,0.003901759481204104,0.009321026288331865,-0.007897700646698173
2017-01-27,8.192748428762402e-05,0.02695706828326301,0.018042478999746932,-0.011038462489544926,-0.0009393005568296928,0.0020722052635499715,0.023222799025784842,-0.00025413731429373794,0.0014735935012440918,0.006346998768236452
2017-01-30,-0.0026272657773526455,-0.017523238178120723,-0.022475420614794496,-0.012955142360078303,0.0010114856326804821,-0.01040685453398019,-0.009930758410822246,-0.005008460834823141,-0.005537235877362402,-0.000836185633526682
2017-01-31,-0.002305157419978877,0.014464528048640315,-0.011743301096436093,-0.019775297984305943,-0.006448131963269987,-0.01640777942842428,-0.007397105136719333,0.002295576345076246,6.213166432627366e-05,-0.011898452532770137
2017-02-01,0.05919387488868845,0.018903574184123396,-0.0057662399815812315,0.005869619854518219,-0.0010182436358182505,0.003774724923541881,-0.016688937781057962,-0.010584400816311948,0.003755608596473182,-0.0032695383372697995
2017-02-02,-0.0017100833945691122,-0.0005636450989164745,-0.014188965839672897,-0.0011277993065332635,-0.0035715095173043665,-0.004246888581131509,-0.0064698137911464405,0.009309766732054508,-0.012056654987419955,-0.0016998870075174346
2017-02-03,0.00426989844714976,0.04861642904054011,-0.005239552903702508,0.04472911612167986,0.007492638708980747,0.030158935314758953,0.008041213149865967,0.0012746340842574478,0.006880689367312483,0.04490599092164218
2017-02-06,0.009330343652299785,-0.005686271697380308,-0.004404862880098422,-0.0040336696174922805,-0.010857165746769456,-0.004714111565716029,-0.0006284109724854302,-0.000934737677163381,-0.008437034945583902,-0.0029081893154219176
2017-02-07,0.009472116198393615,0.001439629627688869,0.004726834212414169,-0.0015015976552082639,0.001171412896890413,-0.0005764121777591835,-0.0033051979920517404,0.000765002563587629,0.00012481153865313537,-0.0005827303461278491
2017-02-08,0.0038700403202636554,0.007762331428927546,-0.004295868549061338,-0.007918529177007898,0.008960891329495204,-0.008802757084371754,-0.0014201435664515955,0.00042408453182220555,-0.0013716567463087693,-0.00807674203237614
2017-02-09,0.007200035612756541,-0.003873420600815922,0.011237831141352714,0.015940901141008032,0.006001756439216932,0.014322152128738996,0.01130341042780719,0.008199992537832568,0.0008106653642075638,0.005742323485514189
2017-02-10,-0.0022683039772284507,0.002504963093869808,0.024702536256130697,0.0048320381697257424,0.008184956177078637,-0.0022960281192031693,-0.0009371361761083387,0.007966278156409835,0.0019303225499927418,0.003732115976652111
2017-02-13,0.008817091013034514,0.005502068477127999,0.022484534493404266,0.014519845819555554,0.00014299943520565585,0.013131576289364068,0.011187161369184124,-0.0001672057854587363,0.007684021491142362,0.006267040228133322
2017-02-14,0.012895773429481398,0.002323473942761809,-0.004171129682458008,0.012869998581521713,0.010596321777675709,0.015869186456157057,0.00372412016392687,0.004417473824434499,0.007012862263939257,0.004731695418849971
2017-02-15,0.0036222013567532006,0.022011388790504485,0.009436441377951747,0.004320105902765791,0.005854573401685851,0.01143487225862976,-0.0006198229533907394,0.006135688251028091,0.007085979219627406,0.009815093155103368
2017-02-16,-0.001181017367137216,0.0018608924935711172,-0.0077046257067682365,-0.004400196642317064,-0.004581976524639177,-0.0006623611810991394,-0.00015526230453732372,0.006672861714452406,-0.0039030416079870434,-0.0014862407103305574
2017-02-17,0.002729555862140884,0.006832501175841705,0.005986207674433839,0.0037616064603863,0.010262488225283388,-0.003318837052649824,0.0015489794932786016,0.0013128925862241985,-0.03754310397060519,0.000571899654102573
2017-02-21,0.0071945917951946395,-0.0008655714933690698,-0.007615855944575313,0.005496278852835502,0.014026961985258437,0.008606882142788546,-0.0020141218681718203,-0.0032853531780779994,0.0185427451650791,0.005245871898603146
2017-02-22,0.0029948744567274534,-0.003066082571654894,0.0010186273394016832,-0.00011918951146410313,0.001584690411673685,0.0005492489986818386,-0.0020173959203684494,0.0028755145187808057,0.0,-0.0013660312944096214
2017-02-23,-0.0042391880820637825,0.0080781446805652,-0.02735628705294989,-0.0021476950893927122,-0.0037247041243535094,0.0007680551398494893,0.004031517788540394,0.00376615935180629,0.012563266556092875,0.004319009803806269
2017-02-24,0.000952107081227823,0.0031554438865211702,-0.000733022796328095,-0.015405117086093269,0.0085324479067454,-0.008817152915378946,0.0,-0.0007358488754506061,0.0028249816323842936,0.002830957824973193
2017-02-27,0.0019739069309161134,0.00895432931899348,0.020320001647644043,0.007973052445389142,-0.004463603998776854,0.001106675849803548,-0.006053520106017081,-0.0018826159179188009,0.014127685719348627,-0.004874655058149605
2017-02-28,0.000437835905641261,0.0022682206201896757,-0.008037103688392087,-0.002496198949873814,-0.002687730481759549,0.0020987754210463868,-0.0039001122816423425,0.001637238186087526,0.0,-0.0006820688920381965
2017-03-01,0.020233209940976528,0.00964010458560594,0.019668594179006193,0.018572132920742324,0.012140522104007727,0.03235554336324455,0.014893507739244614,0.022247548550684802,0.015360572294023309,0.011869004682451327
2017-03-02,-0.005955220672585775,-0.0009543946850726249,-0.04375105271257555,-0.006550646496589987,0.008620697985267704,-0.01572109691319814,-0.01442452600688492,-0.0037672186882802797,-0.003757963337569458,-0.005182266763104068
2017-03-03,0.005883466619913821,0.011890454897053909,0.008021695017314319,0.007262344781626489,-0.0009465781398735164,0.007137096979115261,0.0037424385216405704,-0.003137027059037947,0.005305276480015976,0.0029325701442527467
2017-03-06,-0.0031526806382489686,-0.004114526170361137,0.005661264399109589,-0.0034856784900974616,-0.004610764118593207,-0.009528026831734697,0.00031140907245438446,-0.01468886565908864,0.0029683904379442373,0.0016881822789744647
2017-03-07,0.0012913060266941778,-0.011658441740514933,0.002818609983774435,-0.00441457661387355,-0.001505683189984187,-0.005563550861037869,0.002020415540181446,-0.0014727980415955922,-0.002373857688801407,0.0013480756599144896
2017-03-08,-0.003734007875813262,0.0022527120041138534,-0.028549616959043376,-0.0026336302182703394,0.006144753512512832,-0.0021904873710462095,0.009119553770033354,-0.0018948649121100453,0.0014005342524770479,-0.0011231937551988925
2017-03-09,-0.0023049746017416114,0.006391898205442169,-0.019933255408574987,-0.00023996183394681502,-0.0020444307617894725,0.003939257911594899,-0.004008389649216778,0.005428838398130341,0.000595051442971715,0.0016845009235817048
2017-03-10,0.0033114877925042303,0.013986511209549532,0.010016496083460164,-0.007220954299002907,0.0015674428624578467,-0.003172465337571591,0.0030848167834881426,0.007600035772746418,0.011657351033922124,0.006933540921228187
2017-03-13,0.00043088328354508955,-0.0021519882126667246,0.003568548175692726,-0.0008860341318749355,0.003941977016954414,0.0008764422030368471,-0.0033941436664146024,-0.005551279604470041,0.0013524492461489588,0.004225946400732409
2017-03-14,-0.0015093205619712492,-0.005149962777186718,-0.008455197883732574,-0.0017744269168439761,-0.00183290647885962,0.0016407530915214423,-0.004646483232458795,0.003840393071237971,-0.006779236643909585,-0.006233759540773112
2017-03-15,0.010520186024158917,0.013674841970681298,0.01619701678498494,-0.0038021242667747274,0.005353667478449202,0.0024009877231342307,0.005264844829872256,0.0030127464863838674,0.015960331760558777,0.004123154697643616
2017-03-16,0.0016366022259561958,-0.013730246047151649,-0.0054776742872880025,0.005818390889576871,0.005258493438182176,-0.0009814041019711897,-0.0017004474843328355,-0.0020346734344264643,-0.002797536228179925,0.0013335746588760311
2017-03-17,-0.004987740002453716,-0.06597951166453189,0.0006464175690247072,-0.017393119445664667,0.005832636282621398,-0.010531022184823864,0.0035518682959945775,0.00325370563023873,-0.009384509960728614,0.0022187703462968936
2017-03-20,0.010445660743586665,0.003729781664339101,0.026446942206220535,-0.0074063517188651465,-0.01210518554990922,-0.007194329845404593,0.000924361257339288,-0.00635463144683544,-0.010067933865124638,-0.011816090974411818
2017-03-21,-0.011517900624593059,-0.014222894831312312,-0.031626888041725094,-0.03847769090512633,-0.008083950810467975,-0.029761709672120436,-0.011150716572106771,-0.0054906302697166265,-0.0017873898016242135,-0.012638429400136443
2017-03-22,0.011235411149770086,0.0035896775468460696,0.0,-0.008317444792123894,0.005102299993130073,0.001600849647767161,0.01268985725495476,0.002789907804219198,-0.004003202774524559,0.0052102228988748535
2017-03-23,-0.0035416203901595528,-0.008456166360868564,-0.002166381622153557,0.0035852769936973563,0.004266477019079143,-0.001600849647767115,-0.0024635019401872452,-0.006082216532324136,-0.010472158764012845,0.0038335617152128335
2017-03-24,-0.001989514334582494,-0.0018085617416577072,-0.0008675643794776364,-0.01516390670545883,-0.0018937406205210175,-0.0011449709517703046,0.0016941624448584536,-0.004296772964543646,-0.0017561258117043325,0.003707018067348432
2017-03-27,0.0017050040304816714,-0.005019994539204969,-0.006969378123566331,-0.012910569859028703,-0.005703031569739459,-0.0005727528756049075,0.0018450695677660201,0.0019854975264341178,-0.0024269319833177217,-0.0026945828597702043
2017-03-28,0.02051516703723205,-0.0012137519289847347,0.015613447050536184,0.01693031699788488,0.00224396943333952,0.015468540768998628,0.002914529396739539,0.0065069474493825484,0.004546352603772288,0.0019093516054168303
2017-03-29,0.0022228825003208236,-0.010068433550409482,-0.000968762319131567,-0.0038446284636518375,-0.0010873761864774035,-0.0037314693420781113,0.0027531796536845545,-0.010481427712538563,-0.01161895443758546,0.0006728579730537216
2017-03-30,-0.0013195203065072148,0.008063148853962062,0.0038691303824267575,0.012052250418767412,-0.0006123902030430288,0.008573044747388367,0.003659004015809166,0.004139676999457338,0.009438829262709567,-0.0019079744745495997
2017-03-31,-0.0018772423159196434,-0.0018877857199341998,-0.0049467690734230465,-0.006508278875979797,-0.0008170385120248728,-0.013456519099145914,0.002280266414883382,-0.004056707548319774,-0.005957506485310639,-0.0015740759017248507
2017-04-03,0.00027831540237921757,-0.0010977512973553464,-0.005296350365881894,-0.0033140553765888237,-0.0014313435931715102,-0.003649636844803465,-0.0047182436422015545,-0.0013283379986919212,0.009587872330328975,0.0054986421711589835
2017-04-04,0.0074183865182943665,0.002863744392589497,0.019957678121780037,0.0013093293158965669,-0.001911387516458074,0.0033272757938453985,0.0027423391503258033,0.0019089314865425211,-0.0037513523404277965,-0.006511989281215063
2017-04-05,-0.00519395904046131,-0.012982621512620756,0.0011681167473369938,-0.007003038485486686,0.0020480099558986193,-0.012910785314757792,-0.0025902280127571525,0.0024843695874051715,0.002421711943961568,0.0028122197201063265
2017-04-06,-0.002502742880212143,6.200643706313307e-05,0.016626421664382822,0.004295106573573545,0.00408380656708803,0.0033592623010530944,0.0025902280127571876,-0.003064963075255832,-0.00018139265149900156,0.0006736294215355223
2017-04-07,-0.002230238398426979,0.006940242797148315,-0.00313578444355052,-0.003329736337304176,-0.0007477067166718964,-0.0034752185998986186,-0.0007611431483385744,-0.0032407650404744147,0.00410426289581887,-0.003936392093015424
2017-04-10,-0.001186811503371896,-0.003617962879999496,0.016817735911365043,0.00442246237229931,0.007313298992596807,-0.0034875647120670033,-0.002286264411122145,0.007958295174965243,-0.0032580452196879473,0.0013512956516554611
2017-04-11,-0.010814584335038119,0.0019636731866051935,-0.00041181060295097705,-0.005037045992007982,-6.70331405081789e-05,-0.00174795648982614,-0.0007635318612905383,0.0006602320871522175,0.00211274017902342,-0.00011242352974827567
2017-04-12,0.0011993586979907025,-0.00036758413347187213,-0.023339283119414626,-0.008776296038032694,-0.011264613550679205,-0.003857023036257865,-0.0038249980730455362,0.0022254357335267446,-0.0016291844411541012,-0.00191506738204042
2017-04-13,-0.00530280280847111,-0.008870894643951164,-0.018727902005518975,-0.010822446485374249,-0.00430825799443179,-0.011778272696123073,-0.004301925236216178,-0.007686167406307238,-0.0036305914437597515,0.0021400853215630916
2017-04-17,0.005514517555974719,0.00308890250309379,0.01110887193830616,0.013079167885770885,0.00954912195554059,0.017150375375970018,0.00812692330926155,0.01146646552495613,0.01336783246142662,0.010521947541283026
2017-04-18,-0.0044519390835242945,-0.005318709387879232,0.0026518206233063692,-0.04830638687217749,0.0030500285621544703,-0.008185960045061941,-0.001375464946651846,-0.009642957892766422,0.008398731681173348,-0.000891492753372631
2017-04-19,-0.0036893826251704603,6.163242924258077e-05,-0.009794188581065047,-0.0069817718996681944,-0.003661230653542158,-0.008253984742961396,-0.005366812477025803,-0.002902582290746798,0.003907057772199715,0.0002229022785380814
2017-04-20,0.012432937533956096,0.004825141984320324,0.020922848904425737,0.018373468898684655,0.010137580188065837,0.012823458455964037,0.007047967345214133,-0.012705011089999657,0.013439478842413994,0.015478643612497277
2017-04-21,-0.0011941988065270652,-0.010110128365763688,-0.0035980843173491744,-0.005518425325132116,0.008569822293957615,-0.012113416977074121,0.013646930712568024,0.0018487152664307313,-0.0022173584139520684,0.0
2017-04-24,0.009583957018729716,0.01687547426967449,0.02605694841715189,0.028906116221006195,0.012520893410987869,0.034650620029433046,0.016874540570660315,0.0122672069910908,0.006812483512815591,0.0076502159592831695
2017-04-25,0.006176279457766851,0.009517132171596571,0.0756708345499783,0.015160964122046792,0.007477853058255847,0.008648080416027106,0.005758553335252994,0.0062011705810204746,0.00987365191890145,0.002826719165702903
2017-04-26,-0.0058979253202654505,-0.0005465639807763065,0.00229598396884263,-0.0018991976003754848,0.007745930953558268,0.0019247155405009153,-0.0013259566877875397,0.0056713518265542676,0.0019518030800878884,-0.0031535782908661196
2017-04-27,0.0007649596889570827,-0.011548144035798893,-0.019099904140425616,-0.0017258104517926206,0.012244796463925168,-0.009316455754665125,0.006466158152157106,0.001228664596166784,0.0014325511279893398,-0.0023986345265339186
2017-04-28,-0.0009741781495054143,0.0036805576886374384,-0.0040987594874385665,-0.008940922855191843,-0.00012814084608132209,-0.006986975245323443,0.0027793856586544163,-0.004101228371565683,0.001430501860585429,-0.004157419251514678
2017-05-01,0.0201918460855389,-0.004418559557692238,-0.002545625053388864,0.004680660666272054,-0.012181013939030375,0.0006897662326428581,0.01378118225289683,-0.003953587908759508,-0.001659436952341226,0.0004387435951947005
2017-05-02,0.006324237462576842,0.005458917860457074,-0.0048155190760754306,0.0012003166680952808,0.004787087113928091,-0.006453318219017786,-0.0015861321974809741,-0.006789974908993169,-0.002580909452517517,0.013928362596841553
2017-05-03,-0.0030550883325736627,0.00195514981030292,0.00029516737321955735,0.00527179686173637,0.0003222013029413192,0.005763551986375001,-0.0031795862555396817,0.0037322368415443332,-0.009230443785688333,-0.0010814619745262272
2017-05-04,-0.0036103314642622827,0.0029263166927550525,-0.02140121479792646,0.001236549246328576,-0.0009036313538243995,0.0011489361632795402,-0.003916199741938523,0.0,0.008541342020053208,0.0019456317808052056
2017-05-05,0.016447873502236796,-0.0029263166927550885,0.0025120796500093185,0.0012350220805113462,0.005602217347806033,-0.0011489361632794075,0.002757358054485728,0.004047736118864767,0.0005743700428402198,-0.005738834468378907
2017-05-08,0.026825317271885956,-0.004772819320275579,-0.0027132294107852888,-0.00814334131903069,0.007421584027323806,0.0011489361632795402,-0.0008698749764314378,-0.0023937250206408542,0.0018360779336049173,-0.0018477161258513876
2017-05-09,0.006384251197133984,0.001164866308103651,-0.0008051904910005581,-0.0056600952572677865,0.005022719367641332,-0.004026391423121468,0.0014491872285006626,-0.008798213697075319,-0.006903028283839923,0.0008700847569098088
2017-05-10,-0.004751855689704182,-0.016742841045353583,0.010718651467067956,0.004993255939665746,0.0028494204990538816,0.007808163359912255,0.0039034858530866854,0.006150341918442734,0.0008657210872568087,0.0027136595113160943
2017-05-11,0.008610972320045929,-0.0026823913634311134,0.0062579535988886645,-0.0005336257806627668,-0.012279797753405748,-0.0030933562415845586,-0.01233942021757951,-0.0012436390333861143,-0.0004038204731393581,-0.0016278254100173188
2017-05-12,0.013869176763590693,0.0008741269261450155,-0.0027765199061530912,-0.008668988646653908,0.00459883385262102,-0.0027571832263692526,-0.0011699008059406334,0.00041451172669553714,-0.008750549643802173,0.006817812054157379
2017-05-15,-0.0025656472553570843,0.005642002136532719,0.016836916396799996,0.010269426875372889,0.0026091838329978714,0.004820037467711971,0.0007313483788377542,-0.002823192140649593,-0.001631137154392178,0.005377420793834191
2017-05-16,-0.001478767854563852,0.00012499181055574887,-0.0007814745782635181,0.002129803173076949,0.005893839492399626,0.0030867691454951017,0.019935341999035495,-0.0026648624334676134,-0.02008006650080825,-0.0008585130279273903
2017-05-17,-0.03415169828302513,-0.018483579741426847,-0.021731060482394395,-0.05409716482841687,-0.013806535351447253,-0.038869087191070434,-0.028199965268794557,0.0026648624334675193,0.004392062466335624,-0.013261589202438669
2017-05-18,0.015126136221861316,0.005713937627571869,0.000798266141476573,0.00671558703760613,-0.0025016376929796625,-0.003685543493274082,0.0034027720665185273,0.005225321869806982,0.015221490649264676,-0.0005453690178524148
2017-05-19,0.003402709498121115,-0.009221711337798503,0.02181185379311477,0.0010682906114415542,0.0038461378199695596,0.009719623447006928,-0.00029545838078180736,-0.0007448712207568512,0.006627538455657721,0.008361181406436546
2017-05-22,0.006058128058849488,-0.022551336452182564,-0.0013676894884561662,0.002920656899319213,-0.0021777459215824827,-0.0009443885108563826,0.011165082136882349,0.007094696349280367,0.012151079612569466,0.00893491345092881
2017-05-23,-0.0012345219191512347,0.006838094855710902,0.013015086284728422,0.01661871437102882,-0.007271317133084125,0.012437254003115489,0.0033544478646530544,8.235910562656557e-05,0.002972249170562679,0.0058766592641134804
2017-05-24,-0.0029957001840578957,0.003434546769672358,0.003083166612214977,0.018897015861031985,0.0010967289665103957,-0.0005832791289980607,0.0013090891814686412,0.003200375704888541,0.0021094032855174666,0.010070554231471485
2017-05-25,0.003450656349824526,0.0053543518575037904,0.010240594228096169,-0.006094516053394662,0.009375567646907074,-0.004209249364798232,0.012284650292031619,0.0135898427895925,0.013912909911186584,0.0024228842325812647
2017-05-26,-0.0016910040132728883,-0.0027058416117127886,0.006075615148824814,0.004753151348167402,-0.010020757718450858,0.00011731213268535345,0.0048720825247997625,-0.0004848923444158122,-0.0030941057036831996,-0.0039004691758749146
2017-05-30,0.00039041143594858025,-0.007511597015969728,-0.0017997527324844576,-0.01976476481229432,-0.000844687957439967,-0.017251819403742232,0.006411528280523384,0.0005660999590479361,-0.005139859473828443,0.0005282358057380072
2017-05-31,-0.005939993674856429,0.008994119816364013,-0.0003793176526837755,-0.033330102971524056,-0.0024071611899101415,-0.021078733235469983,-0.008128544586790909,0.009011069014762025,-0.008016512116412751,0.005370075161484818
2017-06-01,0.0027460362413252405,0.0064209852816070325,0.0020844687995873,0.0175949553764392,0.010626502559889521,0.011016285813842881,0.0037158713281019613,0.004395556363364758,0.02480659781452786,0.0017831237770271548
2017-06-02,0.014710544186305196,0.018453484024378578,0.002835385816801974,-0.007937999863067943,0.0012888096898533397,-0.005069626815762999,0.023404828906928937,-0.001995680292492784,-0.0010590768089108289,0.00783099834195772
2017-06-05,-0.009826028426437426,0.006701018496105501,-0.007104123993020951,0.003182730591220992,-0.00361168637160341,0.0018136084446680127,0.007219873373019462,0.0018360919184535697,-0.00011117443135140443,0.004151530219424143
2017-06-06,0.0033721405847782137,-0.004315875385725277,-0.006197595358242242,0.002520240641705198,-0.0038189159000000363,0.002051282288375299,0.00331499064167504,-0.010825388751629137,0.00805167468031412,-0.00790294729366625
2017-06-07,0.005939056025795825,0.013263354420349979,-0.009997049948861594,0.005810075338836986,0.004916176317036615,0.011386522921345708,-0.0017944741661310606,0.0015395455337844604,0.013130784610738735,0.003127100905414911
2017-06-08,-0.0024485994830911006,0.006105182080658385,0.014387103580903421,0.013715586535901074,-0.00946610608432958,0.012317897414401374,-0.0060964560472377615,0.0022645714250919577,-0.00833085315225707,0.0
2017-06-09,-0.039548629359021946,0.008631644613101768,0.008628873443564384,0.01668238448735264,-0.003524070371914325,0.023385379531717286,-0.022915266635437158,0.011646438912366105,-0.0012670395865690012,-0.01605061622881871
2017-06-12,-0.024186194871224573,0.004985874408529074,0.0014148216548941865,-0.002385511370324662,-0.005112747895617718,0.00022959538338627826,-0.007708589536712233,0.0035072490088730282,-0.012253569083668762,-0.011273330116454044
2017-06-13,0.008013597365562385,-0.0027335084025092837,-0.0030210134564592067,0.010266286317040373,0.011824301980671812,0.0033286919240883913,0.012390589504737365,0.0034158523549740623,0.009991803026003089,0.016757435972016864
2017-06-14,-0.0098029499407713,0.004067217727674902,-0.009883573200542855,0.010250625775264536,0.01782809818837958,-0.0020649573738008046,-0.005393048224775427,0.014642350828880053,0.007209399684076764,0.0025208007517387608
2017-06-15,-0.0060113468080634815,-0.00601486026604061,0.016011054161731115,-0.01458642737871169,6.386350259184233e-05,-0.00598843447234896,-0.00527959330538311,0.008250032225581964,-0.006795957493474321,-0.01213792168391466
2017-06-16,-0.014098717101046012,-0.01035142664242802,0.011214890871770614,-0.00638149369351707,-0.0008301772073142633,-0.004514949678369733,0.001429593154354312,0.0032497076175045485,0.006906289854376637,0.0
2017-06-19,0.028205879008844397,0.016305178385201322,-0.0010226742472545084,0.019289158603955043,0.013758657301716803,0.02169366865568905,0.01235230697140376,-0.009079924796828596,0.007623684534180289,0.0065622107296328235
2017-06-20,-0.009129452527293032,0.007242491823964838,-0.004195253240991029,-0.004565340144401652,-0.007204322729775048,-0.006264769629152681,-0.013638559250293432,0.0037350190520791765,0.0013647047623139748,-0.004334685052423984
2017-06-21,0.005912773270164736,0.029975370076007486,-0.03392099967198532,-0.011662532301749046,-0.006873102429322905,-0.0045809845264821675,0.005136252429918508,-0.0013212619799048398,0.008962741358248488,0.0016940432394723518
2017-06-22,-0.0016465230201365333,0.014311582233713939,0.003569586775181959,-0.012300932222513513,-0.007113762835943972,-0.0011483367468914268,-0.000142426404187395,-0.0021020143103961343,0.008508328933404224,-0.006260720094361694
2017-06-23,0.004453343895367259,-0.007622872998398256,0.00259694043205886,-0.011808797319326502,-0.02718669312870382,-0.0018400860612166243,0.013430612117273234,-0.005078701018137785,-0.0067250532724004,0.017201235684292018
2017-06-26,-0.00314983460850844,0.006759992924877934,0.001343707252700529,0.014852989593447205,0.0007268650549379991,0.004364911814827979,-0.009595370552978483,0.0022691485818244483,-0.0007021521153744447,-0.003773745709037069
2017-06-27,-0.014435893051145423,-0.016371121081544548,-0.003074281023740444,-0.0007261382789240552,0.005400668932915666,0.009241847997296805,-0.018892528640965224,-0.004464962364418827,-0.002812777126733801,-0.0033661903041682737
2017-06-28,0.014504956591322513,0.018671484685064535,0.02395758150787632,0.01325835228272367,0.0064819388346160954,0.019903318295431325,0.008488540777699826,0.0031353613206990196,0.0059410581654693595,0.013917417313364792
2017-06-29,-0.014852963693080255,-0.008538677728551476,-0.007637991892273104,0.005316824531394208,-0.007006913008297334,0.014698393216784808,-0.01894637486050184,-0.010937199662189092,-0.002318252803116439,-0.018988217095502805
2017-06-30,0.002363583603206099,-0.002087765481796536,0.017081452525275403,-0.01124765913036833,0.008115587806746817,0.0027390650812930614,0.006404006538755357,0.0011065217818924202,0.0008092765575963058,-0.006801429717892589
2017-07-03,-0.00361736703553919,0.0033036090968894265,-0.004570112094635103,0.023955843776643962,0.00396887694081646,0.020147967503194537,-0.011087085151552439,0.006381297394559151,0.006612128140348018,-0.004595700036290108
2017-07-05,0.00410309629238677,0.008413719410512685,0.004849369430531824,0.0033384180036539024,-0.008607842614367762,0.009976873690049964,0.013260902661311235,-0.007646707356199272,0.008535394469589277,0.007045335554329774
2017-07-06,-0.009483064279517887,-0.014683190970344095,-0.009158897227726847,-0.005937825446115929,-0.004200202355734034,-0.003207547154644495,-0.0074102425063309945,-0.001504407583982761,-0.006983091232721161,-0.008117167263602594
2017-07-07,0.010107699698455397,-0.0016904297707788262,0.0038419655876594785,-0.006239623767443829,0.0011829162573692735,0.005020590390857854,0.012895817835647045,0.007815213294733489,0.005441314145567955,0.007159735726470399
2017-07-10,0.006084554354199805,0.004481949201612786,0.008567638533586367,0.0024831008238276656,-0.006921030103913353,-0.007057506354933709,0.007458778545659411,-0.011069741324731994,-0.005387957533494289,0.012380211791409159
2017-07-11,0.0032350643051956653,0.006482818793478736,0.003702420248304516,0.004903208689131076,-0.003843677526274845,-0.003870181489356864,0.00014239364708562327,-0.005741358647480584,-0.00536340559506181,0.0033595606290997043
2017-07-12,0.0014420567974546246,-0.000288296070555297,0.006629701325302745,0.0019363028505017027,0.013126726883592186,-0.003453281241534818,0.016438180769663274,0.001598192917525172,0.003971582022679876,0.008037894791375635
2017-07-13,0.013832705389055821,0.01016364809845925,-0.004506970483656374,0.013150439756788616,0.004577189739858342,0.006357086553587688,0.008676331947742767,0.0014360079852708794,-0.006502475497760371,-0.002498147603450645
2017-07-14,0.00855742823404495,0.011869030882188034,0.002762028548178156,-0.007842845094965143,-0.002678535823433799,-0.009172006597860532,0.013974561533602237,0.002309370993002472,0.007626343904718172,0.010265884303284803
2017-07-17,0.0034830294462573947,0.0015227969463884451,0.0006429543975040873,0.0028827351880434753,0.006585012917732793,-0.009365977685206098,0.007801060146447448,0.0040485780835611985,-0.002946615909854744,-0.0010323083315541873
2017-07-18,0.003471378645475418,0.0004515651621187335,-0.009203677550279114,-0.026295974524661623,-0.011239605422076238,-0.003507577510407359,-0.0006817808628001043,-0.0055609173098369515,0.00267963753489926,0.007715794111453534
2017-07-19,0.006243424961843492,0.009532498631420822,0.0072586497886202766,-0.0019722156711359964,0.007398187711345657,0.00142636780322101,0.007610733758823051,0.007381253595158151,0.012445297271349236,0.006842617229059219
2017-07-20,-0.004513229270570143,0.0007811080773592137,-0.004926274358298048,-0.0025607335755555584,-0.041760044119771925,0.0,0.004862747675298929,-0.01505830469923309,0.012136156572873919,-0.0014258135311462873
2017-07-21,-0.00046553172072990126,0.004950927453051534,-0.0068252219769407005,-0.00958252691823105,-0.0025882377972396417,-0.0034047935950835885,-0.0058109134501439265,0.0046452712604946635,0.001461195063013653,0.015072778530643241
2017-07-24,0.012038595938356354,0.004706015370824129,0.014806673124915223,-0.0091249376880109,-0.014215024327708069,0.004281564552224093,-0.002577806404164804,0.00978010503776216,-0.004651521469226846,0.0077012968920336265
2017-07-25,0.004264915846052373,-0.0009394552796527464,0.05712790237301443,0.015463395207019868,0.016395343152247697,0.01651517320429049,0.007984184391384102,0.008509496919336114,-0.002570274464703127,-0.003793247881885699
2017-07-26,0.004702975480038245,-0.028030499480407922,-0.008945198205522926,0.0030189440829046375,-0.0019070213379388395,-0.009419368124847555,-0.0018887840122359814,-0.01152070811473537,0.0018366775767393933,0.008564001284269457
2017-07-27,-0.019078437590157486,-0.021492914841869815,0.007459609458308126,-0.0034702051663314613,0.007064418517149574,-0.004142021754950688,-0.012091325208402762,-0.0009528267482270023,-0.009587189603459141,-0.012773265272024503
2017-07-28,-0.0070653447845359955,0.013788088712928937,-0.0023635832887730504,0.009571036638236507,0.0023665329472068353,-0.002953783324492342,-0.0016421408885718785,0.010510018930230604,0.01168191431611506,-0.00422730311054239
2017-07-31,-0.005163601963351279,-0.0001721508604236643,-0.0013156812007014084,0.007662703253270251,0.010212501936899007,0.005681088482203932,-0.004665806095906901,0.006893917739071646,0.0034466943534857877,0.004126496399232011
2017-08-01,0.008835554523667681,-0.002179715813503784,-0.007487290396360976,0.007383607901486411,0.0016695494136384247,0.013309282284628951,-0.0016520759146713153,0.008706085511145134,0.0021873165376233928,0.013072451086288834
2017-08-02,0.04616869129301327,0.0018929242149126398,-8.847671323887895e-05,-0.0032210079029856573,0.004328324357164658,0.0008598434461524504,-0.00441853692175829,-0.003722056781355058,0.003997511829221219,0.0040562743516243316
2017-08-03,-0.010040723583881294,-0.0016057049166115977,0.00414737485621101,-0.010127305568272677,0.0019250585379541872,-0.006573158613330282,-0.0015237211735310329,0.0064271522924845975,0.009129106565391516,-0.006835874651064005
2017-08-04,0.005256645260676047,-0.0018965481725532322,0.00693258028720373,0.02556434120551646,0.012914507888273346,0.012462441808753286,0.007319216176627189,0.0010027294257680605,0.0005646467135697282,0.0029776980053449983
2017-08-07,0.015355725205129954,0.004190068758150695,0.003143489020617058,0.013528969439338083,0.003920198079602043,0.003836364149456666,-0.0038598512959221935,-0.006886200142921945,-0.000512794902011648,0.00592972930858711
2017-08-08,0.007965006709482416,-0.005110766613612857,-0.0026187535111288004,-0.003742083642284395,0.0,-0.003622599228727766,0.005372121513354656,-0.0019427073208337067,0.0006157061761331207,-0.002071552662868247
2017-08-09,0.006103169475244106,-0.0008064371118346585,-0.0006121645804983889,-0.004491756702743562,0.012378102904859604,-0.0016024357466577648,-0.00440576106118589,0.012369403199627569,-0.0003593215670949682,-0.0030654524393495066
2017-08-10,-0.03236991663936149,-0.025916471199787638,-0.01046186445778213,-0.02414094144190519,-0.008928037773874797,-0.01443084290961482,-0.014734697037069667,-0.0035404957358720237,-0.011667535369771479,-0.01476625917279853
2017-08-11,0.013810749845566373,0.0018903496112894077,-0.0026549061252964423,-0.006004579483143105,0.00647759720950223,-0.00838732287389563,0.015148715392444395,-0.011711713089278162,0.002333644648707814,0.006012594536128821
2017-08-14,0.014937484600489138,0.013134382960651867,0.007591735117878177,0.014219271444591402,-0.004011065639840696,0.011635997457393403,0.014922537508536067,0.004748027005420481,0.0035686798920207957,0.017627638812434714
2017-08-15,0.01088851983661809,-0.0028187360883021404,-0.0005277239014129644,0.0010107918515531247,-0.026871578871103884,0.002591821850642148,0.00027286203853308267,0.0020166422792136304,0.004069695138560576,0.007432778369333513
2017-08-16,-0.004030599593232372,0.007908027694558577,0.00412714160211587,-0.008737674199942211,0.013756067112523095,-0.006925702446424043,0.005855830723766537,0.00324909738838337,-0.003759956190668595,0.008309620489106368
2017-08-17,-0.019385128820015363,-0.021109409805490333,-0.008624603002228627,-0.01874651275822791,-0.017090952996833154,-0.015760061768681607,-0.01711800620789305,-0.009935549865547403,-0.005537159154197615,-0.011290456741983304
2017-08-18,-0.0022830882138172456,-0.003103844014272111,0.006870230738358744,0.0032914446321013614,-0.014672516810001927,0.0009920539308317289,0.001242061606456626,-0.0023429268374615146,-0.009804233686319426,0.0034200689975031223
2017-08-21,-0.0018430974788286932,0.005187479625608406,-0.002813089422442199,-0.0061409667160661355,0.011527091631503419,-0.0012131785110655194,-0.004701318303094466,-0.0034461897168096157,0.006321080273886724,0.006902095461153481
2017-08-22,0.0162155336702616,0.011294297483090701,0.019354031212976915,0.01255755400477966,0.0047475405456087125,0.010209490632689208,0.013902278568425675,0.0025073054327151133,0.014270608865588856,0.008201064544790637
2017-08-23,0.0012508147304342938,-0.0063118772471874845,-0.009281410829424134,-0.0037643774908340017,-0.005418011879712554,0.0012004402879216521,-0.0060330248835727815,-0.00478558483252019,-0.002827917427336525,-0.00858867564231401
2017-08-24,-0.004448109353283057,0.005605721604535693,0.00026148755312377635,0.0011220626301574727,-0.005717100408529211,-0.001637918157767733,-0.0004121936445296386,-0.01258276986157095,0.002622059511461794,0.0003876110975234509
2017-08-25,0.003697910813770558,-0.0012366789360994293,0.004953562037620109,-0.002334817942510024,0.009399206149361827,0.004035116721045486,0.0017864828507439187,0.007141768283243732,-0.0020043669173614204,0.0012586601418025213
2017-08-28,0.01002086172413947,0.011947027883458698,-0.0024302737516437214,-0.009574831832594485,0.01156044821110587,-0.0031609868144643395,0.000137440298506775,-0.02595275620680961,0.003749112187721234,0.00415194370479388
2017-08-29,0.008878666378068598,0.0026159183252302356,0.008135764160239804,0.0016380910896414253,-0.0043953393648942084,-0.0054732849258354345,0.0030161608540015365,-0.0017865837730199326,0.008371197190620462,-9.632669511510787e-05
2017-08-30,0.0026971709738636673,0.008210988897239372,0.013187539489084152,0.011121445382279974,0.0010670757342441442,0.0023021684902032884,0.01305596802408643,-0.00980334466235472,-0.0043298683780692,-0.0003852428989208448
2017-08-31,0.003971097525313415,0.023448831697389524,-0.0005107933674116934,0.0059173063084880335,-0.0008669400578426059,-0.004610182097681229,0.010216554645693942,-0.0051854819869385765,0.015299681360847535,-0.0020266516120537744
2017-09-01,0.000305001324503085,0.005274282649081136,0.006701462536583778,0.009519268652187779,0.006053676532391281,0.00887251775234667,-0.011162546265602617,-0.010618945319095073,0.0042643561059553465,0.003663887700109321
2017-09-05,-0.01208123018838765,-0.011084776283396885,0.00016925980055232953,-0.0365187883025628,0.014158377513680952,-0.024172084439061447,-0.004473266304176246,-0.037993738071966605,-0.002205150509794149,-0.008602946252159318
2017-09-06,-0.0010494125907513005,0.009236181983848634,-0.011220870546229418,0.004809710780717623,0.02345913068352811,0.006680831611019047,-0.0028572649739884086,0.019729629644918666,-0.004676944876145746,0.0016490648140199907
2017-09-07,-0.004022562297491767,0.012977556396686196,0.006730346015102857,-0.013757679198351804,0.00871257689968576,-0.01768972136188526,0.01272510239888133,-0.015763270587750556,0.002728599547715514,0.01328612826573812
2017-09-08,-0.016443431383081245,-0.0003874796732362887,0.00042488864294018135,0.006327450090410412,0.01089454503518831,-0.0012431535916650864,-0.004853927308094585,0.03899360466824777,-0.0021214607656338705,-0.0012440853891654469
2017-09-11,0.017930254665219896,0.03187162174277131,0.008872313752636592,0.017569308994276323,-0.008112416405110219,0.015375168926332302,0.010488477334039447,0.02311126098062717,0.009211436577965299,0.01633602407874357
2017-09-12,-0.003970532477161176,0.023895746113123197,0.01726395575661702,0.021879744822432996,0.009677241828509953,0.012176441102913882,-0.0010710756013156712,-0.0006530726576606722,-0.0106287873807925,0.00056540499891575
2017-09-13,-0.007550677229000247,-0.0068295852223376405,-0.010890935697403407,0.0026958967364650007,0.000687372408732055,0.0028564476899403386,0.007071706859738679,-0.007951187974483279,0.004345983682520924,-0.003584594254263329
2017-09-14,-0.008618069980553847,-0.001371574359342741,0.007080192583837879,0.0012793858993344906,-0.004007692807551754,-0.001976900710699427,-0.0058672061394821,-0.012838238682767584,-0.003030036394157202,0.002359771462878358
2017-09-15,0.010057747770998143,-0.010453210331208803,0.00736009588222425,-0.007211358340179718,-0.006167504216265763,0.007120006093871966,0.007196249541056287,0.006149736204720964,0.0022733652063166077,-0.007380068707527925
2017-09-18,-0.007596827021016766,-0.0053486383866619405,0.02006575847491838,0.010204495549628304,-0.003731746654363176,0.014089188746545932,-0.0019936699407542,0.00016556345845897326,5.0498376004394785e-05,-0.0044734757139138865
2017-09-19,0.00037813773557091577,-0.0008050480442786593,0.007321992601252908,0.006046725899567168,-0.0009508682719795351,0.010917785112898372,0.0037181670759380454,-0.0011605150164802295,-0.018023366389525817,0.005517487206932981
2017-09-20,-0.016899805281961174,0.009880550229991843,0.0008813352618277537,0.0038368038641455123,0.006448481086576207,0.007001047972404668,-0.006649753395821232,0.010969945434507397,0.005635599476718952,-0.004182679129389611
2017-09-21,-0.017321438654197774,-0.008164354459393853,-0.0004808464286426493,0.00650645392323897,0.0032091320936833327,0.004535087979043168,-0.009788892456724029,-0.00345113021595126,-0.002762378657042165,0.003233363243124619
2017-09-22,-0.009826904464794926,-0.004726213149193997,-0.0028889094151350364,-0.0011245341898550943,0.004887739634889918,-0.0021065214569324264,0.0026916178276459425,0.004516737070222724,-0.01123033267654192,0.002371332634980389
2017-09-25,-0.008861202011234689,0.002849187660095593,-0.0008842374937777692,-0.0033384728297531385,0.007039013515417734,-0.007515362306268217,-0.015575650715243557,0.005148990154182875,-0.006653255620777182,-0.02435663614845716
2017-09-26,0.01705731949856912,-0.003710766997484828,0.0015269964420373964,-0.0013909818295490632,0.0009927070853734288,-0.004472853313431835,0.0,-0.0008156000603362698,0.0049423137715902754,-0.0007766416335416278
2017-09-27,0.007092715843478736,-0.0038870770158772354,8.050970774162617e-05,0.020745335824145013,-0.0021104452507244866,0.015672204648536567,0.008020674583710155,0.00016318829006669726,0.009246162311961783,0.009186413318244654
2017-09-28,-0.006178920797676097,0.0031320733831530917,0.005685437703467867,0.003020095420571742,0.008908407421957835,0.002098885018945778,0.0002714831196203886,0.0017114954732692195,0.008243601304392516,0.006619728174320452
2017-09-29,0.0054651975974502895,0.005324160141232671,-0.0041608183304316015,0.00727792626230718,0.007364244327388641,0.0013620587011418323,0.00835777697623186,-0.002282771034621123,-0.00127551932765584,0.0062912015349232756
2017-10-02,-0.002013352296248252,0.003854301704410391,8.023310671547777e-05,0.014481944660525305,0.0028083223797367054,0.013829062206986563,0.0016097711522302608,0.006508224054038537,0.008085579291023878,0.00189860649641625
2017-10-03,0.004346239905138947,0.000320335288429642,0.006314129286942406,0.004022793539042297,0.0069866671629510175,0.005253096366310707,-0.004701863023279832,0.0030768601090814863,0.00600930687712788,0.0014213813574568094
2017-10-04,-0.006494263092080052,0.007237504740110375,0.009752299105586894,-0.005436654518725005,0.0007263960624342142,-0.010222138513915919,0.005773605945352476,0.0016155035777002942,0.009270481999302686,-0.002655385734342916
2017-10-05,0.012367659685675561,-0.009268850825027096,-0.0026862759264132093,0.02364569960696184,0.005008880645578232,0.013375661098310796,0.01699249631072472,0.00434885337676789,-0.012952784942717925,0.00879266380979025
2017-10-06,-0.0005792984235729264,-0.005527671091758317,0.004184137510393136,-0.000162466912411264,-0.0016260681639303793,-0.001752131315585712,0.00039462153668326136,0.00504993531580909,0.000808183481642642,0.004601571652951733
2017-10-09,0.003470977775723459,-0.0019397799573976449,-0.00039395281496912076,-0.013174832729815782,-0.0008449754227610652,-0.005275988225583739,0.0038083539714501126,-0.000960023302649483,-0.008925513888916619,0.0026197225168591
2017-10-10,0.0003852136276963081,0.001777979199660009,0.01027187804026382,-0.0008238955513047098,-0.003324377072775891,0.007440289918559938,0.0,0.007892197477720998,-0.008286753114227385,0.0027995806099872537
2017-10-11,0.004160784441233037,-0.008866063077560908,0.003193127831208875,-0.0008248042703870384,0.000544274684499871,-0.0029905995628964036,0.0017025834863795177,-0.0026237688495335267,0.0029742922401730706,0.010475227011927352
2017-10-12,-0.0035197217541157026,-0.007577026205155109,0.010750912474657679,-0.010784130902302293,-0.004001597022165012,-0.00881582140642655,0.009118409890116341,0.002703036434671176,-0.01205638973540745,-0.0030476458545040507
2017-10-13,0.006326105416991277,0.001367133604360853,0.00552347084833847,-0.005310045894032884,-0.0007296021701872352,-0.0013551983682429402,0.004786254669225028,0.005700285846137619,-0.0020752820124600724,0.005074436396134034
2017-10-16,0.01824138226937056,-0.006083628519946103,0.005797408891125697,0.016135383479392317,-0.0015212914803181385,0.02044488825320015,0.0020623657492716187,0.016830814407970338,0.0035258528028035436,-0.0033186334014578354
2017-10-17,0.0036836231031601055,0.023310373484046812,-0.007098745569109811,-0.026417407063350502,-0.005311131704536351,-0.0022511765257486826,-0.0007730509978187434,-0.0013204946835240117,0.05385437610694075,-0.007042163035134455
2017-10-18,-0.0044344962810320965,0.00048331490517344985,0.005728934315760026,0.024848443972631813,0.0006115463420627014,0.0037827313382010576,0.00025807438058742145,0.010592452792468225,0.006550892550581155,0.00241472416763419
2017-10-19,-0.023945025369619104,-0.011662892289407903,0.001978162070442493,-0.008464097056610574,-0.001285717092447418,0.0012243621574555706,0.0038581911103920327,0.023938421993779442,-0.009694247605562811,-0.007261963716603319
2017-10-20,0.0017296391017815956,-0.006320335491451674,0.004501702748394014,0.019558312661312714,0.0011629952618146054,0.014168354861612832,0.011485310343970065,0.001126018827116949,0.02064584890835698,0.00494011391974861
2017-10-23,-0.0005120805471874693,-0.01337076690994509,0.002433180949572848,-0.010680983094831837,0.007984224587863182,-0.0017096784826162578,0.0002537604782951052,0.008440001556511888,-0.0023161048061628286,-0.00018598410679218684
2017-10-24,0.00593732477161072,-0.0008863287374291821,0.048616497251549276,0.011130152315358232,0.007799722825039492,0.01578001317810248,0.000380520018816346,-0.009415889774220204,0.0054921750719500355,0.008150454035922265
2017-10-25,-0.004401764338373913,-0.016039815612152668,-0.010178913280733887,-0.012865988169505014,0.0002407835136927907,0.0009902704976212334,-0.002920707113342016,-0.010642791817773611,-0.002838661892344711,0.009913171471806313
2017-10-26,0.006373099323720201,-0.005536936197235111,0.0007305113002119079,4.1017634483575255e-05,0.009469240469636722,0.007101864966585838,0.0016516370277624452,0.0012136978099381202,0.007631657886857965,0.0028272255200286825
2017-10-27,0.03520313973493291,-0.00704926209743131,0.006332991664821759,-4.10176344835097e-05,-0.0018509111597443464,0.0002948271858456161,0.06214730400962048,-0.006692409167260922,0.016360425598528454,-0.0008201491759784366
2017-10-30,0.022258745642623975,-0.00394442962827526,-0.009624570170707714,-0.0033987254369009143,-0.012204771265534398,-0.0035435811836215473,0.0009540514663690818,0.011832705901374398,-0.015213764304226976,0.0030034138536674474
2017-10-31,0.013819617534644446,0.003602022932750734,-0.005068309659409188,0.0065790732524110785,0.002838671683497108,-0.007919830553001552,-0.00849937405686956,-0.001282634014027318,0.0039559341830007755,-0.0005455726729324461
2017-11-01,-0.012800171019325327,0.001141014028907465,0.0036018636520065996,0.007313962385222865,-0.002415245104247251,0.00307644908657064,0.0,0.007671518801406224,-0.003287521032717738,0.009862205694717565
2017-11-02,0.0072834808338540415,-0.017307731872649154,0.001320012026258044,0.01066903141407324,-0.016276428744413936,0.0066169786815718406,0.01040485050105355,0.009099377982062541,0.0074647719759320785,-0.0008106213057236709
2017-11-03,0.025778473816741705,0.005956334099866762,0.0011716748508948229,-0.010096152029560322,0.010271653107138713,-0.0017735972151408151,0.0010699940158401188,-0.010223577278011011,0.008349697817331914,0.003418170421643117
2017-11-06,0.010094139553716984,-0.01533830471681931,0.0078736305451744,-0.003730242818586242,-0.0010346327198221697,-0.006231811065867235,0.003914339849895957,0.0008993637163889494,-0.003529407126904646,0.0050161714871149515
2017-11-07,0.003208865774718924,0.015568816112384915,0.007955909238406967,-0.015228987182726115,-0.0034156354938781395,-0.020348159292232826,-0.002370379936422333,0.0020962261321307235,0.002730504799502763,0.001517808819093581
2017-11-08,0.008146692746481617,0.0005763342123276712,-0.011010806672119901,0.005986739198447056,0.002380163203253686,-0.0113045025800273,0.0034353544982395007,-0.0014966386778818015,-0.009115083643427883,0.0033844504657773973
2017-11-09,-0.0020448354100717388,0.002416523207327107,-0.01430523652931117,-0.0019085535060809936,-0.004766121657889463,-0.00010219258339310619,-0.005573680696775757,0.007535791986334784,0.0037411302187720587,-0.002938644707630257
2017-11-10,-0.0033150750471428207,-0.009527926413109261,0.008388182212247061,-0.00266153341927626,0.005131459349957004,-0.00123008930843811,-0.002619656765011109,0.007479360231608616,-0.002318910792983718,-0.0023211623004705346
2017-11-13,-0.004015727794341506,-0.00494400229978539,0.0003660848730894957,0.000499693092996486,0.007527603134883917,0.0035831950153486433,0.0007150872661643988,-0.016514103388581364,0.007505137991342265,-0.004299187912309647
2017-11-14,-0.015232640092934315,-0.008020030836331838,0.0073705370082604235,-0.012690953452247355,0.016256340518307696,-0.006047526272274421,0.0014289417680690831,0.004042195259439642,-0.004477394309690196,0.005192708769713392
2017-11-15,-0.013278076524069728,-0.004418282613138969,-0.025328898462912378,0.0015584223705388419,-0.015530734862619638,0.009414032145720065,-0.007802826736522029,-0.0011212668606124015,-0.008776908714478025,-0.015569715851255597
2017-11-16,0.011876283382787881,0.01498555816504494,0.016712616154429667,0.007379777547662697,0.012193386297606204,0.002847144528375749,0.002647547051186829,-0.021927587682009714,0.00603353444683202,0.008730028828236579
2017-11-17,-0.005567676777647264,-0.00451932269161284,-0.0016883048997589673,-0.005655980518211933,0.001431850767247716,-0.003356722225668757,-0.009661893377349323,-0.006827045328616868,-0.005842796482254437,-0.010867834601553777
2017-11-20,-0.0009996842545103842,-0.007143250243719438,0.005713353186343154,0.00046229590165788897,0.016027007045595378,0.008825864425984162,0.0015769599126794227,-0.0011550063884167119,0.0016663099617497124,0.0011830362972162476
2017-11-21,0.018419724459117454,0.006201604827193899,0.005027387532383657,-0.00046229590165791347,0.014040135991476686,-0.0008083618939128893,0.014315990502317882,0.00660523681600185,0.011114765012220008,0.013550470043832306
2017-11-22,0.01045666216316832,0.0007061418436427402,0.0029750258414414105,-0.00670221846814538,-0.004639116347156406,-0.0029356187444406884,-0.007313160411066806,-0.004757752840296966,-0.006512253984577282,-0.005668795230046927
2017-11-24,5.741068567531576e-05,0.0009410978076865461,-0.004502362838828531,-0.0020323213614552695,0.001568310531022326,-0.003249538821652751,0.001802955906245866,-0.0013855771681714627,0.006088744926503118,0.010323856478891034
2017-11-27,-0.005042095120352068,-0.0024131116837633197,-0.0014567659607414587,-0.0035668072678929994,0.010563085339992838,-0.003974349300943989,0.007300034950775323,0.004994180870670568,-0.0005174203084597113,0.0036548594732810605
2017-11-28,-0.005876661020750326,0.003235481735095163,0.013035252060564897,0.018124539903163824,0.013742771906907427,0.0344256224587619,0.011970793677041994,0.019204400672838018,0.017454812013677646,0.008682592071199792
2017-11-29,-0.020960930081336048,0.011504096741867902,-0.006713764928887044,0.011249388414958343,0.00889710117401755,0.02311256335820001,-0.018310065459282134,0.011362965806147075,0.030707299017458292,-0.031361671421499364
2017-11-30,0.013886976690491194,0.019719645383628547,0.022134635274465783,0.02568643862500041,0.01439477895289597,0.007587352481117019,0.009909846665852706,0.007700848833304245,0.026827838413050763,0.024546187256719174
2017-12-01,-0.00466597071417981,0.008728660458545938,0.002618107007577423,0.005276219620662828,0.003331343874870035,0.0025798263240941637,0.0010688793739690207,0.0047096703832061985,-0.006110219448493562,-0.016658448884864105
2017-12-04,-0.007334956962178216,0.00837355541202844,-0.00014155199347540935,0.006805331740132409,0.02452767718195134,0.020402908843583176,-0.038470929517301765,0.0011006986600041744,-0.023919144088891443,-0.030255141264302315
2017-12-05,-0.0009427242810283776,-0.00011207400631943277,-0.009657843583248673,-0.009299126967328902,-0.011148871710639592,-0.011567126978658733,0.006270482374083372,-0.007655994389589975,-0.006024881460497545,0.010647976324356852
2017-12-06,-0.0037204709771455034,-0.013807035753527437,0.0014265135850077347,-0.00963012273970567,-0.011274885953944018,-0.007500631578843309,0.01447963626866903,0.0002954009072964841,-0.0006815497816243792,0.01062650242572221
2017-12-07,0.0018327378832437452,-0.012907867459197739,0.01800699459839542,0.010556028421034406,0.00661537836722929,-0.002958797833400444,-0.003509596997789794,-0.008532197292024929,0.0009542324805202391,0.015013727363836915
2017-12-08,0.00029503659260896075,0.008300660234864367,0.006764932506160789,0.0071756277016856,0.00771742138999547,0.012443938050987547,0.020042803780235277,0.001946099479256117,0.016935094466916708,0.01071415214576853
2017-12-11,0.01929643563433924,0.008062807759613226,-0.0006253444739557904,-0.0008790295554716027,-0.0063447044699401905,-0.0029307337435667356,0.0126335813173309,-0.004421294683003421,-0.005104385005903429,-0.002044890120822516
2017-12-12,-0.005633341554494042,-0.003228912882220097,-0.002437276822493798,0.02973769170249007,-0.0024722279758918595,0.011578194385863298,0.004098264640749925,0.008897176808896913,-0.0012577224619355083,0.00965348056714775
2017-12-13,0.003314393376217347,0.006334544457255952,0.03527897176203794,-0.008261238747946055,0.006742673635352619,-0.012620515305851199,-0.0026911853602348663,-0.005897566568468778,0.008325267611047111,-0.001323103398073988
2017-12-14,-0.0002902588496819549,-0.013965497070304068,-0.015533755997241105,-0.0003130551014831239,-0.004929330853746105,-0.008088649323644309,-0.007763059631571002,-0.0073647402122163225,-0.013913909583353966,-0.0034476949998017226
2017-12-15,0.010109826342658492,0.012046564168810047,0.0027986771961252903,0.006593174185701222,0.0024681693756068365,0.014041828463452487,0.025184682283544743,0.01727359769618002,0.002572583707564945,0.007938708909102475
2017-12-18,0.013984733299652304,-0.005096505461898672,0.020779363669526072,0.011020994320247564,0.011706795885423575,0.007696141636268099,-0.005425900442107523,0.00236923674827012,0.003824747337927918,-0.0023750451284671827
2017-12-19,-0.010713328603011713,0.004135824862002711,0.007582873389607063,-0.013707501947507139,0.006743697038100598,-0.004216255330835707,-0.006387412410350437,0.0024375775888357564,-0.0028333571937466653,-0.012495353871778756
2017-12-20,-0.0010894669038352435,0.0013558219151765453,0.010611901138253726,-0.005081750191619999,0.007125797877884216,-0.003479886305432486,-0.0036187210149170425,-0.002067935407009131,0.001530217796482473,-0.000178127789144149
2017-12-21,0.0037781818106135214,-0.0024307625696391505,0.01380426032556905,0.02258940732422442,0.004102673941602107,0.015797068987460684,-0.0002337145898623418,-0.006080696382205045,-0.0031075327238730497,0.002583216765985404
2017-12-22,0.0,-0.001472289297305537,0.007152077463437314,-0.007846336300480062,0.00026563418102094313,-0.0035304255280679095,0.00011686412274477635,-0.00037189713059076416,-0.00765268939348636,0.00248787160892074
2017-12-26,-0.025696922792061788,-0.0018722965678664813,0.004420952249150623,-0.004838490116629097,0.011783718876323464,-0.004009699192764299,-0.0012870391191618698,0.002897572110027889,-0.0018196734550001666,0.0026585568756567353
2017-12-27,0.00017598408950090757,0.0006813125245254778,0.006879489429476752,-0.006891682376633603,-0.0008935927708499371,0.0018669242596918768,0.003623211283241259,-7.381304507288768e-05,0.003727110558213292,0.009074449732364495
2017-12-28,0.0028093457724508203,-0.005462975068208437,0.005697282427447272,0.0021464233210589357,-0.002157863026941672,0.005302205442091407,0.00011677259077167946,0.006582010395546481,0.01060495780016019,0.00289005149737071
2017-12-29,-0.010872656349379464,-0.007733472732031321,-0.005316266442507744,-0.006806515626393305,-0.001318314886575632,-0.0079171465895018,-0.0021019463530924246,-0.0001471473858269763,-0.010423647170913439,-0.0028900514973706323
2018-01-02,0.017746156849684353,0.017669316893353867,-0.0034326348966437,0.003565496866103336,-0.007945689923378277,0.009400390772022428,0.004781434064047378,-0.027354348469212607,0.003170105067470439,0.004288416537375935
2018-01-03,-0.00017390880565733115,0.018694157484342347,0.001526799117901484,-0.00935242796127772,0.005198355885226668,0.0010184167003139454,0.004643353566902743,0.003177228451695053,0.010435538316019309,0.009905922076344005
2018-01-04,0.004634360269983789,-0.004222786059020716,0.013640277043272496,0.013879092765476329,0.007904853740476588,0.01422397732112478,0.008762729252155576,0.0,0.0043312993255933884,0.0037112684127893186
2018-01-05,0.011320430039184147,0.005941034054151268,0.015681800059718778,-0.005113344461092377,0.010391436561750008,-0.006440124848665081,0.012321939859759618,-0.001814084751263186,0.018889074739431078,0.0236668201924853
2018-01-08,-0.003720970884318882,-0.0002771678087335733,0.024818768539022054,-0.0146261256642893,-0.0023924922937070435,0.0014755834226546868,0.0010196135746873918,-0.005386819590348138,-0.017509029194729086,0.004030334828477989
2018-01-09,-0.00011457721512050524,0.015275488945298604,0.002406298452985588,0.008423403449691714,0.005504642098839277,0.0050565333207723585,-0.0006794691472589813,0.007729704837151094,0.0049705241010290085,-0.001929356924691004
2018-01-10,-0.000229568670525643,-0.0028391508307586263,-0.0033707280678861766,0.0015344069048439657,-0.006755209288800535,0.010943714115373782,-0.0045446096584357025,-0.0027215467454540982,-0.007465160629090677,-0.0010918021512038563
2018-01-11,0.005664016299510927,-0.00493400208706792,0.019877401185576515,0.0031409154471076987,0.014904080464825177,0.005337593536044973,0.0029561834215699532,0.0017393947987931822,0.00529398803199958,0.00720213256590937
2018-01-12,0.010273858672112076,0.016784996326870118,0.006480335688533369,0.007419374898717006,0.00889797856387838,0.016375128840067078,0.017109812757611455,0.01789880323329532,0.014316204940739602,0.002083747096314107
2018-01-16,-0.0050954146108908764,0.002698360411761272,-0.005830527882915589,0.005548088113109141,-0.000560025100057838,-0.003556464858147304,-0.014048951802966583,0.005846161928780281,0.018460385220551188,0.002495209849165967
2018-01-17,0.0163813756156296,0.01322463739797827,-0.004795709645559358,-0.01878552371209193,0.01772223076195482,0.006392880063661582,0.020058044850420904,0.009839273086714504,0.02346679389492551,0.013120556020781401
2018-01-18,0.0008929519380147594,-0.002236510496335719,0.001957110188622403,-0.010621970216939626,-0.007485131023416508,0.0023863250975791417,-0.00044416661989542423,0.003501086155313264,0.01964366104846177,0.009221116042014001
2018-01-19,-0.00447266322373091,0.00896856124247805,0.013945433427492127,0.020312664110107626,0.015013215039264581,-0.0022095438362037196,-0.0011104920192059405,0.0037066594421385603,0.0007812504941209685,-0.00333597619290501
2018-01-22,-0.00821484588604875,0.01598523227580674,0.0028128696744152697,0.020864764623324657,0.015426994187316362,0.011612578570183024,0.017730647822104366,0.010822588008222656,0.0008623307485776208,0.013196934952463744
2018-01-23,0.00022586966143323196,-0.0017689167255557788,-0.00858039894340405,-0.005482920938153468,0.002149468576224288,-0.0010499892825749128,0.0031609415316405983,0.04839686652007307,0.006752002383538857,0.0025706632543558926
2018-01-24,-0.016056504872340376,-0.007109000474047423,-0.006454121960054265,0.021264738802581683,0.006421832663878895,0.0127025578636536,-0.000870961294919333,0.0092555881009787,-0.001469191491680609,-0.00080254526909674
2018-01-25,-0.018012640186851628,-0.002889562953730182,0.006100106967072307,0.01253023567170314,-0.004130281226056156,0.0002590587981057861,0.0055388834378522715,0.005741872376307278,0.0013466489288132693,0.005364782304393073
2018-01-26,0.0023352225714145616,0.03072072627820263,-0.013732785698835279,-0.0033136545665651074,0.00901583654396301,0.0053446492829567985,0.018563571109023607,0.006378109220229239,0.013329387405555296,0.008746252623953637
2018-01-29,-0.020915720424296017,0.01010136439700959,-0.0271827115458888,0.016056158959115784,-0.011209718958741479,-0.001032098993789248,-0.0014896420162698052,-0.0030833879835989388,-0.0042750362536327306,-0.011785516788790912
2018-01-30,-0.005911886909842988,-0.03458087448014561,0.007231648784977662,-0.013077181669223052,-0.015292830615759024,-0.009425032084871164,-0.012643256240237244,-0.0016125572429627425,-0.04446484359854378,-0.010387055086310357
2018-01-31,0.0027512317004805917,-0.027670738956603918,-0.006002219183725067,-0.00391178659080607,-0.004519444883406103,0.004853422997597915,0.024182459312813008,0.008036724281101184,0.0005492688780795161,0.00548913365282372
2018-02-01,0.0020882568399378273,-0.0026373142538784434,-0.003322901422309537,0.01607095565540109,-0.004990056009540314,0.010320688850360532,-0.007925254456884573,0.0005334635265039351,-0.00660986941241795,0.011922416538497054
2018-02-02,-0.044359710661137565,0.007783879163079616,-0.02971463239559048,-0.045811972677137526,-0.030113993885669224,-0.022410542140965665,-0.026662890247422157,-0.013760903981348284,-0.014301661827954743,-0.03901083747926389
2018-02-05,-0.025302084278431038,-0.06780562172306288,-0.04155250489069496,-0.042940789460478884,-0.05761605089342302,-0.049140221919705296,-0.042057308432398084,-0.04443366986321584,-0.0525013452039137,-0.039131480790543606
2018-02-06,0.0409423653093531,0.01081403449049353,0.03467148500716392,0.03777447646622669,0.04239558237966911,0.029969012008932042,0.03714254895673733,-0.004745457559900112,0.023181426785584134,0.03132663823563882
2018-02-07,-0.02163961873386747,0.004630913421944657,-0.01332325817672863,-0.006203915814223581,0.001307802518871736,0.00675634739221591,-0.01901256387764757,0.009117072204541181,0.00283846498227472,-0.0026708073271795897
2018-02-08,-0.027901947281133346,-0.02481657712246767,-0.05561965326723429,-0.042711970683199645,-0.05407880763633666,-0.04521720737118578,-0.05269791790342626,-0.051463631250092526,-0.04233244956555427,-0.04960148858728228
2018-02-09,0.012157257976613744,0.00196257056131875,0.0218167988759189,0.011903849534904117,0.015875985867509698,0.019824321371474878,0.03661127508198196,0.015216151982797266,0.020575686251833803,0.021375656267234464
2018-02-12,0.03948877555272879,0.008095366660875108,0.020431516778565566,0.015364505246110428,-0.0003258366254381316,0.015330603605797171,0.010715823045825783,0.0077023765174868515,0.021180828549515498,0.018314573879960425
2018-02-13,0.009967757863879177,0.00610022770147725,0.010971424631985721,0.009318025676407394,-0.0018487248372695874,0.006156413146132376,0.007822814962392175,0.00318040626353851,0.0042002588002101006,-0.001013111302416262
2018-02-14,0.01826926919939315,0.027674500246714435,0.026216693689212544,0.027216186581762766,0.005265545821774591,0.02286184139930585,0.015537051859451083,0.014471320514567211,0.009398030591720685,0.020738291274652845
2018-02-15,0.03302693032029786,0.022472875378104627,0.012074384455645465,0.019236466352300155,0.0031354212952703756,0.004164275610538213,0.020167470982517182,0.0019894724315496688,-0.012137086771704919,0.013668076211177134
2018-02-16,-0.0032425288994259315,-0.0002721715363399003,-0.023335499221968387,-0.00022425406885784332,0.009134053685850324,-0.0072111968142537525,-0.007148307306039065,0.0019853272488037418,0.014712926722456849,-0.003522412130509179
2018-02-20,-0.0033692143576271377,-0.0031105241478418914,-0.004682198205109876,-0.010253328339921135,-0.0013917852878136347,0.00026129488638015175,0.007795700062433124,-0.014916547432015155,-0.01188554303776106,0.001312261489114587
2018-02-21,-0.004549319377609306,-0.003010412335172699,-0.0021239119338033524,-0.005641033839004278,-0.019742361610887455,0.004175451801613459,-0.01335478134432803,-0.003818547963684694,-0.00677300875724558,-0.01303450705091646
2018-02-22,0.008324578535808822,0.00010980531183421092,0.023116492041650942,-0.007507080040139094,0.013079022178024232,-0.001824365308367456,0.0026201013507532196,-0.006517416459331315,0.008668218587368525,-0.00041554054970121336
2018-02-23,0.017241538847568436,0.02286617309075897,0.022100090317353605,0.020220168409026594,0.015408749293570698,0.02006165122260114,0.02508327141034635,0.01514234302035101,0.013428584863073736,0.020962001693318653
2018-02-26,0.019579599928784254,0.009755610917276104,0.007850578047831708,0.016691249122204273,0.0005839873375097284,0.012368873100591312,0.01435523479058077,0.02011959494340367,0.016802636097273813,0.013412887972494012
2018-02-27,-0.003246258636425213,-0.01448099880531801,-0.01495654169308443,-0.012352387354745288,-0.01863814738605504,-0.011942553975943017,-0.012868230836936813,-0.007321041350383785,-0.006601218438729064,-0.00984009608697278
2018-02-28,-0.0015143885060118505,-0.010931644415506472,-0.0419830587430395,-0.016034511285575898,-0.014758512646359858,-0.01597575302526856,-0.004575139223462468,-0.01810843251165334,-0.027733710754819663,-0.003491565430567048
2018-03-01,-0.01767207076112026,-0.002615809381148627,-0.028867760907716002,-0.023668209372877034,-0.014534177783875347,-0.01808431422425931,-0.009859357139656943,-0.00021572197265411,-0.00758942810935807,-0.020876870131513098
2018-03-02,0.006890705748302473,0.009719019138924038,-0.025960988372111648,0.0052050128742962935,-0.006590108458463917,-0.0009704754502286258,0.002151820889088882,-0.007874287432455171,0.0032912610622896424,0.0030684508088208275
2018-03-05,0.003456009856833719,0.02691936207939023,0.03186822105234616,0.019185444491738236,0.018212152022004127,0.015238361655968143,0.006320370308115316,0.012253551538945367,0.014066590739357112,0.009148995555914042
2018-03-06,-0.0008487498384650283,0.0011567805688852703,0.017253353846298305,0.014376237824946571,-0.0005506515105000815,0.000868453206679369,-0.003423022454772493,0.012884865087066603,-0.009679752347877062,-0.006750726314030464
2018-03-07,-0.009326203213849854,-0.014925450056281216,-0.014676268357166703,-0.005936653150965845,-0.01130329960223805,-0.00374094764544753,0.005769809844215863,-0.01791190487047908,0.004807429309504668,0.006504708044039077
2018-03-08,0.010853103671327335,-0.0019753713927181497,0.013634962461809673,0.003723865363310462,-0.003589822836986989,8.701227412970814e-05,0.006054668323741361,0.01086989655343727,-0.007933575580280456,0.00303172632350036
2018-03-09,0.01703550665497505,0.020832934563093302,0.029889456866866344,0.01649584004049198,0.02343898270666034,0.028355066473892524,0.02209819869685108,0.018655119369059493,0.0031100390095519185,0.018563341128589716
2018-03-12,0.00962081797826491,-0.009463489382203615,-0.023981844093384507,0.009593206382848782,-0.013541082718244689,-0.003224356767252328,0.0023798412877705922,-0.005708166563453359,-0.011869928232851093,-0.002170914246506399
2018-03-13,-0.009676494251121517,0.0023738919362245848,-0.005256077419271949,-0.01789979200203504,-0.007596564746314708,-0.012056228289418608,-0.02469003028525322,-0.005670721026045367,0.018546000674820012,-0.008406243465796917
2018-03-14,-0.008537877705639149,0.004312410978630265,-0.007511309492350065,-0.015386411635862034,-0.005284583214135607,-0.011245719803725221,-0.005949089933978527,-0.00835070874746091,-0.006897612701326405,-0.005044946930937997
2018-03-15,0.0011759244539748916,-0.004312410978630228,0.013220349211492484,0.008210643722248103,0.0037135570405003302,0.0025197096283349546,0.0035097745186370177,0.006785971953879556,0.01802751760002391,0.006748211843248937
2018-03-16,-0.0035322954094726996,-0.00798934891300676,0.012153413075479624,0.003706298397508641,0.004985566893113539,0.00173385871261738,0.00444987407169702,0.006032887172179372,-0.00708422001502651,0.009034668091049731
2018-03-19,-0.015397396365699008,-0.030693462239901718,-0.027933783124935208,-0.019128029878011082,-0.01044781156273004,-0.007913940137989354,-0.018241426832977498,-0.00924151078989428,-0.012408982554082213,-0.010656490151498332
2018-03-20,-0.00034218998114494417,-0.0028530705254197946,0.012475255263103746,0.0025110937883886797,0.005967279010107112,0.000959976514541241,0.0025802161789983094,0.010372972051524374,0.007657952119762522,0.013703207572151443
2018-03-21,-0.022915335933294007,-0.002419859309019005,0.011231514711606742,-0.005104629015534825,-0.0007862010031673964,0.0008716336689994976,-0.007003923618430499,-0.002689604957870279,-0.017616044837698006,-0.013622231425694912
2018-03-22,-0.014230569851034495,-0.030813117480178755,-0.05882149947973595,-0.03596462648971485,-0.015453895688251505,-0.04264296320951099,-0.029518843441545168,-0.021128627967728044,-0.03475007609909909,-0.026563016667479542
2018-03-23,-0.023428869847489632,-0.03849851616015527,-0.01792693803563715,-0.029488317005301364,-0.020110999966752183,-0.027103088442393692,-0.02949835707041932,-0.023806652531246274,-0.012437132874417368,-0.025234433906871162
2018-03-26,0.04637955844853839,0.033431379598616445,0.03339578780644882,0.03847409677607723,0.026309761137105526,0.03037234215778942,0.0729761565941111,0.024313200250966588,0.03021401899305631,0.030637149072764703
2018-03-27,-0.025975573122973255,-0.02333048361324562,-0.014856185081761442,-0.030352549093505786,-0.00968459283814728,-0.01959079530831828,-0.04704813436041496,-0.010692229429811193,-0.005079443759571149,-0.027223917407159893
2018-03-28,-0.011110617570565508,-0.004040106831515057,-0.012527905901994017,0.00849724896582027,0.00045784583851633863,-0.001572522632989428,-0.0008944396085200803,0.014807498466293017,0.002474338514548279,-0.003498651331645137
2018-03-29,0.00777856606193792,0.00011751556834566304,0.015177428189682457,0.00993568963978998,0.019716987425846468,0.018075994300613962,0.020813185155963216,0.0005041467922308633,-0.020810138049531402,0.022231830916331487
2018-04-02,-0.006578038365279039,-0.026329198044182288,-0.023965283125874166,-0.018069046921234778,-0.03041723788644252,-0.01946628672338943,-0.030593575965098162,-0.02937708499099479,0.014842547705747047,-0.010335989107773114
2018-04-03,0.010207088049657335,0.012983690664461069,0.008098333832527503,0.012973793704819096,0.004961351156477056,0.013629972393588749,0.01335400744113018,0.015819070760812664,0.033413461711489574,0.006818476200903208
2018-04-04,0.01894142235819707,0.03102032318653921,0.0008271802440534714,0.008108210016979357,0.02095763750966199,0.015068714655758644,0.028786887096108976,0.0119006612792387,0.01857264370247297,0.005104153047930676
2018-04-05,0.006910567059175135,-0.008798129250412911,0.02011593411777969,0.012548522688829278,0.009479494676201277,0.01304525503319587,0.0005412408852835122,0.004749533760688788,0.0012231551872058414,0.011452757185804702
2018-04-06,-0.02591111149510917,-0.02269760156608138,-0.03531528384574079,-0.023093809764017297,-0.026474107467777508,-0.025253769478375137,-0.023548550329829342,-0.01475401393494288,-0.02256008803126193,-0.029220569323205506
2018-04-09,0.009868969631960559,0.008763603187149865,0.0006288397668552909,0.008841562742109845,-0.011182866774923835,0.011936992756115695,0.0059665389124990515,-0.0001457529725193558,-0.0055072894630636944,0.009218134772913552
2018-04-10,0.018642948992286655,0.02048195976599028,0.03441652946470085,0.017218965022146385,0.005664689969727269,0.018931852280576023,0.02297971113728555,0.004580282638746857,0.01806411682972255,0.016116601344085192
2018-04-11,-0.004686315192376499,-0.00416751413371913,-0.008817174429431881,-0.014249272947373371,-0.003637504016893211,-0.016941053082020995,-0.011042567222236255,-0.009255028541787676,-0.021797736845847196,-0.007817058174516528
2018-04-12,0.009810371006940384,-0.008094725852351369,0.022565078728759586,0.02595105933263765,0.0028877992879170838,0.024555869697710602,0.018551175864307514,0.005111675107208385,0.010490191175005388,0.010712245272735907
2018-04-13,0.0033824238232169185,0.0026862885815522913,0.0005989021195846475,-0.01423823529436839,-0.003235183909526841,-0.02745285017672434,-0.005357660265424948,-0.007310388435704387,0.00017826288525122096,-0.0026467991451463754
2018-04-16,0.006218660481535747,-0.000583482292374104,0.01263405077898995,0.007629418296817409,0.009388663057356656,-0.0008162658424238562,0.01164252326147225,0.009202496738457059,0.02657452775579698,0.009314776782213909
2018-04-17,0.01367035863213131,0.020216915986550878,0.007660924892698082,-0.01661802935057823,0.0027479715109488953,0.0,0.019975377610598657,-0.0015278915867243201,0.03510930182100111,0.01563040600417172
2018-04-18,-0.002246871251911697,0.0013142304613699264,0.01707305218704239,0.001457645319015512,0.02785196416626715,-0.008108387837037717,0.0038439095671474383,-0.006354556283126974,-0.009053614032631677,0.005477626943032098
2018-04-19,-0.02874943462867412,-0.01252743076599173,-0.0016041303890098925,0.0006692111439723227,-0.015522183519713429,0.02171635538404741,-0.0034272975866661568,0.0008786644598903481,-0.0027111213016439506,-0.004186282947850547
2018-04-20,-0.0418353694931231,-0.007954313179243565,-0.010837868082366309,-0.008732971702843238,-0.00039515491256493507,-0.002240265319925098,-0.011616754317550548,0.0018285420516112269,-0.00297341767291046,0.0019343837197097567
2018-04-23,-0.0029000665865646274,0.017908564716228578,0.004816820255701576,-0.021218990386040866,0.0036655582516913815,-0.004855983944070672,0.003677044917435685,0.0028462038514294103,-0.0030678799766478363,0.002091254530500298
2018-04-24,-0.014017181397229123,-0.015695737191033458,-0.06402362227480345,-0.017090961874512332,-0.007911401516915906,-0.004698870856387067,-0.02366507918199043,-0.0322120403328073,-0.0005122923372883634,-0.025964833831190404
2018-04-25,0.004347844197089,0.01666860298013934,0.005179284220616234,-0.01353497674293679,0.006390308348680381,-0.0038110600991261767,-0.008736335673969411,-0.004979287864060595,0.002899125729314845,-0.0004949738546456786
2018-04-26,0.0034771174808296335,0.003083956844681999,0.007684039989913417,0.0035881967581383903,0.04588960542485371,0.0009997353149858328,0.020904505315043315,0.005506194618737457,0.009027138348640528,0.047292194719752
2018-04-27,-0.011637653890222564,0.011847120183591542,-0.01092658964253493,-0.0012083099835124636,0.003976698280516581,-0.006378141315454481,0.016414453548663353,0.001803365257967532,0.013201577689493784,-0.008455567237987727
2018-04-30,0.01795055787964651,-0.016935274738143637,-0.002490418536830413,-0.006149034273296959,-0.008942737573083726,-0.005683755412541168,-0.024296394960513622,-0.01200965047202668,-0.015863130478958286,0.006880491674390059
2018-05-01,0.022970375356712553,-0.030255926813800047,0.000415009581653666,-0.006989510490205686,-0.0009204686161998052,0.0,0.015701806035331178,-0.0038829274844299185,0.0019016297033793822,0.004953085101848992
2018-05-02,0.043226773255613526,0.0008857725468778908,-0.00388510939289426,-0.011131993432852615,0.006909230285242426,-0.00793687568474585,-0.015808604855421175,-0.02135690481616137,-0.014416313559497667,-0.008901405772748172
2018-05-03,0.0018107657255579015,-0.01810513239494062,-0.0005560429328820436,-0.0027382214487563154,-0.014739297843826665,-0.006321424263754429,0.005970745606040093,-0.007902005530107364,0.002951158413505698,0.006310259381491764
2018-05-04,0.03848351014900502,0.009510206616707208,0.017853311108575413,0.006533506783704642,0.009994487117991994,0.011036054160394352,0.01152069892855637,0.01867600825462451,0.007446013256120563,0.0076759772531366744
2018-05-07,0.007209013092183189,0.00047632977025752074,0.023296881827604594,0.009573632243479038,-0.00797664909623268,0.008631748566762798,0.011077537678504957,-0.005566122018527201,-0.009027299966495098,0.008546211663203402
2018-05-08,0.004795075576858923,0.0025552076185594054,0.0007339122192736589,-0.0008435653780666987,0.008030269738544503,0.014703137527214952,-0.0042704571744528385,-0.0025617698347963802,-0.007513789267744773,0.0049392313201921745
2018-05-09,0.007016514298921474,0.006802362531373058,0.01771750490997767,0.01976125546401559,0.007108369917938425,0.021569436256107053,0.011725267889101852,0.008436132218502325,-0.012228207466714203,0.007210003625928043
2018-05-10,0.014202512622291965,0.006639100638293139,0.008871882900794069,0.007049028091486,0.004283605973199299,0.007729868945044887,0.009956682835703726,0.008671416586208416,0.019442469324934035,0.001222584408623178
2018-05-11,-0.0038100511444020685,0.018105077418268972,0.005763660104200212,-0.0021382678941652194,0.016690738647630925,-0.0037695115834372782,-0.0021472047131307574,0.0028232278089599596,0.019365305708065824,0.006240211115369266
2018-05-14,-0.0023364066490758457,0.011833958730547314,0.002708377370524081,0.004067085519782435,0.004037742102241017,0.00035123669830290166,0.003371785063252696,-0.00956965969465135,0.019203444260624827,-0.004638651898514108
2018-05-15,-0.009129651734441397,-0.020787401870124005,-0.017475288955653766,-0.009681279393512645,-0.016356777746389644,-0.007667629083532328,-0.007268900650343214,-0.0010774617552386514,-0.014096361557650223,-0.0008387891548494749
2018-05-16,0.009288969146647109,0.016124199607195293,0.007898590486954599,-0.002487213876498622,-0.008548027720988026,0.0027387168503322647,0.0025764309829190003,0.002230648352023428,0.009226564410109763,-0.0016032135952387444
2018-05-17,-0.0063436145956911405,0.004879223147879052,-0.0007152027165954498,-0.0077490421367986595,-0.005649406897788353,-0.0033582796666869986,-0.010034451981304452,0.00436995103693952,0.005117076621113938,-0.005755779953656842
2018-05-18,-0.0036433458199733922,0.009402747486010384,0.013057163062813024,-0.008821565774309082,0.011214039864134292,-0.016333123179594764,0.0018697906896380293,-0.00667758529583408,0.006890397368630499,0.0
2018-05-21,0.007060085476854631,0.0009640923251358381,0.02040571271325618,0.002949177050453653,0.012566235651442258,0.009136565072216342,0.012786015881854788,0.009885424751801635,0.013237823442952443,0.005602879244053856
2018-05-22,-0.002507843617945897,0.010653059609250804,-0.01726321170563801,0.0012613195599747553,-0.01550526066237176,0.007638997538614502,-0.0010250764669407248,0.002132694970927785,-0.011032674230856755,0.00038242445502770705
2018-05-23,0.006391122715548669,0.008819507774306973,0.009810889482641019,-0.00079858642142827,-0.001070817436941507,-0.004611847822006348,0.011827424916884028,-0.003964485868006009,-0.003759279718011479,0.008911255873237395
2018-05-24,-0.0011157215709987544,-0.011064766072637974,-0.0002538635409273103,-0.0072166682714458015,0.002568118563356321,-0.0112640413431038,-0.0035539187361935194,-0.0019115971638867697,-0.006283777573318025,7.596063305538554e-05
2018-05-25,0.002282960869934881,0.0015723417052653215,-0.011800810776475096,-0.004627622054378003,-0.0016040995407814878,-0.00513762774533853,0.0005084045230896605,0.002904349858559857,0.009104561423775389,-0.004635690680320157
2018-05-29,-0.0036126575914282736,-0.004498602105939785,-0.01441198200458934,-0.0345453366407143,-0.009950385262814304,-0.043684160883893056,-0.0035645248582291335,-0.02175665165990475,-0.01141402019079606,-0.01218566312608369
2018-05-30,-0.002130818987921219,0.015656814564661437,0.011906678421001913,0.012868101316528345,0.016817132059633436,0.022588284007316668,0.009545229040497621,0.015171650669963356,0.011373074011664559,0.007298479291908077
2018-05-31,-0.0033657814708091573,-0.003446004826703668,-0.02310030409093532,-0.014416474472139883,-0.0028907671478676164,-0.012444342525221834,-0.0011123570771314672,-0.012756957535261846,-0.014102421530687274,0.0006123603992520254
2018-06-01,0.01787337548998648,0.021752678901781394,0.010542700289339289,0.010875748129225732,0.00427966174611356,0.012905602176840258,0.019536720561129775,0.0059735327856308895,0.00759018913409328,0.0009937536045707504
2018-06-04,0.008322952300868991,0.010135514249974236,-0.006666485027448196,0.006721184141015821,0.021177808311755718,0.00046122278660286657,0.008692994352322542,0.003320190025847827,0.005245743316501966,0.016823743573331395
2018-06-05,0.007685741881802328,-0.020209419274521065,0.0033386202269912253,-0.006765239260408985,0.0030263797585380376,-0.005640867514659777,0.005101568003107985,-0.004248771552987704,-0.0008178626964198267,0.003675418472239678
2018-06-06,0.00345977166882855,0.009965179236313666,0.022616599533753112,0.0168924746873811,0.008559410790565545,0.023099221562797874,0.0029316185584985104,-0.0031015613003172286,0.017117370007276034,0.020161065202706947
2018-06-07,-0.0026841840695834215,-0.0013630595742052602,-0.0014063555079835645,0.0052397567212503745,0.013239271482781468,0.003979168157277604,-0.015833774338224308,0.013733436765815428,0.0013265236393958304,-0.018066789023886688
2018-06-08,-0.009139195181608842,0.005440595207993181,-0.006225513806848006,-0.00025724674481133233,0.01095070447252123,0.002793674561014676,0.007406997946664137,0.011873498761015434,0.006804378495842229,0.006702006153301455
2018-06-11,-0.002454788149714539,0.0016804678204187231,0.006289239727016781,0.0029947758352806436,0.00658339416941473,-0.002523046969163898,-0.005722974155244028,-0.006263990612224854,0.012290657900544818,-0.006179212274437964
2018-06-12,0.00547569981238398,0.0024888821945042382,0.00758500716929386,-0.00625623984957241,0.008330243673198115,-0.005791438466377573,0.0025695644466593847,-0.0070746101049121825,-0.0007884325197164899,0.007069468924116057
2018-06-13,-0.008250963425943569,-0.007539313995411985,-0.017809635149501873,0.00514512291377315,-0.004979907130298898,-0.001998489371937757,-0.00455091392898388,0.0010797716015737981,-0.0028039073130670723,-0.0034167023517500134
2018-06-14,0.0005242293063819155,0.011421994453997287,-0.010199692782324767,-0.0007702124897181262,-0.003200114768580146,-0.017798644510466498,0.005635921080953589,-0.006651535386942695,0.009681274347117193,0.004454593933604362
2018-06-15,-0.010325874028577028,-0.004207094934545805,-0.02058428388977509,-0.007431726159780401,0.004347764189135824,-0.001203882500446836,-0.012800783996031745,0.003949847007295261,0.006073629551739409,0.0007404271160239924
2018-06-18,-0.0005294143520436826,-0.005745730822406164,-0.008972314721769169,-0.002287930308692659,0.0007476079763751266,0.002591823073564553,0.007264118009776148,-0.01385464146363804,-0.00434573317605862,0.00810865967439179
2018-06-19,-0.01629173322169229,0.012103666136804275,-0.03685594311639376,-0.01335648865992052,-0.007401726115799469,-0.005841010649368813,0.0,0.004457395212284152,-0.0072848669156150596,-0.008034688997866338
2018-06-20,0.004352645389626929,0.0017172427901031516,-0.0011868356975939405,-0.002192374191067404,-0.0006528160962980496,-9.280435213870299e-05,0.009964043541284297,-0.025045627073932823,-0.0008304626781950669,0.002882327284355484
2018-06-21,-0.005592144570669917,-0.002791926913986252,-0.02547389054515642,-0.00369365220252495,0.00615928481516662,-0.0002789080793440775,-0.007191919618201788,-0.012397721538726432,-0.0036458504949980304,-0.007184822239856519
2018-06-22,-0.002915971186219755,-0.004526940895571004,0.0029343910543184874,-0.004238461769532573,-0.01458323353386564,-0.016506282736002832,-0.007243688671102655,0.007746783245517339,0.009797502175814514,0.005929363253299003
2018-06-25,-0.014983157387635814,0.0011340273657520453,-0.024303182517555085,-0.02002046231812621,-0.005231254512563802,-0.009119477433160394,-0.02032281930478832,-0.005561959971171942,-0.014492960932519833,-0.033053665996771
2018-06-26,0.012330011598296555,-0.004163130642164365,-0.0076438594965957595,0.00018070563486593876,-0.00010182317841839223,0.0006676693776974953,0.00698864201315145,-0.008930963205018317,-0.0037563988315238122,0.012297287857111506
2018-06-27,-0.001465197089476945,-0.005759055470084441,-0.006884928918457652,-0.006338705109553024,-0.006847703945888744,-0.01556976034220227,-0.015665313840453107,-0.010493443877611053,-0.006426516718118494,-0.011610065146827043
2018-06-28,0.007250103472884875,-0.0010357325420977256,0.010493363343283279,0.014608337823003394,0.0009736382967682918,0.016237347624312833,0.01111281398263984,0.009106276587306044,-0.01326397316648823,0.013042487849519438
2018-06-29,-0.0021046663521217877,0.006794788012182229,-0.002649925754760325,-0.012838378382863891,-0.0005633223040304439,-0.006981584967640895,-0.0002026734616191039,-0.0008985747492833348,0.001795074872703002,-0.0021872828599657657
2018-07-02,0.011120314904929807,0.0037853699918005026,0.004559595213346968,0.012121645306883687,-0.005551254297179853,0.00841022842217317,0.014097550153499045,0.00040857012928424035,0.00868486885219082,0.0003773792584525633
2018-07-03,-0.01756982687813287,0.0022638995166703803,-0.018214320491525743,-0.01298340948546594,-0.002063450309439336,-0.014088434862894987,-0.009645355387791146,0.0031000297604938287,-0.002022587461405971,-0.007956072431424028
2018-07-05,0.008014879676595754,0.008845340534909334,0.014686390264431677,0.0016323099039854422,0.004071613191984917,0.006481020457010004,0.007142529935206422,-0.0013856929095893043,0.014151484833653643,0.013900422891533523
2018-07-06,0.013766732465867968,0.019294147478733408,-0.0029497356825956287,0.004745355245097694,0.00036010187228070154,0.0032725247568859274,0.013936164042509469,0.00471988352309799,0.0010372758275040222,0.005984842699554121
2018-07-09,0.013789817168761596,0.01640802834930936,0.040240103878188424,0.02757082947196597,0.008193285883915446,0.03047436380779732,0.006797762231623673,0.017861953038233,0.011538047811469474,0.010607504755505903
2018-07-10,-0.0012076761336519144,0.007797985320971984,0.0019841674847267923,-0.005012856206937854,0.007772618935422885,-0.0061710163241958035,0.002647437554502794,0.0037407753675333844,0.007344836228808836,0.00859679769043046
2018-07-11,-0.013060962218087285,-0.013064633908121393,-0.032303969947725004,-0.0052594380135989015,-0.0033454280152888506,-0.0021595401316209127,-0.0013721649068386419,-0.006535956087219436,-0.0037245227112032257,0.010624004865381271
2018-07-12,0.016626778789590374,0.004803203724105345,0.01926346969142424,0.00688934231699049,0.005064555490178389,0.004314426697419271,0.02143953105878705,0.007726825766999536,0.0057181828559654075,0.012587949072742867
2018-07-13,0.0015692357804016944,0.009384848403170316,0.00949411795067856,-0.0035711730861997587,0.0037312681805200475,-0.00459660888202708,0.011831265626710514,0.00482875680915012,0.010296598389963359,-0.0034368783348703875
2018-07-16,-0.0021976541943441764,-0.005271354767418729,-0.019151696496127763,0.0219729579243321,0.0009560394496616047,0.03890997588125113,-0.004944558828332782,0.012244440997464037,-0.006670915407911212,-0.0069093973515551915
2018-07-17,0.0028248627904587527,-0.004938206587447262,0.006280736503490929,-0.0018164330053495493,0.011100618076542853,-0.0007240759770981524,0.00986432073261947,0.004669559395334057,-0.026378183349850863,0.008486070705697686
2018-07-18,-0.005500012994695354,-0.005792418254401001,0.015496524184032684,0.0009518952904912711,-0.0006464924379651502,0.009278407614002098,-0.007864736967864796,0.009351140996581374,0.020288926855481386,0.00898259561239986
2018-07-19,0.007743243970187751,-0.0054086504280349,-0.006006913829267934,-0.006986829467215597,0.008225818327820572,-0.014814098662642158,-0.00687250640845357,-0.037781601713375156,-0.009796334446644111,-0.005479686477868694
2018-07-20,-0.002295624409565725,-0.006644761755493925,-0.018824829934418967,0.008930850661710009,-0.0008884919257722419,0.012569972104100205,0.017753305612728292,0.00015984165199403274,-0.0009099242074003856,0.006118411903363516
2018-07-23,0.0008875244852744953,-0.00273372006859155,-0.0039549324679909025,0.00889475306670224,-0.001087285451880564,0.018430966327782492,0.015870395173191436,-0.00769749429270797,0.0001584642978039343,-0.006832194111660142
2018-07-24,0.007228326427475113,0.007499463348658784,0.012325058931033427,0.00902827200009034,-0.001187546832055753,0.007032953742116279,-0.00287536402943912,0.0040965723851136,0.004027464071351599,0.0
2018-07-25,0.009385959784376462,0.008531815921958055,0.01802845144393686,0.003428045509445937,-0.004913452742646134,0.008982557653600644,0.029019191747463632,0.012190121765384799,0.00432555651012586,0.01846707018134074
2018-07-26,-0.003136146331548998,0.005218522046245915,0.014838134592591088,0.001772880773399616,-0.007992117609909078,-0.0028690999201966896,-0.0109774850867068,0.025101891940971757,0.008361809235429252,-0.0009820467058365612
2018-07-27,-0.016771183071773037,-0.008331237517968363,-0.00013987993325247853,0.0022328756129250307,-0.011398525868501671,0.01022182607309593,-0.017855838074383224,0.00953027966809243,-0.004094066597708932,-0.012641022677937139
2018-07-30,-0.005618445943082769,-0.009450077768863582,-0.019907856918146647,0.0054974407732977446,0.0007096314367840523,0.006014863638245026,-0.021685867830821184,0.0028263373218160317,-0.008277926798763985,-0.030522731512053432
2018-07-31,0.00199890003492077,0.030582290615009382,0.0285683440665791,-0.006381549829469797,0.0012160718721084822,-0.01536631090300946,0.006715483177948105,-0.007349663627647252,-0.0024455099476791893,0.001903470951608518
2018-08-01,0.0572398525868999,-0.0036187793358604847,-0.03726473014973478,-0.005871526731224001,-0.006195911779333567,0.006157526065061705,0.0018833666520768877,-0.009108289594523738,0.0005923373414288158,0.010981998013640535
2018-08-02,0.02881195436094034,0.0027537216065898215,-0.003832765627717318,-0.008723015747138107,-0.003265401824343716,0.004227538853554868,0.012064582169384422,-0.0048971518157320815,0.01063899974274046,0.0048346291777509685
2018-08-03,0.002888984350722438,0.008164668270118212,0.0036164940456389232,0.00042724278499205393,-0.0001022935722108866,0.00806059480733963,0.004359955695962557,0.010618902993406886,0.004441813857538961,0.006457601573422275
2018-08-06,0.005178968522569258,-0.001920928381293796,0.006978637651940619,0.00782942269213151,0.0002552837921861685,0.0002562456033794671,0.0008327762837565095,0.0023102533172066992,-0.0017899419690447973,-0.0007870111409264271
2018-08-07,-0.009418949787760972,0.014019826788176126,0.020578726302510005,0.008020952964022034,0.0069260062841025125,0.0036645271966971246,0.006911925390098325,-0.00046167975160354085,0.003460186608043294,0.004071485644416431
2018-08-08,0.0006756875126970536,-0.021180831036935785,-0.01893105388701282,-0.006157476666242388,0.0049104458275494355,0.0020396393444306157,0.00558689963496106,-0.0056334704879930095,0.004492042695206631,0.0028473470980932922
2018-08-09,0.007834239645903848,-0.011430937957661222,-0.008553867845519219,-0.011017969776798883,0.00030259478804582423,-0.0077558911396268335,0.0016426789062983535,0.002704888745529125,0.010684349561935258,-0.004773769904332933
2018-08-10,-0.0029833273604440826,0.002317195520659451,-0.018947971475915582,-0.01799817952503605,-0.009026635295329459,-0.009887625232751758,-0.006127975158916948,-0.005340000317953461,-0.004713066415248097,-0.0020018922624598667
2018-08-13,0.006436055627321858,0.006102052667771627,-0.006644250066080094,-0.012049157879296123,-0.011064386135497517,-0.016026860036169082,-0.007274102804938558,-0.006383388046178982,0.0021103570863752006,0.0034296128084555844
2018-08-14,0.004204525751619718,0.000766816876288359,-0.0007408490631416438,0.011831351312094727,-0.005371471085980998,0.006650974829081711,0.012398656775978368,-0.003990788106526965,0.009801692817485542,0.003914662067855547
2018-08-15,0.0023332409766419226,-0.002557912040345292,-0.021728480277787874,-0.001351316466650558,0.004598244277602548,-0.008320653386512143,-0.013653587462014819,0.00959798168273744,-0.010952520265402063,-0.005985233548072077
2018-08-16,0.014543605631519409,0.012808625241471968,0.03161118115666113,0.016225178670173167,0.007191274486925863,0.009366705820385174,-0.0001856498348589672,0.012118553407667754,0.009509279738329286,0.006705532916877175
2018-08-17,0.019773203018243184,0.004976415839044077,0.022352241535863515,0.001629787032518835,0.0008696513045450489,0.0,-0.0005575394214886915,0.0006135675602103529,-0.002931176855775907,0.0048230197114143844
2018-08-20,-0.009791300295086479,0.0007087165540761127,-0.004819826524354064,0.010231092459778173,0.01204614348927194,-0.001307736604573865,-0.00662151866314591,0.007637894579843791,0.00026698415713421905,-0.002763407692396192
2018-08-21,-0.001950924010345761,-0.001266142985588826,0.009474085982386131,0.012098831321939023,0.01155330964431439,0.00608854852619274,-0.008363024631624999,0.002204814289695711,-0.002709499885671422,-0.0064060453184936195
2018-08-22,4.655561651169704e-05,0.0026823657281831973,-0.0025750113646024913,0.0028869882384206583,-0.006312761929129329,-0.003039681700241483,0.010139110036235887,-0.017617017382777628,-0.0036368336904060473,0.007824055101618236
2018-08-23,0.002043456820799504,-0.006287677877007837,-0.020549397045859823,-0.012613825723928072,0.0059630964527408285,-0.002089389792543702,0.0046595687659326274,0.0008494340538101955,0.002604673588048105,0.0067789603666847395
2018-08-24,0.0031046647619008493,0.0002038100627747415,0.010327417195087545,-0.0052177598126987605,0.00567908385850167,-0.0004360944783972298,0.007779073828329495,0.007614627426397511,0.01088068534034095,0.014670348058704588
2018-08-27,0.008201022487046,0.009918142777796632,0.02733446173423029,0.03136040253820272,0.003372531348996556,0.017546548324535637,0.011009457540146393,0.010518420000115256,0.010539072656891663,0.008287063774086032
2018-08-28,0.008043104690921699,0.00010059041100062288,-0.0002816670717023986,-0.0009483522023159501,-4.9591438395884746e-05,-0.004895891668468345,0.0060036700634672965,0.0029525935878133283,0.005340171170378923,-0.0013765466859774638
2018-08-29,0.014819079567648117,0.005673405953604717,-0.0009861745204427304,-0.0007042564617932164,0.0036757928564660957,-0.0032773771256761402,0.015836068054645176,0.0028687915631327348,0.0018233427033630299,0.012524640656697091
2018-08-30,0.009151550925711979,0.002999100730939716,-0.019935113686050297,-0.008319392445676942,-0.012071707774290443,-0.00493641733572904,-0.0006249525527964205,-0.0076425334829209315,-0.0022700943688878307,-0.0019744382644647338
2018-08-31,0.011487710023629345,-0.002698805029346448,-0.0015114182548264677,-0.006663669041110362,0.007549979050184647,-0.005309456608703318,0.003388763393360266,-0.00037996450605521216,0.0002603676852674557,0.0010216190034442675
2018-09-04,0.003201915114903312,-0.015534853699222844,-0.004402956594805914,-0.0006309375234074901,0.02123976525954336,0.004962219947955975,-0.005534838861089897,0.00401929403216194,0.00018638398025735912,0.00617628471587513
2018-09-05,-0.0065460667726869115,0.005171273362714473,0.016856843608563966,-0.00042105166513169715,-0.0045451290698339366,-0.004874678016928736,-0.029248221783555652,0.0034754972564265308,-0.0032454494002817406,-0.03532571282233446
2018-09-06,-0.016757046748209947,-0.008123589336833303,0.006946115613234731,-0.012878991086371003,0.008486978062362838,-0.004285380471668397,0.002301637565106593,-0.00015113744302166167,0.010850099828824601,0.012745442454608484
2018-09-07,-0.008100693238522014,0.0007642908870623926,-0.0017674964756434941,-0.0026044113452678495,0.001650040242349874,0.0019261866520999655,-0.004885694294915466,-0.013059266133826335,-0.0050933942601334775,-0.009037634218110732
2018-09-10,-0.013511676580617818,0.031095708898142674,0.005152636039245727,-0.0085871665348735,0.021395944849500345,-0.005350052790668021,0.010754233121539399,-0.019325916032309622,-0.032388563811316044,0.0061261689226488406
2018-09-11,0.0249685730411851,-0.01507599162210714,-0.00014097205928620778,-0.007357175279169285,0.014886867000592649,0.006311798005320763,0.01686175004271091,0.001957410604957052,0.005031235001943652,0.00973920989879625
2018-09-12,-0.012497075434751542,0.00015032120103276961,0.015717642420106304,-0.008988871932329952,-0.008782739401303162,-0.011867690916685589,0.004216295349114226,-0.007537269742270397,0.006224648001045171,0.007395692965651821
2018-09-13,0.02386820253615118,0.01704667951388266,0.008694965222949455,0.0007885739994140768,-0.012007205008859375,0.003883485727406566,0.010684907299242466,0.01517335944788861,0.010678837062449952,0.007206220412934936
2018-09-14,-0.011415852482159032,-0.011647882237074894,-0.004407311078897241,0.00397754783509885,-0.0018154694225294586,-0.00017632438051812396,0.004065670587872359,0.009117395109564844,-0.0006782537301533185,0.0014211845416052325
2018-09-17,-0.026987311717105333,0.0011461278241920916,0.00906834288390291,-0.005906432696964823,-0.0032102283628428325,0.002991128982231579,-0.010908722004406249,-0.0009233449123366006,-0.0054423230750586145,-0.011291996828693142
2018-09-18,0.0016511265335679246,0.007590304646910335,0.019303987719935994,0.004378336900952924,0.012493413287068383,0.004032647942944995,0.009496589023736148,0.011329796397460259,-0.0022007012257316415,0.0098708122870881
2018-09-19,0.000595223649349661,0.004241350971638532,0.02445176489544985,0.028809121107381538,0.003123094919028223,0.028632541489534164,-0.01342808463778481,0.00856493833664264,0.007718371894383866,-0.0014236453026520964
2018-09-20,0.007573161034736833,0.009307017921643969,0.02098796066252777,0.00769594148137262,-0.0029333352838987053,0.00855024955523231,0.016602874489342608,0.012375827820474548,0.003986831483310926,0.012270000426163382
2018-09-21,-0.010829584076671988,0.0,0.002433568153550838,-0.008715288570570821,0.006281680839512992,-0.006596533413562032,0.0060572065498437164,0.0021594739258798804,0.0010506031589499539,0.0054126839008993
2018-09-24,0.014277588748705893,0.010234822473504972,-0.01533680516836827,-0.01042196290731887,-0.020933919525000868,-0.009635079867955398,0.0035818625563774774,-0.012047948053143858,0.0025842379234281066,-0.0062842454311916535
2018-09-25,0.0063210074765499315,-0.003626088101067231,0.0005843230878118807,-0.001719193557707814,-0.0025515265224351235,-0.0028309476862088535,-0.0019204816255895807,-0.01166152443375378,-0.01450464761927913,0.0031468972522170177
2018-09-26,-0.007998029074123381,0.0017905397369074691,-0.005988491183822691,-0.015692343738829627,0.00028915027321297314,-0.011840744605878847,-0.0041147852498789285,-0.01372791140324646,-0.002279480286217157,-0.002074222436427027
2018-09-27,0.020343348145494003,0.009910671697855762,-0.0045801518676682204,-0.004993182488105476,-0.0032824226631704393,-0.004356500147727482,0.003765125037896726,-0.0029385041133669827,0.006596586952134814,0.005011502824147271
2018-09-28,0.0035056339024811,-0.007689348028864403,0.00013055274113187465,-0.015487488491297547,0.0014979809487233036,-0.014778440226233114,-0.0003493501665010283,0.004559129285767959,0.005238484045515995,0.0004667984576465819
2018-10-01,0.006710896780831576,-0.00183474581615871,-0.0013779189347497929,0.00484886344362945,0.0021698753088990374,0.005831677977622591,0.010783555231755362,-0.005721492281854923,0.011436205226054666,0.004652505337999917
2018-10-02,0.00884933638325781,0.0036665058309443338,0.016542634702238046,0.0032788888119893557,-0.013823498101925185,0.0041323891959149685,-0.003986810025590794,0.004178129178633868,0.005669493261286664,-0.007454951945099923
2018-10-03,0.012095268843721863,-0.003714502877115864,0.02172315307980527,0.00753534423665681,-0.0049449631268302305,0.009344702796672218,0.00017347136277483358,0.00023175039743159075,0.0009968019506121683,-0.002006381588572631
2018-10-04,-0.01773755662516577,-0.016717311000660384,-0.009334624997179223,-0.0013178123043035993,-0.024293625529994537,0.008975780510065414,-0.02088156932431762,0.009603384953490932,-0.009569083802797895,-0.017627905299509333
2018-10-05,-0.016361965411763067,0.0026994776399194174,-0.022189727150388312,-0.007811249673033626,-0.012499481736350092,-0.0056549248512205545,-0.005868458228354812,-0.005059142631529605,0.003274165588213186,-0.009585096590879577
2018-10-08,-0.0023209896341558605,0.007568705306284806,0.00026071445886825047,-0.0015962617318603998,0.010283868570294633,0.0060886288077501545,-0.0114812777684559,0.01168914749470608,-0.0007059945525160201,-0.024161046691653577
2018-10-09,0.013758413947212944,0.00208946130869482,-0.025694220662593067,-0.010886665939386347,-0.013497008278665259,-0.006961608013633475,0.01263966836548693,-0.0005319863508961551,0.004080692697683563,0.00295531296082581
2018-10-10,-0.047433480057574355,-0.023576496119852818,-0.03916183881247641,-0.03664203257637766,-0.010527806066459844,-0.026993925709868343,-0.05587025322292566,-0.026333638649283928,-0.02637123484698121,-0.04888866640506479
2018-10-11,-0.00886720136657066,-0.03721476229948372,-0.019319492516830888,-0.008974938461396697,-0.020655666892762305,-0.030421280562636495,-0.002357717822870978,-0.0305789981866613,-0.022914970976796314,-0.013296404539561338
2018-10-12,0.035096299857008184,0.018096605152054367,0.007772453179011092,0.0042172715418503735,0.014285310450788737,-0.010972787663039715,0.033974048711939014,-0.005323349044798953,0.00963737134615306,0.04624868601410441
2018-10-15,-0.02161785365429191,-0.009160769562493091,-0.0019023442074172956,0.00629240603252041,-0.006777190566456184,-0.005719914976565377,-0.018143092751846217,-0.0021049797559502073,0.00246233452208683,-0.020413206151058072
2018-10-16,0.021797772978952232,0.0339288657662478,0.013379750323800036,0.02966416992425094,0.012527691409931005,0.02121415776686778,0.03110954033626771,0.010961718460716145,0.04625257194140531,0.032336298416982726
2018-10-17,-0.004330527608101702,0.002122684508618357,-0.01662906165969574,0.029248096082845496,-0.044416192070775795,0.011078061960605092,-0.0026158431464253285,0.013456084253086392,-0.019523704153968823,0.0049965348730255385
2018-10-18,-0.02365113096452806,-0.00024663476196101606,-0.03998523784229982,-0.014694987601333613,-0.02587641707503846,-0.01596912140470607,-0.020164155418507888,-0.010334768645896985,-0.001834875649292263,-0.022432663187865656
2018-10-19,0.015115213555581855,-0.004548662011868463,-0.027192845553950937,0.008895620588180157,-0.003275206126109983,-0.0016669187772847833,0.001473692402889585,0.007404198445013446,-0.005675675662891153,0.005655403945437487
2018-10-22,0.006091472859945041,-0.018909134514776212,-0.02007524186339821,-0.02390001621355852,-0.006134696987759253,-0.01446796493139834,0.008887124450147844,-0.015991317088762034,-0.011791500878136742,0.00398991978137971
2018-10-23,0.009382309928065173,-0.0019207190838072367,-0.07860652234212363,-0.013812908843106557,-0.0012317188996871402,-0.010491271469500388,-0.014054120020112469,-0.0021786657217499343,0.01013189019558411,-0.010866856561783714
2018-10-24,-0.03490356279749772,-0.05064344548838036,-0.05742559099000697,-0.04386568541534702,-0.008776441578693934,-0.018797729460980038,-0.05495157408041387,-0.01825943306577332,-0.0327747823233608,-0.03555850507549467
2018-10-25,0.02166164585670214,0.001170346890035199,0.028865559716532388,0.022827636822172117,0.011796886921936589,0.015085344996873234,0.05680000682116287,-0.00263559225659597,0.030431148651871465,0.04557184108331101
2018-10-26,-0.016051739918227247,-0.0113347426730443,-0.0050284312861549624,-0.007740186968707189,-0.038946447844480384,-0.013827591765423142,-0.012449966711890732,0.00041218809514758146,-0.023200770915973012,-0.019981994833523812
2018-10-29,-0.018948812423804334,0.011812680511076243,-0.009343859416972883,0.009980449252683226,0.0056163673457613,0.013732501865663395,-0.029507635873792765,0.008456074989215771,-0.006450476482489272,-0.02506850782424156
2018-10-30,0.004981980308706405,0.004718139195845518,0.03007479819143238,0.022086288214270805,0.01739973052997943,0.017490338977516465,-0.001156437229071673,0.028609071880473402,0.006837761591296058,-0.011756589533879036
2018-10-31,0.025732767310151915,0.019431564106701032,0.032333916839699474,0.02739397907105562,-0.0020448264928831115,0.0215102623530623,0.029260384568602055,-0.0058964133932723,0.0118160388724517,0.03762309932551616
2018-11-01,0.015235364668992597,0.0005701894477357311,0.027479019278750957,0.007074540161470948,0.025707420236090482,-0.0003669319391931133,-0.00836719862690406,0.0005592990274446689,-0.0016082307645991784,0.02138757616895108
2018-11-02,-0.06863299933500831,-0.030742335402696736,0.008703207766800327,0.011912715222958278,-0.002941346564636655,-0.005520892269702559,0.002262944390827356,-0.002399067267399262,0.00030648123528668374,-0.00748387000591674
2018-11-05,-0.028798820444481142,0.015173616712231348,0.00491663432611433,-0.004231851869325452,0.012482534542133578,0.006529544999157497,0.012636424577081194,0.012965958134923503,0.0,0.00014311511498504384
2018-11-06,0.010755895170555562,0.004360390326300413,0.022836558938513038,-0.0022763102321292383,-0.0009891146042488553,0.004663975268203894,0.0019516043094060037,0.016227488271225686,0.009646345181030812,0.007056368699909297
2018-11-07,0.029877519348136962,0.03538260548831656,0.04364785520405678,0.013406673481356941,0.02827651783257013,0.0170079978132968,0.03860620066693006,0.01297919561671581,0.041219841947991595,0.027945980058658226
2018-11-08,-0.003494827119354485,-0.00812935059622212,-0.027844988200506827,0.0015984918677394728,0.004104346622629722,0.008040821307733875,-0.0018774054445846848,0.005435059488073355,0.00732832828551994,0.0031034494996034076
2018-11-09,-0.01947020120053004,-0.014697737853959137,-0.034691797113538925,-0.03962638787626208,-0.01074914468440122,-0.009746597827489014,-0.019700493219764754,0.00030515359617123115,-0.0003616907458276144,-0.008991892239106567
2018-11-12,-0.05168715538937287,-0.008317735550853259,-0.015164585731436812,-0.07748225292916829,-0.035908328270695025,-0.02125048229839938,-0.0249503647761971,-0.030924269019549602,-0.015193198380298239,-0.029686489411674382
2018-11-13,-0.010041460908104488,-5.2451948523297446e-05,0.007650760139663509,-0.0048652003217542605,-0.002399099714076454,0.005857026015506169,0.000654726482751438,-0.0018120828885920459,-0.011669311237713151,0.0
2018-11-14,-0.028653893531385893,-0.006231798942042213,-0.006851198915350955,-0.012563139937625891,0.005015709876262672,-0.020837890576155316,-0.014282453849991467,-0.030180415594721132,-0.015950163849276184,-0.0016474849399002517
2018-11-15,0.024379004858565364,0.017877554827058984,0.03394964845943857,0.006154121127503997,-0.014219758579188762,0.02520849213458768,0.02176750500165091,0.02051295022429208,-7.532067782137118e-05,0.018500453196081505
2018-11-16,0.011015032207893715,0.008949450494091984,0.004163892184843336,-0.007983198625536085,-0.0019186749498704895,-0.0007271654091123754,0.009370528252861795,0.025005391754641077,0.023020955086535316,-0.011771960274712957
2018-11-19,-0.040439132398251136,0.0037525361123995223,-0.031103611603671276,-0.019483799346501473,-0.019567298034374587,0.007608311959484907,-0.034477937703200894,0.01349846067876679,-0.018840462736340935,-0.039431775693050605
2018-11-20,-0.048957032633726444,0.007818900286426768,-0.02989153336279199,-0.03532564965679729,-0.026501085385447775,-0.021708611150855962,-0.02820925707022593,-0.016609595538898167,-0.01724971190629515,-0.010368380464123559
2018-11-21,-0.0011306280374174785,-0.018859485056861348,0.013001086195709066,0.006563446698290688,0.0014777847812674997,-0.007496694665401543,0.013670868077774736,-0.00476316998616378,-0.0036394477325176907,0.007841700330108
2018-11-23,-0.025727115292371757,-0.0010377394480615453,-0.012592116780854892,-0.018339536861708566,-0.002661520805160849,-0.009239827352782606,-0.0003878863454890622,-0.009121125507064691,0.00409823298098539,-0.011597870417088743
2018-11-26,0.013433200653178523,0.00894359769374784,0.020071815818536648,0.02733329792267967,0.005728252219818842,0.02417803738210389,0.03245476418275828,0.029113866686551824,0.017204576503215923,0.022842379062225783
2018-11-27,-0.002178348320126739,0.014307794983729381,-0.0016037542350716006,-0.0035567183320801238,0.019823503501216803,0.004201268639305594,0.006273145319617855,-0.005616278527301298,0.018574666260451345,-0.00022055904455010235
2018-11-28,0.03773179729985293,0.021680991770769376,0.04833134935518714,0.023980585949207937,0.029977415728124162,0.011057651534830697,0.03647440789408111,0.008374494406786672,0.03550431399670855,0.03945873332444013
2018-11-29,-0.007711684428242919,0.004705476282581413,-0.004137979045942059,-0.013761722566884644,-0.010025585067893967,-0.007963987406825856,-0.008404586115910979,-0.000535480608356223,0.005678988649812076,-0.01625845944296787
2018-11-30,-0.005416933160810439,0.02864162039301791,0.040923222760117,-0.02158069457991799,0.02618269664000884,0.010215013139893035,0.006332437810588733,-0.0019924605063603093,-0.0010301023469297527,0.018589418767054295
2018-12-03,0.03434553326835533,-0.025878283490225553,0.023888861857224157,0.004916634809410011,0.00784417540513439,0.009398708082178225,0.010763564470165408,-0.001996368987940819,0.01750964793418619,0.022951298483587207
2018-12-04,-0.04498595963241848,-0.0258067520386951,-0.07182395653802921,-0.03894679247762726,-0.036078497440704155,-0.04566297098912886,-0.032367824625429926,-0.0266370670127403,-0.027547035039200647,-0.044853691869194405
2018-12-06,-0.01121166212759679,0.0063007027881159154,-0.007373767591067856,-0.0011944775685345202,0.003757858212758,-0.01920800480036035,0.00615508192760729,-0.010154614777301944,-0.006121862752623743,0.017234228768444413
2018-12-07,-0.03630825237193978,-0.038780407520396756,-0.038270622869475905,-0.024302776499313155,-0.018179699037927072,-0.01822764801856716,-0.040845000756190915,-0.008703016913077214,-0.028095325574189603,-0.02833066095851404
2018-12-10,0.006566281783030105,0.013747489157999601,-0.001295697690584689,-0.004686102547038033,-0.006386452189461029,-0.01886197168631466,0.02608309889027534,-0.004542272187608085,-0.009893611580552835,0.005600138895353686
2018-12-11,-0.005735739310894235,0.010710554392984099,-0.0012165425156034036,-0.011416731381291683,0.0030246441075648094,-0.00981502686545258,0.009251618263884365,-0.016641921717953367,0.0025852038271227634,-0.0077911809577700195
2018-12-12,0.0027832969941752844,0.001171853185362373,0.017135639761197863,-0.0005659137882577475,0.01154653599273758,0.006454913606546945,0.004502435626862502,0.00856057502240541,0.012717236547074389,0.007210727104683242
2018-12-13,0.010880541997997423,0.005686154414627014,0.004218639041291478,-0.004423682434273753,-0.001953808101865749,0.0009893042309770518,0.0033861403205184873,-0.0041886495932090565,0.005564022550472834,-0.0018889224922920668
2018-12-14,-0.032520631528026055,-0.028030464770740136,0.006886608985438204,-0.018068233675543374,-0.009128895096264137,-0.008241779980484108,-0.031745534913493835,-0.007849717415693168,-0.026548074801742486,-0.01797309520394396
2018-12-17,-0.009349779477949698,-0.010415124233016212,-0.018309820979746205,-0.027937461709566777,-0.025393757811756346,-0.012845037990907297,-0.03006201832028793,-0.005156475399602988,-0.02657443777947852,-0.02769541161800749
2018-12-18,0.012909476582129037,-0.015801867775353428,-0.0016080816940929577,0.02055946702768917,0.012248306716327243,-0.004758630901972841,0.01044217101635795,-0.005266855802555407,-0.01996018254858848,0.009543364205048139
2018-12-19,-0.03168900280383144,-0.008642104234032373,-0.015734403765945697,-0.01320621183141793,-0.014692050639983575,-0.012766190769811614,-0.0026968824710711234,-0.0011741389380707165,-0.01057053188188876,-0.010609695709701742
2018-12-20,-0.02555850799670006,-0.0028613792560743057,-0.006396480279011009,-0.004975649085057825,-0.020499818801848584,-0.008671484987018694,-0.02124832780820969,-0.015562022616541389,-0.03194575847455461,-0.019229444308416475
2018-12-21,-0.03967262143277196,-0.026017032392404393,-0.01225068850984486,-0.05091515417799353,-0.022672427814624647,-0.023923008615091695,-0.03284574815520135,-0.01079798840309671,-0.017056015427258348,-0.035574071526475404
2018-12-24,-0.02621442092535542,-0.010094667125199864,-0.026328554355705115,-0.023388980139592935,-0.014688223953847484,-0.021792622770724152,-0.04263467007966447,-0.029999328484497583,-0.0229175315865359,-0.020570820709506575
2018-12-26,0.06805222455625298,0.051668895883051194,0.0646456121773148,0.04122356485754787,0.06214824046327549,0.04062230457388758,0.06607764762035616,0.0395179466697593,0.04372010300944159,0.06749657248850352
2018-12-27,-0.006510382953913632,0.013062444667892784,0.015193322874948983,0.015106814703106007,0.012049782070215863,0.011192054643138685,0.006146734657872993,0.0127204870102916,0.010708630945004263,0.013575376669341853
2018-12-28,0.0005118297375394135,0.0020996011199603372,-0.00840346411582216,-0.014493311269091194,-0.0005873216448523671,-0.0021662585783781504,-0.00783870857584795,-0.0036300233140650817,0.0010972307318981203,-0.00813824406363058
2018-12-31,0.00961911195211595,0.0204469017864817,0.011556183461701222,0.02435892171944239,0.009355894464935255,0.008125306500559868,0.011685576997517488,0.01268989360367016,0.011627762729293823,0.007608080997678563
2019-01-02,0.0011403642683093275,-0.014331497220045548,-0.005444705909209115,0.02937558098210246,0.0034278506352539836,0.017163707694629767,-0.004440222243685324,-0.020074893815140455,-0.022858634871673084,0.007400100734496887
2019-01-03,-0.1039778146196142,-0.01533316804141247,-0.03929705842162844,-0.014756970751711099,-0.022287187516299926,-0.014314001723053783,-0.03748164016656828,-0.018141000531399783,-0.027648952736531424,-0.03670186152725525
2019-01-04,0.04180316037769352,0.03361230218002246,0.05320511747620685,0.03215974273608317,0.02928061815491399,0.0362025297595201,0.045459947697281164,0.02924065034014099,0.011627301254660905,0.04217886529386019
2019-01-07,-0.0022284427791118343,0.013367071993125479,0.0006240645077546378,0.005526095603231695,0.01950688433520726,0.0006953138916619009,0.0012748687998951095,-0.0032071243918908414,0.0019178297457770868,0.017871556049255763
2019-01-08,0.018884019102603247,0.012742252293566826,0.011938331282196171,-0.0036996494501411515,0.004789580898101866,-0.0018876237973453102,0.007224449134899886,-0.0038961286989127627,0.013282132684846711,0.005424348118076977
2019-01-09,0.016839284828911137,-0.001197293209528414,0.003845406929229673,0.006252990379562867,0.010290223160694896,-0.0016919227569753862,0.014198173438427828,0.00710325309080352,0.0014374593450472539,0.011700019660762999
2019-01-10,0.0031909556172845504,0.011462899272823486,0.020439267826765556,-0.0026670202241029523,-0.0037344158656743426,-9.953745788809615e-05,-0.006446370150365066,0.013308185768673646,0.005035706227573506,0.0018768277728767402
2019-01-11,-0.009866961838745934,-0.010514996131723681,-0.006489327437311197,0.005270197894997478,0.0019523428704120568,-0.004792665296009509,-0.007751803288062744,0.001661615592226522,0.011369736910466853,-0.004408650625955713
2019-01-14,-0.015150884698059933,-0.01902704739400257,-0.0022734543281483902,0.010066028003623561,-0.003349388358806494,0.01025645152087709,-0.007322625289775996,0.0009125829414607789,0.001573580621156845,-0.006977936408103397
2019-01-15,0.020259860623815032,0.013126238296277078,-0.008457475365135223,0.0066367340659463725,-0.013173494370636871,0.007303980789207916,0.02859282361931101,0.010231183721308344,0.03489946432238941,0.0017488782080806245
2019-01-16,0.012142586744962724,-0.002460501718841029,0.007394677104084232,0.09115267226232229,0.0032251516659087993,0.00803236421495672,0.003517228562060406,0.003932446475069387,0.017711325688587725,0.0
2019-01-17,0.0059204345628640995,0.015119464760568076,0.02163846079566078,0.01014751661182146,-0.012332971976123139,0.004089261907867316,0.006997560584345635,0.005219394594528294,-0.006485162571041904,-0.00043690354177181213
2019-01-18,0.006140713667899624,0.009660116043477864,0.021608165420234464,0.01718034753642033,0.02657776350707825,0.016095774364846865,0.014871999763009328,0.008665660203286556,0.02181851242173375,0.008847952919400394
2019-01-22,-0.02270209731004212,-0.00936300452618548,-0.032438307891311524,-0.02428791892230676,-0.01384943461162609,-0.015901420886251377,-0.01902685757952496,-0.01339437384097765,0.0007152800026214065,-0.0032544933000175193
2019-01-23,0.0040361376035604,-0.002081636791541111,-0.0031810069962153165,-0.003953446865886554,-0.0012428527247290914,-0.002528818673601405,0.009699223204500857,0.0053793997757626685,0.004993208331911238,-0.0075620088424540955
2019-01-24,-0.007957951919053739,-0.0029312704297875035,0.006879370865619881,0.0045603838067599526,0.002258290219115863,0.0005837637999272951,-0.004790794907498139,0.010994344980127076,-0.0033385353943253837,0.005023575319557775
2019-01-25,0.03259975703683466,-0.011007313508974447,0.03064156913780008,0.014754129284548818,0.017389942066380275,0.006306877192251574,0.009092323017855222,0.004812320380254045,0.007188580341044262,0.007019586271263846
2019-01-28,-0.009297551009214252,-0.03491357063217436,-0.09112769269273392,-0.005094091046495007,-0.003164472906516995,0.004727926020903288,-0.019694338943928927,0.00039998330588662844,-0.004786226303569857,-0.01951557346824599
2019-01-29,-0.010418861420984365,0.000833159429775858,0.017218335300602308,0.0038976427887160163,-0.0007786972726966805,0.002788014446894514,-0.02057559750793435,-0.0016810635283492715,0.00213384784667921,-0.0073065745503131585
2019-01-30,0.06610144510175642,-0.038469097648153955,0.02790068479542972,0.009826890515282415,0.013762009456673064,0.0023011130195260956,0.03287113146308532,0.008456557870055016,0.011270327842875242,0.019076227060798572
2019-01-31,0.00717501787654236,0.012097869047490037,0.02317113844657587,-0.02232354756045198,0.007382716897698332,-0.008753701714935844,-0.018500462164862015,-0.0027046484990863374,-0.0006287530943908692,-0.019002325767940184
2019-02-01,0.00048087047470002034,-0.00021373798939895486,-0.017041037765039336,-0.007451567369824345,0.004566373790562501,0.0036645742485153002,-0.015926482298011062,0.007538664933266329,-0.005492592397034242,0.037364423923230784
2019-02-04,0.028008615072260705,-0.004769287355292772,-0.00022916539773395716,0.005985928972358626,0.011111129991831498,0.00355578992673855,0.028392678906018636,-0.0035640017892971296,-0.0018997623341717484,0.00958675096229709
2019-02-05,0.016965007953544282,0.011375858642815602,0.008521076558186765,0.001465638397465713,-0.0002144487297711682,-0.004422308372302323,0.013899495016348132,0.0011100833702391826,-0.007108920340951143,0.007252593260493178
2019-02-06,0.00034434988505087523,0.012926621835296599,-0.011122483221807866,-0.007044802233442936,-0.008999911967587728,-0.00048206387631745477,-0.01116048354864394,-0.0050052510766368545,0.011907131869315744,-0.0073236744567786415
2019-02-07,-0.01912133027164634,-0.0348310664804597,-0.013573961139892187,-0.018219710022239682,-0.003525310641785697,-0.013196389353510389,-0.007193778593412324,0.009591560188595156,-0.001857023383979296,-0.009372728288918226
2019-02-08,0.0011744979158479403,0.009561492461823303,-0.0013988282642801028,-0.0072779002070167435,0.002550235647577151,-0.010012592751981058,0.00379235095781549,-0.007681784954774885,-0.02674875943560396,0.00149695500849499
2019-02-11,-0.005767452681002254,-0.0011297534649624527,0.0025627959058301666,-0.0017753726371719193,-0.008817207372793356,-0.0047469689388681645,-0.003982334861987192,-0.0029459970311089116,-0.018342123084073347,0.0029869751712534687
2019-02-12,0.008580388511196947,0.014109562596476201,0.02859533774573682,0.016381095909464644,0.014113650987470942,0.0169060828484744,0.01546187795585893,0.014564618720951342,0.024432794952365753,0.0084163640528762
2019-02-13,-0.0041635768277772656,0.0029146684274876503,0.0032358294161700016,0.0010276869521827555,0.015457962255959398,0.004764516334919946,-0.0007490113274396715,0.006110283279078533,0.001137721380220638,0.010508981435126838
2019-02-14,0.0036365954196941803,-0.0045429644137796885,-0.0036130900622649183,-0.011156235166766905,-0.0037225388653436575,-0.006520318575721278,0.0008423584274909498,-0.008706861494088348,0.005783250332683577,-0.0005585404386168449
2019-02-15,-0.0022272845250734287,0.008852987142241767,0.026636641234659367,0.030536866189987296,0.0246266780616023,0.03010290605463858,0.01227226533202586,0.01415893376908878,0.021624197842377294,0.012149556774631675
2019-02-19,0.002988172056305395,-0.007300895913252977,-0.00294141282841815,0.0008558781855508523,-0.00031196378469967813,-0.0035117408588210774,-0.0004619618565072256,0.002792482093978866,-0.0026592474700696546,-0.0032483488500951114
2019-02-20,0.006414936548737714,-0.0002672746763117499,0.03267119939913694,-0.0003523748989760966,-0.0024989305200854876,0.0048373007052900365,-0.005212839923481485,0.004945016959455202,-0.0033338404903240923,0.002005662664048916
2019-02-21,-0.005654627527188048,-0.007625884864693111,-0.010244083804183693,-0.011342804814906418,-0.0001562640030903583,-0.0020838755192326185,0.020872664519304803,0.0006164544612791891,-0.011606645543089746,-0.005056971381072524
2019-02-22,0.01110378735067862,0.010724196275422053,-0.0014409246536002747,-0.001835104239781102,0.002967158307875618,-0.004466388405358135,0.014157402981772035,0.009201092768381132,0.002661659479601739,0.012902538168367759
2019-02-25,0.007257919746482675,0.01224445759443031,0.019494242677352596,0.01342984086195173,-0.012605867545346044,0.01042190034801738,0.005571668469418699,0.011157210263881324,-0.009441170011028224,0.0013020532323623902
2019-02-26,0.0005739636094750969,0.0014218389849538296,-0.024554407802239928,0.001257516834777592,-0.00888208773368272,-0.007663849808837235,0.006876707950418108,0.005870193892327115,-0.006141113783647505,0.006686976633343466
2019-02-27,0.00309269746552684,0.00702470289493909,0.011529120216115307,1.832363310848731e-07,-0.024895843642226648,-0.001235034901933239,-0.0016926401433380873,-0.0048895786197717134,-0.050297238851574826,0.0012236128261643253
2019-02-28,-0.009884663054584195,-0.007024702894938994,-0.016178297094035426,-0.007092055832620163,0.00797171317827001,-0.007636859127126577,-0.0012486797133226333,0.0021845240515044146,-0.03193447618294979,0.006094402431939729
2019-03-01,0.010456526588157104,0.005665722735698888,0.0009461089496577979,0.0075964697858953165,0.0001617016577943837,0.0006706914066854618,0.004452926969756163,0.0009022285128775956,0.01609456724028382,0.009073223460201276
2019-03-04,0.005016762028773581,-0.007245478080707234,0.006380831209200041,-0.011264008277033895,-0.007371786438214607,-0.002300761137826651,-0.0024020404129170463,-0.006636839169023114,-0.04202463303583242,-0.010153347971895063
2019-03-05,-0.001821524112885097,-0.005071404226752488,-0.00878448671833531,0.000102327989632735,0.001033185978278796,-0.0007681281205697855,-0.005001029605933508,0.004077878531685927,0.02266323849744455,-6.796795025574503e-05
2019-03-06,-0.005770698136624269,-0.03048859324203008,-0.016987419995265967,-0.006449399703595183,0.002442695784892803,-0.0037528946006531822,0.0004477306704988751,-0.0067300290784165105,-0.009823110086629148,-0.0009467027550890776
2019-03-07,-0.01164199171154379,-0.009270476103710738,-0.015170521201153258,-0.010167605799541585,-0.01057356077108973,-0.007257483602507353,-0.012244844517180584,-0.0023545288605997467,-0.009963171313837083,-0.006652243180810529
2019-03-08,0.0023743131962389997,-0.003256559173872591,-0.010978667502335369,0.012731666450670136,-0.007037967949745504,0.0003882991954808839,0.0010865289579238733,0.0022922070365313627,0.006299310041978764,0.003534995406484006
2019-03-11,0.034055380099998096,0.01791781026649545,0.01331019913470403,0.0037320746760721485,0.0066544122559535615,0.012924427070166557,0.02077625748025736,0.006466569631174717,0.024395416980415276,0.022281272581741004
2019-03-12,0.011172839846555357,0.00021713645562013338,-0.00474409549175544,0.003362248357627709,0.008514420679988978,-0.0029749220688472353,0.006977092452671739,0.006425021637521754,0.011165082132380755,0.007010744849120854
2019-03-13,0.0044120892242083005,0.01706526354518786,0.0076699215817359915,0.003148205488384295,-0.008246525020092538,0.0033582661149758023,0.0077154708333124315,0.0021074431702806026,0.02557706281163582,0.004864752920272065
2019-03-14,0.011055428200726412,0.0021859744517213407,0.0014222254888447904,0.0011145758321821652,0.0025911258934590833,0.009059280139828384,0.0007857461284505222,0.0004512522057025611,0.004035394703535584,0.011283266975010838
2019-03-15,0.012924304453841164,0.01836470910346237,-0.007658912153989007,0.003992606054323095,0.0034084525725905325,0.011421333089958848,0.011453456586126011,0.00838167165118736,-0.007410661798856984,0.008138013143537862
2019-03-18,0.01015697067043375,0.00036585399229472476,0.010721022637922739,0.021012379371382704,0.006508738409679508,0.00598829407278494,0.01422000256299442,0.00564827954211131,0.014218123563036178,-0.003221407634528476
2019-03-19,-0.007956215254976012,0.0009403532790866909,0.0003725015222527117,-0.00668962526208542,0.003863485294374988,-0.003644600932926734,0.0006800924212361619,-0.015007497076175835,0.00831810656075554,-0.002390696627078192
2019-03-20,0.008700407992297732,-0.0019342983490049706,-0.008534230651003043,-0.034395757253309366,0.0106419835968649,-0.021579809557136117,-0.0011056546031473435,-0.012109341888516513,-0.026122834061525983,-0.005448377405759051
2019-03-21,0.036168196868633685,0.00402106686365359,0.00786319053753785,0.0013374392187830533,0.0205820709232376,-0.01591206605936948,0.02271480388583804,0.02288372254888003,0.006049665238623593,0.013245332776863588
2019-03-22,-0.020925598109219772,-0.02741920397882626,-0.03252363209945136,-0.029308088494555132,-0.006443000504571552,-0.03069884406723145,-0.0267220250092436,0.003936451717686659,-0.019755817112720897,-0.017678170333019314
2019-03-25,-0.012165146234594332,-0.0005892775969076491,0.012330019728709953,-0.002384489607216952,0.004914988515297602,-0.008354899390167812,0.005197880809199618,0.0003707840943336222,-0.0009313347567838882,-0.0002613495470431493
2019-03-26,-0.010385200068074476,0.008963033112892782,0.0034955033462263363,0.011498197019426098,-0.0017938550091061629,0.009957194225420143,0.002122574153313892,0.00022225918927662854,-0.014156180562017291,0.01472473974834704
2019-03-27,0.008954059741393102,-0.010411382901373547,-0.004866494733176838,-0.0034669727082403787,-0.00047545451244143476,-0.003408501644608366,-0.00971576596359474,0.01009851499854624,-0.006926416498709693,-0.006978809658152178
2019-03-28,0.0013254422717966245,0.007112686340568329,0.008878096103275371,0.006032921745835955,0.0042710711200951365,0.011283767292971973,0.0013695913744136666,0.004025466550796377,0.0021489057417706076,0.0029137845108841817
2019-03-29,0.006496647893504058,0.012340386009912071,0.023297089681667497,0.004228067328904538,0.009582473220233697,0.0051502763134812606,0.008600536655724267,0.0018975876594932348,0.020552764350191058,0.009779703050309172
2019-04-01,0.006768197849704024,0.009378295417761707,0.03452862344482683,0.024439926189910408,0.019353844408284332,0.03313052837868344,0.009115444756626075,0.006250196495110584,-0.006980597451696778,0.006827040070352644
2019-04-02,0.014432085023138594,0.0034355670208426766,-0.0004282308763377088,0.003855496660525351,-0.006821617361576597,0.004766807547846855,0.0014273568076125368,-0.008805157981657296,-0.0046124565369459886,0.0033013379655036147
2019-04-03,0.006831599254646283,0.002543166393544686,-0.006655649083019736,0.016869339496467933,0.0218882139604703,0.0019957356994344142,0.006522795312292466,-0.0015362074953676622,0.005833585377672563,0.004300082699995495
2019-04-04,0.0017388907959998126,-0.0030629125529039436,0.006227868818618447,0.006797882000633352,0.009221907646144363,0.009614038596766144,-0.005097609861722023,-0.0005860080166245338,0.006285063025145161,-0.0051880840993280275
2019-04-05,0.006671996581002402,0.015887182933784962,0.00163988657648004,0.0007412157263560913,0.008000048146432119,-0.002371447167345997,0.0044306053758303016,-0.0008791008926560528,0.005602820824598588,6.327986697001457e-05
2019-04-08,0.01561333083581742,-0.002715989031068983,-0.0038544873365133256,0.0007898637171927585,0.007346854492369081,0.0032235547017010944,0.00033355785481781864,-0.003819858113111386,-0.00012040078031171646,0.000634618456964537
2019-04-09,-0.003003035242361142,-0.00979741443457523,-0.025130975424782896,-0.009524315411383946,-0.013104166455620122,-0.007410521848805526,-0.005434714674063278,-0.005090802699453566,0.0001606476051502495,-0.0016497226208905987
2019-04-10,0.005598465489864195,0.004704586011795116,0.008616685463777505,0.011695084595947708,-0.00734412889938404,0.004471992774720919,0.007600234937196689,0.0019951436641426302,-0.011155710392914981,0.006771486851767861
2019-04-11,-0.008358836885404371,-0.009223137618477244,0.009696126002535436,-0.000739471102125537,0.010226791376697263,0.008413315557736624,0.0011643606177436452,0.006035184866845439,-0.04408215227855752,-0.004425066106105633
2019-04-12,-0.0004023623516914784,-0.0035979637491734178,0.01663976012438303,0.02439994521756232,0.011694157040526511,0.04581358200249414,0.005139177446905572,0.010511109665588249,-0.053213527132154395,0.011212995179610783
2019-04-15,0.0018085125741659116,-0.0011499170262710984,-0.006750984265140875,-0.038900736798487,0.004942433814616402,-0.011485221070199992,0.0008263489694619995,-0.0067756244793654935,0.03079090786225526,0.004998703931826028
2019-04-16,0.00010036368171684353,-0.016611811721608728,0.012611821013514254,0.00960761696359961,-0.0019055482707037825,0.010495969922790647,-0.002315797778713036,0.011267357562993291,-0.0409666962537689,-0.0013097932385451436
2019-04-17,0.01928586152858035,-0.030122567295813522,0.004986197270468855,0.029582210118852866,0.010121368743955845,0.028395831895851636,0.00824608182866373,-0.018015915062668787,-0.018822131157636875,0.0013097932385452331
2019-04-18,0.003587467707742494,-0.02778405503916169,0.010377455592485563,-0.009617966347851831,-0.004318348785560238,-0.007376331594051092,0.013054013614067458,0.0222716057864486,0.02239092037094226,-0.0017467055231523184
2019-04-22,0.003281148292961834,-0.006273936317848097,-0.006859180939377163,-0.00638267491450997,-0.004287983827065403,0.0012330645023713525,0.003156505490204394,-0.01683993883164973,0.023883922803883517,0.0014974631909658444
2019-04-23,0.014320238299807933,0.019094521645599872,-0.002461305384715535,-0.002250557061610505,0.006182516623721701,0.0012317089016911534,0.013483098330855281,0.010196064286794404,0.015163285604182467,0.007824480214197795
2019-04-24,-0.0015436211194126703,-0.008154766675316439,-0.030743084479140974,-0.017792581745446772,0.0032465431560260776,-0.001671891239272891,-0.003433868358682422,0.008441771525512204,-0.0009979780667450917,-0.0010518821398145045
2019-04-25,-0.009116324960142261,0.012152382236683053,-0.011685050580172614,0.004279516985398053,-0.0010650492708023068,0.0005283750363196232,0.032580946500035755,7.205363329729949e-05,0.0019081950869844092,-0.0029147566667450486
2019-04-26,-0.004785490262693665,0.005470836364915812,0.02107936645433372,0.008306899158704235,-0.014093736662469956,0.007541047801935816,0.0057133888437538695,0.0075150822749266225,0.02655211709193802,0.011791798172649378
2019-04-29,0.001516192976784779,-0.001654875827909547,-7.184803666900793e-05,0.018732485075787134,-0.0071471995303205756,0.014311567461010215,-0.0009240885243678022,0.008662000531069056,0.0018967249379573052,0.007460194721259086
2019-04-30,-0.019444077104041137,-0.010263860579976565,0.0028731966033533857,-0.004844786218196857,0.0075889485658482145,-0.0006028825247956377,0.006375620838861652,0.01605834189560512,-0.018618064007042575,0.0017041866473622733
2019-05-01,0.04791898602855836,-0.01789284546389831,-0.009150915713530109,-0.005795499926990478,-0.024349399123558088,-0.007698803030763889,-0.021047102146162157,-0.004671725550682368,-0.004817043867882496,-0.010023709393042162
2019-05-02,-0.006528952109646636,0.0020416659072867763,-0.02180679200683568,0.0012690340168523585,0.011055916461899901,0.002168427426745525,-0.013145137966665268,-0.002659184457175819,0.002153304316465284,-0.01031192870892414
2019-05-03,0.01235480751254533,0.004578969428205708,0.028372380377066207,0.012266757266548276,-0.0022415993725001643,0.0061332581288139456,0.021089589375740084,0.004544660743262306,-0.0021533043164652555,0.005694222909082038
2019-05-06,-0.015563207328862863,-0.0014111747126805412,-0.016678056873565085,-0.005266474580779158,-0.004647370891885975,-0.00890983697679085,-0.005835437324131044,0.000557597784528474,0.036198100326097216,0.0014800029690026585
2019-05-07,-0.02732717253169488,-0.018180919916608525,-0.022853731462137993,-0.018579582060390315,-0.024646312131921637,-0.01647001762091525,-0.020736213155050764,-0.012064109458234955,-0.010239244020231719,-0.012837986582279208
2019-05-08,0.00019696803550468898,-0.00994134068895955,-0.012951042351676559,-0.00832569281589202,0.00205139434169091,-0.005314050025022882,-7.994229576662093e-05,-0.001271014842666122,0.004610236791153814,0.0034271263110474035
2019-05-09,-0.010802339422973652,0.004173740705479779,-0.005699972863024284,0.0033783508253659596,-0.003027476444441056,-0.000799421073687418,-7.962315011816338e-05,0.002117440518146696,-0.0049464223734340925,-0.005927144456245018
2019-05-10,-0.013950129497889317,-0.005918065274495964,0.0010665744788953704,0.0020808512477780996,0.0,-8.879995353309454e-05,0.012904453231044569,0.014906560804980498,0.010949697777649176,0.005616026896044393
2019-05-13,-0.05987694141140167,-0.025041767672331943,-0.04707853960797687,-0.03566956573918904,-0.022031525209065865,-0.027574336526979125,-0.030184271206046102,-0.00382804530023831,-0.004331830683535947,-0.021256053140506867
2019-05-14,0.015706452152699477,0.0012522752366163732,0.017170227688991273,0.006696134255369872,0.006702170796476017,0.007917374905135648,0.01112559109481434,0.01591048145050361,-0.013110187417552835,0.018140044389660114
2019-05-15,0.011908025329409558,0.012200748297800552,-0.001334689505363494,0.0006114869607108236,0.0007305897171263581,-0.0038144310456060294,0.01398384360373226,0.005543810245229413,-0.001481213435238849,0.015975689413118672
2019-05-16,-0.004409441290803983,0.008867202183246258,-0.005435115272388145,0.013854529382372024,0.003228235568383689,0.012748162716058059,0.02282906637357137,0.006055844969347662,0.003002522614116424,0.014233267924221507
2019-05-17,-0.0056980623807174275,-5.8779848809632737e-05,-0.030880214714243237,-0.008623989753303567,0.001038679193006154,-0.0048629109874131285,-0.006692556290825152,0.0005427280247587801,0.019199082281573052,-0.004742312826161129
2019-05-20,-0.03176902681779907,-0.008986230309846467,-0.0026918407265511474,-0.0009626850632087391,-0.008500330557536458,0.005222307868874557,-0.014550491702235501,0.0045996195218587325,0.018918468555504223,-0.0037856974583063297
2019-05-21,0.018989244775550296,0.007690520279011,0.020374490890508162,0.00943610068398871,0.0026153335190911096,0.00340713850338112,0.005372928648513724,-0.0047353797026150665,0.015929860454248317,0.002382813974436096
2019-05-22,-0.02068427837291711,0.009443237158859029,-0.011187054299585799,-0.01819467254018163,-0.013355827806044548,-0.008178219255236296,0.006049254400011385,0.0033173357025111454,-0.002403475875648497,0.0023164080998037653
2019-05-23,-0.017216863567569757,0.004717402743980815,-0.010576820033886467,-0.01832365622980331,0.016224548459998912,-0.019867856091009783,-0.011739301683934413,-0.006917890623889659,-0.01145551815843206,-0.016761873879123437
2019-05-24,-0.003847762364964959,-0.004834129596793398,0.005221301747230185,0.005351202511504223,0.008247191695368184,0.009801186847342911,0.0004755112754872902,0.006782441202442693,0.004574001085178112,0.006972375905998091
2019-05-28,-0.004143697639633678,-0.014288899380102726,-0.010716502243839134,-0.018618025803842028,-0.0105936270620079,-0.010906087368904839,-0.0006339792569309126,-0.01128395213739365,-0.02275044303238473,0.006557347606451825
2019-05-29,-0.004780466295454815,0.0019524238004946202,-0.000905154011002615,-0.0028673765361442263,-0.00817721532868667,-0.002768118021934851,-0.009717407077622867,-0.008306374784266431,0.0014037000703720657,-0.006004246451225971
2019-05-30,0.005173355261027572,-0.0008279580349986843,0.0029592012330931354,-0.0036223876218791904,0.005720522374869858,-0.010776890891546553,0.0063032861045975155,0.004539156325060358,0.004528119108841927,0.00018410168032184364
2019-05-31,-0.018281629942489202,-0.013939461156846715,-0.016801600780987535,-0.026390194177878145,-0.006458211299573243,-0.010327940633630253,-0.016439181372021498,-0.001098381103209564,-0.007006449537181206,-0.008824649377531517
2019-06-03,-0.010161699806376136,0.03338938047215021,0.006986583793788059,0.003828561652083988,-0.0014754612111642607,0.004707682336817428,-0.03154014776488377,0.00834585912540372,-0.021908990769371868,-0.01706651018772792
2019-06-04,0.03593066453094052,0.013656608851960577,0.011783036394064732,0.03586849147772192,0.02952223443715037,0.030344612723897123,0.027326850986849473,0.005164313550073811,0.01759859486016173,0.023245825724571748
2019-06-05,0.016014386882711697,-0.0010306075228048725,0.008482821023569025,-0.007612795865074788,0.01433810511359184,0.003547681543227483,0.021447598374021968,0.015467670984985216,0.008314055213830475,0.018675057496122374
2019-06-06,0.014575090168458746,-0.000573224616258821,0.002190464598519632,0.007244095565604594,0.0024371199604711065,0.0021770009912750335,0.015691073098139288,-0.005688634763829122,-0.003920771940126166,0.009208737205649211
2019-06-07,0.026269061457621826,0.006058033732187348,0.008634220983797956,0.0,0.0006593003244348679,-0.011023725703365668,0.02762301870074506,0.00906904681517305,0.020263053336000578,0.01857776606723628
2019-06-10,0.012698009785973546,0.00039847920788173454,0.010232033770393851,0.02245279793960579,0.00379383023783908,0.01075169162377178,0.009091038421644127,-0.0014050583335283723,0.005536438301205814,0.004517891595697616
2019-06-11,0.011513516842670678,-0.005482291754423763,0.012172995927409634,0.003137356018769342,-0.00020192674680531472,0.003076578801005797,-0.0037779452316255824,-0.000870890256056096,-0.009190388230842618,-0.002990383869188803
2019-06-12,-0.0031878381441171723,0.005596592663640477,-0.0014151305062628633,-0.023432419072863527,0.004686048498005983,-0.012821192492680376,-0.004628357043694403,0.0036127232210275695,-0.005587484633786295,0.00748776863651871
2019-06-13,-0.00020616487294867756,0.006300900204390928,0.0005505279354478638,0.006445598345662533,0.01699533336706096,0.0024680425409897566,0.0062922393610363656,-0.0021391521031540405,0.0018796147515935764,-0.013140264254693015
2019-06-14,-0.007288887890554735,-0.003571511370575248,0.00047192755784733134,0.0010961324020996035,0.01676018459774895,0.0025527807481802614,0.0009822387042924148,0.004673768770320002,0.00609084581475624,0.0018288216735493701
2019-06-17,0.005948684722957235,0.0130338241979603,0.0007070924930072203,-0.004340343598288674,0.0058629197040557714,-0.005478537406722308,0.0030157643372414993,-0.0012664461642715509,0.0024423265593961304,-0.0005898124587312821
2019-06-18,0.023246489585348466,0.017889509266203214,0.023366290678692073,0.021514359909474073,0.0024129532932312334,0.013549937719472358,0.017238314082297403,0.002731229027530321,-0.0010982348880575203,-0.001652416933269442
2019-06-19,-0.0029271063992437263,0.006367116594635671,0.0021458229044034934,0.003379022600081092,0.002214684640606486,-0.007252164361536196,0.0039134395880738694,0.008412870617766605,0.018109344199782645,0.008294776087918013
2019-06-20,0.008003649160246222,0.007141737708416475,0.022858914357139888,0.000306660420129099,0.0157928017085326,0.002544366373933457,0.009243192748804835,0.0038845721404224373,-0.00976030031521618,0.017711049673771052
2019-06-21,-0.003415193947874458,0.016326211747641147,0.0019437577653543922,0.0012256099261125585,-0.008843616835116825,-0.006829847518019753,0.00014622126822721364,-0.004676925249349483,0.018079289224956236,-0.001728313262334362
2019-06-24,-0.0010066216141036072,-0.012260282973835595,0.0035788477708961434,0.007879420655040083,-0.01875276166372704,-0.007152628342191776,0.005896147618279918,0.0035587891466770535,-0.010519765955948768,0.0023610494244776107
2019-06-25,-0.01527328775945605,-0.002112223804134394,-0.004923935720243879,-0.007267040292860118,-0.0037050668081415033,-0.00831718950170236,-0.0320812807986501,0.007275047228854747,-0.007963003996119917,-0.014893216756729642
2019-06-26,0.021398296455950993,-0.006909412418868696,0.010711950764683979,0.004833865157037273,0.008171988485273838,0.006659088483227638,0.003740175008976024,-0.029356525300225755,-0.017063052512962206,-0.001285066981642906
2019-06-27,-0.00030041859081937454,0.004629907707512564,0.002586504947645027,0.011656858907127478,0.0029027227539103885,0.003313286976190908,0.0016414692898129217,0.003356838619170172,0.011718982939979606,0.000993134220539513
2019-06-28,-0.00915348779910185,0.0014118915600521628,0.0058131115841777705,0.026145338587436645,0.004578303012081035,0.026832811177043833,-0.0014172611488417173,0.0021423974866728074,-0.009503562462281701,0.013458115556994776
2019-07-01,0.01817421673230623,0.011170445304725529,0.0022718649493459523,0.010985280828814876,0.011046166780859666,0.01667576190284469,0.012757838354258194,0.012627040706161536,-0.005630195680258005,0.0022443875830159736
2019-07-02,0.005837662739341764,0.0015545972452246125,-0.005505534403090606,-0.004263022921675934,-0.0006660103471273613,0.0010549376881649815,0.006611190343431142,0.009269286169173123,0.005466058992758241,0.007674465001504825
2019-07-03,0.008252866518241826,0.010340500561313772,-0.0019156217613314755,0.00029118087028144813,0.00928393429290173,-0.0015943261029729976,0.006422623550968754,0.009572516061731508,0.005069893421467847,0.009030340153875485
2019-07-05,-0.0008812640494243276,-0.01409810866176091,-0.0007376705798544009,0.008987154881846314,-0.0030220993379457433,0.005921385687223255,-0.0029143588909864345,-0.0013619377587136279,0.007232770354088036,-0.0011880434364276828
2019-07-08,-0.02082910481922824,-0.020099329797423317,-0.004809314665397848,-0.010395520104151686,0.006833901321482852,-0.005478126395671581,-0.0007297701678666727,-0.0018839410900193334,0.003435462573831062,-0.002663954054996198
2019-07-09,0.006080887248251035,-0.0035731506837894415,-0.004087017723694419,0.009769675483659347,-0.004283457193049702,0.004243617041088237,-0.003657636292202248,-0.0022783193926290616,-0.007451687314259896,0.00870265013402983
2019-07-10,0.009840015773829749,0.0037376549291565967,-0.01236297393776824,-0.008700824835960453,-0.0059139309502924285,-0.0029155054021711524,0.010135019460079362,-0.0007823345385301056,0.005998374150382091,0.008850413665091504
2019-07-11,-0.007308951230307792,-0.023705410898675502,0.009902536816281504,0.025784996609168973,0.0154905010723853,0.009510460496765124,0.003981752569829139,-0.0058868671891963995,0.05380351819948552,0.007943632505003208
2019-07-12,0.007653517874027948,-0.017397888591010484,0.03231765184124253,0.01217995592209839,0.01938657873524213,0.010462097092984363,0.003605929876136062,0.006278342150666684,0.017986961168273616,-0.0022712082956827333
2019-07-15,0.009350954315151023,0.006779703853872886,0.009209067918432937,-0.011092442337413157,0.0021514364868912453,-0.012216282602997452,0.0,0.0093441037881565,0.0002257621866909018,0.0013303545732187047
2019-07-16,-0.003465831227264033,0.007635859382837576,-0.0039469491668682796,0.01845039942525806,-0.006606171390201461,0.010653864850977362,-0.01318942905339331,-0.0015515483695322512,-0.004900237145503294,-0.0070027787825391
2019-07-17,-0.005639413119869485,-0.002312941947875849,-0.024453400913244643,-0.010354060371691362,-0.007623497373473172,-0.009864346798394708,-0.005926287326966266,-0.01439886066027005,0.0074910606663409,-0.0008922229571563236
2019-07-18,0.011295553920663112,0.013909449707974655,-0.006208004251862937,0.005703413506701602,-0.005441265879914439,0.005947869805052989,0.0011000539612676752,0.002163453762588913,-0.02295016744072263,0.007672998395742565
2019-07-19,-0.015040028113512151,-0.006425835792192754,0.01755003941819678,-0.004672461097631473,-0.006549961916438127,-0.009903329402003707,0.0014650772227272177,-0.01637355348121647,-0.015273488982875422,-0.007170946607162768
2019-07-22,0.022596726671680258,-0.014113199719428982,-0.007293624099299386,0.002245499359910521,-0.008342923069038853,0.006408877856923866,0.013161211162162945,-0.003467311179116221,-0.005195503500670257,0.007392949951115662
2019-07-23,0.0077876648071003385,0.0006818123219122577,0.020927175180161087,0.02505731869593115,0.008530605154298246,0.018124921145037123,0.006193414318922128,-0.014872017290002733,-0.0012151623295243905,0.0018254977442790049
2019-07-24,-0.0008142953079985884,-0.0013644139080765448,-0.04585812827608206,0.011778919411812739,0.007620678553030673,0.00403105326453397,0.010214036991636196,0.00911102492552875,-0.015331986269143809,0.013343898315879234
2019-07-25,-0.007938894909787025,-0.00948908367373404,0.021004342434218497,-0.009275672475101797,0.0039045078641780227,-0.009633117302066544,-0.0037736965562618074,-0.002421338360419129,-0.00972324139981137,-0.009536621483905073
2019-07-26,0.0034719675511121033,0.0070396132295410885,-0.01337667205636368,0.009771135419687785,0.00628960309272251,0.004398338754631578,0.008169976871773486,0.009650905836297581,0.016904831101483227,0.011498221530351058
2019-07-29,0.009295207306167197,0.0042114475518260615,0.011519166342410358,-0.008227034604377178,0.005195841815873815,-0.003189072303150058,-0.0021954933529479254,-0.00796897287631414,0.0034731602598490454,-0.0026167611817473004
2019-07-30,-0.004301626568173205,0.0020995217271132334,-0.01129375487405145,0.004890168113288143,-0.003123181491212286,-0.0022466499890812994,-0.004833593207060486,-0.0075586156974891405,0.004363506917891773,-0.009212037723221517
2019-07-31,0.020198883255266167,0.05582236835106207,-0.009674235773097811,-0.005752778197961742,-0.017028863972427356,0.003540700270201489,-0.02950098741221931,-0.006796906771433977,-0.02349594136893077,-0.01963751961419057
2019-08-01,-0.021876543812465885,-0.0031137398521328,-0.03776678691461751,-0.03952031809327483,-0.00403245591148676,-0.02673342664497525,0.0130502775934895,-0.005745618427604999,0.0009635289438003801,0.0065515110121838
2019-08-02,-0.021385018156229327,0.00653774333223903,-0.017905026025753397,-0.010594782276363684,-0.0032001014016345775,-8.890717562944777e-05,-0.008437673336822582,0.00778924995921629,0.0032043593857698136,-0.0098149096488843
2019-08-05,-0.053768059474490384,-0.03102873043712768,-0.023478983868479374,-0.037420699656686464,-0.03457651396567839,-0.030204303213893814,-0.034859061448635834,-0.020560629133041016,-0.02015784702202043,-0.049450171938023396
2019-08-06,0.018753587803224156,0.016177128350857967,0.0035285858312036826,0.021242465089474995,0.018659747998686284,0.007818356231614827,0.0185839762755047,0.014005499739187494,0.013054266243885953,0.021211357609486434
2019-08-07,0.010302012833141642,-0.004999991841574001,-0.010706123484128747,-0.0013114364643142865,-0.004271831120152056,-0.021972967372870064,0.004370978152291484,0.009545899754928812,-0.007398120620063509,0.016331727256784237
2019-08-08,0.021816107992940554,0.009165612479272119,0.010214375865115827,0.006105550384140785,0.01745097283787347,0.016797937471605198,0.026335009784245068,0.0058193734105298125,0.004736258658091881,0.025787901784759135
2019-08-09,-0.008274514827520537,0.05779117426225654,-0.021873236221910067,-0.0004835045846839394,-0.007353261108316885,-0.0010931568987402754,-0.008531748707660778,0.005717968395500108,0.004070680562077638,-0.004735924363678193
2019-08-12,-0.002540695324541101,0.047418333819531075,-0.02253365532063806,-0.02634678131026804,-0.01443565342521315,-0.018949872460875258,-0.014040636674847111,-0.017731716653243884,-0.022081813103199545,-0.015251015368386585
2019-08-13,0.041476494137462586,0.0016511405252407135,0.019429481851482487,0.012770399198845251,0.00635647662595732,0.015298315384372428,0.02048250354112755,0.012013748257743645,0.024451669288668005,0.01279087969205972
2019-08-14,-0.030217214407204117,-0.028747907124150037,-0.03245089309628448,-0.04279182173808666,-0.032887828767147353,-0.04240837455406221,-0.030577111983050485,-0.0325023732061772,-0.024451669288667918,-0.028969778036751537
2019-08-15,-0.004993848569849097,0.002209966579445258,0.0003472854497660769,0.0031653144999347913,0.0009916741903177352,0.0038094432707704196,-0.0022415331251006533,0.014598770765606678,0.004308059456620136,0.01722367533378686
2019-08-16,0.0233205385418338,0.023356585751787003,0.010186369506765183,0.01638079143138405,0.009175440548526445,0.023671907119447083,0.018161852340005395,0.008344819277880538,0.005878163179057988,0.011058140926720129
2019-08-19,0.018472297955585002,0.009658207252436461,0.00795586030100496,0.013843960678223211,0.020894667208418243,0.008964720817783595,0.016609743842117476,0.0052313872696859685,-0.003996568683082704,0.008436462640212774
2019-08-20,4.762226564064677e-05,-0.013833006781476299,-0.005896723498440505,-0.011039916539651824,0.043014399206954344,-0.012777843124353002,-0.008343743171035405,-0.007276853436569462,-0.018768542452687345,-0.002785845995193306
2019-08-21,0.010780178503672244,0.0037827966597461567,0.008619827092093654,0.003494394482911119,0.015132004058063087,0.0027917181654480167,0.011085233088223347,0.0036108001918556923,0.000790869180041576,0.009439849327675623
2019-08-22,-0.000846702664581778,-0.0025531150798330593,0.0017829920482723837,0.0086330390517161,0.0028091943203437304,0.010262040010822373,-0.007303380636680736,0.005223286117704646,-0.03131536806584485,-0.004708874938834327
2019-08-23,-0.047323021462328724,-0.021566033913774738,-0.03302765654575972,-0.031210319899235384,-0.016192468856626174,-0.02514809534105335,-0.03238127085141434,-0.021057883345233057,-0.009836079270296397,-0.0273572865254386
2019-08-26,0.018821343953964922,0.031301330858079325,0.0031516603630314458,0.017431377292095405,0.005411650143132485,0.007985661717146306,0.015325114031608387,0.017872878960194124,0.0018192018162700601,0.013378197116871743
2019-08-27,-0.011348031556914339,0.005244129711123147,-0.009131227085089112,-0.007945346064202602,-0.0020142498205003396,-0.010629985566315444,0.0021390530964316753,-0.001630003597057629,-0.03590631514459267,0.004438536096345466
2019-08-28,0.0066880447081782216,0.004975399728180604,0.012969044309775534,0.01179445272577831,0.016993954051539445,0.009974512908441898,-0.001326922383604649,-0.004974998323346391,0.019632907365489654,0.0016245599530618849
2019-08-29,0.016789917250817264,-0.0026057505795124055,0.025019609352460878,0.021212746473493502,0.02390671803555214,0.022406188569818873,0.018708346688671,0.003886509432492682,0.014280718741697193,0.013894996531942504
2019-08-30,-0.0012924758143056695,0.00789241148147069,0.010390042290328411,0.0023077818282631825,0.002591992226939428,0.005842819981348458,-0.0018839546310807423,0.00013646525333483973,0.014549775845017815,-0.0019337881015521051
2019-09-03,-0.014670823920268162,-0.014971024707484841,-0.01669332772022112,-0.024524957670402837,-0.016991862857871062,-0.011903755778216384,-0.013289857483226844,0.004142095393615391,-0.014549775845017725,-0.008999160020512589
2019-09-04,0.01682412450648021,0.003885208221290035,0.01753316738142114,0.013776028912080733,0.006444555795331365,0.01199464469999569,0.01162038195402149,0.017398839940287725,-0.01701134343542104,0.014239401089804855
2019-09-05,0.01936309268058325,0.006425495182126155,0.03213950076101064,0.02603039096704487,0.01768770898598988,0.02249918556945033,0.017429960336355,0.010467098194003177,0.012535082274564683,0.016153332572007757
2019-09-06,-9.379358603374593e-05,0.00038536354352297354,-0.002360567291005376,0.0007724658579255568,0.012977140883224242,0.0021337867587429924,-0.006806044295015783,0.007222879197971194,-0.0025728913503150967,0.005452591796597277
2019-09-09,0.004258058843713152,-0.026289922443854773,0.036411390634840606,0.022758838252087986,0.007500006030415837,0.02447364899715179,-0.011423767885515395,-0.018523375892027193,0.007309222008068912,-0.022816894778585693
2019-09-10,0.011743721651129605,-0.027405577110831313,0.023608977616934406,0.017072207789243517,0.0005580594566136708,0.012657818051891997,-0.01052653379860381,-0.01798574494575588,0.007687046449248723,-0.029060370353644036
2019-09-11,0.031300235535740725,-0.005245931362954683,0.021262750314764017,0.005411183233812558,-0.0014601325361335781,0.002734392170615218,0.0002939099028135714,-0.002322397187098983,0.007500060745909927,-0.007799022816567079
2019-09-12,-0.0022387598573935987,-0.00943985201196694,-0.010119316177173827,0.00890859981588929,0.004887936063786316,0.006124888551364363,0.010232623895790329,0.014056761813463485,-0.01770442639970454,0.01699947227664124
2019-09-13,-0.01964588412419221,0.007548888498528958,0.015290538890290039,0.0052891370245299685,0.0007694531302346219,0.01948501412421007,-0.0014559064282735992,-0.01350949673856132,0.019843582594512597,-0.003996951616600187
2019-09-16,0.005243383115743667,-0.007136610298090702,-0.004720631179022914,-0.012262361822531107,-0.012861089435286405,-0.008939412934588786,-0.007235552474981532,0.0002048308695657302,0.003504056800734322,-0.006565202800084426
2019-09-17,0.003631160012970207,0.013510886262149696,-0.007387174722025195,-0.006048893723958078,-0.003382736324886552,-0.004963555921446509,0.007745697495768426,0.006199396577275026,-0.008180769668992298,0.0019285427947392277
2019-09-18,0.00933581422791613,-0.008576470395633919,-0.008357344690066246,0.005404350241616791,0.0026896107427809065,0.00998620997782714,0.008190738566784168,-0.005311498011849394,-0.008248247057774856,-0.006595997973021587
2019-09-19,-0.008158167911666923,0.0031224416549475416,-0.007274461758918156,-0.008558735311063959,-0.011809367453314684,-0.003178070940493064,0.0182419340951977,0.003203713348841479,0.009666349522860116,0.0038153900307805913
2019-09-20,-0.014725935249620865,0.006571699305370196,-0.015177685241047133,-0.0069467126056183244,-0.015239389825679142,-0.004028835200562138,-0.011622412180164923,-0.004501858143391709,0.00017212893764798778,-0.010856754249721988
2019-09-23,0.004536643201172978,0.004155100329935575,0.0020267362923474994,-0.001311015659877866,0.007008075118680833,-0.00016821121578067814,-0.002153434746077761,0.0017760380288168044,-0.01784927550004182,0.0048712407618020925
2019-09-24,-0.004766569514016723,-0.006136880679967933,-0.01910354875975258,-0.027114148415943264,-0.003719826021564841,-0.013124101501684072,-0.012729704538853416,0.0014317100614525055,-0.016616731971717938,-0.002461018002009517
2019-09-25,0.015272664006054282,-0.0024964166373057264,0.004908770261735,0.010915024930239008,0.011863426616709988,0.005694109412698036,0.014309467497458215,0.0006814615255242755,-0.012657500123943177,0.004574216074218999
2019-09-26,-0.005171164974997421,-0.0034743356690212033,-0.001738861332525464,-0.008655152375484969,0.00738163526180694,-0.008254335144562072,0.001290880504829627,0.008476011610305804,-0.03057504263855668,0.0021087418812762793
2019-09-27,-0.00487782436417705,-0.002254566058076017,0.0015808135046254293,0.0035954804763031925,0.0003043533844093056,0.005878405840863282,-0.013056632966832524,-0.0006752908554591609,-0.0010211152253144264,-0.009438210035832582
2019-09-30,0.02326259696811754,-0.007362716824164035,-0.0022143943792756193,-0.00836153466345273,0.009353416108790775,-0.0002545834017555526,0.009395287888691912,0.004651306924296655,0.009524212596145517,-0.011502512406691834
2019-10-01,0.002764442314732791,-0.0016548030743363449,-0.03168975236624303,-0.022151637776788222,-0.004059677583571849,-0.018350798225261075,-0.014198042923490457,-0.02134388253855731,-0.0005062233268064841,0.013167840508217699
2019-10-02,-0.025387559085869656,-0.020816715291976907,-0.019890904266754172,-0.022148779314786263,-0.024222073632591917,-0.02010564644850435,-0.017813254339630723,-0.021950334852337647,-0.0021201988863253,-0.02592226067816154
2019-10-03,0.008458800560989256,0.01786178933992552,0.0006666696614759095,-0.005107564834949593,0.005570591537093767,-0.0014251804553678566,0.012032789506256735,-0.004645986458191115,-0.006433532380035214,0.01774157424756334
2019-10-04,0.027646279276526627,0.015301158138313054,0.008296085703138075,0.017888246056362585,0.004925993553016177,0.0214287936096268,0.013411427047780481,0.022534355041485828,0.020406928570685493,0.017830458294286856
2019-10-07,0.00022019731981928357,0.008045873809446633,-0.006548116627847331,-0.0019943429087191265,-0.0052345203209605284,-0.002183824148707008,-0.00726650753736575,-0.01256490931440249,0.0065301104031121535,-0.006156062383312499
2019-10-08,-0.011784204331265532,-0.005543850225534032,-0.019142341479660173,-0.015235311102939757,-0.0003089420998187297,-0.022548290308551006,-0.01063090570960177,-0.017760713473606526,-0.0051204653484948825,-0.014281065012844374
2019-10-09,0.011652049734567177,0.0031063862529009537,0.012383556068377804,-0.0026377043557812333,0.009964944257449792,0.007217467171832146,0.0187658705638535,0.004753073412566217,0.008910135146777812,0.014167048843613672
2019-10-10,0.013388392520042532,0.010066351602323996,0.026846740762875073,0.01522502780066001,0.01159502671422842,0.013930991665967332,0.0062020285641671705,0.0018383883577427968,0.007402105644845851,0.0
2019-10-11,0.026250747596752395,0.010614212119911318,0.04548946320180987,0.023780499423926987,0.0130824789468885,0.016757520161190552,0.004160587835975105,0.007319941963710348,-0.007447249055462776,0.012388384981392083
2019-10-14,-0.0014404065214859423,0.010354616157174274,-0.00015570779514853978,0.0055546073054386575,-0.002047391410233072,0.0026655866129265005,-0.0009310134840706688,0.0035702287090942767,-0.006687084879531819,0.0016929223277265173
2019-10-15,-0.0023346380023036794,0.008685994508152856,0.020431576433821867,0.0031043568814216583,0.006130026488409815,0.029696376615419434,0.01437157023961368,0.0013961036610700848,0.07844096609440938,0.007806599284385076
2019-10-16,-0.0040452295570126235,-0.0071102439109452025,-0.006431276983800049,0.0046391462996630845,0.001187536288278247,-0.0023366261817090134,-0.00822746770268001,-0.005176845172457769,-0.006728600350996056,-0.0049353458011089
2019-10-17,0.0038752052362324087,0.0017211077960559524,0.014337291795452496,-0.004639146299663128,0.0036814357859731276,0.0055823711459896275,-0.00514129405473636,-0.014768029741768286,0.02779698729626222,0.00039360123041218834
2019-10-18,0.004791287845338366,-0.004135329880785265,-0.0025214381668252897,0.00029069212799910616,0.0048872372543603436,0.00174355312261841,-0.016456406645884866,0.006244352697202645,0.006830049797262608,-0.012611367262169694
2019-10-21,0.017194171462563034,0.0010355529266979201,0.011561407391995052,0.013132353714786157,-0.005182936835244851,0.024498355479908505,0.007395072444395945,0.003883447077017512,-0.005804625757348998,0.004089015250765545
2019-10-22,-0.0022892808694824646,0.009319255677422377,0.010981074657951324,0.0016713540020162297,0.0021101257578998622,0.009986352184134456,-0.014992428302960938,-0.08650543347259783,0.022538528111888154,-0.03207930699107663
2019-10-23,0.013329731822292598,-0.007399257582622578,0.012266058971885062,0.00817238763042131,-0.01072328538818946,0.0026408652900911825,0.0063591744347999135,0.015325770572724268,-0.006756781994774909,0.002688493644256532
2019-10-24,0.0016433393605173618,-0.0012797747443100314,-0.011070198005571649,-0.001278395605891685,-0.0033293688222989877,-0.0007195313349071102,0.019482571593742982,-0.005538611320287761,-0.013365883671284466,0.027859630385815116
2019-10-25,0.012240904805821268,-4.930482747719224e-05,0.04299225456927367,0.014955119717457771,0.0020929605969125147,0.007966348702452268,0.0056294756693939674,-0.007638089927461026,0.0016346285205647722,0.009547911672269139
2019-10-28,0.009967266229536049,0.009606734727491083,0.0023589882101465883,0.016297583469035707,0.010271980010018418,0.0038012835574199474,0.02428877846261482,-0.008701119302124862,0.008700043909292757,0.011127078066139641
2019-10-29,-0.023399393052611416,0.019227614034070424,0.009026595631760441,-0.0005053535456381147,-0.011296529363978586,-0.0006324724370455557,-0.009476578835003304,-0.002865641441181444,0.02098842373935164,-0.012364845971320124
2019-10-30,-0.00012353403839266764,0.009002863636360964,-0.007029446575051759,-0.008443929861556473,0.008928858004865288,-0.005552226251860829,0.01238485800067634,0.006570859036226609,0.009899875303072648,0.009078518420715196
2019-10-31,0.022357691826017812,0.011175907315168997,-0.018264646107608966,-0.011323770584886844,-0.00705153774961495,-0.006463031939876827,-0.00861155832478564,0.009814453902320401,-0.008276282529716471,-0.0021778259993677526
2019-11-01,0.027985724038297966,0.02180048543666903,0.047407268618393665,0.018618136408725547,0.011697064833322697,0.02279320737963536,0.002438020011543854,-0.0025974584774665567,-0.001940923835385464,0.011506503471733124
2019-11-04,0.006545879150529817,-0.016375574820661203,0.01667725578806042,0.011343754938225287,-0.0102489516861834,0.007949366447014163,0.005758587344625745,-0.003985815063966735,-0.0038134485285527026,-0.01100373466847748
2019-11-05,-0.0014382915418233693,0.003119910648178928,-0.0037500848934679666,-0.005610089804359785,-0.011645613144768457,0.0021711600888765213,-0.000622580977532295,0.008184558030247641,-0.0037882682625861247,-0.014522361079561102
2019-11-06,0.0004276559348493588,0.006118333562053555,-0.006030258861145747,-0.0010066810548991154,0.0077646832422608395,0.0015481594499154247,-0.0027729648748235332,0.008193537118239218,0.0008785739492075217,0.002265441865623788
2019-11-07,0.011475365389085551,0.0073208817952557315,0.010393345638021603,0.022051232874740995,-0.0045828994430252784,0.005399128774423917,0.001387274870561333,0.004974507072981327,0.02343393452596267,0.009346919350958329
2019-11-08,0.0027330579698170627,0.014211192312468307,0.007791816551140991,-0.0017031515229393463,-0.00042917960835892917,0.0029185616229605027,0.011715441292054141,0.0021028415635872357,0.0019868190762167928,0.003021602308828716
2019-11-11,0.00788755141950692,-0.0018560191977985345,-0.0010806490371392983,-0.01755910746827706,-0.004476847161719336,-0.0035344006334768687,0.001027208329678972,0.0018735506856353693,-0.011270993516711162,0.0031796893407002084
2019-11-12,-0.0009156433212060488,0.0027600773226245413,-0.011279717192445256,0.006280581995130579,0.005678319641261416,-0.005866919315021488,0.006549088090375761,-0.001423596802780472,0.004554777456797713,0.0011137646625212928
2019-11-13,0.009535918233014503,-0.007438082976235471,-0.012721707993024436,-0.0049572826475717474,0.007181072512242661,-0.005278558386464421,0.0016302617701291898,0.00583216862352807,-0.00660326722414617,-0.0018376800222314313
2019-11-14,-0.006943357441299493,0.00128233209502829,-0.0072941260458421805,0.0005014015776671339,0.007425309818069597,0.0009335372692337298,0.0050785600912795605,-0.001342940110039982,0.008873169079861064,0.003566948982917077
2019-11-15,0.01180942225813272,0.010743116857599376,0.01295285506015791,0.0037298565817709723,0.0031232879362754935,0.007205709502266274,0.012817526726020094,-0.002840489431060609,0.05168403814137924,0.00011109814828996071
2019-11-18,0.00502936316856543,-0.000860704662664212,-0.011907271183956174,-0.0023639415855093004,0.006552826722060041,0.0083800842595165,0.0024641653080603033,0.005375722178558528,0.01301820765584653,-0.0006120394623206722
2019-11-19,-0.0030373352077365406,0.01720730450671418,-0.0028595877699062284,0.0014099941071843735,-0.055920464289724775,-0.00030655033280914553,0.00033250674614587945,0.008674598867266691,0.004751714566095929,0.017162177422912536
2019-11-20,-0.011709641638541293,0.004488641963230952,-0.011661534734234239,-0.009727293489145823,-0.022205130945546648,-0.007301865178080708,-0.0017360589546433775,-0.00022121940810724956,0.004838142220204213,-0.00609146167074107
2019-11-21,-0.0044935739698527925,0.010191497226568667,0.01291776197736938,0.0014675093624298679,-0.01074113718757858,0.002311650638223499,-0.0009360758065688079,-0.005479081543978241,0.0035860568858789997,-0.009791278138138834
2019-11-22,-0.0008783358939561243,0.012735563459554665,0.0036208455713674804,0.009349865692272833,-0.0023362637478796066,0.006597003204658646,0.0007354383278741911,0.003261189989226377,0.0010482391378148078,-0.0023376663771380543
2019-11-25,0.017381796248120338,0.01633456587679436,0.01749942419351834,0.011150617399066112,0.0016954211283648796,0.005338063527828128,0.010903852872091306,-0.0007401957453537713,0.020840522022919375,0.008323139695535652
2019-11-26,-0.00783905070108113,-0.0006395432700123508,-0.0022558110052563864,-0.0013477870978557951,0.010747821559420195,0.0013677801555431982,0.005275975875607201,0.012145555363197677,-0.004503053863898612,0.008693010688702568
2019-11-27,0.013342695358504025,0.0006395432700124629,-0.0027423572714256822,0.0022452768578956096,0.010095577307386396,0.0029575130442400293,0.0019056427537141258,0.0011701900342246396,-0.0025974749029250756,0.00992034735006001
2019-11-29,-0.002204990241743292,0.0007674550287160165,-0.006611351225400178,-0.0015799081439721052,-0.011228698427154599,-0.0022739081254419475,-0.0061901303184932225,-0.000877659239886099,-0.002854585765406562,0.0007591697151394419
2019-12-02,-0.011629939712119262,-0.005297151588788116,-0.012304553114537601,-0.016902699013033116,-0.013192372936608002,-0.002203530208176167,-0.012162956503336295,-0.010736369562093206,-0.0007501836097330252,-0.014851468085325746
2019-12-03,-0.017991126349106965,-0.0030453718514385697,-0.02049406601934776,-0.025124667000806688,-0.016774450160853466,-0.012938254828286243,-0.0016055729101091961,-0.004742659935310134,-0.00991859119321021,0.0006050465823837124
2019-12-04,0.008787690376023775,0.004757324778279094,0.00042843383509766814,0.01728282927834878,0.00684254342811486,0.019533780178709916,0.0036099190123974278,0.004077024901162085,0.008701918081285063,-0.007172471744213737
2019-12-05,0.014564861773446082,-0.002011539308924664,0.006615139549004621,0.005541636707668229,-0.005151101624325957,0.005425988260703405,0.0005336562875284536,-0.006382199052557224,0.009548957218329462,0.007117354562959274
2019-12-06,0.019131937659405653,0.0015408620673082066,0.0117702982533306,0.03382327950116528,0.005991539180971813,0.014770729352149906,0.012066025442076377,0.01044325403091281,-0.0026020458371933965,0.0015380019699785168
2019-12-09,-0.014099352250571746,-0.00407199080999848,0.0007702847946433471,-0.01254457494423941,0.010445595414858164,-0.004676027812763732,-0.002573448052391633,0.004068636114821077,-0.009502913984936108,0.004108723258792894
2019-12-10,0.005827195775535359,0.004371436381314686,0.000279779453314649,0.000315815527404745,-0.002914025693440484,0.0006694023366007507,-0.001520864376629068,0.0006641271986515333,0.007108842190155636,-0.0036146822610964423
2019-12-11,0.008493730605546894,0.0007270119434071271,0.007878365021167231,-0.003114783616180712,-0.018228980779807693,-0.002382294555607096,0.0037645179698402044,-0.0067361975585050315,0.0034997424659496046,-0.001372861001007801
2019-12-12,0.002545280836194728,0.008425255989453234,0.019121934462702182,0.021734054030561275,0.00018864707669349429,0.028216557791642817,0.010100465438457077,0.007252536710600523,0.011026529701705055,0.003455764697008133
2019-12-13,0.013501443288772737,0.0031730447917157983,-0.008552767403292161,-0.004655507861723061,0.00957504118574731,-0.00880551971249202,0.008383197230867572,0.0003688443408217086,0.006571705848320173,0.013595265776600463
2019-12-16,0.016972928279575767,0.026921773396076668,-0.001168744228184307,0.0134205159012223,0.0067503429781674016,0.0038663175310767197,0.006450185228981148,0.003825736762489674,0.022684931510858108,0.005923819140397892
2019-12-17,0.0019631681223113134,-0.0014814568613871917,0.006924218724301704,0.013545936396732716,0.010109678735009262,0.00609781890628243,-0.005415351472310322,0.005930359776409969,-0.005356486117900426,-0.003873629007669285
2019-12-18,-0.002391967150530717,-0.0037127306684355504,0.005110842495112916,-0.003033145886127162,0.0012850485005959798,-0.0010137575389869938,-0.002070739503673084,-0.009682641163443412,0.008331391148213753,-0.003347371088787434
2019-12-19,0.0010003206844668893,-0.0004135585150346666,-0.014376955382789363,-0.0022154513909820183,0.010132075649721978,-0.005011336995292133,0.008642866249493853,0.005879439877359101,0.005854550148020729,0.008830515382065455
2019-12-20,-0.0020734637655848796,0.005031824760981373,0.017431111172376758,-0.004402317416176246,0.004395107456034297,-0.00080099091741477,0.010858462196665045,-0.0002931588789232768,-0.006913503882851263,0.007796511265551374
2019-12-23,0.016186705517881445,-0.00012360900391723018,0.006282048105749353,0.0006986444858676762,-0.00899189562213692,-0.0002914951148300417,0.0,-0.0014669562406963098,0.008507620144878075,-0.004905947207610133
2019-12-24,0.0009504128404823419,-0.002884099135101359,-0.006892369343813741,0.003573135327586577,0.0066383877294783405,0.0027660112069466322,-0.000190501751774284,-0.002940577768554101,-0.0018654481613772033,0.002615788719841666
2019-12-26,0.019646183206154133,-0.0017760848741763375,0.005005124784140428,0.0056384838397107034,0.0006794447333961812,0.010555656352554182,0.008163261347037992,0.003380993534066671,0.0037613187894658907,0.008441242139912642
2019-12-27,-0.0003797949984033916,-0.0015306780914188395,0.0004046173356593694,-0.0023816156553396442,-0.003856933341250976,0.0007192357598422821,0.00182596857158459,0.0037350505414621596,0.001081627093802288,0.0012148824320019514
2019-12-30,0.005917443610989697,-0.005230351094126544,-0.00513831125418028,-0.00373544470917858,-0.01216620575175958,-0.003672291133057235,-0.008656068638298821,-0.0022686755417865682,-0.007188624026914752,-0.008270980812668938
2019-12-31,0.007280256870398641,0.003324075017398671,0.001083691876402791,0.0005655517179064454,0.004911612242726005,0.005539153185523004,0.0006980143499449351,0.003364415750474042,0.00044230609399894443,0.0003725367330626749
2020-01-02,0.022559229145043932,-0.004031826713445516,0.01911488675362468,0.018912883443199285,0.005844444542263668,0.012050417511694358,0.01834671654922944,0.0040808378835051505,-0.005046626159933822,0.01699164309442904
2020-01-03,-0.009769110970976718,-0.006812202064955441,-0.013981657914196473,-0.011762358603342338,-0.0033288653206883477,-0.013284331179486391,-0.012529835965614359,-0.003569557636189316,-0.01017113604042887,-0.007984864120706585
2020-01-06,0.007936923756286686,0.007644670760753661,-0.0006741557749668499,0.010181978893376117,0.004693453542850409,-0.0007952350347677946,0.0025813064311342266,0.00109379002076909,0.006917806584878056,-0.002164821574213294
2020-01-07,-0.00471453041430789,-0.009449451820198023,-0.01330055301669015,0.006560919680977884,-0.006567831419475083,-0.017146696683488772,-0.009159420138310172,-0.014761367131141238,-0.006054811290942476,-0.002646322450517426
2020-01-08,0.015958444020568324,0.0007561750457926655,0.008841479952228804,0.00959331803151063,0.014853272262964954,0.0077706720224846315,0.0158028253498003,0.010670264489313986,0.020864625978401018,0.0169734231481058
2020-01-09,0.02101826640585648,0.002975646278372597,-0.0025084049627210224,0.020152229681135288,0.015213550825776901,0.003644419079886436,0.012415594354599883,0.007366586449057098,-0.0056938345130489775,0.006905993667120358
2020-01-10,0.0022584783820680933,-0.002808034383479271,-0.008042353728474404,-0.00202163261427266,-0.004316788975660434,-0.010017834782315951,-0.00463792786626991,-0.015451029386891812,0.0030886249576679643,0.0026872777412902207
2020-01-13,0.021139092720820776,-0.005639835224127159,0.004710384591336667,0.012722662323789817,-0.003932299368298127,0.008270120857683336,0.011952790853326218,0.005519533085647077,-0.031949072513653504,0.008018610268277142
2020-01-14,-0.01359533631411184,0.012916302917037345,-0.0009541524633607131,0.0018336721105231852,-0.002376126483845826,0.011594489795451487,-0.007067849322133769,0.002858003289349064,0.00832630201029054,0.003678950844411393
2020-01-15,-0.004294697908595377,0.007058316709993214,-0.007596158316424775,-0.001833672110523159,0.007957044901976903,-0.015099107935200431,0.00645524587165318,0.006710093891679561,0.027950217153269317,0.018947383403428324
2020-01-16,0.012448633270880657,-0.004977109619985875,0.015676699750073735,0.018225402504398885,0.018659377496403763,0.003868880791557703,0.01815723436245573,0.00926143341659444,0.01450268048285102,0.005738807568179375
2020-01-17,0.01101024248069416,0.004108049072398407,0.00638107501061976,-0.0010418559597346957,0.01341363163668212,0.006897736556739123,0.005581402615507066,0.013448582137524989,-0.007576893306406336,0.018489615498132616
2020-01-21,-0.006799912371014835,-0.01623988525976142,-0.013145761688031039,-0.015187082718658759,0.004474364363615793,-0.009889410113830894,-0.00359753773100896,0.0012785254249706628,0.006878264576542653,0.01257329088844235
2020-01-22,0.003563333556668522,-0.0035835157001490995,-0.02232521235098278,0.005479460205251705,-0.0002144321844381739,-0.001169869224965533,-0.004816059941830665,0.003046752122966018,0.00019947860446909024,0.0029383606927883854
2020-01-23,0.004804119032047112,-0.007248977506347595,0.000840962421337163,-0.005968060285638049,0.0032149819388245125,-0.0010247926724512686,0.006136582728306616,-0.051911770343051215,-0.003766429802376732,-0.006659864264686733
2020-01-24,-0.0028858966680498244,-0.04103680877125883,-0.016741445722890203,-0.01501564436365637,-0.0070869956894603105,-0.02514142942368795,-0.010127762280629926,0.004387411294991944,-0.022456777706739834,-0.007387234858623715
2020-01-27,-0.029846681745177125,-0.011771318588436,-0.0336856031183581,-0.01574834173865682,-0.0034973967862511565,-0.008447094250847562,-0.01686454332604706,-0.007821014166756051,-0.03023282434292723,-0.01627794504215161
2020-01-28,0.027896422882323326,0.008441264658860177,0.007413819143713838,0.01847288079956445,0.011482565631351057,0.018014287154544523,0.01940626281697966,0.0049231700276981035,0.00624609460794392,0.005734844154791817
2020-01-29,0.020716468953132897,0.010221794660858109,-0.007045518091928158,-0.010192801690209516,0.0006842691525741341,-0.0014885198623877654,0.01547257584301337,-0.008368734691309254,-0.01044368471368421,0.009859837022819635
2020-01-30,-0.0014498160823441862,-0.0044124310804173495,-0.003024080471284047,0.016561931026682297,-0.005270095775761698,0.012291022938764265,0.02781695960236752,0.00695368881699952,-0.006809718198506731,0.016220310851290814
2020-01-31,-0.04535211595011424,-0.04568850434193452,-0.030146053107065945,-0.026481126577938077,-0.020352506291838376,-0.02632028665552147,-0.014868363703416166,-0.019411927544183628,-0.030828512785473258,-0.04539285808354456
2020-02-03,-0.002750028430172782,0.0038343872336293644,-0.01210201140946654,0.0052858104330463325,0.014968393982656222,0.007601783559806617,0.02408611026261409,0.015005839112707864,0.005745701785217026,0.00920492259016799
2020-02-04,0.03248065995963291,0.022476838001722458,0.028412777816628095,0.012184157679008262,0.014833013400642138,0.014293096450525351,0.03238637899693602,-0.007738838869702136,0.024584048778450728,0.013601660076243225
2020-02-05,0.008121560061046626,0.044657618567657764,0.029011024479535612,0.009707319977143285,0.01314743309199243,0.016857608274870574,-0.0012219528407104512,0.031187644857789833,0.05166148008143116,-0.003691111863933713
2020-02-06,0.011628711344391135,-0.002114885373798668,-0.0013834677584353536,-0.010203146229471714,0.0030610558531850114,0.000145439835106409,0.020521647941276575,-0.002049323593651344,-0.011118798425971943,0.0011330041025800492
2020-02-07,-0.01368591312026337,-0.009201869422817935,-0.028676884437171965,-0.01592308441751565,-0.0064687817904785574,-0.0032026549241100455,0.0014147518577322807,-0.003596018078283314,-0.011139984125212991,-0.0014782272067336622
2020-02-10,0.0047380903595337824,-0.00836318123443916,0.007097866576126766,-0.002692864998474479,0.013852181371021526,0.004147235155147181,0.0258210120929946,0.0015426791557280296,-0.007601076713927466,0.015903199106422294
2020-02-11,-0.006051441054406827,0.006748535855435867,0.013825664471463849,-0.003798862122775574,0.004271604093833125,0.0018855676401929276,-0.022834303836486866,0.008479523436448456,0.013014404884579656,-0.01000186410926623
2020-02-12,0.023470290032425407,-0.00859719484330427,0.024658827078388516,0.009219108092598708,-0.0002069436540998617,0.0,0.0014626544958458415,-0.012230184942829748,0.04271481330176997,0.017016631867534063
2020-02-13,-0.007146836235079342,-0.010525467833430056,0.0009305941355331272,-0.001257993729054524,0.003182148877793611,-0.0008701593172003737,-0.005428342571045976,0.008584185837243779,-0.004226872715881082,0.0012541672996209138
2020-02-14,0.00024640528068672744,0.00197098203744578,-0.012459255862887389,-0.005342434145312727,0.010956387264218815,-0.0030506433019489606,0.008887412675170936,0.006408527630582288,-0.011381618836375385,0.013838123710278141
2020-02-18,-0.018480206877788227,-0.008042147940801679,-0.010270431642997886,-0.016458311174735486,-0.004458405761169231,-0.013328554579516864,0.010091711924896002,-0.013740972265169684,0.01118331667024545,0.004318009071346547
2020-02-19,0.01437873230331511,0.005712387786673535,0.002048118504420617,0.017512186850600756,-0.0012302146641506324,0.013547044639863632,0.002994567085347887,-0.010133725200285201,0.0104368660349314,0.009941007493366726
2020-02-20,-0.010311795004633768,-0.00368453970285241,0.0005109491786757936,-0.019572647536927706,0.01377751639933095,0.0,-0.015388955140424028,-0.003948031110251196,-0.010470147399738616,-0.00875805112721771
2020-02-21,-0.022895102656535757,0.0029216876708269912,0.0020432668863158004,-0.009107669914835527,-0.006824512192210993,-0.012294396233909655,-0.03212312628424437,0.008769125715072146,-0.0023198144863607103,-0.01256376343026833
2020-02-24,-0.04866561089615505,-0.022284965780599724,-0.037424135317137765,-0.02671736441130153,-0.023256871671955975,-0.027243732489101787,-0.044072604060046955,-0.007724437855382192,-0.08167217966354222,-0.04917542765844265
2020-02-25,-0.03445942511172038,-0.03502924226148997,-0.024276409233190792,-0.03134942019096272,-0.00972592254754925,-0.04566968784454249,-0.016639312353040756,-0.025142301664733347,-0.05322945686905171,-0.053681735041460295
2020-02-26,0.015739372084103316,0.01958095949199514,-0.005830971984355193,-0.008445046009551926,-0.008886138611287613,0.003004871003510679,0.012417014531545785,-0.01719724521440296,-0.001482251993976394,-0.006336479534610736
2020-02-27,-0.06760257680888164,-0.052830265354789976,-0.03960442689120366,-0.047889338041545396,-0.04587647014663168,-0.04250480579194197,-0.0730641460002095,-0.03546910256219139,-0.035134517769298455,-0.039218676665975574
2020-02-28,-0.0005852259594368266,-0.018699764921160017,0.00783818512175175,-0.018114283587856116,-0.031138842883177885,-0.044305635637452115,0.023924441697439527,-0.035019189933413415,0.004087559598810518,0.009674892566598849
2020-03-02,0.08901825371589013,0.060563027434079375,0.02668505628406258,0.042420536277989834,0.054057740604200794,0.04554086372416718,0.0644191501241065,0.06361971527602232,0.06876770513301517,0.056525325682011046
2020-03-03,-0.03227451632623497,-0.03735268933971352,-0.025558729540966697,-0.029258786659118564,-0.008735931247637307,-0.03824675714859725,-0.04910590583876022,-0.018736281707405503,-0.04382279504380076,-0.034918446824875285
2020-03-04,0.04534095850516571,0.050973113793407375,0.02399020970871158,0.02576758102804204,0.05604622653536908,0.024408842207156056,0.036057155803584595,0.048444165504783816,0.10182726177233535,0.04505779905849815
2020-03-05,-0.03297469010670268,-0.013997796825337257,-0.04355654860841144,-0.04884032917291928,-0.02635209239875575,-0.05030568409195256,-0.025415171623230197,-0.027048277131237607,-0.02257356508548193,-0.03845712182482291
2020-03-06,-0.01336922523053394,-0.006954004908165363,-0.0046018886831736975,-0.03033653865334395,-0.027196531795763788,-0.05306359693332126,-0.028674525544995246,-0.025153781659366273,0.003211214233472114,-0.014004366436848081
2020-03-09,-0.08239489499189162,-0.06006374549221296,-0.09112769269273392,-0.10972006498575969,-0.08228467429738072,-0.11123161693731423,-0.07017858428277482,-0.06512983919201257,-0.037434373217358784,-0.0744668153865912
2020-03-10,0.06954602841390833,0.04161801405248883,0.022987072303228277,0.06464371106694218,0.06991119939537364,0.07482637680657252,0.06614706429174262,0.028589230295115252,0.02370753459125375,0.06487410759799704
2020-03-11,-0.035347769985322915,-0.04020765414888639,-0.0560043233891349,-0.06998129599323633,-0.05176306235471049,-0.048214559616120124,-0.04635979380656307,-0.06006065873221873,-0.007960452317926754,-0.05429519819330284
2020-03-12,-0.1039778146196142,-0.07493749775360571,-0.08743569944115917,-0.12504102813795695,-0.10950256881498992,-0.086026192710016,-0.09964199706669759,-0.09710541095315697,-0.10372953788504657,-0.07732871112139973
2020-03-13,0.09956344511732149,0.09652367151563923,0.07695291194043305,0.12308237218324074,0.07614821923241988,0.11238370948141033,0.0869991699919825,0.050289520918875195,0.08717146853239063,0.09384423698570696
2020-03-16,-0.1039778146196142,-0.06871019201811117,-0.06456541093089889,-0.12504102813795695,-0.10950256881498992,-0.11123161693731423,-0.09964199706669759,-0.09710541095315697,-0.18967090375322823,-0.07853423942823759
2020-03-17,0.04303113878006979,0.09652367151563923,0.0701695924864522,0.025597287397545583,0.05128121366927061,0.05931851066949862,0.07912214292726716,0.08619465657825753,0.08179130919504084,0.03795175805505929
2020-03-18,-0.024784563374531717,-0.014151976315316166,-0.0007984429537282754,-0.12504102813795695,-0.10950256881498992,-0.11123161693731423,-0.043007950713358944,-0.09710541095315697,-0.11789566794188198,-0.06144840537024814
2020-03-19,-0.007691444764522353,-0.030326188603949932,0.02845655145666343,0.0654440863204045,0.03472994734094596,0.016668067748727113,0.0163195393491628,0.05222930974752342,0.012544231422631589,0.025073569851638187
2020-03-20,-0.0655903930909234,-0.054327288200230514,-0.07569969844476226,-0.07700933434515092,-0.05734487962511566,-0.02132795140999393,-0.03828244016857676,0.0391894225019632,-0.06198184433434916,-0.03624805157826633
2020-03-23,-0.021473074480927667,-0.01240048202852192,-0.03896972437055317,-0.025167544537273573,0.06513439883618573,-0.05501904228211633,-0.010024537893691583,-0.012930919895819126,-0.05845459228897916,-0.07853423942823759
2020-03-24,0.09560602645312327,0.0845789338393504,0.09424906343384233,0.12308237218324074,0.07614821923241988,0.11238370948141033,0.0869991699919825,0.05910559697616365,0.10182726177233535,0.10074168779030526
2020-03-25,-0.005524040988332706,-0.046534004074821764,0.03233109990686364,0.009911498721481695,-0.016153909545108668,0.03663817248260421,-0.009618759907469864,-0.016781800486422863,0.06469513884824525,0.04584909102671173
2020-03-26,0.05128507467870117,0.02732376504789012,0.0542031125490911,0.06645845914419238,0.07138875527794486,0.06734173560521022,0.06067269043249509,0.06803743408509376,0.08537882742234691,0.042950941624864424
2020-03-27,-0.042283679982855114,-0.0011091338170940664,-0.046873281041022286,-0.04597722249214146,-0.02416127997190237,-0.07390409729983323,-0.04192762761422709,0.012889461096923648,-0.051996297109552767,-0.04431165831792496
2020-03-30,0.028138319672037355,0.050213269053041215,0.057764095685268226,0.00805138418582283,0.028710122725156325,0.025674235235219472,0.06797717247742927,0.026070308435239817,0.03577202419803106,0.024517460729250068
2020-03-31,-0.002042788027126268,-0.02796796064132767,0.03802858683995542,-0.03201953630399181,-0.0490679854309413,-0.037818335582874923,-0.015852929323775987,-0.03209166146167157,-0.007589987561216498,-0.027244659905481586
2020-04-01,-0.05405205595803205,-0.024568243926524208,-0.041256725003533966,-0.062044812471855025,-0.044240039606357036,-0.06504940169448548,-0.0361537391694511,-0.04266888810003678,-0.04956811430698804,-0.050992814168512715
2020-04-02,0.0165488838163991,0.05445310659936363,0.04727099952110313,0.03143670987102969,0.014891435362455229,0.036659227765304815,0.020497321078541294,0.020688103941385774,0.01306113008540161,0.027570133359565388
2020-04-03,-0.01447570008146775,-0.01675169596811521,-0.01789079021082782,-0.02021215229797789,-0.014499793915812033,-0.030003140152703184,-0.009253075663778731,-0.03454401981167237,-0.04661136818608814,-0.03583355842131041
2020-04-06,0.08363997158718743,0.02959487328015903,0.0490102239863377,0.07409328860359489,0.06829128898861461,0.062379776408979154,0.07173232327052777,0.05279377661106504,0.07893945133874872,0.10074168779030526
2020-04-07,-0.01164957307049019,-0.013322214331244055,0.01229660274397366,0.0480586256816895,0.005005112351801813,0.013103996790887095,-0.01082865096934132,0.018022196982580146,-0.0012087682490568123,-0.005029119508987935
2020-04-08,0.025272538430786147,0.048658031222522394,0.04396648812842338,0.06381556764789506,0.013071261676626655,0.03958577952196925,0.009981511128458829,0.040449073645272844,0.0767623861161942,0.03697326667589345
2020-04-09,0.00719037161539139,-0.00448098490097502,-0.018778100211593624,0.04042405657761451,0.03386190605313267,0.08591498128656438,6.045705634082957e-05,0.04472491357100028,-0.013910980669425425,-0.007171260200963476
2020-04-13,0.019437281869866294,0.0002746542818232767,-0.09112769269273392,-0.02795716374430446,-0.013689254023421239,-0.04549193132270751,0.0022380484740249103,-0.030720313219471072,-0.0023501467523194164,-0.027432328026734013
2020-04-14,0.04926952408254905,0.03833602564832339,0.020293447815635503,-0.005315698198842701,0.04129086360049645,-0.027778253029290316,0.048297872194601056,0.014922861148981814,0.026180842552949914,0.03277252309915265
2020-04-15,-0.009169613004995822,-0.022292517271126456,-0.043425768676437014,0.0016256422826174805,-0.042851368863833644,-0.05057709211903551,-0.010533272829928171,-0.05567866759387406,0.04049967673069976,-0.05086538387424232
2020-04-16,0.007914361769011058,0.04020851670535559,0.015039289527028852,-0.008324858737890925,0.006879009255101618,-0.03885494458301669,0.029579197280401877,-0.02336936596904456,0.057763722492361676,-0.0215613629693413
2020-04-17,-0.013661630618597376,0.017473235261322387,0.03597913077693978,0.03578467932740805,0.0467745874914825,0.0860756686864713,0.00877307849127718,0.0513584007170329,-0.026725728987686503,0.042903472361167136
2020-04-20,-0.020974937788854703,0.0069129465438362535,-0.014725370871357188,-0.01698363733141244,-0.01622304265952579,-0.03713828391583281,-0.020019855437191026,-0.03181312139089721,-0.0294065955451709,-0.03188202372376866
2020-04-21,-0.03139818208313038,-0.025035985164821778,-0.0423319167812454,-0.03721407188152522,-0.026756023188441495,-0.029433474488655898,-0.04223677731746637,0.0,-0.028582045268644066,-0.02272603256001448
2020-04-22,0.028396603312684735,-0.006347285653022812,0.007165791515823181,0.012407676095907637,0.0175903008600775,0.003250987187972549,0.03340094647101543,9.82890394013184e-05,0.010268434868391156,0.03705471130188961
2020-04-23,-0.003883056028890416,0.013859649158587867,0.020309496095764698,-0.005298460478987585,-0.009102264975717237,0.0005599228893469119,-0.012176196436403136,-0.013252031108441926,0.029556789085951204,-0.001261038818022089
2020-04-24,0.028460593379964674,0.016170242547883577,0.009958091578642908,0.011077850714546476,0.04758409937909528,0.014658691938709325,0.018094297198827772,0.003676700097335214,0.020673107884697183,0.00563380745849255
2020-04-27,0.0007066736927852888,0.025695378559284342,0.010120728127657568,0.03628276217312962,0.025958544194723845,0.042201268222753434,-0.0028685354135207356,0.02032366194606098,0.00919254617179362,0.026189589605931256
2020-04-28,-0.016342134965584506,-0.019829546568677487,0.0022543122582797067,0.018729450609842362,-0.0005971202696180412,0.007055981418571353,-0.024662383001483306,0.01351510552981533,-0.019302267096895483,-0.0029734169460801777
2020-04-29,0.032317170317926164,-0.008366129024091009,0.03906758915285545,0.01601998586698824,0.019024647673911453,0.026612874362241048,0.04389592125995897,0.016263733824202632,-0.0024652524542926207,0.0597275864807857
2020-04-30,0.020876634220141282,0.014866413920377294,-0.03113117635396628,-0.035403266434701236,-0.008966655567903088,-0.021692680549212726,0.009982116889253361,-0.04624155537564565,0.01661782653847303,-0.017031838537845182
2020-05-01,-0.016230490221232387,-0.03505255720155979,-0.04841210572580096,-0.035064319447378645,-0.005748067537492196,-0.02656110675279918,-0.026232641684002068,-0.05232857015967719,-0.027593967863073866,-0.017782285122836507
2020-05-04,0.01404986319451426,-0.00030286923532277905,-0.028913584151527373,-0.006059667641477435,0.01485000422881592,-0.01197481521890249,0.02416586082389423,0.008913640219218878,0.010593671552605216,0.003297812462160887
2020-05-05,0.014897298034922823,0.023327865424346488,0.010986768456499494,0.012813058656749513,0.01685159996045584,-0.0015204161248169239,0.01067876894268529,-0.0006195924602904758,0.018946988302751207,0.01291660723392667
2020-05-06,0.010264187595003155,0.0009726905031770041,-0.011450700417230189,-0.00777018443426637,-0.007518903690524885,-0.01898376501827005,0.009798944648248825,-0.03745000393199486,-0.014678499438321838,0.0019035425686148523
2020-05-07,0.010292066328329288,-0.01387492223285432,-0.0035355343569707506,0.030065785413667247,0.024396231532053687,0.010359572414789473,0.00578998275864994,0.02654952578151268,-0.013141520463265242,0.02179893226156237
2020-05-08,0.02352294357587992,0.0063652474026420465,0.04394494365047641,0.016698406182334268,0.021471736711773673,0.016203648904990965,0.005865561251967789,0.015947137653788742,0.006993252310360452,0.012887495841924161
2020-05-11,0.015612735393269697,0.033172040704539295,-0.031717090403627364,-0.012101404627609311,0.009044887540873339,-0.029892026271042475,0.011092439121051874,-0.018978822450376243,0.005871212517568363,-0.008300832534998153
2020-05-12,-0.011493971905710899,-0.02304517677922198,-0.03380291274211346,-0.0330247166702342,-0.015592352642841032,-0.03322321344167593,-0.02291216264404346,-0.01636183682985772,-0.003435302275090088,-0.022533563781761433
2020-05-13,-0.012147564510948687,-0.0016032734592778082,-0.0049647338311451005,-0.031004767556426463,-0.012095397554023193,-0.03507928627942444,-0.015238326498295523,-0.04461595700681771,-0.03429702922863877,-0.011676714155762005
2020-05-14,0.006124330706661456,0.004844017869805474,0.01623450970447558,0.015307338917318603,0.018856312542681872,0.040693484833272744,0.004330115147392822,0.003998033387859386,0.044360807718207246,0.021286148077157507
2020-05-15,-0.005929422705747636,0.016031037059368924,0.016159834924799266,-0.014899918994611799,0.020472717622991434,-0.01868321364535366,0.014463405093357494,0.000997015787708975,0.0012039197409786221,0.014215747538139206
2020-05-18,0.02328798863137961,-0.029618132795985474,0.06371600232886579,0.056608900101355726,0.02484274536685912,0.05161338776236358,0.009509202976720532,0.05378137336633147,0.008214835882645748,0.04210095177971534
2020-05-19,-0.005795453410441171,-0.02501113123116897,-0.025893164998326196,-0.0225190790809637,-0.029995119673674662,-0.019875687325916387,-0.00694641468027314,-0.021531064539586097,-0.014801026407353231,-0.010611264936307303
2020-05-20,0.019261542659637844,0.001932798958020233,0.03170138925835342,0.020096771025350745,0.00037788064894770973,0.029557668739788334,0.013775434359821797,0.02404671751463658,-0.0036738704478404315,0.0234864972616219
2020-05-21,-0.007483475755654585,-0.013653082865056105,-0.014189587365870981,-0.007412486577410642,0.011230239311244814,-0.012782673390925977,-0.012084170457708692,0.037290305059856685,-0.0037573268273524635,-0.01685445403768447
2020-05-22,0.006417830404533684,0.007313541858572746,-0.014038168885948643,-0.0009445152500631244,0.004142820808107568,-0.007793252304726981,0.0004358668704378239,0.00933417857540209,0.010505343285027627,0.0012583782277227214
2020-05-26,-0.006796436402104291,-0.0179581511430655,0.042985654917025225,0.08585294521138356,0.002477626892970097,0.06856810195557202,-0.010627686801373076,0.032048345482712626,0.01692866500968169,0.01228916551935994
2020-05-27,0.004347222807350267,0.010777816291871438,0.04178571293544315,0.0670662033037618,0.019925385516737754,0.05630581215302077,0.001320942177209064,0.032927045180509776,0.02966824830757944,-0.002072386003376243
2020-05-28,0.00044020705115507374,-0.0030293565875874084,-0.013818342677631289,-0.041088059493398145,-0.009015150239200265,-0.01500812159712752,-0.002257865890812582,0.007182409135968897,0.0006586350614506873,0.007440246958414409
2020-05-29,-0.0009746646494402743,0.024548128548069356,-0.005064887350723134,-0.017555862260297088,0.0135329995197053,-0.025867449426259917,0.010146996938339958,-0.005685601799192459,0.002890408201998131,0.005032190534152822
2020-06-01,0.01222288910525281,-0.01222059814581936,0.0030751581147338103,0.01735564341249009,-0.00480069460498383,0.013169536546871643,-0.0022945561415422004,0.020081216924093228,0.003536603782337224,-0.004568771843513082
2020-06-02,0.004618868166830383,-0.014158509747472438,0.023132812531916656,0.020838726607014534,0.021680901063907937,0.003341065162407586,0.011312552165613223,0.016807074442319717,0.0012412824396947943,0.010288997317732508
2020-06-03,0.005490021228443785,-0.012232135257150636,0.030112801864208266,0.031012293656241197,-0.0008364013682892659,0.05257131632999474,0.002430701077882851,0.03078260951634248,-0.0031385525171252434,0.0025938072660049143
2020-06-04,-0.008649528414620798,-0.0005432953327464059,0.014607069102250627,0.01998239911302879,-0.008200865758751279,0.020597765058096816,-0.013250999891332191,0.03037187346525337,-0.024097245880448592,-0.016542670699278363
2020-06-05,0.028082883217526295,0.021454154300951895,0.04666076616331857,0.014327337787995423,0.0236190824997366,0.04401874602944441,0.023128590439804083,0.05249594563023094,0.045160784991173306,0.03036462704979492
2020-06-08,0.00589528645062035,0.00035437882877996135,0.01905930588055987,0.013174644707264238,0.007309577796316369,0.019761943261945494,0.00617734029192975,0.028849602741418807,-0.007629152020848298,-5.007042654506359e-05
2020-06-09,0.031089639112916255,-0.0037723485040586646,-0.02596558459693636,-0.012348944790322768,-3.8818635251171e-05,-0.025984564762853,0.007616092473953406,-0.013699332250934906,-0.0008729842757246554,-0.0026086466741475555
2020-06-10,0.025402014106023864,0.009822550968834772,-0.013126876753685604,-0.021223182335646507,-0.009037664833363433,-0.04137250975608063,0.036420287873551345,-0.03604278732944207,-0.011252717428791718,0.007007664242093956
2020-06-11,-0.049200879112084414,-0.036863456286232874,-0.08580430812364177,-0.09520250446850823,-0.06067614544794127,-0.08713159496019388,-0.05519419889388052,-0.09015727371246096,-0.07474440529051339,-0.05960238422120275
2020-06-12,0.008596118772470253,-0.0045785170025276515,0.013077434494064335,0.0386501850883667,0.01236742687665262,0.02699599276735479,0.00786109285528362,0.024835968261809224,0.004991708187884319,0.017736851062093734
2020-06-15,0.012291594312014195,0.00859065690387811,0.0037281550254545247,0.02220157510448254,-0.004505948706581627,0.013723318929057307,0.006371357509887674,0.013323006429625275,0.003955176295176941,-0.002604379258022084
2020-06-16,0.026156682448000516,0.03175009040705854,0.051248740724012073,0.015773600879014697,0.03497125082049841,0.007967999332804138,0.02420945600787038,0.01125544378283911,0.02320242401134553,0.005823732597916744
2020-06-17,-0.0013923595890485416,-0.003974877384051342,-0.014554498374939624,-0.016355397137452744,0.0035945006486519785,-0.0256042360603144,0.0034557256196041824,-0.011516798576771669,-0.0013661392440196673,0.003519452815967977
2020-06-18,0.00039784832313195345,0.019067601571535177,-0.005003505807621352,-0.01146252611409477,-0.006559334964839667,-0.005442987575274573,0.010651228729863425,0.010655530248074427,-0.0038349377161591086,0.0018066346038150493
2020-06-19,-0.005730722646026756,0.03573748487569209,-0.001019367738121862,-0.010900972244965394,-0.010325745058889137,-0.011486748795656523,-0.00597747414968916,0.0043849487476917285,0.0034736597272754036,-0.008857721345655201
2020-06-22,0.025827464376721617,-0.019074793272979083,-0.013188706674242821,0.008838138510532913,0.010125176322996886,-0.010896299927658303,0.02739475752434189,-0.002835110144261383,0.004898303280917435,0.014258041862465999
2020-06-23,0.021119941305559223,0.006639415036209636,0.0036499854050827014,0.006663605668643863,0.0046047825771717375,0.012122400357180919,0.006658754885865757,-0.00034437475130435835,0.01670451000722266,0.015320823515927303
2020-06-24,-0.017809855158216314,-0.013838777963375237,-0.03375126246799442,-0.03356815264771064,-0.016840389523096674,-0.033961413264286734,-0.02036325239881679,-0.029078344705849208,-0.028701068348022236,-0.03369779012781698
2020-06-25,0.013188231255710664,0.011120243956043108,0.02147836341805006,0.04483369115646559,-0.0030519000927514274,0.03426804732900361,0.012557118401860204,0.015474017273976322,0.024053196197296782,0.013337367683748595
2020-06-26,-0.031207471120832254,-0.009701971233577848,-0.018778411168936436,-0.09044993028585943,-0.017969408273016775,-0.05637830547247494,-0.020218783577688363,-0.03209214987832176,-0.032038581765027795,-0.024580247067547308
2020-06-29,0.0227851773964887,-0.005512472041946835,0.02309919645140771,0.022370461429975345,0.02098066696344029,0.004418218251473682,0.01068977243366176,0.016972359979956275,0.009989098754092034,0.011086308122263475
2020-06-30,0.00831282199880942,0.01839940729606418,0.009930385256863126,0.021223724144037885,0.017679736633971817,0.011333379668588519,0.025228299339636783,0.01013444086547299,0.017752578715130102,0.009309498202468248
2020-07-01,-0.0018933517643340873,0.07849561822125584,-0.003484181360120768,-0.00025276547158327336,-0.009465579524535079,-0.008541569640281054,0.005830454850047737,-0.013683834538242384,0.009381533820925684,0.0031528031078821533
2020-07-02,0.0,0.012155307064424284,0.013082194570537229,-0.0008611494666593754,0.0014094173385641958,0.003243132770056728,0.0075919985603723076,-0.0003557178529051394,0.0017786634551021153,0.009706367527544009
2020-07-06,0.026398660317541803,-0.00773596576003959,0.01329975427965406,0.049224427104916604,0.004216514971593129,0.024939770412136804,0.02129767501087128,0.018588800404722088,0.01513957217891267,0.010624402064582263
2020-07-07,-0.0031072088082636936,-0.012171181181643946,-0.01737951217659256,-0.039344070808361095,-0.008854987985111138,-0.02861594329177707,-0.011696077481618581,-0.018410771870699724,-0.020552520436612487,-0.01816537758288526
2020-07-08,0.02302279067063876,-0.006181281579641097,0.007285022946160571,0.014392125584973192,0.007331149588239546,0.010559444354521434,0.02175450632958954,0.006204084511583385,0.005747934607885921,0.004469664466176092
2020-07-09,0.004290961135135481,0.0002780175261449773,-0.018908704501840817,-0.02716417701595818,-0.004867841994770387,-0.02188851767137573,0.0069765753706715165,-0.02813554110266746,-0.024427916453479845,-0.014769780550514316
2020-07-10,0.0017477979333079406,-0.010465531917728794,0.017971579152249527,0.04339748858722481,0.008633277748156603,0.05322482884797292,-0.003037650275118211,0.03395004169751156,0.00024058217028268453,0.0017671596804794227
2020-07-13,-0.004624040847199305,0.004007460629129284,0.019801138360833054,0.016022122142562534,-0.0019611227414259797,0.014232984586642992,-0.03137566447976399,0.003507383864649817,0.028701595983815387,-0.0185029584468627
2020-07-14,0.01641311877368566,0.012124077140823902,0.04719524537843827,0.02426273385891359,0.03220536645596272,0.005718423296062132,0.006162352394113899,0.037033481709798866,0.028971614113163183,0.02254568727024466
2020-07-15,0.006853840613091472,0.000868991036942407,0.010754482637829446,0.013413821421493713,3.893971304398486e-05,0.015358590771563806,-0.001489136364577371,0.004964349994732114,-0.014528919883585073,0.01651821304702182
2020-07-16,-0.012381444829164957,0.007433511877081952,0.0014440138547799992,-0.010334468887804468,0.0010856278287813131,0.0028036201235706708,-0.02000277596999325,0.011350393770601618,0.010078384621750107,-0.01563919646208064
2020-07-17,-0.0020223265914054473,0.012693570475028875,-0.004591338808427126,-0.015302838188821341,0.008872352157855406,-0.018671264493458694,-0.005112656417462511,-0.011182491385300277,-0.0020206873606558747,0.008183093641307692
2020-07-20,0.02085508986460886,0.009587986655569385,-0.016720084007172314,0.0014180675455226516,-0.000806591375427334,-0.008799981489807122,0.04208313067170398,-0.0032783548787573176,-0.010065460949849213,0.017177331009136508
2020-07-21,-0.013897775268517874,-0.011718483015040956,0.009168123887935193,0.0014633905318581649,0.008610955415936608,0.021453604076058702,-0.013560309344652393,0.01379682760577995,0.005422387475731106,-0.010077232321186725
2020-07-22,0.0028052980297955925,-0.0036121730217996413,0.008136138382222097,-0.0288042743301642,0.010424805316628385,-0.007269046312170624,0.014268625677843146,0.015000735558042178,0.005230306434273128,0.012040344172725075
2020-07-23,-0.046584705460435326,-0.01861733998745737,-0.002777999981242289,-0.014571808175644255,-0.005142312219065582,0.0029341934139990936,-0.044468614675358,-0.030145696924461955,-0.012268999691090784,-0.007216888253433104
2020-07-24,-0.0024805253814768526,-0.017033035550105723,0.007148955924313349,-0.007663892447011555,0.005670018876878885,-0.007097240883566206,-0.006141113930240892,-0.0027858951525178296,-0.007221152094589842,-0.011615735584393709
2020-07-27,0.023423767885416214,0.022607471765851792,0.01665055083379202,0.007663892447011492,0.00792143382853043,-0.014140732176631681,0.012588176342601981,-0.014048283489023653,-0.007307518200878973,0.008978460185662535
2020-07-28,-0.016563834437375965,0.006366449866180694,-0.013384918505697,-0.006920019964652555,-0.008034682083115273,0.004324546366304705,-0.009017857868198626,-0.013813530717941214,0.004444166515042885,-0.0008637874911046353
2020-07-29,0.018986835343659577,-0.0254716760469963,0.01794966041670109,0.004750389261597533,-0.002339618699943242,0.023960740721430507,0.01004713056016438,0.015697919180290135,0.022255766200206833,0.009308851537838034
2020-07-30,0.012027551225923555,-0.010949761171808294,-0.027413040962670315,-0.015170484578572823,0.0062150973207346595,-0.027047884546775845,-0.000784397129970016,-0.00790439877703667,-0.004739108981124631,-0.023024557218222056
2020-07-31,0.09956344511732149,-0.005990053086286258,-0.02856144074200432,-0.007899311556186003,-0.0030838815665181593,-0.003924641151458643,0.00542934123418428,-0.01311053042642807,-0.008059450214628396,-0.019040140438425803
2020-08-03,0.02488553349153533,0.010934386739411828,-0.008312565140273367,0.0071975313603530365,0.0025955364753992172,-0.005603479084758617,0.05471637885412575,-0.00017493417144755306,0.002737824768814819,0.0015218380114176892
2020-08-04,0.00665589047338036,-0.015358219840052494,-0.0019750139559446306,0.01122106336208084,0.00632896334866722,-0.005739370224627957,-0.015122386979990392,-0.011428608921574487,0.0029265820606952883,0.0083556546976219
2020-08-05,0.003618244404624087,-0.008741175048465522,0.025893423663131583,0.01418165508950572,-0.0014568098818077055,0.017223775642018595,-0.001642451454461788,0.017355286459847238,0.02583778038857041,0.019619849306279597
2020-08-06,0.034294280943098644,0.00033127119676574655,-0.004306321630178823,-0.0013208141955292818,0.007040798384571508,0.00030866753774592824,0.015887028665280738,-0.011712481821679312,0.005075356628174006,0.013523468620990376
2020-08-07,-0.02299804437500907,-0.003566756825537304,0.00393586757111947,0.01949095361795617,0.008391797517025512,0.02176872093674934,-0.018049426603480145,0.03133088277638296,0.00941212240548087,-0.012198433202146156
2020-08-10,0.014429965390137259,-0.010525292208935555,0.05128619362177956,0.005315266029750202,0.011311121117891197,0.012598922567458561,-0.02010880460701198,0.014885448561038527,0.006508276495213587,0.0021875965188057397
2020-08-11,-0.0301910271305891,-0.014889873637159753,0.003584246279580472,0.007991368647635746,0.0006916118908969358,0.03110880218038378,-0.023662911072422233,0.006693158319716312,-0.011187413705648947,0.004967330940693326
2020-08-12,0.032694139191542244,0.02968540472259667,0.0002806238542852502,0.005057150202322415,0.023936209307704095,-0.008511960470909841,0.028166788841617947,-0.008878243403473698,0.02107276375254596,0.004892893031782199
2020-08-13,0.01754272320376031,-0.005226450885024235,-0.013416227528367547,-0.017788220739656548,0.0002840889449444703,-0.005553181537896996,-0.0023453849222635956,0.003443260915335128,-0.002329744219160773,-0.004343052181638793
2020-08-14,-0.0008916755279686915,0.0035521738613458007,-0.005059909221114196,-0.0020173246965959056,-0.003948636015250893,0.00039088287268326707,0.0009580163225738734,-0.005633349835707307,0.006757032591595072,-0.004769362378850491
2020-08-17,-0.002614274939017188,0.013672623818227007,-0.008899439124318297,-0.023843134048523746,0.027041614500640878,-0.026718412990301383,0.00658439843395804,-0.022942320056277412,-0.009903565935333106,0.014088760969756538
2020-08-18,0.008298356047813017,-0.006232915119193107,-0.0025262881207265267,-0.008704846422345864,-0.011304419446225025,-0.01403852158723621,0.005737652517563956,-0.008490897108232054,-0.011611429807636226,-0.0021084036052984615
2020-08-19,0.0012539531474380868,-0.004191004237176896,-0.0025323787400657774,0.008458778630861231,-0.00753732177969737,0.002336640141117991,-0.006085424538686884,-0.015167098218460252,-0.004460465765567721,0.009900473171229987
2020-08-20,0.02194700588983541,-0.007345236328099333,-0.003920375093601941,-0.005779778505619571,-0.007736345564359271,-0.012045797934369275,0.023004617446807915,-0.005936242270456135,-0.006584769065787903,0.01559971218550762
2020-08-21,0.050248533187689785,-0.004576344409256979,0.006886495665158519,0.0028691049570794993,0.009043870134353772,-0.0005139030712528557,-0.00729652078737591,-0.006239956160717995,0.0025820786907420064,-9.769030377622898e-05
2020-08-24,0.011889231861480347,-0.008748753612925176,0.02320605791471715,0.02396602461432196,0.012351383622288742,0.027765738689299532,0.0031404130091765275,0.027082199030345058,-0.017015581332651734,0.011106878062201828
2020-08-25,-0.008237482502348127,0.052307199100958775,-0.0037476021539500355,-0.006483542890137829,-0.002164377389275898,0.004387793981843946,0.012925681818899134,0.006246855943024512,0.010884905152123031,0.008154691495851185
2020-08-26,0.01350752248638726,0.007865124445220074,0.0048060529866959835,0.005904552630395519,0.020067814342126747,-0.01412954837968322,0.021389011448513087,-0.018153675955383322,-0.010949686341010515,0.0103257045929332
2020-08-27,-0.012026542563416238,0.010457791814738437,0.010799497726941679,0.014040591221447503,-0.011368708999675873,0.03236993360186265,0.024257048933503146,0.03155595557772827,0.009186756623064478,0.003655643239779299
2020-08-28,-0.001621251016009448,0.0012254719480379347,0.001811801849466013,-0.011678750193777999,-0.008139977358566605,0.004095088316088404,0.010230564659433342,-0.01106967681262348,0.008625187535935476,0.021934609619446675
2020-08-31,0.033349880172917096,0.000789877550631244,-0.009232911723839068,-0.007730864605782595,-0.004375768441147743,-0.025424893014265617,-0.01487559981855145,0.0012935929283941156,-0.005806076952023471,-0.017395668563984244
2020-09-01,0.03905975415569908,-0.009758611537509308,0.02594138047766692,0.0028755810864393313,0.0031525692358648164,-0.0004991684993485592,0.007685470035926992,-0.0117021938451045,0.0008956321532262388,0.006394735776329704
2020-09-02,-0.02093628059907755,0.02852967251554686,0.0218078703163889,0.022046609697049503,0.009656047778509275,0.014966396329105078,0.019088904319690476,0.024035292119733417,0.02341063047724502,0.014564083828415215
2020-09-03,-0.08344752924990069,-0.040358783438138875,-0.01695866984119642,-0.011877812941088467,-0.04475365670185539,-0.00315313056678703,-0.0639485991411563,-0.0182973505822677,-0.012600548225783494,-0.035355080165379076
2020-09-04,0.0006617150692303521,0.0019744773759254046,0.009629453488191088,0.016153482280420132,-0.018263052620397232,0.021382375741069874,-0.01413550761584397,0.01052106254664502,-0.013466999598724733,-0.020792818883100875
2020-09-08,-0.06966638361762319,-0.029496668240678002,0.002291530946794609,-0.04093258043639173,-0.0014844455633374215,-0.03539493006812914,-0.05561360230144115,-0.024576704469638968,-0.015341384082751673,-0.022432976266592384
2020-09-09,0.039111630797426314,0.018038516596057805,0.027690457272316733,-0.0012848319411933368,0.02848438649672443,0.009462367927969268,0.04170189747926167,0.006533331747110566,0.01540561407018473,0.019496917041319634
2020-09-10,-0.033190530566532504,-0.020280161754498406,-0.018708301810817465,-0.010988810268060976,-0.01578973833229263,-0.01036344450427597,-0.028418537685672613,-0.016235641024002722,-0.024067790521335276,-0.01242623755991746
2020-09-11,-0.013215856674453085,0.01062329936665553,0.0261464998778658,0.0045395096465717395,0.013223445542536313,0.012344728724382859,-0.00654609272803569,0.01420972710942839,-0.0061838042377378504,-0.0042761863664540194
2020-09-14,0.029558721716441975,0.014450286332639766,-0.002082427098132065,0.002088107570631466,0.015512829470081061,0.013756334650164693,0.006740766723142267,0.009303827485071846,0.023245127807038746,0.021200697807005106
2020-09-15,0.0015591965872278088,0.006463554087906571,-0.03250722849917017,-0.0167280093743181,0.017413959908979485,-0.03162566345936949,0.016273120758283324,-0.020387848529652277,-0.004352208934753298,0.001998318553847188
2020-09-16,-0.029958051879648964,-0.0023785838459434655,0.01674975049889434,0.013444674520880941,-0.013927997215674245,0.004221540563113656,-0.01802710029146748,0.009053766903491009,-0.0023134992538524457,-0.0012667725648214702
2020-09-17,-0.01609211905872607,0.001290673638637723,0.018099917638991308,-0.02958431645907615,-0.0059478632716316645,-0.011500408564785835,-0.01049131618850104,-0.005049522561590927,-0.005036907422335226,0.0006823196474957978
2020-09-18,-0.032234267944616944,-0.0014519954049529817,-0.00966499659989462,0.00015411577544015428,-0.017184745321721647,-0.0021329577112697523,-0.012497184798359104,-0.008830875820166019,0.009918659908711987,-0.013043180239319167
2020-09-21,0.02987513298910315,-0.01845610145141556,-0.04743587745382639,-0.004423275188279767,-0.010373780943670951,-0.03139783144871302,0.010672223934370065,-0.01954268330546133,-0.02908592813542655,-0.025797431982999088
2020-09-22,0.015593455049210054,0.017567476557843513,0.012445031685864378,-0.01234417398140447,0.0035186145641344143,-0.010971615841092363,0.023808166812196285,-0.0018290156231629312,-0.016614990718466865,0.01562771555990887
2020-09-23,-0.04285123915594904,-0.020037662797487064,-0.01900355337163607,-0.029122439687958645,-0.025044834415225155,-0.016363077818220585,-0.03348267128528162,-0.016241211701814518,-0.007230950550389331,-0.026218303023767882
2020-09-24,0.010216380045158195,-0.009401627503291907,0.005250230565013417,0.047172006302367224,-0.0031939798781587575,-0.0008629085790056879,0.0128783618363996,0.003065337839002499,0.0017787218094805876,0.0007678422136142517
2020-09-25,0.036829495514733496,0.014458970215985105,0.00529091573106734,-0.0008205420163018461,0.010669294155870779,0.008703549711482766,0.02253083583342032,0.0026861669334832367,0.03306980098246795,0.008809080562358492
2020-09-28,0.023588567709416867,0.013079551788032365,0.012057995492178548,0.020913474678801794,0.01397731217272293,0.02837311066390297,0.007765122627960027,0.019328874166572554,0.002410363577237889,0.015444116203525014
2020-09-29,-0.007596538752677106,0.005127936908294381,-0.0018297101809112736,-0.011519474487893132,-0.0008078029254552958,-0.008459506894034224,-0.010463485785446416,-0.025545693278867795,0.0030292059752079466,-0.004402432847015206
2020-09-30,0.014963227588996658,0.023326181267684574,0.011734573467489634,0.02101865288033185,0.02037074374872114,0.009602429170126676,0.014703675200282908,0.006956289042279972,0.02474501113655126,0.0026538293365151577
2020-10-01,0.008426513421235925,0.004827747429121756,-0.016494718594013098,-0.012114774963685161,-0.0003239902155367747,0.007245071071364327,0.010076251751482874,-0.0035183179924382474,0.004160825138546695,0.01676130986485645
2020-10-02,-0.03281271642739433,-0.03986119462798931,0.02177732501663625,0.006776253233138426,0.0060687801200866994,0.009442762403736787,-0.029955700788115713,0.0071168076015732315,-0.0034875291741222917,-0.009337911250049263
2020-10-05,0.030326456670064894,0.042286138995244964,0.02340009722884228,0.009459749908861252,0.009939736589274219,0.020915844151915452,0.020117276747824507,0.030207809399411374,0.019583728607033835,0.010271607964417154
2020-10-06,-0.029088556931655237,-0.01305303194318076,-0.012851619452450192,-0.0035241675526476324,-0.020159714607715516,-0.010352319985855925,-0.02147617484721875,-0.003401550435131496,-0.011697948098148527,-0.015297488414742188
2020-10-07,0.016825101571536386,0.01951627706964455,0.021156621467117248,0.012404362826475173,0.022602397476391797,0.01729516220357805,0.018858483256624935,0.02014886942933631,0.027353484291797854,0.010026706424107306
2020-10-08,-0.0009563170950212525,-0.07066615392853544,0.012137422599324443,0.021284635322057294,0.006098869545576093,0.020347090548537207,0.00356790385899514,0.01586644768244198,-0.0023542707507358453,0.0025159230145272425
2020-10-09,0.017246219720369355,-0.014220168480570944,0.014449116267841225,-0.002117745239656559,0.004908671351583956,-0.005714855599921225,0.024532787087253392,0.0018147547677551518,0.01670147121971467,0.017870689743364213
2020-10-12,0.06158453331152261,0.011801713038028449,0.02282797893420624,0.031212594617881735,0.003456440429157498,0.012178364391474432,0.02557251309158093,0.006110983031969547,0.006475952646391321,-0.0011622476722680665
2020-10-13,-0.026885495831586767,-0.0007103098224221807,-0.0030178265568507156,-0.01557939923052011,0.011952914945368022,-0.01633726397180649,0.006572809656402196,-0.03182070891013046,0.004384914027208735,-0.010128632311451861
2020-10-14,0.0007429494471688547,-0.007085970173707954,0.009148500914163549,0.00199040914775896,-0.011325887333574347,-0.005572330461873976,-0.009014857963738347,-0.0076472792713741244,-0.029300705910726966,-0.01043005964455908
2020-10-15,-0.003968660292829225,-0.011170874013862781,0.00870220955376919,-0.012529000221534395,0.0015663436941632121,0.014856519422908799,-0.005448212154913354,0.005430437360412951,0.008415426015158151,-0.013192441746539748
2020-10-16,-0.014099406430361533,0.003016552382315897,0.022230839001465705,-0.01152350726406908,0.000417392518099699,-0.0020669610600533347,0.0,0.006018624559424467,0.016288389990503513,0.0035516472198078115
2020-10-19,-0.025873949702197425,-0.02148318514839418,-0.007256370250767324,-0.0025250877164669145,-0.013756322180619259,-0.016988947391365878,-0.0250772372890896,-0.01314641587614981,-0.017367623613834173,-0.016564940740470924
2020-10-20,0.013106007944357961,0.0016890352167695075,0.008677384058719819,0.011312260369078418,0.008108812914558039,0.005695258406379695,0.0020051463494230887,0.05454705009818189,-0.0025010622481240114,0.003699203839902786
2020-10-21,-0.005461285419108822,-0.009259400013725735,-0.009453443649462984,-0.024919710319172072,-0.00536333950927777,-0.01001342417386554,0.0006988131967924164,0.05669737020481391,-0.001919091389437709,0.00368548981227376
2020-10-22,-0.009629712742319156,-0.004333039858054612,0.01341039986550431,0.012196666890264187,-0.01184445909632397,0.03471320446356254,0.0004188147037694501,0.009078616087298697,0.00906722241252539,-0.002219760130315103
2020-10-23,-0.00615265941711603,-0.003603520912666591,-0.00023731282688061836,-0.0017541847037501326,0.006522835096343388,0.008999047875300955,0.006216222120834683,-0.0013486167691763888,0.014840344207845546,0.00010088073397889429
2020-10-26,8.683572175235019e-05,-0.010043132661559708,-0.03249347424480634,-0.019203791433341017,-0.024900979973835086,-0.025068481330486638,-0.028853833622081774,-0.03580026452824937,-0.023071686739448996,-0.025264563112816458
2020-10-27,0.013382486072787636,-0.006379047029824236,-0.03295085780494261,-0.0275204069735447,0.0028936734291114155,-0.019046103085500858,0.014976427354903428,-0.02036395757198874,-0.0079241725767728,-0.015712893021990155
2020-10-28,-0.047418972487538215,-0.03219627884679383,-0.04368654472938608,-0.030667984069853233,-0.026055214645423996,-0.028490400285823204,-0.05083665079547565,0.020034760695651393,-0.03981380925107304,-0.0495614513524494
2020-10-29,0.036380526166822615,0.006632913890921641,0.022955015172221108,0.00089553778621276,-0.0003337864824356202,0.0065046501668645645,0.010014687625320847,0.007870126911580151,-0.01412529746142642,0.021874302381500215
2020-10-30,-0.057648200687993756,-0.004048221650629082,0.015270617821316647,-0.0047499791307903565,-0.010888448372375174,0.008913479489403745,-0.011051165954205909,-0.014393430156658291,0.004796267293913299,-0.017240613468699345
2020-11-02,-0.0008270619286207513,0.01496076852627841,0.0388405868566048,0.006117636642200397,0.014996619252017245,0.022291264372501476,-0.0006919793655798545,0.026245390597206875,0.02255277179097664,0.016537337036861444
2020-11-03,0.01523684010506177,-0.0006813603129083205,0.026712087964300312,0.03983708221834269,0.0241935592737002,0.031035136530850615,0.020061528800622654,0.01934029774552069,0.0292074763050342,0.01929947131907441
2020-11-04,0.04002500118547326,0.04561289012395987,-0.07720943271434115,-0.000302941940571261,0.01910477940624165,-0.031035136530850566,0.047120890219570666,-0.02354538622272087,0.09834631775935238,0.029454594142680365
2020-11-05,0.03487820954627016,0.007094650421250221,0.04939441822060358,0.02539863912459253,0.011010436755175318,0.04008384454138864,0.03138903460617452,0.03276367207838533,-0.0004512814687325007,0.018743493702307892
2020-11-06,-0.0011367566736671842,-0.0012937156157628383,-0.01109836575756061,-0.00841120172116001,-0.005648362335856252,-0.013410121043582421,0.001923847511903514,-0.004007837539437012,-0.0197766231367117,0.004190666405592952
2020-11-09,-0.020170106841206275,0.014271614569049535,0.05740653595246731,0.0657146029807124,-0.05150840829514138,0.11238370948141033,-0.024113025515353746,0.055740078948120546,0.007283815238108962,0.06915080701522577
2020-11-10,-0.003013267297394391,0.02769794777958807,0.008626791567093022,0.011748724823881958,0.02053083650244878,-0.003256085215028613,-0.03437663661077993,0.015371291360775714,0.010487636046184051,0.0029577349577570547
2020-11-11,0.029900824548659576,-0.0037736801229970567,-0.016620233642481785,0.002663374894291132,0.007879952784012342,-0.015045658423415473,0.025916063123921723,-0.010320029668706333,-0.005642247939114084,-0.0028634470721891174
2020-11-12,-0.0023458529720938527,-0.014859295869163978,-0.0019489621190214464,-0.016368129246382434,-0.00545149762848422,-0.012360406393444259,-0.005138979620511299,-0.019150655757822647,0.007675816093188744,-0.019589788217761712
2020-11-13,0.0004192543457218041,0.007697348601935691,0.015139046217069945,0.021080710314857042,0.0033610104564212764,0.006243166937647855,0.004953876590287699,0.016702693451058587,0.003548823716114328,0.01060316993361057
2020-11-16,0.008682782077449108,-0.0029535644394689435,0.008582171342533832,0.01495067295025862,0.00862158004945763,0.027834859867194618,0.0033201237686172726,0.012254524720899235,0.0032280705756491546,0.010492070946734013
2020-11-17,-0.007593253061671651,-0.017992346494618578,-0.007418198281129089,0.010155992791319627,-0.025723977380928204,-0.010196786516252753,-0.012833484218858297,-0.009213974062326926,-0.013316090907875713,-0.009399754788736158
2020-11-18,-0.011456713267295592,-0.020339589713568786,0.0048166730112395575,-0.0015592013826926019,-0.009736338157533617,-0.007434366936200316,-0.013271404616108661,-0.004973702324917974,-0.021791800144167865,-0.013762370699877857
2020-11-19,0.005154865571379408,-0.013660097527994318,0.000925931600365216,0.0012029219461162529,0.0040682742323499945,0.002686143843554572,0.006328324043362161,-0.0037281260215384156,-0.02204036176175532,-0.0012517698764498825
2020-11-20,-0.011017943276845302,-0.006698842786481281,-0.0038829631552367043,-0.005447302219880825,-0.004142358088550363,-0.008603710576779344,-0.009602452781759061,0.005066756658908892,-0.006848218882963555,-0.01793698554949265
2020-11-23,-0.03019381010552073,-0.004265819263626793,0.014697616107012234,0.024239242694259013,0.00587557546351267,0.028396208521741836,-0.0013315477817156742,0.0005945210289753222,0.001074584235803861,0.02077531649041988
2020-11-24,0.011527252201643688,-0.007951659934061099,0.01205644512617659,0.03718840399988813,0.007012859160084516,0.04520048915183383,0.017690323648207062,0.012987932720770064,0.002831487592630182,0.0072755592174973335
2020-11-25,0.007439512917920542,-0.0006803785489285579,-0.012915272875776398,-0.004050546365189201,0.002375549622394677,-0.010515765247257681,4.6617815743862844e-05,-0.0027163889149706606,-0.008428113363814247,0.005754104399293427
2020-11-27,0.004814948404123324,0.020219777437966952,0.002573695065952767,-0.004831072797260364,0.0073825360492601935,-0.006659960672994864,0.006338897345997557,-0.011683893297300992,0.014155590427428892,0.0005213320094020802
2020-11-30,0.020880123026044615,-0.012397828548512098,-0.008546900824730613,-0.02068832033669018,0.0051320585908847865,-0.027939856850531443,-0.005404156373487223,-0.036279609754691626,-0.004746135080441179,-0.0030851599413131902
2020-12-01,0.030361648728406986,0.013598283303281288,-0.0019029386602158306,0.011920123620914831,-0.002924139325204342,0.01565557199691598,0.009947074877926882,0.0285885071907114,0.014317260105515449,0.004032580369020702
2020-12-02,0.002929177475366732,0.006553857195793859,0.003514491810528514,0.023717010230066324,-0.014647128556528619,0.019026113177563447,-0.003892686451715331,0.004711192260378541,0.01849772608940153,-0.00484106667242688
2020-12-03,-0.001138154967184917,0.0015434640517558232,0.004361652608465281,-0.009215344750961781,-0.010978463266604507,-0.006577005748754089,-0.005260567409874575,0.007803039645661205,0.003217366690039668,-0.010185948935037763
2020-12-04,-0.00562812815302022,0.010085198450847077,0.04249074354133483,0.01730359985518301,-0.015598218979538512,0.00903208429448432,0.0005600704849472141,0.007889471792095046,0.007055604757698539,0.022010242462117375
2020-12-07,0.012195146472610682,-0.012114275825466626,-0.019395579249890764,-0.004727621096336873,-0.005126816774639929,-0.003766922486915328,-0.0003268936996644478,-0.01673743400387185,-0.005818779254385793,-0.00014123564899580558
2020-12-08,0.005078059478519915,0.010935702707564523,0.0007269881386138836,0.0016341547753275056,-0.0035089019651367097,0.0009838276149733095,0.007994666319005682,0.010105526768306063,0.0,0.0005644489018875071
2020-12-09,-0.021125220772164683,0.003967144157361623,0.006854277597100317,0.016526529218344365,0.014640731448069636,-0.007817284660515782,-0.019682470277975046,0.0037129645787520814,-0.009967504822742189,-0.01510636686446635
2020-12-10,0.011917398481471265,-0.007380045036258598,-0.006798108643516531,0.0064859366739407716,-0.002903534117204078,-0.006464310117910746,-0.006061652332364431,0.013254380345691253,-0.013917005861051164,-0.009444439016709853
2020-12-11,-0.006757661599969497,-0.0033364203692021993,0.0024570157390532664,-0.018208996994365054,-0.0009823237418314457,-0.005920892948316575,0.012931491718887404,-0.012957867086531313,-0.007625028723912831,-0.006620622252377625
2020-12-14,-0.00515973688150179,0.009018187531890971,-0.006940049452638477,-0.009209468336141493,0.0038858578590355935,-0.010594437280892483,0.004397953186450772,-0.007139169503174764,-0.002792549243938515,0.004885246155228131
2020-12-15,0.048875906029634486,0.0046520954004237655,0.020512518438632218,0.01932503655087656,0.008996266138201228,0.01693088231194216,-0.0003268390479058056,0.024111597407117498,0.010476623558519919,0.0053415131252523744
2020-12-16,-0.0005472787526552981,-0.009107459900133815,-0.012401713419500736,0.005512181993583262,0.005990005727066516,0.0029046965563943226,0.02376621797465717,0.0013108003456263758,-0.0009722109174442678,-0.00043217272910900064
2020-12-17,0.006939271595104204,0.012182715886910733,-0.001840320818728419,0.0027038681921814373,0.016116059933384046,-0.008321641320073141,0.0006382264118293753,0.004283547982339429,0.006842928167114266,0.013875737500397724
2020-12-18,-0.01597785765126687,-0.011963651387175785,0.009940730505159633,-0.009454149471368398,-0.012931095882768712,-0.004942333689021296,-0.003789871623403331,0.00599507088931793,-0.009675738891952,0.0006153063637593727
2020-12-21,0.012319184452164015,-0.0051776637701543065,-0.004430365895678419,0.05952374494941485,0.0019947072022374578,0.03685040526946371,0.01813383937000415,-0.005126134117650399,-0.006820475853940322,-0.010944062295592057
2020-12-22,0.028067201716440157,-0.02819730503833925,-0.020071462893644924,-0.027177648210229773,-0.003511774727646866,-0.015333612349591116,0.006046518564689361,-0.012161921314418428,-0.003188524987139521,-0.015283175521729017
2020-12-23,-0.0070008253561182525,0.0087850550975824,0.010366127553456013,0.02511288965718446,-0.0008521357795233279,0.02756132247940821,-0.013124973856177648,0.010713046864386157,0.007671733922599444,-0.0026264238293495193
2020-12-24,0.007682784583183132,-4.4801592720279637e-05,0.006369326622838988,-0.0011313726622305409,0.0041053811491307025,-0.0044073806003522625,0.007796714625187086,0.003906790055779446,0.00943397682718198,0.016425217192645322
2020-12-28,0.03514102011765264,0.003224506935767608,-0.006649554927930185,0.01330111959689696,-0.006183244784306183,0.006563813611021149,0.009872586320720534,0.005042062185114232,0.01502815034425573,0.018655849664627966
2020-12-29,-0.013404137762403089,0.014295014529051417,-0.009689568353342367,-0.006104978714851925,-0.011429927925294233,-0.0026363273261699716,-0.0036069776783271583,-0.006053507839183392,0.004038554424297546,0.008149908357709934
2020-12-30,-0.008563237093429054,0.001321388339460317,0.019008707447473086,0.005565514076405963,-0.003499531803157814,0.002795802785086928,-0.011080549785858521,0.005263016138019582,-0.006817945884424433,0.018441422105689553
2020-12-31,-0.007732635776098724,0.01203283034653243,0.010937433802544614,0.01628599665938741,0.0013561234705621206,0.013548439624678672,0.003332434945152622,0.009232347977950662,0.016358800399576892,0.001693001325899063
2021-01-04,-0.025029931614109893,-0.014280367231967002,0.0007138655490487054,0.0048798949978968095,-0.0064210975232978406,-0.009488459882488984,-0.02149559736854352,-0.03420350130792055,-0.00337035848191015,-0.004444472667993237
2021-01-05,0.0122877227748552,0.004841395388831486,0.00814669434432075,0.022130442562035262,0.008038449965246386,0.005426661271306099,0.0009643953718908862,-0.00829125799351461,-0.013539098924109828,-0.015036974746818553
2021-01-06,-0.03424085826576609,0.02381837792272782,0.054159250537157144,0.052556527938119636,0.005696953833212354,0.04588658473886224,-0.02627141771066687,0.033406356404545,0.04110981891256662,-0.008849971780736614
2021-01-07,0.033554140090253703,0.0032957135316008038,0.001906670005309839,0.02113773695387965,-0.00490797373641047,0.032311389349702895,0.028059534051641376,-0.00021583338188376625,0.0159051404666915,0.005581415116071185
2021-01-08,0.00859418943746009,0.01892063198165549,0.00015445209497349645,-0.005398034867983723,0.010572590609005372,0.0011036182899804882,0.006074473229456898,0.004161735358719922,-0.004502775810902781,0.007640961563674685
2021-01-11,-0.023523573999728202,-0.0038650359960120304,-0.002061122100283351,0.012844598660478684,0.00792136165968038,0.01481386393382185,-0.009745954309559057,-0.016024564048182664,-0.007291411106793254,-0.011953214892232358
2021-01-12,-0.0013964010589434155,-0.00413368048143617,0.018804722671443633,0.028120980285386312,0.018628405780217794,0.01559696803048895,-0.01184039055234401,0.021523187807218354,-0.009413483882368118,-0.019111412933634286
2021-01-13,0.016096514548228236,0.004849130477180685,-0.008387735740374493,0.0024127321292634228,-0.008284720606090647,0.0009266250652932938,0.006538773912592737,0.012948275957015944,-0.006541128212724476,0.002343383342959346
2021-01-14,-0.01524290634303608,0.016354178305486418,0.0076787876871214755,0.016142680532997073,-0.021056036853267304,0.005825740889158151,-0.015465258422764699,0.0004920451945080543,-0.012784372358016452,-0.03643316040709516
2021-01-15,-0.013825744188524,0.015724248215021094,-0.014182912212141725,-0.02253420150865893,0.026659477723268217,-0.018084464430204582,-0.001738320061844708,0.006443678896532083,0.0021943800389994717,-0.0013385575153489595
2021-01-19,0.005412493282310058,0.011260692711023692,0.0024247519275772,-0.022883743582540892,-0.008746499756976285,-0.004337168549700457,0.01766564817749482,0.0018826531458597466,0.0025301522992492967,0.0003471996661088622
2021-01-20,0.03232808423838504,0.01633993408171676,-0.008902826324172716,-0.012759371815180488,0.004054754214874186,-0.015109087949844275,0.03584939387976291,0.010466960549656745,-0.00384050523033415,0.021341510956128264
2021-01-21,0.036002247843697814,-0.0013085104175238952,-0.0007801895840566648,-0.003794033234708476,0.01716802571748258,-0.008419614067065005,0.002804414515704145,0.02519376770519826,0.011787268192626812,-0.004231989811893122
2021-01-22,0.015945767290585337,0.005815690373505717,-0.0013016993221948688,6.898508987928296e-05,0.01758361750050928,-0.007743535704696491,0.004346590322688536,-0.019555447014381045,-0.021208817680724763,-0.015325847049702376
2021-01-25,0.02730768405501187,0.014101280166562284,-0.024257683469637074,-0.022186906033249437,0.0037955919010241265,-0.012560673817736371,0.01572008048703977,0.003559502037271656,0.0007475558390582294,-0.005161391782870361
2021-01-26,0.0016781252365451762,0.00581720658379813,-0.000694264686201462,-0.00453251315150142,-0.008737271829338382,-0.0040954828238424995,0.012125082623451458,-0.018271825430441067,-0.013605335567638674,0.005111752514574459
2021-01-27,-0.007713790575785799,-0.029590299307794252,-0.03578007480044279,-0.03037608468564435,-0.03072165861757667,-0.028679134755894755,0.002450323583695439,-0.029733002319858138,-0.02993850361787241,-0.0354713360079416
2021-01-28,-0.035611718474689254,-0.013271794386455654,0.02033100142124865,0.006164139114787943,0.01449008573972718,0.017444180345358624,0.0255614164659854,0.003577790990640194,0.015377277847020743,0.016531757826484424
2021-01-29,-0.03813892315638372,-0.025840701200385837,-0.008170230748511354,-0.014097951725521302,-0.026346537470212233,-0.011129274883511371,-0.029605671948734306,-0.026784116854387235,-0.013606977425969596,-0.025392706914395942
2021-02-01,0.01638528910630239,-0.0041506871547784254,0.010229766696831103,0.013042885403754544,-0.0027732665466046673,0.00735619905810756,0.032614553291108,0.013916130807471656,0.0012583241715177168,0.026098945669457516
2021-02-02,0.006316607809907524,0.0002493700198607242,0.04125495287271963,0.04358857492886721,0.0077088640168378264,0.030317960704576246,-0.0005844685827497228,0.011652916661065008,0.01403285502166946,0.021199329513182236
2021-02-03,-0.0078086298042633895,-0.014280608559804456,-0.005469678037919727,0.005490878672632443,0.007358468986919744,0.011386245692500319,0.014466407958317393,-0.00840218345018192,-0.002453421010694979,-0.006188748760557707
2021-02-04,0.025431620240484353,0.0005902408007911099,0.0010441943223681938,0.017860676474777,0.016817937411320903,0.022752310932480785,-0.004082390213080158,0.03730194661691327,-0.02569061982682397,0.03843542000224815
2021-02-05,-0.003103138894475418,-0.0038011593796843006,0.0070194569650121694,-0.0008512424698756378,0.00014348136462520749,-0.0019548840263719247,0.0007848024633129462,0.006302806130338179,-0.01471344639618354,-0.0022966990967206217
2021-02-08,0.0010965883624466596,0.005275469152916303,0.02279510377006062,0.022404597877224583,0.0041868047223723535,0.015533352427719457,0.001114044737758545,0.009345860774608075,-0.0005242073435488246,-0.009045782862355582
2021-02-09,-0.006595563605166454,-0.0038801094966087932,-0.0008614572467484227,0.0010322562983477552,-0.011710071052405612,-0.004003961773483116,0.005347275093225615,0.006544881778977263,0.016178795076205368,-0.0017900526055740678
2021-02-10,-0.00456888725858969,0.007619499080260432,0.0022281055927823768,0.01263361931337382,0.006913454673069342,0.0005726817439751142,-0.003904692385001265,-0.008393564075774693,0.011372098105216404,-0.0003873704636334132
2021-02-11,-0.0019220275602911936,-0.007037884415676023,0.003181206334183907,-0.006462243204207281,-0.005866237473515023,-0.002796096195724875,0.006853724638905006,0.0028057288299911335,-0.0009903008277913838,0.021786881925353847
2021-02-12,0.0017744530593900713,0.00919018631520487,-0.001816762454990284,0.013144163723570934,0.0016232180081775195,0.014116991091547067,0.0020431826853810962,-0.002599981992798319,-0.014607570954570399,-0.0033284471918640325
2021-02-16,-0.01623504398152536,-0.018594433064493914,0.0219306473753002,0.01824511978400274,-0.007668636398442955,0.023785266395397704,-0.005279467427693008,0.009952782059518626,-0.011090103938613797,-0.00985983059027807
2021-02-17,-0.017801721155817518,0.01182638695760303,-0.0003951555361098073,0.0024970892562574815,0.019881622801967033,0.0031065359090374995,0.00435010051540852,0.006962330558989673,0.006876870084483313,-0.0018777603837308882
2021-02-18,-0.008673964467780036,-0.013158493423127882,-0.011834699773628792,-0.009122727075819183,0.007553580572398424,0.0033709813111534345,-0.0016802925795561627,-0.0051320849618525085,0.004730700205684835,0.00882817335297893
2021-02-19,0.0012328345425224308,-0.003618999079537875,0.04876160669923471,0.018289268464178523,-0.012120648879985447,0.016552810012097973,-0.01163469407852138,-0.012125689737505429,-0.011730516288633655,-0.022315569300365778
2021-02-22,-0.03025211684279775,-0.0009501967726779303,0.038091530884527686,0.00395266627356191,-0.013645624996368542,0.009346885439382337,-0.027174418098571546,0.01334334129618736,0.009383421259407547,0.017383365644467737
2021-02-23,-0.001111662972062727,0.004267976135757921,0.009675040410624518,0.007357603003854712,-0.031710434200243276,0.007999432962272486,-0.005301477116956445,0.009825198795585435,0.005690897165034256,0.018029506089377572
2021-02-24,-0.004060577294274462,-0.010682303947139891,0.010346942462333022,0.03518122201387036,-0.027580499090431337,0.017442265506652333,0.00547221648760287,0.010856236146729077,0.008160660699048467,0.033928489773749404
2021-02-25,-0.0354017719576738,-0.010797648822462319,-0.002926206319862215,-0.008748728658739317,-0.018322980407302344,-0.013664682403722945,-0.023990499839165284,-0.019802627296179754,-0.01010467686340794,-0.02622614657871239
2021-02-26,0.0022291838487627897,-0.01149343212921365,-0.027143564689731663,-0.025586915619264235,0.012033063030535512,-0.026882780980722547,0.014695622434312279,-0.01703615783777945,0.010135064532317833,-0.006383164174206885
2021-03-01,0.052451172940435144,0.009381486317832349,0.017813329607955095,0.03607603198059774,0.01261664790773409,0.022374538954343343,0.019433157847475464,0.033055818197988626,0.007287551460575516,0.01976691931266093
2021-03-02,-0.0211148627859301,-0.005964013200942152,-0.01809132185529433,0.0030869249088110737,-0.005096658250018985,-0.0032608837814317748,-0.013041886252820555,-0.008480468774448443,-2.9864335205995015e-05,-0.003978004373129382
2021-03-03,-0.024760706034761156,-0.007784002927995854,-0.0042255222652421215,0.010490391356771859,-0.011320626965772558,0.01914732236586174,-0.027351317154132252,0.01060600923240178,-0.005303434161796467,-0.0042727224930997456
2021-03-04,-0.015937930448156428,-0.00910638002739772,-0.010007079791735441,-0.015488987666079262,-0.02530194979688577,-0.015487461462096282,-0.0036539547031916144,-0.011276806344984062,0.0028201640383389817,-0.015715331390728143
2021-03-05,0.010680884936537903,0.025888778524413188,0.03414257696302238,-0.005847642927608327,0.010268817442613029,0.0023220160188982776,0.02125177416442508,0.022165641342448777,0.03904084102167779,0.018318369480493053
2021-03-08,-0.04256652115334634,0.0003513924797023365,0.0064291060507519595,0.020618505542371636,0.021501255868522785,0.01316544544319788,-0.01834526531629914,0.02200575223833768,0.00880592389194926,0.022310740251383195
2021-03-09,0.03984491225804344,0.005166456365248463,-0.021808267211184784,-0.010830651089126384,0.022634667953501632,-0.0070877757200514735,0.02771405567393484,-0.006996455137468488,0.005155851002845051,0.00040857697696140914
2021-03-10,-0.009208741295336099,0.004227090688845541,0.019458773773795412,0.03399025019495678,0.01106638100250388,0.021501934601852405,-0.005834260045295959,0.010090614134488854,-0.006784937370807822,0.012671100978911743
2021-03-11,0.01636783004030883,0.005247961615492841,-0.005898265664113063,0.00023384999599104512,0.009755453842309553,-0.005235024442808319,0.02006228436949518,-0.0018681469635400307,0.00996168576567206,0.013264701426470918
2021-03-12,-0.007654635109229196,-0.0035101866944214823,0.04118606621805377,0.01942431819276442,0.015684485655159036,0.01178856419746042,-0.005836660038667723,0.01395854311899542,0.011781912638835467,-0.007946514074413947
2021-03-15,0.024162473194498803,0.02401890813548634,0.007569675921358669,-0.00794401666955609,0.019723618771067715,-0.005007615655889493,-0.003995111186949441,0.0004447376835636005,-0.006028986636649923,-0.004870073502283341
2021-03-16,0.01266251256809938,0.018309179331138268,-0.018723250200650764,-0.012620926070681835,0.012628930494921841,-0.0120437506765072,0.012274734600305948,-0.005544587590208401,0.002032647850938732,0.006384304448942228
2021-03-17,-0.0064715893059829645,0.016302731838103122,0.031170146746799486,0.00943702337343516,-0.007294089721930437,0.010239883651402874,-0.002822717558627903,0.009224224207156283,-0.006848270146245962,-0.007504680766401599
2021-03-18,-0.03449322169867229,0.000613945329433048,-0.012707128892517731,0.008802995704417987,0.011115447254884146,0.016372109536455886,-0.027023878977794378,-0.0069261375738815184,0.027640251756806018,-0.01063840773190497
2021-03-19,-0.00449031116816472,0.006199583559839558,-0.02364302402572007,-0.010979578076784747,0.020760697430569127,-0.016049663082019532,-0.0016049073860279356,-0.049204482284595626,0.00970255979235958,-0.06438768277870131
2021-03-22,0.02794167901645875,0.01513247059101983,0.003235315720561335,-0.0142499649147968,-0.0005536529092588537,-0.027246909930245727,0.024189481477431475,-0.011519960421354588,0.003495205166228501,0.005302523496162981
2021-03-23,-0.006912454995860224,-0.018798744306160596,-0.03498245102750617,-0.02253115997117618,0.003592854328849133,-0.010052145448155612,0.0067149977598398025,-0.004005441781806842,0.004460503293202643,0.0007210192774854051
2021-03-24,-0.020196012228096288,0.001753417233012094,0.013561435089040895,-0.009448561542158862,0.009507052921480238,0.007731052617041155,-0.008963388131728416,0.015391285049581161,0.005682547309217228,-0.0003843516171929018
2021-03-25,0.004154896173030905,0.003172448409784881,0.013558832012770267,0.005764623079983906,0.015018838730930031,0.012732249428779936,-0.013339198170962201,0.02317529874751521,0.0013212760816842717,-0.00048062825018381164
2021-03-26,0.005128190404571094,0.026488656078812324,0.02314149601181238,-0.0096055972249777,0.022064448608837342,0.01651330687814393,0.017661685368650676,0.005613295945846205,0.014420506260676761,0.026383307216405503
2021-03-29,0.0014838919162385837,0.008270779500734193,0.003132438846275866,-0.005083325431415299,-0.0053131181902397176,-0.015661487752733783,-0.005257264235562742,0.0013658794971413146,0.006829425949071102,0.004579171404680717
2021-03-30,-0.012350386972556526,-0.020646105277444676,0.012346231437663238,0.019096431750231027,0.008632082907266704,0.011720242850721643,-0.014515721041174736,0.0011689403177031136,-0.014615753249448369,-0.012242006363770402
2021-03-31,0.018591716864044698,-0.003771213711330253,-0.005204803648969493,-0.015205223245404093,0.0014099084415098997,-0.014671634619116983,0.016766144055233908,-0.02384876645239137,-0.003996490909897324,-0.0008024515304785852
2021-04-01,0.006934640059369568,0.0014458503536456425,0.0037450438480935997,0.0019554715326270578,0.008156422758132196,0.009675076940211984,0.02752622267198091,0.0014615270663916769,-0.013529831872507964,0.02394003692427329
2021-04-05,0.02330359809276724,0.01137328611297653,0.004159076041059768,-0.012593072251225235,0.024553931657970342,0.005286653359295025,0.027351002620848438,0.009317859658396745,0.008436902296412562,0.010002316884725655
2021-04-06,0.002459232577886046,-0.011654096596176371,-0.013222800637427047,0.010821234723479872,-0.005149276541650411,-0.0070552902888720605,-0.004869873588287582,-0.0018433775941476677,-0.01581940417007281,-0.0017820302491839996
2021-04-07,0.013301456449917832,-0.003941909371767902,-0.000997835798471405,-0.001560741775825195,-0.004183601665883551,0.01554673439490432,0.008196764312002723,0.003552119684982541,0.0034791873973156603,0.0028315773698650236
2021-04-08,0.019051092455937696,-0.0050101415205070585,0.00030374705158716953,0.013958177644672238,0.0062529957184741785,0.0012255383316984447,0.013316380064706037,-0.012754306096792154,-0.002053271738130233,0.0065004636326556975
2021-04-09,0.020049370727917234,0.00834964359879078,0.0011708362504148208,-0.0009968468292973563,0.015150080128390418,0.007450288839025729,0.01021413517547607,0.008542924984409735,0.030791023826660314,0.008212616904634984
2021-04-12,-0.013321324569969688,-4.004257885646239e-05,0.0007796754007765487,0.003108568703403166,0.004875149477558789,-0.002113787435191155,0.00023455272466201511,0.0012519347860511243,-5.32879229753942e-05,-0.004729807912060078
2021-04-13,0.024015832871151284,0.004048891554561402,-0.00686557743172227,-0.012615521608999095,-0.0012165883254595545,-0.011998666390566076,0.010030985931916777,0.0024336302851861663,-0.004741726350096623,-0.0020339392081446263
2021-04-14,-0.01801440455018452,-0.0013211624542690003,0.013985271757294268,0.02313727271622227,-0.001186791062324687,-0.01886720512974841,-0.011282320132527075,0.020934668539687975,0.0030127099921581674,0.004334128026899792
2021-04-15,0.01853507191019268,0.021833570654744523,-0.00025817332658328385,0.009497063543194122,0.008463567585675107,0.006328474694859374,0.015182186766751779,-0.006907655780417983,0.03756778171745227,0.019185789160383063
2021-04-16,-0.0025310645321199466,0.0022706780337596526,0.0036063601276955463,0.011045217180819512,0.016410274649488982,0.007398720844127303,0.004767067709292171,0.010247874347770589,0.0025606569380225673,0.0005743506940913
2021-04-19,0.00505573894697059,0.0010163723935866223,-0.004165470614044288,0.0022756537524925946,-0.003755856802378354,-0.004249097205398194,-0.007700244443737083,-0.01011850047044017,-0.0029967301941946395,-0.0027422295921249503
2021-04-20,-0.012913004854924762,0.01230829595076725,-0.020695550345974215,-0.033218905153612595,-0.008881503432075112,-0.022391158765731285,-0.0018567866258624348,0.008706524837849741,0.01701523313474913,-0.011178688747429244
2021-04-21,0.002925735537983482,-0.0013903941542677276,0.02099642083505999,0.010162516711213326,0.006124020720240233,0.008472255432065803,0.008943210884077171,0.010539706397734118,0.0057335177595535325,0.018503886768642817
2021-04-22,-0.011754655036165703,-0.01451856889181576,-0.015476255476626798,-0.013270919362774332,-0.013870952220661214,-0.02128218488150022,-0.013172524629702434,-0.009640876531292478,-0.005708149249060081,0.0005274013034847288
2021-04-23,0.017877976429872527,0.007733075027703384,0.009826063067760966,0.025366395059591713,0.007531052555159363,0.018954666937808645,0.01535779743728179,0.012559399399797543,0.009462475492698104,0.010621603415387515
2021-04-26,0.0029733947258472923,-0.005891930900888241,0.0019536358265199237,0.012213842127284545,-0.012114334074507693,0.0024604842010138737,0.0015299190125894209,-0.013458229266239064,-0.01117854819301197,0.00147705761567963
2021-04-27,-0.0024524178614390804,-0.0015275274588452388,-0.0009546388432176236,0.00901224197654032,0.0018733898527113304,0.004572230514707131,0.001604804876663693,-0.0034090117322824764,-0.003441773005346935,-0.0018685065081934567
2021-04-28,-0.0060450442931298904,-0.07493749775360571,0.00847304704930412,0.0042605501406527595,-0.0027488920489422315,0.006458428778698368,-0.02869347456654133,-0.009126667999694771,0.00022810381491475317,0.015279904128246997
2021-04-29,-0.0007490354007613771,-0.008484873385814436,-0.021011247140156758,0.013864797993936067,0.017456521619914192,0.019257838706791097,-0.00808568999494843,0.012343240626754882,0.017484635081044454,0.014501369482568286
2021-04-30,-0.015249086929299334,0.020786923904774417,0.0028098026840518322,-0.012888061768779402,-0.005146392444081717,-0.008932288803851513,-0.0013079538697693674,-0.006701754181754996,-0.006871883692526436,-0.014030251003077199
2021-05-03,0.008181564474559536,0.023670187339262124,0.0002627857058526378,0.004895013982266549,0.020186212625961958,-0.002929735377967409,-0.0012695379074252637,0.012401557974897743,0.017646844617724377,-0.004075752791964183
2021-05-04,-0.03602669740001922,0.00803645501210237,0.02270564124891005,-0.0009140806106058733,0.007540951688901423,0.01372879689034369,-0.01629184403029833,0.012312686417700402,0.013313226650114718,-0.0024965582269491538
2021-05-05,0.0019535663386153015,0.00801308887058584,0.01896990824553568,0.021994992642914556,-0.0021660171751468373,0.01303532709702228,-0.005341261155544646,0.004782810338391695,0.002816177161927773,-0.012228047651550758
2021-05-06,0.01272140366421235,0.007790012857608649,-0.003411112987578875,0.023080441467653527,0.01651704394545879,0.019924630187915127,0.013139992183957762,0.007567469682663351,0.005970090766016545,0.009163400805718133
2021-05-07,0.005312902829896319,0.011513088405435504,0.016399972574210955,0.013354541644992666,0.0049349598843018965,0.0034169032570338176,0.010872547547860578,0.0019295398333721181,0.006437611242060317,0.0034523829403327565
2021-05-10,-0.026143203503323637,-0.006274262181750423,0.006699803429277667,-0.005976955678048427,0.005496749693303848,-0.00012415848528356802,-0.021136046896493815,0.005333849423258827,0.007727756190889294,-0.026852179682264662
2021-05-11,-0.0074380174455539955,-0.001267606989472734,-0.01373706322593391,-0.02404701273577536,-0.03114364729852437,-0.016762772794018513,-0.003850739161289397,-0.03128799397003748,-0.022076693238718737,-0.0021708560183057277
2021-05-12,-0.025254610108452508,-0.00584331004253252,-0.008308632071723821,-0.015455619695396553,-0.042189150307049755,-0.006899104068283101,-0.029802473285597233,-0.018941604963769683,-0.015494740345394938,-0.021744472022830082
2021-05-13,0.017761041768636625,0.004931221754242572,0.011520959491599458,0.01236652926990246,0.026215181531816647,0.025397294461099427,0.01672130852772461,0.025747215566079625,0.00783864901781557,0.015449068852535521
2021-05-14,0.0196504579878255,0.0042656784583397335,0.008957314341892062,0.02738017101145905,-0.005515887854707756,0.015421929723451843,0.020848559072911284,0.01728126137861505,0.0030302318470417067,0.014201203152947718
2021-05-17,-0.009301655652556782,0.003970127057586803,0.010512920699430772,0.001300909582295896,-0.011248571848180318,0.004016206935324148,-0.01204085232932286,-0.0016210574657760143,-0.0028589641162960135,-0.0022057332502144963
2021-05-18,-0.011309600107079152,-0.006040784670834594,-0.021972442843112294,-0.01278277149377338,-0.010239345107037315,-0.01418881742097643,-0.008602031005607615,-0.018644070305706306,0.004273417560039622,-0.0038495472770653195
2021-05-19,-0.001282333832106738,-0.008929224211461273,-0.010916897673850354,-0.017097331022404145,-0.007287669813416319,-0.007667182513474764,0.0024710394427235644,-0.0018453329447930254,-0.0021466264504486753,-0.004353907229331693
2021-05-20,0.02079435358345903,0.013185426941764361,-0.007968550217727577,0.0038987444981983723,0.0046004703809748825,-0.0017395141959191712,0.013725637287681253,0.011462843900873576,-0.0021023384468367968,0.008203454506397074
2021-05-21,-0.014877108354975487,-0.0036585455885768696,0.009529553528850317,0.017850957804218776,-0.00041156737603038776,0.011314395618613023,-0.005328862801639461,0.0016986779444446158,0.007290216968848391,0.0014563101040933068
2021-05-24,0.013226355224853832,-0.013072358435948775,0.007600350348429989,0.005527075097876831,-0.00294975346792952,0.0053955520316484006,0.0226241991811814,-0.0022025802051240545,-0.0016531110962325199,0.011182038048392347
2021-05-25,-0.0015748332481408341,-0.02348258458881351,-0.007895522759311052,-0.010316651068828607,0.006048520276401177,-0.010387659112348551,0.003741239756384399,-0.013829368563510452,0.005096967489984728,-0.0013089932071713472
2021-05-26,-0.00039404981590926983,-0.014358834712484598,0.0022742686484736796,0.007897137803924014,0.0018294487315732434,-0.00012347555659081874,-0.0009141569116155774,0.0037617732160040132,0.00038731149791117544,-0.008551072457528138
2021-05-27,-0.012453830834100427,-0.013675049861902188,0.014906707090664459,0.010748013802367713,0.004527412164537896,0.015451992718332936,-0.008706075517464303,0.013965866399679727,-0.0012350176066198892,-0.0009251201887830504
2021-05-28,-0.005362607775146473,0.011114706155259708,-0.0008293313122063556,0.005120213165767097,0.0004391926543973038,-0.0006696558308328418,0.001483040094833253,0.0021941263083161454,-0.0018916134778023154,0.0019377084733698806
2021-06-01,-0.002651879178451549,-0.018493903513316243,0.006944438278877908,0.02762418448825469,-0.008186162485242255,0.010959810152096038,-0.00917373827859786,0.007423675018478226,-0.012704302732881301,-0.0029519816616838932
2021-06-02,0.006256537090120932,0.006741422435389318,0.0028793429551141362,0.0026111891654608007,-0.004555032900782171,6.043253251587139e-05,-0.0004043079524063113,-0.004297702967063975,-0.0021414264993891018,0.013281095898216442
2021-06-03,-0.012228573936719387,0.002463390237954682,0.0015595775347557147,0.013676044800612396,-0.005763342342354922,0.0006621096789283145,-0.006450154391076364,0.0049809814122074745,0.005185593771999896,-0.006772028179918852
2021-06-04,0.018843733068928396,0.004697580809441786,0.0007380794663843392,0.0069985539189973195,-0.0013491735339370228,0.0016237875688147113,0.020463979396394074,-0.006230219083527229,-0.0057027571693042045,0.008859850243015707
2021-06-07,7.933631536262976e-05,0.0014345139669944154,-0.017611756966110115,-0.00843992232581688,-0.003381817677869828,-0.004697652846464611,0.011970016986136745,-0.014098874043117866,-0.013376984054901698,0.00511426334320025
2021-06-08,0.0066496061831759845,-0.0015611161840222649,0.0016669564208918971,-0.008953928772586271,0.0030281137055936155,-0.003991946519872904,-0.004897462876671482,-0.0013955492581489521,0.003715804303807913,0.0031508273830392714
2021-06-09,0.0030725949224152584,0.011336338122296504,-0.02321044181721122,-0.005003298513325921,-0.011517061232417377,-0.012563547903819451,0.004030349099214251,-0.012331436693765034,-0.0015943560352799466,0.0011197124885649814
2021-06-10,-0.00805566512881319,0.02115102945278705,-0.03875536996638504,-0.02336546237039263,0.00315123762752502,-0.015711228067211116,0.014290633691951545,-0.004663831679369804,0.0009720190262905041,0.0070346887081812574
2021-06-11,0.009784708030580059,-0.007673070101266497,-0.02253548178252487,0.010931293263825172,0.007947577166967191,-0.0006858270794782157,0.0025238382644938813,0.002981956790078862,-0.009007350391370048,0.0043080095805128485
2021-06-14,0.02428065944512394,-0.006529706659256066,-0.0076867219017643824,-0.013662468227253066,-0.004676787531062408,-0.017115232412881418,0.007725202468187793,-0.007994154541057846,0.0031868052199075458,-0.003752339969771189
2021-06-15,-0.006458448941256155,-0.0055712127458095876,0.002052702179752375,-0.004353588315514358,-0.00932165514814451,-0.015283923338203997,-0.005904684723722296,0.008900105778606624,0.0028018858094129694,-0.004710380252170438
2021-06-16,0.00392620346523237,-0.0011265552309748246,-0.010535839525598993,-0.000808445859182655,-0.012048470720456061,0.006999783826438795,-0.003800371082257665,-0.011906032337222023,-0.007598402107945026,-0.014613905141178917
2021-06-17,0.0125219218655986,0.004913217891732157,-0.036149252334400896,-0.02593986395069333,0.0011224789722545452,-0.02928538394283961,0.01358364451349362,-0.025991040374512414,0.00025150300699841994,0.011044969037737067
2021-06-18,-0.01014290518538389,-0.008677017322729408,-0.0028207480431508753,-0.035677555335263816,-0.0016837886051474732,-0.025628566924815525,-0.005650247454173861,-0.027996137375162194,-0.016631608903930478,-0.007523246093443978
2021-06-21,0.014005773814163238,0.006514848665316621,0.020613231487754933,0.024662734953042036,0.016355169340089692,0.016826145909752788,0.012259353170327007,0.026517170077672705,0.022097955281917152,0.016827442039193584
2021-06-22,0.01261785401885335,-0.0013744288177093094,-0.00037519585679349633,-2.788401836377641e-05,0.016476168829888567,-0.0014632473007863025,0.010906106844989048,-0.0023570940221534394,0.0015564847193085117,0.0068471639809390365
2021-06-23,-0.002091657419512926,-0.005014503079478335,0.0030917895998327917,0.009797080451257168,-0.0033313406897188093,0.006039766510491253,-0.000904067802193152,-0.002701098829114481,-0.007881758732426624,-0.005312115666709732
2021-06-24,-0.0021715519850188814,0.00934010383859011,0.02562889700860193,0.021102347179670054,0.0005451089506879932,0.009155683716870637,0.0053387214149289855,0.013899025788577535,0.008333071419876043,0.0066253853456227935
2021-06-25,-0.0022511345563809002,0.007154145161936865,-0.013910459621283589,5.444595841023906e-05,0.005724147986539948,0.010047286479053239,-0.006281413800416515,0.011601323044853246,0.015128085865714888,0.0045611435387170355
2021-06-28,0.012467509359887174,0.0006590775063121032,-0.00018489180481084353,-0.00016287734362874627,0.0020703395840793166,0.0018163416024185358,0.013864820400509272,-0.015074494241902391,-0.008655891796607784,-0.01370388220317843
2021-06-29,0.011434859442692732,-0.0015658892617903166,-0.00542458592691231,0.010548673824941882,0.012521345386467354,-0.0012324921171922032,0.00992350223193672,0.00046787222783470047,-0.008404458923973134,0.007914419526459647
2021-06-30,0.004610659676330782,0.005306163266758403,0.011693191101470622,0.018374552385003854,0.0020407072963063403,0.009041848823868855,-0.001844100791135089,0.0012701085280597945,0.005860637009985035,-0.009068235049292727
2021-07-01,0.0022608594196459855,0.012840618137495806,-0.00423605589674455,-0.01203439366110774,0.008275425188266124,0.009852186819256314,0.0025806726604620067,0.014061251697863384,0.011051446922991136,0.005671792968489736
2021-07-02,0.01940701894124496,0.007263809985777129,0.004833152978314278,-0.0022156516998798523,0.0036012190831987674,-0.0009607359091504741,0.02203070922973987,-0.0039594936308111565,0.010979369893308269,0.014690693757959896
2021-07-06,0.014610983271232511,-0.02051474427002359,-0.019662972623459854,-0.011558984961348285,-0.010717487252358129,-0.016934334478673638,3.614414491904923e-05,-0.0025822489912372287,0.0021963202259699705,0.004056671998060805
2021-07-07,0.01779613845971595,-0.0017661474535606112,0.0054647737444300975,-0.0059388647692204775,0.013131565461630869,0.001172606125286543,0.008142190564470152,0.008909957515703597,0.003406757846903654,0.0016679566465909745
2021-07-08,-0.009242275673025963,0.004348568208916907,-0.012090306247191228,-0.024030472641587995,-0.015389139848922343,-0.01740432489075605,-0.009006680433578008,-0.024410089050471487,-0.004162668234610959,-0.014225656709623394
2021-07-09,0.012970725659387818,0.0037590770153726966,0.02472592947483791,0.035093328432792566,0.011082898570738573,0.03149849921016954,0.0018724425039523794,0.03187299737104193,0.005255173427973824,0.007830389453330486
2021-07-12,-0.004212995802981744,-0.0033907665763216045,0.005321350410030592,0.02323744165092535,-0.001087282445827554,0.014214193291022695,-0.002233221521760651,0.0049443265483159835,0.0094911221430371,-0.0025192583165078207
2021-07-13,0.007858211259806167,0.0018806127135361742,-0.015630842382452954,-0.011949945360906359,-0.014684452753703744,-0.014985020331278655,0.013111531538441327,-0.007164210206050029,0.005990973446864912,0.01865873409305237
2021-07-14,0.023814765723542713,-0.0005309578879318568,-0.016634660420875247,-0.004211191398124738,0.006821208666348299,-0.003411044827944469,0.005430565070310285,0.01001543167502192,-0.009120596452304012,0.014907842375966946
2021-07-15,-0.0045022826944729364,0.007856178501958428,-0.001087235062952516,-0.0028083828056699187,0.010873438322100365,0.0021894541727551253,-0.005252565721295137,0.006772203671136014,0.012721857130718753,0.010353127338647272
2021-07-16,-0.014176089461506206,0.005378261681015228,-0.01650183384407026,-0.023167244718054755,-0.003631967803204705,-0.023100076792723728,-0.0009969777317929258,0.005192731519139016,-0.0008334854687237364,-0.0017315367666126433
2021-07-19,-0.027283062891242688,-0.004972975181066519,-0.018345415152638073,-0.028020536985950445,-0.008338424573742547,-0.033059618716828415,-0.013410864418925514,-0.0333526298787852,-0.025678360922849287,-0.03156661085486695
2021-07-20,0.025642401376516112,0.000648408002066489,0.023745634191519326,0.027910836564784446,0.020118085363341094,0.018471427394264113,0.008304143658271586,-0.001124850471541057,0.00951309441731816,0.00948020863513158
2021-07-21,-0.005144849300646134,-0.008297101915344546,0.013232055925027438,0.02367851996309525,0.0030992148879731,0.0208224303603062,0.007419570217230068,0.004951551340782764,0.004035767088753306,0.0039475521063788216
2021-07-22,0.0095824646130337,-0.0004493581090907981,-0.007478115926015495,-0.002117313615684982,0.0009189628587277264,-0.012706120074865263,0.016703682406294166,-0.027237898193457212,0.0027215351941112234,0.0019683052125000107
2021-07-23,0.011917878279911698,0.012102602272226095,0.0017674048055681304,0.003588654119080264,0.018741924255314957,-0.0019233233092069949,0.01226119479334718,0.0007442683124779056,0.004631106260009055,0.019791232798559655
2021-07-26,0.0028902404042400144,-0.010714522449737795,0.00713334715099585,0.004933771099070379,-0.00499994041787763,0.006682043219880076,-0.0021428019681366903,0.006403794900742477,-0.010009377629357172,0.004927205782172132
2021-07-27,-0.01501230830796156,-0.0016332827298557683,-0.005369298226491407,-0.0028235724283460478,-0.011906906890144816,-0.0013195967132988904,-0.008721262905603305,0.0037562691015347355,0.003765458894448484,0.0027135735427058234
2021-07-28,-0.01227146583052451,-0.001758926599492696,0.007310140251181488,-0.0016289891703884576,-0.005330953088789667,0.001649423469456927,-0.0011178148775333927,-0.01728617638884306,-0.014388671912509672,-0.01602849299469005
2021-07-29,0.004542308089109847,-0.007355516612698057,0.005283121997533278,0.008832300468002749,0.005850100917340486,0.008532899069764437,0.0009780451304506914,0.01393323452707882,0.007086857175311557,0.003960687740354572
2021-07-30,0.0015096724436371352,-0.00380171252273371,-0.02771407246061299,-0.007096930126390185,0.0023185671345847757,-0.008005721432769678,-0.005564935852889207,0.00026879448104205524,0.0003393990473531261,-0.0061907818755238455
2021-08-02,-0.002333621954684437,-0.007271489482689385,-0.007720045298761611,0.008790784516405395,-0.0029599629017901252,-0.004026852458143717,-0.00031583361154893314,0.00020132189359740304,0.008094190300772982,-0.02719347399467061
2021-08-03,0.012564676547128313,0.017732450818489932,0.016148653204217767,0.005721265208761701,0.014321393626876566,0.011313161071670257,0.008042400722000676,0.009621031711289741,0.015117038144454276,-0.011282079136118383
2021-08-04,-0.002786096921897773,-0.06679187375415811,-0.019273064267092688,-0.006594309168323957,-0.004922245234246945,-0.010850563029376509,-0.002126603591540494,-0.0058016779836311694,-0.0008535260010562161,-0.0017731979957218784
2021-08-05,0.0007482854451033811,0.02457428446686932,0.012970397173712688,0.01689963566403781,0.008441038770692307,0.012549954706411667,0.01045064828764771,0.007064443722398458,-0.02485941662352224,0.014846853830469867
2021-08-06,-0.0047783487661671314,-0.016547095277579155,0.005583249862886913,0.03475245080240829,-0.009865352237610318,0.028007425619150372,-0.00020733866699387894,0.014766363535841253,0.00951209667811135,0.004941806526401786
2021-08-09,-0.00034218591607166146,-0.009868361925799412,0.0025882635872285244,0.004988893253556758,-0.0032794147574006284,-0.0010797289456472734,-0.003911381669271219,0.0035926706007285212,-0.010290690581166882,-0.005816430791335602
2021-08-10,-0.003359761976883371,0.00030716330361277083,0.02449548055490551,0.020028924817842672,0.008239328989456092,0.012192390765376178,-0.006576368813591993,0.005526587407340653,0.002212597627368302,-0.008074200736921203
2021-08-11,0.0017840467156188791,0.0007454067081334839,0.03484153203581509,0.014406731608678018,0.016515816162713987,0.011860023142864655,0.0017790044769784626,0.012821241057348496,-0.009859647925309984,-0.012723845554721967
2021-08-12,0.020560477381829787,8.756575016135977e-05,-0.006426776299641061,0.002678218609115791,-0.008882571507416918,0.0039011613033483445,0.009917396118069638,0.0017909349185683966,-0.004375003682691083,-0.01264679034121725
2021-08-13,0.0014096950827091285,0.006683660403454058,-0.0076115757862310575,-0.010220841348356312,-0.008116098215700668,-0.011250263759941256,0.010435509870146445,-0.0011509239084448281,0.00909718178983957,0.003703406898589627
2021-08-16,0.013456970178819338,0.013726282605543948,-0.003942458264904222,-0.005932971372290108,0.011195055268873363,-0.006584969578939272,0.0059573802398487355,0.009106762230399582,0.018237709793619463,0.011581201585732524
2021-08-17,-0.006173335367587113,0.0005623562465519022,-0.01980814666366873,-0.008311686016283789,-0.04361743222370406,-0.012154310163126165,-0.0051727710662579736,0.007326688153117755,0.010894297687020545,-0.003532762060475844
2021-08-18,-0.0258313996502054,-0.01903828064475013,-0.0171533927530455,-0.015353090077582295,0.0024907817411278003,-0.009149426260371475,-0.006137980782987434,-0.001133139781373605,-0.010630396743539314,-0.012442368124814163
2021-08-19,0.0023200827405525344,-0.010859217166635954,-0.025878938303503053,-0.013200954426952174,0.0041897902994347935,-0.008390688535007445,0.020562212661490865,0.004776927664737324,0.025012654676428703,-0.00025893174378239326
2021-08-20,0.010105584501463087,-0.0038399671212199704,0.002393933870754385,0.005826969497094125,0.01944403404110094,0.002847458405256919,0.02525390045411656,0.008491595800682724,0.004244389798794044,-0.00090726894565334
2021-08-23,0.010204716768526823,0.009395210587988428,0.02028635721380901,0.013997165097897498,-0.00456617224384053,0.01271620993605258,0.000952050292795494,-0.005861643936880994,-0.010174675784182376,0.011944005770531368
2021-08-24,-0.0006014504607154148,-0.00559981516434359,0.01636172399318794,0.017555855931181915,-0.00870306117705224,0.006171146773242903,-0.006685566861006171,0.0046176124578395554,-0.00459501821709358,0.0004272088302374323
2021-08-25,-0.008456719119945427,-0.012512062677648832,0.010155604610823108,0.011099439776776642,-0.0031443367143404806,0.020403374638965775,-0.0020173967812161507,0.01200409325790782,-0.008705389170758063,-0.007068949814300022
2021-08-26,-0.005542429323626637,-0.0005419144035032226,-0.016526024041945753,-0.001720398140297076,-0.0074379162579960205,0.005144436441959893,-0.009715792466491598,-0.016184192709056525,-0.006908987228866624,-0.008939594411220015
2021-08-27,0.0071587813682055385,0.005897755177458068,0.007498674247425935,0.0174983294916849,0.0058928252176816825,0.008005052813046717,0.002104125868307193,0.013165526609487782,0.0045715079617460845,0.00936951326835978
2021-08-30,0.02996378527286079,0.006041442399573108,-0.006505153920946867,-0.014616990239934693,0.011438022264245522,-0.016137322279538673,0.01282939409574734,-0.016483773800442827,-0.0010990270689000866,-0.006294376180474122
2021-08-31,-0.008460527797629784,0.006227151226907947,-0.0027466053178633616,0.004629666892482951,-0.0028168688918571803,-0.0030585160226086748,-0.0056483448050174585,0.0016919312174854947,-0.004864872679266516,-0.009254134424120519
2021-09-01,0.004468703509496131,-0.009713371103910576,-0.013896272954349463,0.00036274350596507095,-0.0027460456763116533,-0.0014391186277086325,-0.00016559849355856612,-0.002696113630207995,0.0025911449567913728,0.004442274517327435
2021-09-02,0.007447223879725532,0.01161801309608048,0.01820225631130836,0.002028603124712347,0.012588693538651802,0.004622759607041021,-0.0022556898947499616,0.004322429603677559,0.015124016147613436,-0.02615173731121957
2021-09-03,0.004221445223054987,0.0018128209156999492,-0.0066801817614356215,-0.0077258085865859,0.007901875480905712,-0.006063735438018759,-3.294436805238459e-05,-0.0050130458919552595,-0.0020081670173716587,0.004139961585747246
2021-09-07,0.015370431937454309,-0.022470881640677183,-0.010224558399308404,-0.002409915634456451,-0.004216945157418266,-0.0017570055889417394,-0.0031931463383069276,-0.00864458505568282,-0.003838504342539179,0.00513982937961047
2021-09-08,-0.01013432179983519,-0.0021257859209443757,-0.007036018067352582,-0.013050249838134092,0.007963819473771805,-0.004469724998911081,9.999327384091189e-05,0.0059394188494309155,-0.013984726648902478,0.012385952431240499
2021-09-09,-0.006727820576428731,-0.024242159734122883,-0.00655047889005902,-0.0010375797614942941,0.0005726521328302154,0.0043442693326337595,-0.00990857708740936,0.0006330004917160706,-0.0020243335601217907,-0.0070086916360041765
2021-09-10,-0.033662120314407816,-0.008524756476952673,-0.0019978577591980794,-0.0027223766079627243,0.0005422706345117529,-0.011562634948519562,-0.005194457509661805,-0.010180592739276817,-0.022497414094681978,-0.01140573248452841
2021-09-13,0.0038857668011373324,0.01379886787405747,0.00578778583053866,0.014223526452857835,0.010488713937257818,0.015762426189370682,0.0043193441115453755,0.016113954208410754,0.025929174848480018,-0.0012459353689511365
2021-09-14,-0.009607887048797004,-0.0031427587315534583,-0.01894648762333781,-0.013703443741754475,-0.006970116486227129,-0.01760708728572125,0.00938372250022659,-0.01617834527339999,-0.004788077064126768,-0.007148347034020104
2021-09-15,0.006125086623164493,0.009627829820273912,0.016664442164965505,-0.004319597974291074,0.0007502024375478628,0.006915829573024678,0.016639191232067786,0.00783655282730665,0.011999046788614711,0.0034914153411551565
2021-09-16,-0.0016121047157987047,-0.0035363543995696493,-0.010407282246161057,-0.013197716659692497,0.009018016910966223,-0.00044268150226787405,0.0013114586444454407,-0.005791587333851448,-0.0016298346801799353,0.0023205031252449683
2021-09-17,-0.018518223335939003,0.009250570208752737,-0.019090869657031415,-0.013246442556019719,-0.0021425782999487815,-0.002596932533370933,-0.017683924001838398,-0.0024287148972478123,0.007933222847182089,-0.01156775966280364
2021-09-20,-0.021592597927150035,-0.01965596151146389,-0.045735696419305846,-0.034645180723811585,-0.01337595600266347,-0.030391588369887236,-0.018749364174764086,-0.023499717908629664,-0.017914658882936505,-0.007695434463023553
2021-09-21,0.003422068431961505,0.0011615801909224874,-0.0051492372287384285,-0.006074700893399501,0.009046817538055031,0.00013101732256520988,0.0016974866403574693,0.0020283093931573455,-0.0008728292329279894,0.0005448965583788147
2021-09-22,0.01673158000461601,-0.008018838875863505,0.00792279911450201,0.02529976711596645,0.005103445698997762,0.018971826629884912,0.012740665575373311,0.00917541059772915,-0.008866807975347878,0.011650218965066886
2021-09-23,0.006696813917245902,0.006578258657021831,0.02716859318943797,0.016441463257549176,-5.960427506719704e-05,0.03324274456140606,0.003277212863561916,0.010566816909148923,-0.0016407220696639747,0.024654196084051002
2021-09-24,0.0006125558805257382,-0.006718541900051121,0.001016663880859499,-0.00258089033757522,0.004692591257360174,0.011473854612224216,-0.0007013639080649623,0.0028167143420146793,-0.0023311485864424787,0.014264212669016781
2021-09-27,-0.01060579355228488,-0.0023434097987933967,0.016027751563754283,0.02266559247436991,0.011548423894404579,0.023878500723814266,-0.01745579414458959,-0.0010875333334205708,-0.004456342433816294,-0.008629806490789043
2021-09-28,-0.024089288832193318,-0.0039493098306098914,0.002746178944044511,-0.026125458164332725,-0.022542356039407074,-0.005404190455736666,-0.036875405150431875,-0.018077451528160805,-0.016544584774013483,-0.017752410289590466
2021-09-29,0.0064621498055739985,0.012313503672205045,-0.013453231872390678,-0.011906363158621812,0.009333451150700275,-0.0007832888238321331,0.0016918841465815568,0.009015113986333074,0.004480379342457479,0.00495315562139328
2021-09-30,-0.009355488197000345,-0.01052504880389482,-0.030271149478682226,-0.017984009854045177,-0.026069071751640638,-0.013711994680549788,-0.007350719712867168,-0.018704616774280418,-0.02444655463641179,-0.017489347594081613
2021-10-01,0.008094448039051719,0.005954465788705182,0.01221872465815743,0.005197510567754863,0.004862073029637252,0.02079744323848757,0.025149068994922114,0.002693761104492405,0.004315710239514355,0.0340273359419442
2021-10-04,-0.024913463690159184,-0.011660925038924548,-0.006194147803335661,-0.015514432042386669,-0.01033015054210224,-0.0010777635138795921,-0.020937069696684744,-0.006846705008074965,-0.013907471548043449,-0.025177678666446865
2021-10-05,0.014059087272127272,0.00198423016632733,-0.0032674339348057594,0.030688178788434058,0.009177460143607806,0.016198624765962108,0.019760141791334472,0.01455868383050916,0.016452479484444355,-0.0020043491910482045
2021-10-06,0.006287383738072071,-0.008913297147964351,-0.0033303208851063965,0.005789469682419351,0.002667239851488168,0.0021319903216969675,0.014952042720877167,0.009653839478671886,0.0020818858579480983,0.009893658820073698
2021-10-07,0.009043460549781234,-0.004104029141038576,0.020072448299647598,0.006600837050639274,0.021323471613221196,0.006310626835972664,0.005918883673107346,0.013767657646926699,0.026161020156026702,0.017678680450308456
2021-10-08,-0.002725294211861257,-0.0008132750536509101,-0.003018771204470066,0.0055908764461957685,-0.009347904716343088,0.0007641990750276062,0.0,0.0005721456551042575,0.009247851575464525,-0.0012150245643142734
2021-10-11,-0.0006303409722478717,-0.01082647217856909,-0.011699507212965933,-0.019459757417778053,0.007835315294977815,-0.021256256028865637,-0.0021047650517290926,-0.007016539924105253,-0.008531663973016492,-0.02266353794188272
2021-10-12,-0.009144525520164043,-0.02354529112779951,-0.015517002308108058,0.0033430853178941073,0.002460271096511073,-0.007710295224545696,-0.004599102239489542,0.001599152696675679,-0.004330270842168139,-0.004719882308927652
2021-10-13,-0.004248869312680713,0.008483296665208478,-0.005173613834356919,-0.0005692166462477128,0.0014197894979158417,-0.026720811896310016,0.011643363917054797,-0.0005751472002238402,0.0007682803138542151,-0.007121964940807894
2021-10-14,0.020023690826622594,0.015449087397364971,0.028128348883501294,0.012578598284598935,0.016913189392465795,0.015224772923458479,0.0215014605656951,0.0019164791453981545,0.04081099864580877,0.012152618728877374
2021-10-15,0.0074845858637013225,0.005113062741488175,0.023847588682947573,0.037306800636289515,0.01831694281615574,0.019026633282368064,0.004810703640042481,-0.006723753862817128,0.018175321149338123,0.025474461081492615
2021-10-18,0.011736929282885831,-0.02292231871832228,-0.004229706976837128,0.018591197767964748,0.013041947599394928,-0.0003602211658617364,0.01007399527282179,-0.017892376025753012,-0.008091951549873952,-0.0014730166171404695
2021-10-19,0.014967659465273161,0.01780925597683423,0.01482561507941884,-0.0037053183876091947,0.008359170956888299,0.012055296436304116,0.003053870964265105,0.016284801836919726,-0.0005652283972562858,0.012366307788521064
2021-10-20,0.003355486422835738,0.01383163499819453,0.015049625670431875,-0.010413803563115949,0.0006702541814248644,0.013376179413932378,-0.0026636230598175935,0.021014596871743542,0.02492337333480262,-0.009033391859675735
2021-10-21,0.0014729759694487212,-0.0032006467276800847,-0.010090494463985229,-0.0007360559680754415,0.017680606887303836,-0.007874184085776989,0.010838449397470244,0.009407646698450362,0.016390336817682444,-0.005111953693992057
2021-10-22,-0.005299178668619905,0.0011953195134391376,-0.0018919144440282302,0.016376905892591945,0.0037502029382294137,0.01336170983074871,-0.005162137183062899,0.013517351638287671,0.015436035039413803,0.004290457453917954
2021-10-25,-0.00033631651446916136,-0.007724014308590626,0.0077446247590978595,0.001037287940135466,0.014296649173990527,-0.004901728926887785,-0.003337088775666709,-0.0048772544516709725,0.0007345749722204258,0.011395264517180597
2021-10-26,0.004564178944510801,0.005044429528559284,-0.01279111799039732,0.006872025935165651,-0.0055641420308203595,0.002687105361568801,0.00640543269293122,-0.0071430948363466985,0.011392208245385444,-0.008846929837685412
2021-10-27,-0.0031523249651610546,-0.010114348095658756,-0.017738013192428258,-0.01597907757663117,0.008415035743560288,-0.021048345937823423,0.041251386323797,-0.004059515853418912,-0.0025546860680059867,-0.0717016850289002
2021-10-28,0.024684258414524984,0.002851796636098415,0.03978318991891702,0.009276146724880656,-0.0020165309790197844,0.014962283017479719,0.0036443802511290837,0.011140611463957253,0.004312672849754882,-0.02791416762216916
2021-10-29,-0.01832215278498665,-0.0009656304855033435,-0.00039178449339305477,-0.0035500145641663675,0.00045764313284541645,-0.0027627171030773423,0.022166612216403977,-0.004279538138215791,0.010983672862065441,0.009155563403631044
2021-11-01,-0.005623317819343058,0.013533113940264886,0.006692938640503553,0.008071573836704869,-0.014250834487483821,-0.0005297929190264804,-0.006808115722980619,-0.004798024090241677,-0.013908063268002207,0.0032528959954203356
2021-11-02,0.0070905705927634954,0.021083165136327162,0.008436281085725696,0.017013296260858676,0.002207969022957955,0.003937734488438892,0.011351281142854875,-0.008089143953468162,-0.00456871325924732,-0.01574977541187444
2021-11-03,0.009750975105527002,0.017900941926235075,-0.01738662975609294,-0.014137593365700047,0.004563330333766882,0.00035214091807319556,0.002608373760946636,0.008963330731337798,0.011634394282387743,-0.004985098094955968
2021-11-04,-0.0035046513472138004,-0.01477889647217069,0.00019651660370627506,-0.023803560428423888,0.008662098963848687,-0.013222714648990932,0.007278648168981122,-0.023679049523342505,-0.0012470741914295629,0.003262195896277645
2021-11-05,0.003576007069304477,-0.005411635007232134,0.011185400303273377,-0.0024289889289519097,-0.010208164765328584,-0.0014267506521316536,-0.0011300766581274458,0.019614545378428484,-0.0020821879199814106,0.03709427430729667
2021-11-08,-0.00556821720885656,-0.011290638593546839,0.03985008304576304,0.0030903640841988393,0.0005157148852166084,0.00599185745269151,0.0027634504208535133,-0.00565495214816407,0.014829996910212058,0.017476968568992137
2021-11-09,0.0024564713832641353,0.0016072891038891827,-0.02094117918147838,-0.007348927046138474,0.005573138743872963,-0.007600221289554276,-0.003090701783953857,-0.008225160961836606,0.003732558032282769,-0.03273087666574604
2021-11-10,-0.01934918348128341,0.007060288308308954,-0.0150791741094222,-0.015488834778028805,-0.005600205751635545,-0.0009539354092172698,-0.015448473843878468,0.005195988989187869,-0.009629475677301177,0.011876675632482632
2021-11-11,-0.00033810298985528304,-0.007768973829152555,0.008959457612924047,0.008035242339261112,-0.0025810254435450846,-5.968323585813642e-05,0.00491536762069082,-0.002468043094711504,-0.005472498233984972,-0.024133655057627053
2021-11-12,0.014235090437919828,-0.0008039756974359097,0.0035425242427689374,0.00636713976279807,0.013509226623933099,-0.004484777040641453,0.012822658772555255,-0.0026010928944406337,0.0034919497925520924,0.007905253506494422
2021-11-15,6.69654771344763e-05,-0.010694867443893325,-0.007482369870930506,-0.0002469271746710998,-0.004168093527016251,-0.0017992893997643398,-0.001932496160806339,0.004057192541278744,-0.018004809015053566,0.0009895615234168625
2021-11-16,0.006644519269501125,-0.00973852846477105,-0.01103768012415734,-0.00425771016299025,0.055685369806139896,-0.0072305394141418235,0.01018380794575803,0.005866825473768138,-0.0026209022713130216,0.013474588160528213
2021-11-17,0.016355590602648004,0.0020913413208273075,-0.01199767594217735,-0.029046794114592416,0.006402623222104561,-0.005397013549474954,0.0006786104102417604,-0.01629654692776152,-0.0014912883082005373,-0.04817233291820564
2021-11-18,0.028136324113562254,-0.008784026683596758,-0.0077153778057552445,-0.00045980659804914595,0.02747790529958276,-0.008671221023421103,0.006319773095485664,-0.0024963717207583205,0.0011575810031144722,-0.008472449105618106
2021-11-19,0.016833630052745564,0.010046669534411287,-0.004876978831097378,-0.010221271317589018,0.006973057290530607,-0.013149677573353141,0.005377437699128114,-0.022687165948107785,-0.02129440626975647,-0.012222235987079137
2021-11-22,0.0029231453324403993,-0.016389594151906012,0.009631988062090773,0.022386190937568173,0.0002447571928501404,0.021091156461313484,-0.00960585499173894,0.02805606306204718,-0.005606495860980403,-0.026638494733803558
2021-11-23,0.002418846721534719,0.008839500988321081,0.014471364552789915,0.025372028682514026,-0.0010281624730826139,0.023630546906651007,-0.006346825458211821,0.021379963568677766,0.02168131453926455,0.01476934848875398
2021-11-24,0.0032781788909170143,-0.0027415760113123516,0.008438406372852302,-0.017752893714792776,0.009116696452053758,-0.007874609135281237,0.0006810412225502813,-0.008081753396168909,0.006753527038470348,0.023697922835742884
2021-11-26,-0.03219101564013135,-0.014220653972252955,-0.04111003480402039,-0.02485593041104691,-0.023098133195167014,-0.030590153563937586,-0.024657159094208948,-0.03397287170636077,-0.023032813043827215,-0.027938849266448483
2021-11-29,0.02163799063944662,0.01176630787637905,-0.014240540771692805,-0.007346050563851858,0.01017899325839591,-0.004332491899708718,0.02086193097930675,-0.008234009807684628,0.027111950479717605,-0.006904739387160373
2021-11-30,0.031089220264236574,-0.022816838600999485,-0.013204499895740943,-0.014462329860170795,-0.01538266270547579,-0.014997377829445721,-0.018105418646911425,-0.03641604602744316,-0.017362195231732724,-0.012921173679952838
2021-12-01,-0.0032113422041182577,0.009607664999774557,-0.009770870774060676,-0.006644722352339487,0.0036528019182328953,-0.005936166222304666,-0.0015440799862886099,-0.010054062506919655,0.0002702197548134494,-0.018806154062018604
2021-12-02,-0.006148490287744052,0.0018409588386229777,0.0274063111714706,0.028954066062091742,0.018189185794736717,0.02080976260186858,-0.0017891926401939853,0.03166319831188238,0.003773557246169089,0.04186473112972678
2021-12-03,-0.011794112470711953,0.0062931017306150335,0.005119223649811411,-0.012489230965797897,9.821745479291407e-05,-0.018279137303858016,-0.01986262021977626,-0.006681996930038212,0.01062771736895624,-0.009984525452268685
2021-12-06,0.021275184510950076,0.030885585908586765,0.017440444961052345,0.01702026896999316,0.019162516857889413,0.0117444569839145,0.009797074648320187,0.01767602981867316,0.02373035799643556,0.03188251028592039
2021-12-07,0.03483235109121157,0.012044595112918026,0.015821935118509465,0.02738939131164695,0.001153856872623586,0.01493529482819552,0.026411440075271134,0.008330334574266483,0.009991091490455257,0.022875981525770903
2021-12-08,0.022527618394827625,0.010403627866482646,-0.0014678757672941395,-0.0069975291018112475,-0.011916294989007611,-0.011506985927446655,0.00014943991095899844,0.0038466020654213083,0.00884756031781159,0.007781808081367623
2021-12-09,-0.002974318844217587,-0.004505864864463837,-0.0002938824993386906,-0.002091116060326521,0.00021866565140388281,-0.0015567582375793547,-0.005598516456718836,0.0045053497892557715,0.0094674595074594,0.011418449899107876
2021-12-10,0.02762779193279802,-0.007934701342294277,-0.003287839249651302,-0.01378979536599606,0.009821603049715645,-0.003996633490211381,0.027945839230114167,0.00493930166543114,0.010320117075680936,0.009463520581597253
2021-12-13,-0.020890770567362608,0.0023679266671547163,-0.010921310296907013,-0.016553160644002515,-0.024762223355299682,-0.01195961290811644,-0.009209044059589196,-0.006960908294630927,-0.0001882052545736689,-0.011215374321582055
2021-12-14,-0.008055802008368676,0.011055752015261953,0.0019359003302311835,0.010808570985079842,-0.007529986383644545,0.007632771483435528,-0.03312959821149932,0.022910699845245623,0.002756938924341395,-0.004940686980172973
2021-12-15,0.02811053440718008,0.025452211567229176,0.004502878796300434,0.0027994335632940924,0.01385186229631922,-0.007506084913892598,0.019035447426818786,0.010409215112197032,0.030643938294469052,0.01103524891834381
2021-12-16,-0.040055672056384384,0.015073921428037654,0.017714239231578655,0.018951809479439828,-0.020512400675399195,0.015517788564798745,-0.029567639053248187,0.022785875035207646,-0.00307941414399781,0.009656007802280918
2021-12-17,-0.0065229339245878185,-0.00035939635146731803,-0.023557096437625658,-0.03997092826399499,-0.029335085102178516,-0.023017152032026943,-0.0033913553612420293,-0.023922786427151572,-0.011714508702566647,-0.011683279729021738
2021-12-20,-0.008155338825253291,-0.011345019818686825,-0.029788207391221764,-0.027052104643359835,0.0036533100957888295,-0.018152994786108306,-0.012086544761308663,-0.029900778811235165,-0.00698363545668467,-0.014930703330040951
2021-12-21,0.01890717974976049,0.004218425300757298,0.014475816203272358,0.023168270046958955,0.0027437519659633796,0.013869803569973006,0.02280698292113702,0.012878334420029123,0.007168303145585452,0.03131433368445756
2021-12-22,0.015202539015455816,0.00275744764025638,0.019178396879859432,0.0052712786096256094,0.01315373521874689,0.0039004409015335377,0.01789630680037571,-0.00535099058497531,0.014103483094061883,0.01190773670559958
2021-12-23,0.0036373952058398797,0.010150103083026493,0.019836749271697058,0.007063183111502254,0.003608161719506525,0.0035672713139100615,0.004461937548394219,-0.00025887923557749984,0.0025265749847471035,-0.006166933649544052
2021-12-27,0.022714723555330097,0.006147446325310512,0.0008724641684118326,0.007760944688626448,0.017524820874719862,0.005706793099687262,0.02292077821131291,0.008947896064492871,0.008282348655011172,0.004651787622520116
2021-12-28,-0.005783653457819837,0.0026611522635014775,0.001162049380190484,-0.001109003892766865,0.005257187720317372,0.0030302647384232604,-0.0035104031449345032,0.006897472624900037,0.00686333404264513,0.001927982751248511
2021-12-29,0.0005016476560534012,0.008073053287665558,0.0034305287923009535,-0.003643946674971377,0.011309036190156123,-0.0005044972158345327,0.002049356214644866,0.0024156416113055535,0.005235293764847268,0.0005500872959822921
2021-12-30,-0.006599949865671715,-0.004977338820176336,-0.006047242041249987,-0.0017625189020546274,-0.002193076705867049,-0.0005048603213187124,-0.00772105600482599,-0.004390708923275056,-0.0022771064873448456,-0.0013759312489851209
2021-12-31,-0.0035415662597815833,-0.006645493533596863,0.003197551918999068,-0.0077335802515377345,0.012291779355005656,-0.0008203992878097848,-0.008880467853719024,-0.002426177562349697,-0.004550200952766571,-0.005338536423720298
2022-01-03,0.02469659924096253,0.0076165232582904325,0.0012569414524666973,0.03286164749503585,-0.01546814707133963,0.02093501185766835,-0.004679081406183429,-0.004356321276566374,0.00027884673256771696,0.021546466893135344
2022-01-04,-0.012772738569303341,0.005060050095465485,0.05214299886629673,0.030270919196971356,0.010225499830737587,0.03720886914547786,-0.017295960150635288,0.02065203865778964,-0.02291729144100205,0.004640719251388887
2022-01-05,-0.026960002579196528,-0.011920958593332847,0.007628649816746479,-0.021958058182526944,-0.01365719884011129,-0.018451255663762496,-0.039144001901956604,0.0048310928802536455,-0.0024680681250493115,-0.011119655485050658
2022-01-06,-0.01683430080144626,0.0001330120421830405,0.010141763939309954,-0.004273830706176061,-0.0036409993227828454,0.010567941976254379,-0.007933002733583406,0.015895783438597582,-0.0417846977523343,-0.001136959720406559
2022-01-07,0.0009879214861776462,0.009371228418237674,0.009861514413339082,0.0014602907241875504,-0.030401276874550416,0.009859444430629558,0.0005094227907272693,0.02380156805604775,-0.023809391399924017,-0.012777598160315788
2022-01-10,0.00011622061989148502,0.013459867553427797,-0.011439431069565126,0.004167169863278217,-0.015747725368195353,0.0009568872289843265,0.0007318850943844547,-0.013200559948545944,0.013859043532280207,-0.023268190108768825
2022-01-11,0.016644494889943923,0.00868749221499636,-0.007654100298332177,0.00967308435618404,-0.0020410970574790137,0.0010151420947855394,0.002256739293956881,-0.005500808030984432,0.008565474461241994,0.011305386721076253
2022-01-12,0.002566880524243104,-0.0026717812443235946,0.011077115300943975,-0.032119331442778745,0.007035548365172244,0.005656031213945136,0.01039110054856298,-0.0011653466352332421,0.010013718983400588,0.0061848198905376205
2022-01-13,-0.01921137541418711,-0.003934102822229512,0.020472526713822346,0.0012546251079198658,-0.006234067433154989,-0.001247351797909071,-0.04324443987080218,0.0004910639862519687,-0.013367100088628575,-0.0032969835360755545
2022-01-14,0.005097582988790617,0.019348100308914127,0.008510146969839122,-0.025554049299751264,-0.03947924653543371,-0.06343393690642735,0.017561556845941455,0.0009805873550346434,0.0026922990861417287,-0.0015360217501905128
2022-01-18,-0.01907497649055905,-0.006522046733081489,0.004053762965271721,-0.07221552337840201,-0.014295270289729095,-0.04283205524652749,-0.024640291897108698,0.0022031181754526984,-0.01656546374367757,0.004833005286266027
2022-01-19,-0.021248779516249018,-0.010878697954436654,-0.031528650333663054,-0.020179578136887786,-0.019356221878131748,-0.015590129073754502,0.002244404376840244,-0.021629638404235173,0.003313479756157334,-0.004786578573476628
2022-01-20,-0.010401090952498818,-0.010430354900911461,-0.022954002180847005,0.002242986141880137,-0.028509913889176543,-0.008563630116212114,-0.005719982959823097,0.031424755743079416,0.0010372913877800456,-0.0015382394627016004
2022-01-21,-0.012847264949621058,-0.005168451175641732,-0.01179426629333894,-0.0121096974627466,-0.0013739328150238234,-0.017626946811661895,-0.018640759776289175,-0.015681124850270654,-0.0039601800585511585,-0.04007382793123602
2022-01-24,-0.004876195678920246,-0.007227875929902547,0.0011205768212716014,-0.0015130231998227936,0.04127319787257666,-0.0008965229498073958,0.0011480876666581945,0.03753737338212613,0.0023821237697815726,-0.02001145762905643
2022-01-25,-0.011450130002817993,-0.004610938533014828,-9.35318430916319e-05,-0.005372825532469281,-0.013365133224025083,0.010841211263086207,-0.0269484326665155,-0.0013631551082484753,-0.011815730347526645,0.0007428017189914112
2022-01-26,-0.0005632993057831531,-0.011171127411247211,-9.338698791205952e-05,0.0033026613053758827,-0.004746664502406325,0.00944117527257724,0.028095096765825917,-0.004398975923913697,0.0034743421781070595,0.018977148351393216
2022-01-27,-0.002947331058555374,0.006539145297286342,-0.009942370347612977,-0.004826347842489277,-0.0023821952837846123,-0.017802035688743507,0.01049351221877382,-0.013192674395679636,0.006891040789066357,0.0013590026674137506
2022-01-28,0.06745054373984387,0.022687161671996817,-0.05328708168755672,0.017383230969781102,0.027970065979381478,0.00890654336484005,0.027694637225351645,0.006977994080386776,0.009615720990277469,0.10074168779030526
2022-01-31,0.0257901571161399,-0.008766665862386865,0.001986458996766921,0.021862363311093154,0.0011995639439553595,0.013482259314294717,0.008785019876567279,-0.0038437664405002693,0.013871526007615955,-0.008058649654308673
2022-02-01,-0.0009728934607686204,0.006757101920123748,0.01862871406857707,0.026102740278701433,0.004676041602217451,0.017014385489567282,-0.0071644230493746065,0.010832697326066662,-0.008841837009571517,0.02700098294776328
2022-02-02,0.00701968913376855,0.001092708985181148,-0.0019985051763285067,-0.0027506138165848573,0.013550132778979138,-0.008037375276100597,0.015107523327522637,0.027767585182139076,0.02398356788886138,0.013083327805561143
2022-02-03,-0.016861300459311595,-0.021591716803712725,-0.021454355056433456,-0.01158011264741302,-0.02415682349307195,-0.008304364731686008,-0.03973109101684104,-0.003770588953386135,0.018564374317740384,-0.01661858707333432
2022-02-04,-0.0016806320873983614,-0.0086519557922209,-0.010927259176177729,0.024007242447791774,-0.014189776589700805,0.02562715114860762,0.01544845855810102,-0.0009887891641287086,-0.011523444809313367,-0.013697953771000125
2022-02-07,-0.004243698329928528,0.006372957071867655,0.007081195441364562,0.0014950829933620894,-0.006471210304851491,0.0033374210382987332,-0.016445146590156317,-0.003321090108235216,0.0010964444414306128,-0.005400130571127317
2022-02-08,0.018298228257578937,0.07529283949862736,0.008372296466779146,0.005282851682784645,0.011380277454031324,0.018640156324702145,0.01192447475835459,0.006805679867400714,0.01987547977568852,0.0034277932605430122
2022-02-09,0.008259715979537703,-0.015977004383620253,0.010368135603793642,0.011898426555873573,0.008074195215744767,0.004159200331621333,0.02159959413750671,0.0013326463949314006,0.009460379098878806,0.012772374577604618
2022-02-10,-0.02388176863477257,-0.03592580462463367,-0.0026065096034582507,-0.010629246651667014,-0.02579896691346391,-0.004159200331621328,-0.02878332404606499,-0.001738456773100667,-0.023111919385397514,-0.021509887636592926
2022-02-11,-0.020425570571995826,-0.002713173646667547,-0.00905262938459467,-0.020474244380732247,-0.013609620682097414,-0.01310256920090753,-0.024573544431246073,-0.0038933025806870327,-0.017806338504201713,-0.003997570010262215
2022-02-14,0.0014220248136044755,-0.008833887253323642,-0.006730979155169165,-0.00779789950132253,0.0036187345837127437,-0.009333964897766998,-0.00013566629898343846,-0.005780103610657357,-0.007831873963741898,0.002888638586265097
2022-02-15,0.02288836572324755,-0.0014728214744244416,0.01745652822592252,0.010218635477039297,0.004824002236648811,0.01451809050146201,0.01837254097573567,0.004848351286338706,0.008041039524127906,0.010945625673922151
2022-02-16,-0.00138973385896317,-0.005732149327448413,0.001129998629102016,-0.010745866805974098,-0.009013909444980997,0.0018079259052087263,-0.0011679469783956557,0.003896634264087249,0.0037983706113157763,0.004379712649165965
2022-02-17,-0.021498631864284374,-0.004411035322247422,-0.04468846812689941,-0.03099906598771701,-0.006160352213516009,-0.023301544202018416,-0.02971953711567085,-0.009799690212154998,-0.020434315536837933,-0.018570150442324462
2022-02-18,-0.009399898022980637,-0.004113491087082389,-0.014430650293508741,-0.008689497248632013,-0.0030800449619164437,0.004677803782726008,-0.00967762184158645,0.00023420336322354612,-0.00539346976838526,-0.008584743315419072
2022-02-22,-0.01797263740568715,0.002894797011705038,-0.0038624363983778727,-0.00512839151401895,-0.09266996756431108,-0.0017763500411797728,-0.0007296194670523105,0.0026338676231789115,-0.011394115596229666,-0.006171075651959601
2022-02-23,-0.026204593107655685,-0.001853554108115331,-0.024029770740767356,-0.00898668482895174,-0.024720223750463916,-0.021161571392092487,-0.02623401014052361,-0.0055094155135475996,-0.006268240261040979,-0.02456270732450977
2022-02-24,0.01654238629846463,-0.00785894079541,-0.010663712023300156,-0.0029352591798255338,0.015409920950370611,-0.02823789585487804,0.04983090141748514,-0.02162649835479876,-0.008148351742712908,0.006232032065617767
2022-02-25,0.012882496985620185,0.034778484720578685,0.012750710536418587,0.028771808241509846,0.010827226247904128,0.02338409083124313,0.00919078659668858,0.040836395496661654,0.04264085469253687,0.009024971145311636
2022-02-28,0.001636500309249345,-0.0024256039528647803,0.0027760235825409303,-0.025543416127817586,-0.0025930187202994784,-0.042592052270208874,0.0049657138403897474,-0.009326254170209176,0.0002521229369828105,-0.014470116735483353
2022-03-01,-0.011696247630792944,-0.005623314146934382,-0.02564876373122274,-0.033232129371171086,0.013898102078826417,-0.038459404341862825,-0.012935162790681963,-0.023613493256417508,0.0007984246225899303,-0.03364307792168746
2022-03-02,0.02037914828639091,0.01489678875676604,0.0521106802399706,0.02461831399749869,0.0219888522059025,0.02052814468839829,0.017609844211252685,0.03432262129612822,0.018989113006742612,-0.0023476879408373496
2022-03-03,-0.0019830517976729962,0.017562051065736068,0.01156255490835229,-0.008838334061699553,-0.00923695443242278,-0.007133635662957203,-0.014326642916697961,-0.0004610017848180016,0.0024896821958065862,-0.0060137479323985185
2022-03-04,-0.01857975494950982,0.001159974740749205,0.0041484757708946845,-0.011310782997380505,-0.0003081634456487028,-0.028532139445682624,-0.020691165645241594,-0.0011524729558604091,0.02448254402979927,-0.03406316518952147
2022-03-07,-0.024003625303478226,0.006206193787723168,0.00530139522785816,-0.023882345160928464,-0.004605880696617991,-0.03938144107808751,-0.03850893563611684,-0.021038684310182444,-0.02390711365877971,-0.04906459478992642
2022-03-08,-0.011744884012720138,-0.014007724992185463,0.06542759698376638,-0.001617093857986554,-0.018858735801491364,-0.007067556898199763,-0.011031528296094864,-0.007923709624152026,-0.027929940326191584,0.005282238334017993
2022-03-09,0.03439934046819198,0.0015565799136553987,-0.0010480565338436974,0.03731984508247219,0.00746794387329203,0.03928057572100823,0.044837456837953246,0.02242403555675944,0.025256023662009984,0.04113278205718942
2022-03-10,-0.027562956390328845,-0.01967762093858382,0.009535726764113538,-0.011123223560536652,0.002330410128815301,-0.011911377205596383,-0.010137685384317979,0.003029597390064054,0.012016420836498287,-0.00900111212971204
2022-03-11,-0.02419883006501309,0.00833732572794116,0.014251839798542415,-0.00882924416501735,-0.003623644336871025,-0.022781433396352014,-0.019517524332530265,0.010647774552838848,-0.014637417833237434,-0.006385008648954437
2022-03-14,-0.0269216810338933,0.0015717952943979673,0.002835414043044064,-0.006196595006545529,0.0049434406018992495,0.009882023616657866,-0.013045906293188726,0.019663819179095397,0.010404035749623664,0.01823550041919229
2022-03-15,0.02924542687287948,0.010200302177963973,0.004723382531222062,0.012780494726283825,0.03147578105391534,0.017590284778606455,0.03801085397194725,0.01684566765201042,0.020267668976362587,0.028589687024470165
2022-03-16,0.028602485309175783,0.0004750471853866779,-0.001756820648394859,0.034634426451651525,0.007188112319273496,0.0437165575604206,0.0249004548580009,-0.0050074102974828755,0.0007028158209106082,0.027417248858773616
2022-03-17,0.0064332346711718355,0.01792433756696752,0.025676258282962123,0.0073388265307853025,0.016335384735194032,0.012565230551348505,0.0028156430121463755,0.00965823399304094,0.017428385073605834,0.007429769532891449
2022-03-18,0.020703128795670264,0.0016523697014436763,-0.0035697968066191635,0.006127832387762718,0.012937773550470787,-0.0003569060442190889,0.01749404368787225,-0.00398530493514086,-0.0017767921654026797,0.026171337719809378
2022-03-21,0.008501530984047727,0.0002961458406367451,0.012595128428472603,-0.01864492598617061,-0.03393787875353379,-0.003217348996970667,-0.00423610720311425,0.012292064036374903,0.0030381514433200077,-0.009492348754692457
2022-03-22,0.020587210274754835,0.0006344301341980627,-0.0044800183936983574,0.011759479558810284,0.001092254617313422,0.021044587173762768,0.016246394532144035,0.0008760846196428291,-0.004619884960386588,0.006567002571699092
2022-03-23,0.008199770858061688,-0.00973134422813127,-0.0024276998040579996,-0.02181013211928811,-0.03921470629461323,-0.02011393260699917,-0.015143960324736243,-0.005928977447807543,-0.004144598617927136,-0.017500186717890474
2022-03-24,0.022424680350180932,0.011421562773536377,0.00018028972622578687,0.0018458545251680016,-0.004013616444193046,0.0064889855744256954,0.015275417056130036,0.01421426372774056,0.020124762031223452,0.012176444781839152
2022-03-25,0.003727005273594997,0.008073018572277204,0.005161630352905084,0.003740269522389843,-0.016282420966784165,0.008704788046959329,-0.0013819927396440028,0.018980678970581116,-0.0008376130240433984,0.005140673059128601
2022-03-28,0.005024152627729183,0.007010802801249233,-0.0067831095094384305,-0.006510279775267985,0.011521099664352023,-0.007425928347863337,0.02285344385889383,-0.005287096052753655,0.0003310541822041721,0.010655847787873598
2022-03-29,0.018953708344708924,0.0044397112299027945,-0.00365791392410217,0.012919777035440599,0.010854676329787464,0.0021979816903166293,0.015045407642593723,-0.015922028052618904,-0.004824467909375333,0.03275036301378797
2022-03-30,-0.006671985624458345,0.004255125114310222,0.009186809115840754,-0.012055310182533764,-0.029546928744962772,-0.004543585664988791,-0.004926546066367667,0.00942220605625595,0.01956351690804586,-0.018449078583928347
2022-03-31,-0.017935505453289802,-0.003096549645078276,-0.0011661169281487593,-0.0164942816774352,-0.030045447754282396,-0.030486938418882233,-0.017841343113804666,-0.015315002986118108,-0.02105264838903344,-0.009781955449069965
2022-04-01,-0.0017194998765539416,0.0053615144224110674,-0.013782715818801224,0.0003635181559977434,0.0085165010994836,-0.007436576564786814,0.0035941316997523415,0.013696706559596015,0.005124412660514941,0.020485947787994438
2022-04-04,0.023417025132010664,0.007172315880328649,0.004721023372390198,-0.006105572545402597,0.012148166852367883,0.004424465693731028,0.01777759799299036,-0.018689015963942786,-0.005026448106745936,0.006077919518110502
2022-04-05,-0.01912362829657265,-0.0012666926607846445,-0.021931659714940002,-0.013033491560538348,-0.0023587564999004826,-0.011705779950952285,-0.013070362719685154,-0.002367774782546975,0.015061820313206582,-0.007271514018142422
2022-04-06,-0.018623374823550105,0.02172008707766334,0.0008791925033305781,-0.024055165698836804,-0.02094838369739135,-0.013971552543767689,-0.037292439189185546,0.006539048472787663,0.026661700426823,-0.03181580113034387
2022-04-07,0.0018025741743310634,0.0068186204616745814,-0.0014350550651961783,-0.006694383528953542,0.014002794763347454,-0.003046607889747876,0.0062242423315808666,-0.002687431902982471,0.009731537356459086,-0.01314463791197434
2022-04-08,-0.011980447488743247,0.001508839790853754,0.005220411451859949,0.02278492974073431,0.02723941078459627,0.01814265490377736,-0.014707568993738327,0.015097591662731743,0.01664089401142321,0.0038325498183901818
2022-04-11,-0.025846988710332787,-0.0045734720576548725,-0.004525593426520583,-0.001962180209679754,-0.014211382941128914,-0.0036774914015155384,-0.04023033487427874,0.004210643062508036,-0.015728586933940636,-0.01033074166802015
2022-04-12,0.011457598552178584,-0.0033139897878964623,0.003003995438670759,-0.0030601786389261006,-0.0014026073876734911,-0.011038308898941182,-0.011280978057602612,-0.0037779124470751443,-0.00696440080691538,-0.015722591052705136
2022-04-13,0.0162102960480679,0.013782550090488333,0.00721900985737567,0.0068251693291531456,0.013393541154743902,-0.03276427188628914,0.019520141739907935,-0.006672942870880266,0.006145259754293072,0.008807084070804466
2022-04-14,-0.030446968105017527,0.0020095934372683,0.042778814394175455,-0.0010252854692940087,-0.019189357677676815,-0.009312632961850068,-0.027457749884921886,0.0028809739021157916,-0.004067874201855474,-0.002253313230529544
2022-04-18,-0.0013318531059465127,-0.008261830953108147,0.009219707909433949,0.02529572658394592,-0.014254537233927951,0.018383821508570215,0.002462973009425788,0.00530491877630165,-0.0013845891212498644,0.001784340896894169
2022-04-19,0.014016485963395001,0.005699622196241465,0.009695459155092174,0.01823373226658689,0.024968109197503086,0.020495077290087305,0.01689595503238797,-0.05015161724972177,0.006755074496345233,0.011798549826727723
2022-04-20,-0.001016285409365623,0.007901853294955373,0.012498937812474843,0.015095660410227217,0.023566608077439242,0.003502318479943772,0.0037085818183102623,0.008760241079113718,0.015336684571978135,0.009642708470390655
2022-04-21,-0.004855268041448467,0.0003133518592970123,-0.01073468587497353,-0.02001935677567087,-0.015284046835702112,-0.007782254739237586,-0.019571456756172802,-0.008192769842328968,-0.015820154692595623,-0.0061716307380606135
2022-04-22,-0.02821531948925774,-0.020206051325426296,-0.0677407029625675,-0.044436648109441215,-0.033583572663083185,-0.02914298537209677,-0.02444074815976164,-0.018033072920630205,-0.03118228850835379,-0.03900468647089891
2022-04-25,0.006714584199298813,0.007243570425595458,0.0018477295148514362,0.005146424206232612,0.0159659208755968,-0.0003155604008988974,0.02412012678783756,0.007653687214386045,0.006371859114953175,0.008514336045195857
2022-04-26,-0.03804288015491335,-0.00916268716850976,-0.02997886666346242,-0.026162149510470644,-0.01646628232803264,-0.03002740786115299,-0.03812132207183835,-0.010256565883681578,-0.020211612267216534,-0.04306715174454607
2022-04-27,-0.0014677884075508317,-0.004331614308318211,0.017253934566529332,0.00035114334612924917,0.005452734854532913,-0.01309124360412037,0.046987621654131284,0.005141432527169387,5.8214786410851046e-05,0.0626878949286127
2022-04-28,0.04416587068678349,-0.04379232876533263,-0.0071294347801528464,0.016402344411969503,0.03313183064618264,0.015689092827282487,0.022380237690346267,0.005459201992895027,0.02043950125054901,0.030133063011001736
2022-04-29,-0.03729173014051133,-0.020963206495940703,-0.008983890977160186,-0.0414229127094637,-0.037118590491482036,-0.03280078704676082,-0.04271123540902835,-0.01991054004787367,-0.030729496303919242,-0.03472085243196161
2022-05-02,0.0019646480512795985,-0.009782208231100663,0.007240657428630593,0.016009013080914413,0.021634932653354588,0.00909075695033372,0.02473484147664788,-0.005686961810206465,-0.014657954275705565,-0.007535491770487914
2022-05-03,0.00957638168978506,0.005484645357081171,0.007282231847789746,0.013566749340588312,-0.006569293105812037,0.021193657606705444,-0.009501281712244066,0.009770793094630635,-0.0030576777668093547,-0.01413987823197956
2022-05-04,0.040189943521033056,0.016699371156444397,0.04113269884126331,0.029590065708087716,0.03337560170398083,0.032545830857059276,0.028685399980007447,0.021255985831512017,0.015885334194323347,0.02817626224417236
2022-05-05,-0.05732867989017065,-0.007439801521488504,-0.030377157829880368,-0.034655807248894256,-0.052744738039910304,-0.02533810512693123,-0.04453147907604441,-0.01980146568154315,-0.025741207459116,-0.044223064213505796
2022-05-06,0.004716256724117719,0.009132592359449632,-0.005945251426479638,-0.0003517581194224597,-0.016177477391554847,-0.001615100185312123,-0.009491438133422037,-0.0021535657762749884,0.009855873264792802,-0.011861142394142469
2022-05-09,-0.03375270488294762,0.011518913675490015,-0.03972590976281286,-0.01309012447886681,0.009199376807367671,-0.015148052373166368,-0.03764513991645076,0.0016299929983404507,-0.026775312744582665,-0.0496286336886539
2022-05-10,0.01598376059644182,0.006125864464306484,-0.01612623112160524,-0.012476697042785654,-0.019960313828987233,-0.024674230498486736,0.018424555082869318,0.006204796990335147,0.0032634528227001563,0.0030005194971952213
2022-05-11,-0.05323334029942547,-0.00029088968530682546,0.010877099226222684,-0.011572718366926707,-0.02856723030914752,-0.006328433539979729,-0.0337737103984645,-0.003532575153251195,-0.0038186640829632576,0.016090633927787236
2022-05-12,-0.027262755597800187,0.016812708944427015,-0.010680153068979037,-0.007121877800954303,0.023505838436704538,-0.0008468060151266888,-0.020159527938579024,0.005726791091404707,-0.015234327981907665,-0.012169722902523057
2022-05-13,0.03141798859939425,-0.005408749169245592,0.00638281226828901,0.02500123196992118,0.02164903643360692,0.008855970612119943,0.02234482055190763,-0.0034089686788869255,0.013690295526156325,0.0267563695691176
2022-05-16,-0.010729665266218814,0.009931473102546341,0.013899680685914137,-0.011631339906900531,-0.00013495829316897859,-0.006993828283672219,0.001454273749117756,0.009905717141813443,0.007839077201543056,-0.007153037250682825
2022-05-17,0.02510473131182286,0.006050465054356624,0.028078424661055527,0.030923637393753017,0.016618420336110242,0.03260966517516986,0.020139830927055794,0.016425696317748772,0.006743092177971255,0.030812956240686185
2022-05-18,-0.05807329385732077,-0.005681389240020812,-0.024465119054374724,-0.020139484249825246,-0.053823569136041506,-0.01725394204182858,-0.046598549246207877,-0.01745778154392143,-0.04389084728115656,-0.01985251013045407
2022-05-19,-0.024950113933743506,0.0033146433055915837,-0.005690967876143321,0.004781056525645476,0.00900636769932475,-0.014933089872380305,-0.003706372642362431,-0.029220513788993558,0.015096094069560214,-0.013187184603665674
2022-05-20,0.0017458555673909133,0.01109163558015362,-0.04420113348145583,-0.004552952688325304,-0.0019824898541661216,-0.00823258136557933,-0.002293808092180487,-0.006280682485520565,0.014892295584454736,0.008375320288934977
2022-05-23,0.03933542448997957,0.006202841653511594,0.0314975932344444,0.03147474393453418,-0.004047959426967077,0.060032828659059824,0.03152936531595247,0.022684198809368124,0.012988353413878322,0.04196483816831118
2022-05-24,-0.01940322379060539,0.011378943948739825,0.0073206276363245604,-0.008436919076985912,0.006586438789672871,0.014026462697032522,-0.003959136383309527,0.010461940567880728,0.011074825183732531,-0.024038776893783552
2022-05-25,0.0011395482962915553,0.004436575235135413,0.017640726143861158,0.003021286014975519,0.019433172378514003,0.006940203187109717,0.011108158541234987,-0.0018416188598057701,0.0010647435650657823,0.005953655073943009
2022-05-26,0.022934687233027804,0.0001582010006796794,0.01742881963575957,0.027345936030861287,0.03098948681396989,0.01714246380741451,0.012792659299812865,0.007346402920557985,0.008277384725238998,0.022843624477458944
2022-05-27,0.039947841773569324,0.008695300015016765,0.019297052438617974,0.01517918494838783,0.018486704537636477,0.014038679922064163,0.027230350312295648,0.016785528126717717,0.009669734093562804,0.02054961399792233
2022-05-31,-0.005360530986001685,0.0057814012495599155,-0.0059584628524641985,0.0008265099238433998,-0.01868512523637505,0.007286368195617674,-0.005026282536927439,0.006781040241599152,-0.020580734305983086,-0.0033407478725410726
2022-06-01,-0.0008738212673837198,-0.013015728058257072,0.007936904116740393,-0.015415641189904367,-0.012239606576987425,-0.017700584899646377,0.002021039346199645,-0.015478761712017125,-0.00855127453206962,-0.01061374592635721
2022-06-02,0.016671460091569296,-0.020491032115421928,0.011107029936953542,0.007429309137025768,0.0287882413873261,0.015959791486479795,0.00789752066774788,0.009990039920583274,-0.0005888288671727046,0.024096797072438184
2022-06-03,-0.039318678938606196,0.0006842479608167698,0.013095324720387833,-0.017327451680317827,-0.0025862920488796542,-0.014037505835246307,-0.016746489947934016,-0.021973801029532145,-0.013601299090022353,-0.011223164184967162
2022-06-06,0.005214263231920956,-0.012188861499674802,0.0032698613094470004,0.0057257859532947935,-0.003907889731495654,-0.003309164211978623,-0.004714499006474862,0.015890225283459625,0.00936682497347562,0.0013628868815281562
2022-06-07,0.017432955615116003,0.003944352084265499,0.015397557958094967,0.0031154434450501225,-0.007000850134660273,0.0026175252595523665,0.013856907906780064,0.009335699195420051,0.014018556160893293,0.007299236526221046
2022-06-08,-0.005055900877715001,-0.0037814846709793566,0.011818950858653454,-0.021472697171246728,-0.014150016017821392,-0.01604249781796901,-0.007699391428251172,-0.015059085248105423,-0.0072075015448808625,-0.0046728654244575524
2022-06-09,-0.03661811056741729,-0.015311289559453323,-0.027037811459946458,-0.033805078818896994,0.007800524380288994,-0.02123946236663968,-0.02100210253235808,-0.020256187031808863,-0.008342451026335147,-0.03522687860410171
2022-06-10,-0.03939468695296882,-0.007223476484603309,-0.03869694771521251,-0.05819915382836184,-0.03605887579835179,-0.04705618811542316,-0.04558712652985737,-0.013085956068257557,-0.00985549510067627,-0.032545488852295454
2022-06-13,-0.03903690510173078,-0.013591300833109303,-0.039335742275481395,-0.01297482563989892,-0.021244464987562446,-0.030230709117394144,-0.04333848791550856,-0.009436173807543823,-0.0312915237991625,-0.037015940991170955
2022-06-14,0.006650329334447075,-0.0045295454866922415,-0.0009187528594903011,-0.002756979984699587,-0.01598368201086204,-0.01677934355436326,0.009162768309814492,-0.008382667859670522,-0.017070520465655097,0.006532282551370727
2022-06-15,0.019911822113878406,-0.0005091854957613968,-0.0033439836277065495,0.026302191079555972,0.003796304884341202,0.011766520304457209,0.029301985354379976,-0.004640586397825545,0.005571890200613394,0.013549850996728086
2022-06-16,-0.040458742777340316,-0.020889103776581562,-0.05595415181998813,-0.017703264533005466,-0.02266947485355545,-0.0173051566965733,-0.027340495598787425,-0.02545087065706254,-0.014345651133324136,-0.03691923593279666
2022-06-17,0.0114670884952583,0.017231815419008468,-0.01109866501874941,-0.01837945130749406,-0.010033463962141236,-0.0035326869483284216,0.010880716975822866,0.00309329945995242,-0.008875276105143428,0.005065075820476524
2022-06-21,0.032235526980885124,0.015598605295244957,0.019177343996723,0.01778293990091354,-0.005667236847660294,0.024470455826454046,0.024293619480632463,0.004622437200970962,0.060637534777003115,0.022790051042883678
2022-06-22,-0.0038344965029455864,0.007230214662962736,-0.04446345530914741,-0.000948566424590219,-0.0008176085454332517,-0.005627584702096714,-0.002406845365185309,0.003192309230015183,0.019299774388697157,-0.0029366631344464587
2022-06-23,0.021344327537052704,0.012209661064211329,-0.04999685498494151,0.005712380666349808,0.023660235243545904,-0.010999657908422063,0.02238396369484335,-0.020934737800836108,0.0204758027757322,0.014444718519859042
2022-06-24,0.02422137878183523,0.009335390207324313,0.03746067337519396,0.05632111253154522,0.027149584477939307,0.02940874124333597,0.033579715429311006,0.04258037034806143,-0.008377979197091715,0.044119940011981086
2022-06-27,0.0,-0.002121293609960395,0.011257576600844645,-0.006528302362210476,-0.001095962145584399,-0.008044577090796643,-0.010552102768959301,0.004608014672551427,0.020014501606539142,-0.00953371084076401
2022-06-28,-0.03024250038569952,-0.0054877699728846,-0.0007997734227027983,-0.004298174393242122,-0.04537355460453701,-0.004823243441709639,-0.03226404906069686,-0.00011946913136888554,0.0054826272466386395,-0.027087977385025563
2022-06-29,0.012940032947836152,0.007853672445849853,-0.0213532520898018,0.01257559818513087,0.013676001373852515,-0.00449992063317366,0.0146303300802134,-0.010022083263720909,0.014197577225506689,0.0069412755317336495
2022-06-30,-0.01819228457659174,-0.008716606175990902,-0.02606151172531134,-0.020856862917154384,0.001459476421074366,-0.023606981395108743,-0.013266581684045308,0.01988566776516104,-0.004041572934345812,-0.01316886679855751
2022-07-01,0.01603517164928635,0.009205432024430995,-0.0026327197166427395,0.007412822768322674,0.017385646278633697,0.012706504269248135,0.010650426677993869,0.012047689144923858,0.00731319807897942,0.011563652331218408
2022-07-05,0.018753425895701437,0.004793973553461034,-0.025736550921753774,-0.006807102137438182,0.016524475971085126,-0.003810917904206248,0.012518563711707426,-0.02352471554098281,-0.02378264945988671,0.006804712285515019
2022-07-06,0.009561412174100808,-0.006016521951054858,-0.008379668395599197,-0.011642212702741428,-0.0005286368449637713,-0.0065032509832244016,0.012702097906970116,0.016019138805647787,0.01969620934603257,0.0028881708298026843
2022-07-07,0.02371587941959447,0.008809118319492593,0.04521595239049675,0.016341696903231232,0.010907083102126493,0.024978367930541694,0.008192629890803927,-0.0015902500708554685,-0.0017675633109988612,0.008318445524302139
2022-07-08,0.0047034602441071785,0.004275210120315298,-0.006566628963794328,-0.007158833758406914,-0.0007676504685255926,-0.003143009012764417,-0.0027605365049871533,-0.003721033843645386,0.008228471308764912,0.003789762723223819
2022-07-11,-0.014867513794600159,-0.002821088856712834,-0.02304434731304441,-0.011159287465124493,-0.00027921607680810815,-0.01320334017925965,-0.011838596220122113,-0.0028441442108170082,-0.003244464530948045,0.007292425302041669
2022-07-12,0.0068104646232946915,-0.0032743113085449424,-0.0030327469593175267,-0.0022193307010814193,-0.004444448977951441,0.0009741820946832694,-0.04184491199607386,-0.019413658298033497,-0.004906325147451257,-0.0011708214751891075
2022-07-13,-0.002539939135891325,0.00048563767506413255,-0.003559587526170428,-0.008169599984896666,0.00719917247631767,-0.009427190214568861,-0.0037519499005421427,-0.011929398304463186,-0.025954951802936863,-0.003276669734413254
2022-07-14,0.02027555932993102,-0.006089010679595834,-0.022862367494697833,-0.02994562576446701,0.007976822120423922,-0.035563914537328226,0.005366947212047525,-0.047908753034416864,0.0023712005006936527,0.008584254525381581
2022-07-15,0.011385108411470968,0.012543445358683113,0.0200403500514474,0.04268540343215016,0.01007062244087654,0.044813997184409204,0.01033692647054986,0.003206480836707756,0.0529490824688036,0.019858681983028207
2022-07-18,-0.02085932752170442,-0.019694862777791526,0.0006341710947326737,0.02483608318152939,0.0021864713067718056,-0.010322973082433105,-0.009668078838834502,-0.007648517458203197,-0.01978876637272291,-0.013565235933429537
2022-07-19,0.026371025055407993,0.014170990941790078,0.040940390269212396,0.05423471640891196,0.02287237271951242,0.02447651720891998,0.0205542377173897,0.02144732314160932,0.02674876219361926,0.03065343218243014
2022-07-20,0.013419740927443748,-0.0027940083802865494,0.002670740399289094,0.010633557872967239,0.008204424425203583,-0.00017464923799745435,0.010502195349146756,-0.0009479207577216727,-0.026556243980613712,-0.001358290937610142
2022-07-21,0.014981299698785104,-0.0034523880347921703,0.005651503012233882,0.015710540961546105,0.008891744508279929,0.006786777870435738,0.009751243015836067,-0.008697645495177781,0.0057393218290227605,0.013129725420274624
2022-07-22,-0.008143828536301403,0.0006914176437142216,-0.013181136321637225,-0.008024988464781975,0.005199495375967834,-0.0048678245680007495,-0.017060571407500367,-0.0026176970004521826,-0.0020117331437819355,-0.011584340637513554
2022-07-25,-0.0074259104504482455,0.011199529755637832,0.017701660414747473,0.0005863381501936593,-0.0014361282535286532,0.004000470405261919,-0.005893793475984672,0.022504182459896056,0.015339755266321371,0.0026636887310636896
2022-07-26,-0.008865517706275148,0.009682924606433978,-0.003195419255554868,-0.0173344650888321,-0.026377683028291007,-0.01574574679277902,-0.027139199997115053,0.0054855276312504,0.0039961961798208896,-0.008341937192878578
2022-07-27,0.03366175484251634,0.002306645759950362,0.021939488423001734,0.018629647892098918,0.002445211830550288,0.01591921946590663,0.06471227085213284,-0.011881928120554013,0.005664832262472469,-0.009551819313756107
2022-07-28,0.003565300241904617,-0.007856895289093495,0.01388417684167099,0.013982864216297214,0.002405698682702565,-0.0037383603576917157,0.028140930382933128,-0.02046451815236459,0.012787215851962672,0.004172297369761641
2022-07-29,0.03226717655154254,-0.00917105702207793,0.0539384684381783,0.012921140197602004,0.004362560494850294,0.004779220724099975,0.015543598530123555,0.01882766757813052,0.001568386098251645,0.003589462416032486
2022-08-01,-0.00617267480294849,-0.00742248147054361,-0.0172476561381725,-0.003937095691797505,0.016085760715913545,-0.01001885128074241,-0.00977193172122166,-0.015430342653774942,-0.01291624990776081,-0.003542174416368205
2022-08-02,-0.009330705894239733,-0.007067540757685646,-0.060012436662548324,-0.012727975897912004,-0.016850363215953786,-0.01570807144729698,-0.011540617345347866,0.00281153359458939,0.00014938742841759818,-0.02442516794811666
2022-08-03,0.03753443076248185,0.013155669469154155,-0.0034932277441551145,0.016005306458004544,0.01864724767929705,0.010440694515049516,0.027456140254167413,0.008957392218726457,0.009645859510461777,0.010705400481955153
2022-08-04,-0.0019281438007124623,-0.0006475321159354018,0.004201465693675424,-0.0039099066795197975,0.0026076980927180523,-0.011063537433085377,0.004168557337236372,-0.002659750232658015,-0.01284464472436567,0.02365339114273179
2022-08-05,-0.0013898880027434007,-0.002960121288255282,0.009484671002014292,0.008401792438244947,0.008170478071837092,0.029811060776613007,-0.002612149490653455,0.007958017647351183,0.0024515629827503846,0.011179854154669926
2022-08-08,-0.0029073000762834876,0.004214263872951162,0.002262790901618309,2.9845927735284045e-05,0.007335266667570994,-0.0122551546342157,-0.009197085065717658,0.006396400489303715,0.0028739108543450495,-0.011882836428442657
2022-08-09,0.0003031283805857531,0.00431771253284263,0.001183210312177574,0.005779662881032427,-0.021907037436953092,0.00896712166929386,0.007038390795501368,0.018210614022770515,0.0012291961723508269,-0.014448622625069874
2022-08-10,0.025857494321829176,0.014906876028831959,0.024898765718179665,0.03298930477663842,0.020656143710130914,0.025753277123239403,0.02400998303094137,0.012746793588207406,0.000855885092737568,0.008713034848946666
2022-08-11,-0.0044413241594237155,-0.014947135759413137,0.017051464774180687,0.010777559617629112,-0.002860358932436878,0.014673271430806566,-0.007428449920168059,0.022767545316209323,-0.009079128176133261,-0.0030509240856696884
2022-08-12,0.021199278224781213,0.00016102919816214913,0.014533265126134029,0.006066687071662803,0.013427556593378943,0.01642845055345386,0.016893868164990212,0.016159177750067436,0.020138630619826032,0.0011837791470833878
2022-08-15,0.006313434216556726,0.010771589430610785,-0.004531682580361998,0.005721097180540196,-0.0008895972763947506,0.0026983889147945417,0.005329721120169455,0.003491197560503853,0.001727595101198684,0.023799943389090198
2022-08-16,-0.0009242841264665779,0.008210418941237769,0.007980328103202764,-0.002476072027514903,0.0397879112978108,0.009508804209271355,-0.0025928607603654323,0.007868760904624829,0.002713440544544834,0.003321359497163095
2022-08-17,0.008745906701067644,-0.0025109103758502974,-0.008082603320089646,-0.0034708028511963754,-0.004960547086994283,-0.008447748619526099,-0.0026399759302414253,0.0025325760769794865,-0.0020527348574755316,-0.012139268163484674
2022-08-18,-0.002294143928413157,-0.003518077337302315,0.0072214944648928015,0.0022023845972096085,-0.0016899438358861383,-0.007779680521267873,-0.003955309394372674,0.0008619854037955234,0.00040354305274821614,0.0033970053996678845
2022-08-19,-0.015216967293702664,0.004634968789956499,-0.008907221088617252,-0.014919653974330458,-0.01203347625582969,-0.02505650536914759,-0.013950686144624773,-0.008478941435216252,0.005669853552333331,-0.011353408756920738
2022-08-22,-0.023298569154166084,-0.015911676099640084,-0.019827073282203327,-0.019807026667455117,-0.028761546289200978,-0.016659880943159535,-0.02979466506614053,-0.020481834721933465,-0.006862869898869441,-0.019980225964503454
2022-08-23,-0.0020314136718043406,-0.0098908452180489,0.0280245498910793,-0.0065632796241477725,-0.01715405963247014,-0.00990565378673427,-0.004727930270190747,-0.005038031139843527,-0.016235112550870914,-0.008714270307753994
2022-08-24,0.0017923265470855554,8.173351279732923e-05,-0.01558652271280438,0.005160314624095355,0.0039351114494437026,0.0024207524304734724,-0.0023537935706336092,0.001187451003504901,0.0012307216970845953,-0.0006289692567711853
2022-08-25,0.01481279567947509,0.004855443810044118,0.024019027825663192,0.013218772898169208,0.005405349108960918,0.02347026791567859,0.01103397031869003,0.002904345245408842,0.00948046931545932,0.01512679898849228
2022-08-26,-0.038428361319630386,-0.020686260303262472,-0.03562280811811813,-0.02955291934888774,-0.038433542365377826,-0.033276453578919785,-0.03935101503756196,-0.012745125588059951,-0.0230113708336591,-0.03358613772056785
2022-08-29,-0.013784790102299013,-0.005291314724965434,-0.0007300021707056763,-0.0073993972343369425,-0.005989105648213561,-0.002444636733171369,-0.010725545753015426,-0.008910448070235534,0.0009820434901157478,-0.0027638344858493488
2022-08-30,-0.015423839485161723,-0.0010866282268742406,-0.025561019053064987,-0.0008689817402293249,-0.010925958047259715,0.0001748047439508231,-0.0085570591513752,-0.011556704770230195,-0.013167428335827415,-0.00470639217884018
2022-08-31,-0.010691767966641714,0.004922492944040338,-0.01200084517875299,0.004639875867538694,-0.009592896667676891,-0.005961383842615834,-0.005720632903721525,-0.011196458476310504,-0.006736121307024055,-0.013347019782155542
2022-09-01,0.004695709362619098,0.021408871270487073,-0.012365565910595188,0.002491978840099582,0.017017064647136346,0.00683516972844188,-0.00410051756179799,0.010217428226065799,0.008952090240278163,0.0071206321070970665
2022-09-02,-0.013704593941778571,-0.012831437618263344,-0.008864168030762292,-0.006075297993902675,-0.005023262480874119,-0.007010945830647691,-0.016807070082192586,-0.003681369751027011,-0.014706819818595859,-0.01191296809457499
2022-09-06,-0.00824921000747156,-0.0006190990871267103,-0.0009402638038917772,-0.01516821903822363,-0.008117905061660761,0.0002638742820670746,-0.011034716764594442,-0.005052550540130575,0.002572602674837055,0.004439786568790186
2022-09-07,0.009211456144862448,0.01055426153660313,0.001106391948616577,0.012388611628912466,0.027020038499707747,0.01881253280249866,0.018931126322219317,0.013133084715787008,0.007697104216849571,0.008921221992037464
2022-09-08,-0.009664383343099433,0.0026926993475490475,0.012582077282297193,0.014476457052260583,0.008135713787556231,0.02302862779391512,0.0016645721444227132,0.00866905189185953,0.011113400933015988,0.0014459466765878422
2022-09-09,0.01866454334667997,0.009084599904652315,0.03403074533697989,0.01397516108482381,-0.0004335810383450255,0.004794740835381351,0.022716937777776596,-0.002190827553740777,-0.0028947649910445877,0.022123908963087396
2022-09-12,0.03778509027365384,-0.04150526825941825,0.01524020802516587,0.007265531647594584,-0.00746680256383136,0.011762240777044769,0.008247084043885033,0.007163079392024201,0.013092433904018153,0.006944711970086689
2022-09-13,-0.060471829666917526,-0.04633954533567853,-0.04295723684841,-0.04230316931514424,-0.0681793355987571,-0.03536683347807392,-0.05654742491738581,-0.01898999887194292,-0.0330871381864569,-0.03426387188919403
2022-09-14,0.009509841954610352,0.005538570851383701,0.0018430717734108809,-0.0034467880681299857,-0.0057373949791913945,-0.0023223189249173275,0.0009122936968657832,0.006268023680258145,-0.008185931400501608,-0.0013028239917909797
2022-09-15,-0.019111194203613385,-0.002018464438044719,-0.011766700883054574,0.013234583448637342,-0.01752252177550024,0.01495805193030469,-0.027493666822495884,0.005620094740938081,0.02544970269842437,-0.02046801069108814
2022-09-16,-0.011020587354784991,0.0151704940566237,-0.016687268893375237,-0.01644838388356075,0.016182694040013153,-0.006724898106790145,-0.0026115417255256315,-0.011210368048942515,-0.0036208587503674086,-0.010651885777311541
2022-09-19,0.024773449264163586,-0.0016455581125928412,0.014602837220826581,0.0074823185984399035,0.01599639331428811,0.009182176472353601,-0.0008995004821368046,0.012001816845298082,0.004843946539586873,-0.0008796882947613156
2022-09-20,0.015544134647115664,-0.013305226506035363,-0.022883812497896585,-0.016566571897692044,-0.022540008243036733,-0.019915904374974234,-0.008501697005759716,-0.020539426203668814,-0.0014336725733456155,-0.0055036717086119485
2022-09-21,-0.020475917843409755,-0.014375405807880362,-0.03452354627988373,-0.007919895781841765,-0.009528496415772861,-0.02925931203451224,-0.014541241899168769,-0.02446593848185992,-0.020717895153818017,-0.026644507421092877
2022-09-22,-0.0063955841971477054,0.014550820390085909,-0.008175257161142736,-0.024589696110985285,-0.008988438899399806,-0.011444038791326277,0.008459710719722955,-0.0003821820025208704,0.01045134652566137,-0.006598417747037958
2022-09-23,-0.015239469426403205,-0.003430442406636586,-0.037699747065338345,-0.03561995712325619,0.006665817102346859,-0.018788900523182783,-0.01277934501332559,-0.009728594190082377,-0.0074679894500496,-0.009898761752047357
2022-09-26,0.0022580255386069428,-0.00044082422295056196,-0.00991250481716313,-0.024641236891394615,-0.016223077531233372,-0.021767161359595565,-0.001977472719978751,-0.0318894500776927,-0.010274366754649966,-0.01848907234115677
2022-09-27,0.006544692765665263,-0.00388638795329134,-0.0011075905605688386,-0.01105816940318469,0.007884060764877196,-0.008841286977131947,-0.004389530341185866,0.00424063909546384,1.971921907812678e-05,-0.015176185580355292
2022-09-28,-0.012732388937579943,0.021840507720721,0.03222577906465081,0.03178436134065167,0.04902209089055507,0.020015498038197306,0.019519942361658923,0.011046812637205427,0.01089686091008569,0.0073378144690843744
2022-09-29,-0.0503664600775539,-0.011188979928914378,-0.011149247082567513,-0.0156815768766111,-0.013773262019630509,-0.017091011100917722,-0.014919808588412388,0.01144359960531214,-0.00999246514753987,0.004899393191952344
2022-09-30,-0.030499629869707796,-0.01326564491617972,-0.01103095459855929,-0.010387817150954668,-0.008623898471408818,-0.01576031219363809,-0.019558455876945036,-0.009614502561265408,-0.007476292081823389,-0.013474892004893638
2022-10-03,0.030288986665156142,0.022113861399514958,0.04265355283646409,0.020601996497882608,0.02773400415386198,0.030440993438993424,0.03310834712976104,0.024947638986274806,0.02051912020648745,0.022266385753150583
2022-10-04,0.025300323368417116,0.011133836205403298,0.04789129761401486,0.05121469327211403,0.020445339979054677,0.04572224497901243,0.03325328445415366,0.027627492094256953,0.014749600448757406,0.02178145844656793
2022-10-05,0.0020511730163031015,0.0034272100680195206,-0.0069827051670072575,-0.018818689158784905,0.0010009047541384233,-0.012423638103914189,0.0012850290773186806,-0.005775748985473989,0.007427126289219787,0.010821943547860154
2022-10-06,-0.006647655523073845,-0.012393617772430544,0.0024075567744535724,-0.014111817916512908,0.001861016008821092,-0.020592820412050412,-0.009718172975732752,-0.00844510851305866,-0.015179119525546332,-0.01114520037890335
2022-10-07,-0.037409934260151614,-0.008304977803703671,-0.007071545332957361,-0.01185305318537117,-0.02112429244483059,-0.020176203493228177,-0.05219152939150347,-0.014617162022501433,-0.02789308123669541,-0.009528390874931809
2022-10-10,0.0023531428295423306,0.013530727818126531,0.0062880908247245635,-0.001795550240482318,-0.006563432953239592,-0.009385527906602242,-0.021532983841895233,0.0038172367998208275,-0.011935870512415092,-0.00901617463326254
2022-10-11,-0.010307740553764187,0.05566886836135751,0.0060265721277073395,-0.02128707028071426,0.0015215687768194558,-0.029284397407124567,-0.01689214148266893,0.012494662152103904,0.0019025150807025263,-0.016827798092843488
2022-10-12,-0.004615695562926513,0.004066069314553993,-0.0013919327302723949,0.003731851735731438,-0.008413445625613171,0.016053219383005416,0.0015072279747100523,-0.0018828402799810045,0.00029994849251085894,-0.005036383643413363
2022-10-13,0.03305999554061675,0.0209602691634826,0.02007589454663604,0.039050405914553936,0.008201119532631664,0.054102719927767454,0.03691789734985422,0.03912139963729968,0.019706348379491884,0.035385156078351236
2022-10-14,-0.032771030094488084,-0.0012722633623380246,-0.02740073327371969,-0.023326790053376414,-0.022888490563078165,0.016504013688902405,-0.024547255601887887,-0.013442596431636717,0.006294909711696898,-0.01110883360282758
2022-10-17,0.02870671307543096,0.006306100431475897,0.014541175741014637,0.02215354498436821,0.017321916550275325,0.041142040552078714,0.038495014302553796,0.009143454089970336,0.01690843530667805,0.014298829532426711
2022-10-18,0.00936542030511011,-0.00320748592517525,0.015095439970787322,0.02301253265228312,0.013420203701748547,0.025395468431163193,0.0040753960912336545,0.011882941595683384,0.0006321660538269859,0.010311026775047525
2022-10-19,0.0007649450655981853,-0.015710748913704806,0.0046745392686285275,-0.006681304481146352,-0.03414834519661663,-0.019800883065881934,-0.008505581757896325,0.04341648064049692,-0.003625657821254698,-0.004068691637866366
2022-10-20,-0.0032723428738600283,-0.002985891000763996,-0.021208960477064286,-0.003052346679421938,-0.02213135619321292,-0.003267014862667905,-0.0013965923607151215,-0.019128894647576035,0.0010757901592447286,0.004335931904553458
2022-10-21,0.026699567006589695,0.017982458362257318,0.05889782053499404,0.044951277361186336,0.022276294098879153,0.05119430736790947,0.024966407978312746,0.030886989464254163,0.02437009620623006,0.01668500563304607
2022-10-24,0.014694182001871902,0.03655464075279289,0.005661484590890677,0.011012756763741248,0.027669058294530167,0.00122649407085455,0.020966352518426566,0.019999453956447692,0.014637701468633713,0.001784407206554114
2022-10-25,0.019152818125656872,-0.005102437612389175,0.0183356627318131,0.011193416648150052,0.024411651589016838,0.002611322752752179,0.013697472659478146,-0.020794309744092517,-0.0025511224896782054,0.01906104696701374
2022-10-26,-0.019822265103027002,0.02533121317391979,0.010822310360251075,0.00984910181967677,-0.00037890688385140426,0.01142592810938893,-0.08029524431992024,0.0017589233313957332,0.00544580429959597,0.04501544409899005
2022-10-27,-0.030939116504816334,0.002135118119104416,0.07424568479375003,0.00442879593371577,0.003131350786454961,0.0039403475075396105,-0.019954071036952015,0.006779788216062477,-0.0025256017759010007,0.004710121506093351
2022-10-28,0.07283462913864568,0.02432490355777512,0.0333765429716013,0.01366740692039929,0.02574275608272729,0.011808031487279599,0.039432729353199775,0.024253210240523133,0.01727348534683693,0.024419258623797374
2022-10-31,-0.015530344079269556,-0.012716995316684727,-0.013217016893866772,0.007838866159981592,-0.008473734102423266,-0.0015874445778865588,-0.015983131803194283,0.013645687673208041,0.007068015664781302,-0.010468339696021315
2022-11-01,-0.01769866945153587,0.006305077394020268,0.009380124174885516,0.011744497214297104,-0.0002363364905219974,0.017872173898639925,-0.017206603287842508,-0.009149745446903014,-0.014222734440586367,-0.0011108859134188157
2022-11-02,-0.03801820181963757,-0.011273934187364306,-0.01828977818056209,0.003465193847128859,-0.02507022086208847,-0.009250527273378929,-0.03600895827735807,-0.002574351887891281,-0.007114524982474314,-0.029324728028070818
2022-11-03,-0.04333039032555278,-0.011703515388018983,0.021761956343213047,-0.0026335304580553678,-0.0253594853079392,0.0018097801087505186,-0.02693848993463694,-0.002691315739508991,0.00033107788723082883,-0.031339220374434595
2022-11-04,-0.0019492003284887207,0.011814929986968117,0.03842930982250171,0.025582036720909397,0.00894733327312169,0.02699104252456044,0.03278226420635807,0.0067966301110343975,-0.010057838760353266,0.011385469805173416
2022-11-07,0.0038942732675603547,0.029229615351809016,0.0033299316730708195,0.012908774937776138,0.02173176729030408,0.005266150747802571,0.028849443018418793,0.0058280237173794465,0.012648192669491132,0.0157151740353255
2022-11-08,0.0041664507233664634,0.053998981022282753,0.005235258812746758,0.004018618203210845,0.002992620376023576,0.00060870176562131,0.0043789039229096376,0.004173046446356252,0.014626107099546164,0.008360769409059814
2022-11-09,-0.03375318080389342,-0.009415154450679808,-0.01875542470759837,-0.005564608991407499,-0.015193368052177266,-0.013093954763777152,-0.019234100842823086,-0.01498448097816457,-0.02265821146244967,-0.037448152827172856
2022-11-10,0.0852363936395194,0.004683970131986184,0.030177973972428038,0.04406969819669076,0.07614821923241988,0.0403345644214409,0.07905908732445036,0.006293635127616885,0.006471352916431859,0.058289400927632205
2022-11-11,0.019085608966393577,-0.020797991129116605,0.017230597190664165,0.017970936135863962,0.010340788601080694,0.0016274495753688517,0.0168543281206777,-0.008602268378622893,-0.041440884941133495,-0.00277665278244833
2022-11-14,-0.00953099897973388,0.0009817576269789143,4.2223385079799576e-05,-0.007322358902304424,-0.025794866445577918,-0.010326709324298881,-0.0227569376772356,0.00532361794404158,-0.01608403122134629,0.009032300679534606
2022-11-15,0.011799581640389536,-0.005976546693592112,-0.00810889933397145,0.0013591985676730247,0.0161917271653386,-0.007269820639526133,0.001737009650443696,-0.017670153945009363,-0.021126776423262064,0.015017571382160748
2022-11-16,-0.008366068933060411,0.0074635033718478015,-0.00929315153997148,-0.001437425162030327,0.009508108007461435,0.0013530728477723294,0.0018220691353041426,0.009094884579969459,0.016776560913261972,0.0007141140446219688
2022-11-17,0.012887852984533888,0.01236297509207266,-0.008555609252127403,-0.0066922563280995,-0.011080367317757212,-0.004366779588256901,-0.00020698673316258727,0.009833247047888165,0.007381995289825102,0.004036868242435203
2022-11-18,0.003774874066374348,-3.489648405745648e-05,0.004286919495409066,-0.0015280393715492062,0.005571529387760072,0.009760650151890631,-0.0019051567237449206,0.008870948646229197,0.028108543610436115,-0.0009011532899398503
2022-11-21,-0.021918525037754138,0.003023894555275624,0.003192419762344009,0.0026597002035310072,0.011429400932921366,-0.0059199141294538115,0.0034350135364840787,0.005349960096665879,-0.024466827278936357,-0.02148134878270058
2022-11-22,0.014554501476111401,-0.0038597458052381543,0.02168658759087044,0.00958045323397322,0.02524852051228837,0.014846141239341158,0.012236366905153359,0.008479160119466143,0.011343123927467823,0.01924924278191896
2022-11-23,0.005908710230639609,-0.012796965421667902,-0.0014339009011754438,0.006180769719486003,-0.010427288038465451,0.01060694765884034,0.010353136869122424,0.0046915203539736675,0.012576221996237001,0.006634263587740899
2022-11-25,-0.01978788067920597,0.001199104933778637,-0.005162818769690899,0.00673471188231684,0.01503367322844845,0.0019032683672680344,-0.0003636994921939377,0.00477562947668552,0.014822314320145198,0.009682405198934409
2022-11-28,-0.026615386578444974,-0.0039551596565727265,-0.014529921066926584,-0.01685711274530125,-0.023122034050335152,-0.017632941978106095,-0.023424645959320593,-0.013804957596984293,-0.010001079816051563,-0.011904770133564653
2022-11-29,-0.02137500915509551,-0.002231754679061223,0.012066313067787616,0.003524563262961419,-0.00932455842519297,0.01631571341295645,-0.005932446154674558,0.004765092760862568,-0.008054723210974571,-0.010468186943844583
2022-11-30,0.04744989461302602,0.015517970060270808,0.005471576202022007,0.012875443209448854,0.03112837287314182,0.011792875294493098,0.059799471325764034,0.01379262306685482,0.036741062961260465,0.03727612269612205
2022-12-01,0.0018897964976907816,-0.0016074169438869532,-0.0030502663496375683,-0.006078119774151008,0.009461573703385389,-0.014139097980971732,-0.0017652956408423233,-0.0035361085840021436,-0.02000663814657983,0.0
2022-12-02,-0.0033769734428968252,-0.0015050155621567777,0.0018651075702838286,-0.008451282358192995,0.0028088836834313305,-0.007958619682422204,0.001294871195540669,0.0021126341041264192,0.001680007594558363,0.003036880335276909
2022-12-05,-0.008015325932207903,-0.002103688358087836,-0.015191256506011467,-0.024039710969028842,-0.024412183317912978,-0.028441546648179987,-0.01908146557582093,-0.012369148586979037,-0.0020912190905873207,-0.018454864859742712
2022-12-06,-0.02569727151165305,-0.005702224163869071,-0.01857458050943988,-0.023501776264027177,-0.008250483495088853,0.0016731815646258746,-0.02051276881447292,0.0068672326984911625,0.007967740039265097,-0.021762459814283115
2022-12-07,-0.013880695365324023,0.008681174862525252,0.003017884175274866,-0.008273170751289164,0.00846924353023744,-0.000684205504559983,-0.0030643753984834917,-0.0023903319813353445,0.006634399532760234,-0.006092681340673681
2022-12-08,0.012059662993704067,-0.0006650766904087525,0.008436691210837661,-0.005125190483622864,0.01223170965556875,0.010439802640824985,0.012323077412118405,0.0032015327059779085,0.009185538762194894,0.006188350544574564
2022-12-09,-0.0034407294500350175,-0.024530982147809584,-0.015844733209062472,0.0029559873008011286,-0.01120152146005257,-0.0054331330262081395,-0.008035409772006522,-0.01108837487488406,-0.01604263127087521,-0.0019148995354512709
2022-12-12,0.016257102361939578,-0.006733498187504597,0.025069441494453087,0.011185907536929208,0.023132865447692427,0.015392491794987168,0.028479789569177415,0.007833505476483517,0.012275941085488214,0.027831357700325323
2022-12-13,0.006759470056452424,-0.016465088507410085,0.010372499566768327,0.015057793131821979,0.014859457014649555,-0.000969182888305956,0.017313921430172068,-0.00032060385556274487,-0.014095125473511966,-0.007249153822024509
2022-12-14,-0.015657898660502916,-0.0041592515022434795,-0.004298160772061731,-0.022797409487909825,0.0016206487383110296,-0.005009609508932221,0.0011669572641855237,-0.002194510986246295,0.0002600425732071382,0.0013135250313728794
2022-12-15,-0.047987580945585945,-0.018575794177459547,-0.016425462635339415,-0.029711558089345284,-0.017639355725352236,-0.02512379980548517,-0.03243869543459791,-0.016585462712573062,-0.020037324653323387,-0.02568830543408479
2022-12-16,-0.014685884406411956,0.004760484860524244,0.008891225001347038,-0.009997274374898507,-0.013089114426640878,-0.006245385113409056,-0.017500923815223963,-0.004203421681522802,-0.00757099912869124,-0.004918064977048209
2022-12-19,-0.01603755703345141,-0.006415162449849404,-0.0018494737803430978,-0.005036707367923918,-0.018762124286640036,0.005937890376777494,-0.017480047479377845,0.003876545230478699,-0.00019091073487013995,-0.010055470465547256
2022-12-20,-0.0005288347684809585,-0.003582051102350495,0.012194445547044443,-0.00034806876453658166,-0.007877545028887739,0.004832428075871568,0.0055987088406740425,0.012347678251303324,-0.006495620848359653,0.002632989743038817
2022-12-21,0.023530467379325744,0.005687383336323012,0.02764028615021177,0.016325016137620336,0.014254132652090178,0.011185167068496189,0.010818112734083112,0.019349997161383446,0.01399222432978365,0.0070358875383952045
2022-12-22,-0.024060051784205234,-0.003762687712423065,-0.01748537773758235,-0.013166026960246362,-0.010196941203152123,-0.011414753930148663,-0.025860121082779554,-0.011789333757957645,-0.0008532831984826039,-0.008497982315628462
2022-12-23,-0.0028018308023239668,-0.005064193341894386,0.009761122712861989,-0.0002025198657072469,0.008222446343865772,0.004733820062499324,0.002264387757221751,0.01210592688747896,0.007974268943111124,0.003748082372448749
2022-12-27,-0.013975531879926057,-0.0020104060475590515,0.013540231147224024,-0.010298628559819833,0.002569664375861585,0.0034977729873735524,-0.0074417979576214205,0.005263735690610276,0.0012789801958166844,0.002232214964323913
2022-12-28,-0.031165923737103807,-0.007507520067711037,-0.01558512000692081,-0.0032219698985471246,-0.012026320368519453,0.0054505337913874,-0.010307817439858546,-0.012413868735092147,-0.0066764824642269365,-0.006321625280382164
2022-12-29,0.027930783916863124,0.006633691558355418,0.003419798272539187,0.0074822394586329275,0.014713861755682263,0.005721090918443042,0.02725477130162612,0.006938995872602092,0.002702423779035556,0.014865526037708328
2022-12-30,0.0024657517474836687,-0.001977784667422112,-0.0026680721803921817,-0.00014554462127703736,-0.01430243131516186,0.0065839013705713415,-0.004949614183653749,-0.010346785662144168,0.0005659002582520319,-0.0014433339587273863
2023-01-03,-0.03812219251330378,-0.003776592454419727,-0.0028426736825904898,0.00823667170924902,0.0001583039366443514,0.007577492833269768,-0.001001479607684731,-0.001975555010335041,-0.022006491376107867,-0.001782344719342269
2023-01-04,0.01026134569531935,0.010417427044973768,0.010328347667557022,0.004265698383585291,0.01201940626420357,0.009281919363981962,-0.04472881223880876,0.0005877373038491609,-0.027642246897751868,0.024858405516096617
2023-01-05,-0.010661284070395873,0.009299068232072343,-0.004484676811315583,-0.011396587058105999,-0.013413149717971664,-0.00022171795581337893,-0.030085729428566577,0.0017077564008432871,-0.02924406819617557,-0.007080147154559377
2023-01-06,0.036133067295861535,0.03077387133550766,0.03508566878056115,0.012488734664542925,0.006508706076960929,0.018954821874145628,0.011716458333597388,0.033142338462375694,8.158499795959801e-05,0.03096825313855008
2023-01-09,0.004080602517199632,-0.018631763313237345,-0.009041839975385093,0.014035858534558932,0.0008811395510955645,-0.004141065078640109,0.009689146214919087,-0.02480619563290812,0.00012249918203843574,0.003896061111457996
2023-01-10,0.004446876116455072,0.013823582311711817,0.015650070565862765,0.012275556389262617,0.008834133090344568,0.008914533976320851,0.007588408633884123,0.011042871623854629,-0.008319334580773685,0.011326250213654422
2023-01-11,0.0208923906409925,-0.0035476584653214736,0.000877785700076042,0.01972782931990675,0.025770216224964154,0.007403723227400878,0.029790045192639423,0.002141920260982788,0.015111742130653342,0.004557743374656903
2023-01-12,-0.0005994824798909022,-0.007318753434508934,0.017161528983107164,0.014869300874704599,0.0026409496531143535,-0.0010031480772520604,0.011554484842478256,0.0018767837194981524,0.004590169879731086,0.006820580227810818
2023-01-13,0.01006819750182026,0.002985536615920936,0.013202754915838031,0.01091485891781149,0.0040537588617734314,0.024921625754658353,0.003014156260160913,0.010002567933961537,-0.012382934399832544,-0.0025074029149030797
2023-01-17,0.008718381609496216,-0.008537479814544608,-0.008548276024727864,-0.06655126301807388,-0.011172671584635701,-0.015574123640437806,0.004670798142928522,-0.047089870827406025,-0.009213675678453371,-0.000269068848118294
2023-01-18,-0.0053844488024846525,-0.018846403467600532,-0.013514770050449832,-0.0023746193528239876,-0.011793438488108923,-0.030502967497519393,-0.019069669252826188,-0.00743296490332565,-0.018391900358742483,-0.016001657550415792
2023-01-19,0.00044340253424555027,-0.008966111056733644,-0.02360525315712483,0.004743803620793781,-0.04037951963589289,-0.013416089025201682,-0.016590894142627453,0.002229998451387987,0.016906620427878237,0.004319287073986905
2023-01-20,0.01903848539659879,0.004607139048649899,0.015985403826745802,-0.025730819902860115,0.013165750156821525,0.002445685100688427,0.03511955780286025,0.00698505390603628,0.004860520067480843,0.017539657563550175
2023-01-23,0.023228511343701568,-0.008660632339250995,0.011902794078385407,0.021130084803716455,0.0015228700273554852,0.0160827439878072,0.009776371891696304,0.0055423968918945025,-0.001871456116376957,-0.0005797537959288361
2023-01-24,0.010012757055558345,-0.004878444602590295,0.019243848794484396,-0.0023227068409217696,0.006980400392180859,0.008559547790652603,-0.002228669219684732,0.03630434172125003,0.011847776375060154,-0.0012943853391857707
2023-01-25,-0.004711835441822282,-0.012242504838257728,0.0032165679155040532,0.0037253387013799722,-0.0013542141856975548,0.004827444221724195,-0.0059256938550359285,-0.01307336720458557,0.0018290762941819399,0.004500871679526021
2023-01-26,0.014694918606160028,-0.006491739763558626,0.014138937589404087,0.015157903640488345,-0.01093413036358037,0.006162757802168739,0.030251564967812568,0.0071567133650222116,-4.051784476194318e-05,-0.0008451143467699976
2023-01-27,0.013591583149667326,-0.004837592044846856,0.009190197369702441,-0.0035843291419119408,0.009135713271089323,0.0024260292275318195,0.0006449310677793304,-0.01759173707560144,-0.01314233910831363,0.029510011582997483
2023-01-30,-0.020282297464405564,-0.008154554973424695,-0.011558378805849576,0.01057430139805285,-0.007766299606795882,-0.008516739720981034,-0.022206324480691184,-0.004513191277329057,-0.0005350715358758857,-0.010161995359423491
2023-01-31,0.008980327000738034,0.003214279507000311,-0.035855126874089774,0.02309058196715934,0.031111134625494516,0.005948194834211417,0.0207949337014591,0.01693827629183068,0.027210245883321545,0.004833365287556029
2023-02-01,0.007869613275877771,-0.024018127589985797,-0.010959906342634478,-0.000273298093516322,0.012019911618763056,-0.0026475564633397183,0.019738359931899027,-0.03130313995248386,-0.004396718535071786,0.002992619438683145
2023-02-02,0.0363922524118373,0.00048679922273818185,-0.018769294491128,0.010228808700806877,0.03503977665129756,-0.004666973251200918,0.04581852531701755,-0.01896617170574055,-0.054093054999785964,-0.005820203330192745
2023-02-03,0.02410730502324565,-0.005531914970294472,0.011610528538212171,0.0012983391402407957,-0.024700169034546037,0.01535550441030002,-0.02390407894300988,0.0055416927872841025,0.0025242903612132258,0.002479954334776221
2023-02-06,-0.018091643004652668,-0.005398429766078396,0.01466437743573526,0.002294990391661109,-0.006749537611581556,0.005865456071985412,-0.0061344850357547285,0.017519125231037873,0.006798708568533431,-0.0030029210263835767
2023-02-07,0.019061843577471305,0.0006149005227541984,-0.0070247197363661525,0.009661687540273196,-0.012437986769272122,0.012116341912669122,0.04116324269638127,0.01610692521444379,0.003444867251174199,0.00816059889996452
2023-02-08,-0.01781055409620942,-0.015696337461045286,-0.003169353713393596,0.0018681736630897928,-0.01365337394231226,-0.007055811224620539,-0.003106940186975924,-0.008607968093944538,0.013207255000589425,-0.004853563610501892
2023-02-09,-0.006935417166232142,-0.0008329047889806722,-0.010461574015347525,-0.019136949440425714,-0.016469595634955217,-0.015686218953345078,-0.011728369174813298,-0.010892005556855183,0.005180830486813297,-0.001742576266486983
2023-02-10,0.002453127310597152,0.01036273182371728,0.005628116347949986,0.008900773400023652,0.0031324291175448484,0.004405770596299123,-0.001974177420264685,0.0074709095040784825,0.01738855591388058,-0.009418575080654858
2023-02-13,0.01863198810810149,0.004771972345240283,0.0019360967190111024,0.007352938401220969,0.021842173716512946,0.010789816344751338,0.03076433719484525,0.004541248785250872,0.0022230616023637207,0.007367163654738107
2023-02-14,-0.004233917492640894,-0.0020721661860407994,-0.015390727159400146,-0.006007220548029949,-0.015889038591872254,0.004409009833396108,0.0031281748184887144,-0.01866992917171,-0.005100371359362956,0.002225764773228758
2023-02-15,0.01380791488015132,-0.0039908823036530275,0.017604722304360658,0.006862201798020695,0.0070722159782526765,0.004181137585539983,-0.008024900403840003,0.0059021157083162,-0.003211122847659119,-0.0020510534196275768
2023-02-16,-0.010484297499969328,-0.024669852109246677,-0.008804325510581957,-0.01112086543485027,0.0017135733131451822,-0.013864713531092513,-0.02698388465458616,-0.011730320275045484,-0.007970471681922634,-0.013590007024178327
2023-02-17,-0.007575435522416745,0.026584124182296557,0.005138625583549322,-0.004603086410267221,-0.010294434940384765,0.0029568768530962466,-0.015724474233447954,0.014587996337570708,0.023783794898172134,-0.010102665920285862
2023-02-21,-0.02704202548990602,-0.009566287741325626,-0.028988668784831435,-0.020230099448169562,-0.07322529538730817,-0.018519600942489115,-0.021107861978275463,-0.0026956011077067686,-0.015691068800509547,-0.013238054571481118
2023-02-22,0.00289187225572053,-0.00876904211330042,-0.011784620393017363,-0.0006372164972235244,0.002703933197564003,-0.007692568364493232,-0.004601394320427364,0.0046852728507969016,-0.004937846385990795,-0.002723298431238786
2023-02-23,0.00328510601478114,0.006163194889277327,0.0002522498714613871,0.007316262626615943,0.010107171198209862,0.0079789635301863,0.012878336148917483,-0.0034983764724452727,0.005711042007744882,0.005032299416771597
2023-02-24,-0.01816934151882033,-0.016805726039945502,-0.007508764705681696,0.0008522731439759559,-0.008893032033036498,0.008980656317712717,-0.022025182554297276,-0.0007552067953287893,-0.015082021872262286,-0.007170794413986037
2023-02-27,0.008213747038284567,0.003375381610164299,0.016003727562535295,0.004606791030861431,-0.0021936067858328253,0.008690146995930254,0.003764747956820091,0.0,-0.002087587539353707,0.003637269494830694
2023-02-28,-0.0034536221711405756,-0.011971481242907648,-0.0017933436081091698,-0.03871206044327368,0.001789133154523081,0.008335968330067207,-0.0029623331712760282,-0.0011340571231615376,-0.015387081163937959,-0.001862508446416558
2023-03-01,-0.014348574895415233,0.019365658214386468,0.03736451937278992,-0.008398364322449768,-0.019581327616356982,-0.005596383203396135,-0.01270987180642728,-0.005796681640012575,-0.001513755752954486,-0.007209589513411907
2023-03-02,0.00412059858615853,-0.006157926675267458,0.014016377324496659,0.008255082631207222,0.007639756876069051,-0.010436711514802932,0.019462680775049566,-0.00468334515825238,0.005204781149595639,0.0032004035144184546
2023-03-03,0.03448834852577118,0.00029818888283232185,0.012335349482895927,0.02262950565600799,0.018361577135849412,0.018193436717803307,0.016508875403424758,0.0021811673661944774,0.0017987886785002123,0.02127318611180554
2023-03-06,0.018369692743912185,0.0012766984630300162,-0.005222910884941947,-0.00011224199497281727,-0.000804482041354783,-0.0058645031317567835,0.0061699573456686745,-0.001308093803222369,0.004628177714385342,0.013229366663859831
2023-03-07,-0.014602351467320855,-0.02755485302982746,-0.031355123406115584,-0.0312056878985674,-0.025505997942528114,-0.029848755247584756,-0.010645461459629683,-0.016386763122361307,-0.014455652815026575,-0.015914418291594477
2023-03-08,0.008342207494268733,-0.0012688095332469773,0.010427343528022371,0.009232386873403284,0.009929246346609258,-0.005932767046096449,-0.001771950456335881,-0.014519639785281214,-0.0069457660158431505,-0.004400913125183117
2023-03-09,-0.015027086124084923,-0.011624501812693755,-0.031696885086695464,-0.020828653266028955,-0.01204525292375284,-0.05565706243276435,-0.005454475632701718,-0.01664994695873839,-0.012164560533784804,-0.00985988556707517
2023-03-10,-0.013975771622901145,0.00917001694083606,-0.059636740287454845,-0.04306629835252239,-0.00588538568915058,0.025077822690001195,-0.01489320994469481,0.01006881433450707,-0.006344890904755838,-0.017746442932332664
2023-03-13,0.013178815589976847,0.02303549142203461,-0.01022807568997263,-0.03781677542339508,0.0007331247357151707,-0.01812037555726566,0.02121431945993659,-0.01989155449579546,0.0072510642857526566,-0.007756634162938618
2023-03-14,0.013990823848850581,-0.01121305147050669,0.004307531574684259,0.02082646350897535,-0.0033211432987609773,0.025351903017964642,0.026696081719060794,-0.0026744658923584415,0.0019391401399685019,0.019348122013035787
2023-03-15,0.002617971524088907,0.018562016166385125,-0.03797891337261486,-0.03140517044060345,0.008369342569162974,-0.048396322033969576,0.01767358332937186,-0.031162905292144032,0.001827991225012678,-0.010528156497004375
2023-03-16,0.018521320519358446,-0.001405729083150943,0.0066518572926411845,0.00924629686050152,-0.004315378575677436,0.01922758458590415,0.039736317019747135,0.03377943993943912,0.014059634153610346,0.004979122866085531
2023-03-17,-0.005468860053192998,-0.020588196178522925,-0.017062086713923966,-0.03734489778043127,0.005772879507549011,-0.03851430933497905,0.011626594460204892,-0.04258751056466292,-0.005353065386264166,-0.00027597650648561727
2023-03-20,0.015365206859956418,0.02122747471765493,0.024351180273958044,0.01954159170816053,0.003012021725785517,0.010515959830079814,-0.026104358354266558,0.0220541538988786,0.015764263555405684,0.0034898239873855787
2023-03-21,0.011873333941603852,-0.007569653756715704,0.020709141530438856,0.024729604982086806,0.000587604020304371,0.026467539936547362,0.005677318908546347,0.0178584518083952,0.006561932056327207,0.017269306263252397
2023-03-22,-0.009145123447025495,-0.013483735422406018,-0.02234451755574085,-0.011443059143274838,-0.023845810055528396,-0.026152754119029113,-0.0054569234827776415,-0.030263912917552933,-0.009585594245812583,-0.008642774882029717
2023-03-23,0.0069452947644080085,0.014127604115562005,-0.002321407079347402,0.0037549762792898557,0.00458975666725674,-0.0026770827904894906,0.019529596616913843,-0.016763734266260166,-0.011867588299036069,0.011522245699055942
2023-03-24,0.008271313118772198,0.02092903610354333,-0.011135448479525386,-0.007267841548508972,-0.0031399279727828844,-0.01533292652404684,0.010425906598958019,0.006387957611111809,0.012855502066519342,-0.006987960930109687
2023-03-27,-0.012369424656047418,-0.005349609441579912,0.004551825700951768,0.018888079684464855,-0.00620256218038378,0.028257652342159004,-0.015046592488636884,0.008693922763045129,0.012339737443959104,0.00347751234785139
2023-03-28,-0.003988369555447162,0.007238315825280946,0.009859360718765139,-0.00028269831355138083,-0.0016007778827298235,0.0030306713834375707,-0.004169520658642689,-0.0028292101069894784,-0.01952952166694426,-0.006694791330994206
2023-03-29,0.01959744855535692,0.010636136421012759,0.012817144182571192,0.007134554212296247,0.009004090764963732,0.002015292785483355,0.019001998927203608,0.023709502232854035,-0.012756131953296748,0.01338990471878907
2023-03-30,0.0098412973924548,0.0019480177238749348,0.006882050971826931,0.0013086228054080048,0.007033196919213037,-0.0030245606069652384,0.012540923105424673,0.005636081279819169,0.007409496426715451,-0.00421854908175292
2023-03-31,0.015523040599183972,0.0010346386173951964,0.01896928559015673,0.01841934472325964,0.03363078390689474,0.012043612025327851,0.014851634956580363,0.0034478951927350383,0.005367638158253289,0.013845111535507828
2023-04-03,0.00767222374609675,0.011065911058264453,0.004490814798487239,-0.00180520834804284,0.008804778700938555,-0.0011517497252591597,-0.0037185994463464025,0.005120796492433941,0.04469208457279582,0.015579283449534069
2023-04-04,-0.0032548888831878207,0.012561854240844541,-0.05554498036113591,-0.011923120617176972,-0.009347295909101395,-0.013458201145131417,-0.00017408761587513365,-0.0214720965210769,-0.0019039333148813625,-0.005868761580195692
2023-04-05,-0.011354532938765415,0.02331886215530883,-0.018191534862601354,-0.0034773017462416565,-0.02155552456629921,0.0014900129627214128,-0.009938346887382116,0.009913374148838857,0.031883637557925996,0.002237747593178765
2023-04-06,0.005480654901364613,-0.00019714044496617645,-0.02062994854507632,0.002702219176977843,-0.0002078825697836101,-0.0010977635282632366,0.025212054685940007,0.005620849934292296,0.007005631955401286,-0.009600226546623425
2023-04-10,-0.016100983995687098,-0.009598989969135623,0.02995262350683256,0.007908889199559142,0.008831083375776495,0.003289425277242988,-0.007607476634587818,0.00802521344330581,0.004610896548524118,0.0019450944883837654
2023-04-11,-0.007620183007558465,0.002109923673329182,0.02325102177638232,0.007388929072815443,0.008889689684613499,0.004914193768514575,-0.022929280579988484,0.005199369880014991,0.011175958431138349,0.00888140929960083
2023-04-12,-0.0043624907944383885,-0.007705501637672821,-0.0004534545802293785,0.008728695257731019,-0.011400060739381504,-0.00015586768927234272,0.002330474302111432,0.0016695270086592667,0.0004223248334134867,-0.002805368085107733
2023-04-13,0.033534719775541774,0.007745431929253284,0.005292134111923579,0.005706724020391969,0.005870440425377992,0.0038060246634647877,0.022152448809171513,-0.003688428625807492,0.009623795045082267,0.021195164299574527
2023-04-14,-0.0021163906026920123,-0.005743609146906404,0.009026515309527845,0.014319342805124487,0.00013687582942314272,0.07279486723954208,-0.012847543061980271,-0.028283087474423298,-0.027824067300083303,0.0056995402133832454
2023-04-17,0.00012098494146452393,-0.007749816627944087,0.006950165403276764,0.008158372676603277,0.010925999470952151,0.007897436880603063,0.009252900705854031,0.017135654958873914,-0.012663120265033022,-0.002310269608599393
2023-04-18,0.007476814881446559,-0.00801362251016924,-0.00017743516692307005,-0.01713262437209522,0.011946008036534308,0.011165695030023164,-0.0014900596536214959,0.004194874802382578,-0.0017230764391151195,0.000513854695778514
2023-04-19,0.006944273472241437,0.00048731200571421697,-0.0024453832712003996,0.008884908639449561,-0.006847191990703664,-0.0012739413734431538,0.0002774416720067254,0.059639430270534595,-0.036908077982934245,-0.004418922693017819
2023-04-20,-0.005863517396491906,-0.011231996169431695,-0.010650828190189025,0.005388002971176344,0.005575385948314485,-0.002907484923581713,-0.008145304934669632,-0.018296656901280503,0.0025882105760322445,0.00869056272152136
2023-04-21,-0.009829066349685266,0.0016415543502855928,-0.0036250105789805745,0.008671643950523472,0.0049114279822862076,-0.0019194800980872253,-0.0012243551081592076,0.001338076160185849,-0.007495330295244827,-0.0023469996894494648
2023-04-24,0.001876763419391095,0.0024164627830735746,0.014243983536524398,0.0067093032577439,0.005318258569972593,0.0013510083239678993,-0.014060923150286226,-0.0020632074956295787,0.010526912451535099,-0.005527113241854316
2023-04-25,-0.009480501981145186,0.0017167086994480225,-0.02171734843144621,-0.01311017793603477,-0.017760504361798067,-0.021983335652357744,-0.022793959446085716,-0.010155848004649514,0.006076219610984645,-0.01371267909466228
2023-04-26,-6.107726375190681e-05,-0.025100983735328982,-0.011223303008512575,-0.008638822661295172,-0.028270070652770908,-0.01788262300045206,0.06993172156948751,-0.004012178434775474,-0.018402750912016614,-0.006291754432399202
2023-04-27,0.027999404049567394,0.006428025622544667,-0.008640665885016354,0.014864258861810089,0.020137804736085865,0.01336884293041016,0.03152503606255854,0.020400903615946684,0.01545080764238956,0.0037623110399192007
2023-04-28,0.007513010215194254,-0.0024994309730548368,0.020641039486337314,0.0053719208834778305,0.022239473097273324,0.00864554567302461,0.00794023526771086,0.004925255870285398,0.003297358482049884,0.016113253670369674
2023-05-01,-0.00053058245923689,-0.0035100305841055533,-0.007017089267070754,-0.008391798354009184,-0.009494577074790716,0.021185967874503532,-0.0055481090746286954,0.0034169964853361175,0.007309364388448924,-0.0009458153632901831
2023-05-02,-0.006210804988076117,-0.01234021116018776,-0.009805359264984414,-0.02136778738694052,-0.011554742698480782,-0.01627900933260381,-0.0004909083232077433,-0.0067903543337536326,-0.004670891474621574,-0.024071148493367767
2023-05-03,-0.006488061436233265,-0.02863003587899963,0.002274769965700578,-0.01425948254943896,-0.00408607827289702,-0.02139061493570512,-0.003312453047935988,-0.007673482302720642,-0.00803812189688889,-0.004415430308743123
2023-05-04,-0.009962853594290643,0.011188215835989576,-0.024694845169660053,-0.022742624137384992,-0.02532824580008119,-0.013772854068481742,0.0033124530479359086,-5.559954794368985e-05,-0.004422969709871146,-0.001683035885386496
2023-05-05,0.04585907022484037,0.01981193540746178,0.022141109229084598,0.017770657870645783,0.013452327392424171,0.019346441367956945,0.01701172867806872,0.01748592265731286,0.014263291116975533,0.027025159457942705
2023-05-08,-0.00040364907528491053,-0.008107815932139118,-0.001395849468967763,-0.0015610944585790216,-0.0058524853482897115,0.0024105481148254935,-0.006458979128947995,0.0014801722316860036,-0.0033639798901650307,0.0019396710289755793
2023-05-09,-0.010020944631143414,-0.0008099740095083801,-0.0060708730655111435,-0.0053432539674724425,0.009161640117754721,-0.0048265600795604924,-0.0053602799715588125,0.006442235378930217,-0.004557601316071823,0.004425445277127538
2023-05-10,0.010366697007703256,-0.0013660257264526505,-0.0014998780529515197,-0.006859026454815426,-0.005348186440840033,0.0005127585638410426,0.01714876330582674,-0.003215796830109023,-0.0006323976922969979,-0.008567904756956526
2023-05-11,0.0010942879072458984,-0.007804511922716973,-0.01483958104206546,-0.005689513183170246,-0.004647033876479675,-0.0031555319126722503,-0.007069448741110049,-0.001912872813946071,-0.00267667870204103,0.0008227299321708217
2023-05-12,-0.005432301807462136,0.002837094724518983,-0.002335830015046389,-0.0038112453139427776,0.009616996722870827,-0.014436770474407775,-0.003682985269049194,-0.003946152630862128,0.005040909354683763,0.0016005776860517423
2023-05-15,-0.00290156932869828,0.0024869384884183467,0.008317099434722999,0.00801157807373916,-0.006666779833794664,0.008391236278869217,0.0015849053490469825,0.003946152630862097,-0.008935742108111107,0.006161123508169453
2023-05-16,0.0,-0.02449138072309831,-0.019547181795401016,-0.003919953908570295,-0.021757360023708046,-0.006751771670515306,0.007340754213561226,-0.007136525595439623,-0.014773989629640834,-0.010101892596123402
2023-05-17,0.003596705756688043,-0.003238971648157499,0.023373402137965557,0.028788984033615128,0.035012146826389826,0.03028390323092687,0.009407135958809099,0.0009361087285455122,0.01055438034534452,0.009414541343673845
2023-05-18,0.013573547737906517,-0.003517025157669405,0.012276928202740164,-0.0018187840769313592,0.009428955294041037,0.007555529198456212,0.01429208486898078,0.009095209543254856,-0.011576372530477663,0.004074993192263756
2023-05-19,0.0006282681602723469,-0.003618920618257634,0.0002793721659446426,-0.010461784826877969,-0.014606567996346381,-0.002296634978442579,-0.0005651673468384874,0.0020707146138485783,-0.0008558907838052994,-0.0012422065573323361
2023-05-22,-0.005495841341154171,0.002548015304389444,-0.0024240711760667687,-0.0037780771209313144,-0.000756384188900206,-0.008297043879487221,0.008881792817413019,-0.014363688144597509,0.0037521097886635325,-0.008738922302242725
2023-05-23,-0.01527100344319477,0.0020070544846297438,-0.007260373001586689,-0.004163821754673349,0.014617313415441374,-0.01048732270730975,-0.018603957145648758,-0.009933173535508167,-0.00245802612929217,-0.029397093344786025
2023-05-24,0.0016306805263423345,-0.01399882544526833,-0.0142517733808382,-0.01168849581715485,-0.013104887183525605,-0.009193380087449509,-0.004482717303255934,-0.01868883831011253,0.0028949520151613168,-0.010429064176783125
2023-05-25,0.006669944020400146,-0.01759454705225075,0.0013341158241547014,0.01264625677179087,-0.015056209331367313,0.0024352714550131965,0.037736808077782985,-0.01327035101658143,-0.006530953269878455,0.005071549637700124
2023-05-26,0.014006300452482787,-0.0024403620125784545,0.008630336005046271,0.024791859583164683,0.020981378880130325,0.009317464296527711,0.021160194144128973,-0.007977703843879446,0.00796488410667873,0.0072702732579858305
2023-05-30,0.010603212364588735,0.007348729631419695,-0.009011188855659954,-0.003560453996784715,-0.0014694348266704323,0.003790080762220855,-0.005059703413148376,0.005787591290369781,-0.003474235005459565,-0.015090307183831645
2023-05-31,-0.0002820727992772479,0.00965428682187718,-0.019969460469861335,-0.01358438743885191,-0.023913360534764373,-0.012812486548815881,-0.008550381781897034,-0.02364880265300213,0.01528332216656274,-0.002756059278552302
2023-06-01,0.015895572817859388,-0.029340753281662614,0.016007358654769217,-0.023427319337568652,0.01727773227351428,0.01368486873424854,0.012678190344330134,0.012098550591405119,0.01302951747878029,0.024446483449694384
2023-06-02,0.004764036766198372,0.017579082576953037,0.08064953227433039,0.022655068387958985,0.025843066217960755,0.02078853042268909,0.008443676056956843,0.022112067427316494,0.011981383739024888,0.010059661194898754
2023-06-05,-0.007599983198185027,0.01732067167344623,-0.018526452249852058,-0.005701370963336,-0.00964287506681324,-0.009872851454453102,0.0016085146659785064,-0.004349047972357897,-0.002786214432826914,-0.008868130732460781
2023-06-06,-0.002062361439529197,-0.0029789635590311623,0.01874711641601265,0.015387312323851748,0.009845505020494744,0.0017959047034895217,-0.0067499367740884685,0.003320515483240297,-0.02154756617959133,0.006373703123922287
2023-06-07,-0.0077865684356857754,0.00013555518082697214,0.03838384120239844,0.027018238751933977,0.01907390352324262,0.009641890013556214,-0.03135448911789403,0.004733145075238168,-0.011220166051476774,-0.013010506617387878
2023-06-08,0.015346609871436979,-0.0022172107959793465,-0.004680800396646987,-0.0008342242992300881,-0.002023944863937379,0.00028400716215516735,0.005796873762594934,0.0007434719928513449,0.01666084828569916,-0.009903542774242224
2023-06-09,0.002157587598692166,-0.009100947457709988,0.002470780083074426,0.0016382830514705504,-0.012499374957503265,0.001987773440271576,0.004692787949885183,0.0039371986033590965,0.006891341771224914,0.002283772908039777
2023-06-12,0.015517778735450129,-0.006420276064488632,0.012137165872558382,0.010273806944759361,0.0117350660189299,-7.08823426154567e-05,0.015365277356897026,-0.004737705877354005,-0.0020887943846515477,0.011606996970170954
2023-06-13,-0.0026152077289784753,0.021077613977782173,0.031202193883478748,0.008827165165788393,-0.0025960646842419395,0.007208055680684272,0.00732590791318703,0.007694431771282204,-0.0026018917752991806,-0.012323008157266056
2023-06-14,0.0034851453759894725,0.0013053608690909051,-0.00867506849070346,-0.01198398902643418,-0.001233713787147432,-0.003738860090107053,0.009082552039679798,-0.014699785844083763,-0.06615333966168598,0.00017920835875750787
2023-06-15,0.011136710731143215,0.027335710107700983,0.01771980457827487,0.0038928623639457524,0.007677894938223059,0.011244639819273846,0.03139840332008052,0.013847858634302856,0.01712421463131332,0.012143799798508636
2023-06-16,-0.005876974871433711,0.005326489164164425,-0.009737499566415243,-0.0042179040264432605,-0.005444964950993122,0.0011875390053805186,-0.016714698831625616,0.004422793476949459,-0.0160110246185925,0.012042097415798522
2023-06-20,0.00048627024321256415,-0.004670084736566411,-0.016940668398140263,-0.022690514623158013,0.0034231662230928108,-0.005108738828221533,-0.012581197523778747,-0.006755239393893164,0.02349542759044949,-0.010716500749920862
2023-06-21,-0.005691286563697566,-0.006803712946728361,0.0013675630710374802,-0.017231691722631264,-0.0023580966699491327,-0.0014741492219145747,-0.013371008746912584,-0.001539312253425355,0.015558157211827107,0.003438336300910587
2023-06-22,0.016390130416880887,0.0114737976832947,-0.01729315491384573,-0.017032983307720347,0.0015945993131103444,-0.01944054557674685,0.018269347912926854,-0.0015986424678075828,0.004812860325437344,0.005003863492783649
2023-06-23,-0.0017127157886519054,-0.011165562742390823,-0.01229375524080125,-0.015355849447672237,-0.0012292052478730703,-0.005243548087767746,-0.013902029538045427,-0.007398328503800445,-0.004288488356588066,0.005066232754845425
2023-06-26,-0.007581559674757523,-0.010534706097473763,0.010649357309679966,-0.007495225858510653,0.023264042418370736,0.002445592537648637,-0.019348948118028952,-0.007685398574783644,0.004309326925101744,-0.014259332944028775
2023-06-27,0.014946744100001293,-0.009478404470973015,0.015660706827901934,0.0034835628094517157,0.01882180974689988,7.180405207847993e-05,0.018004813517924358,0.0011594698310347764,0.00727932643786409,0.004585099648216211
2023-06-28,0.006307966107576801,-0.005856935197887478,0.004890354834727695,0.0006696242160188761,-0.023314204781282398,-0.004391641294587938,0.0038187338177109484,-0.024754909630253362,-0.016948817545178484,0.002723575935273039
2023-06-29,0.0017948516283135128,-0.000678080257158388,0.009751323813298579,0.02962129565980983,0.0042649403477680505,0.03432712800159011,-0.002385104270788248,0.015441194470918294,0.004185572319416316,0.027517510699062185
2023-06-30,0.022839645057280245,0.003881062036251715,0.007383204904816338,-0.0017036988502353474,0.009119581714712176,0.013916617615057799,0.016252735810520537,0.01549427128115086,0.008776739449460629,0.013395683105051797
2023-07-03,-0.007815158718147858,0.013377462379655975,0.005188724925547893,0.012539494469123093,-0.001998165824610739,0.008012332045496352,-0.007516227421866692,-0.003287796230064599,-0.005759075081504193,0.002061293786472473
2023-07-05,-0.005888661996550089,0.003859038676520221,-0.010159369538667548,-0.02028959993361127,0.002512933046865189,-0.006684046954234271,0.00047345342751739,-0.002892759891751334,-0.014034461035917241,0.006199986812493354
2023-07-06,0.0025056419529328397,-0.012921801894788332,-0.017511270594926423,-0.022273671427368347,-0.028656435336110828,-0.009935696730348692,0.009184334025116698,-0.009781813394793587,-0.003955154143791235,-0.0023833118452481037
2023-07-07,-0.005908595049132222,-0.01960975593871963,0.018939709137467942,0.006908708885557804,0.0026124928316871277,0.00785932698360308,-0.011938389941414999,0.004320700160661831,-0.016714630566063725,-0.010224593850143036
2023-07-10,-0.010915427422807768,0.02742741466709904,0.014697063894970915,0.004116130466505003,0.024369605095985566,0.005595974539150409,-0.016112946580447433,-0.015144729326033063,0.0031797651048356785,0.007205873334356733
2023-07-11,-0.0028139581063186237,-0.003878974818552164,0.016106958982306158,0.01383888009200531,0.010834420040656692,0.015518154386026004,0.0019270029213308538,0.019272415918905515,-0.00034563521383868326,0.009985250143911021
2023-07-12,0.0089454512535669,0.008097235695843932,0.0029617774768711984,0.01705628500174402,0.012230978599769697,0.004939754416963185,0.014126448619764764,-0.007220154917847357,-0.024471254889905165,0.006877200762888073
2023-07-13,0.004049482381273883,0.008735223260366805,0.008872131697560487,0.006961095679871697,-0.009238624509097619,0.004848029378750371,0.01606253238501355,-0.01709267856062361,-0.00878305581993514,0.004531238727086966
2023-07-14,0.0007867528904283819,-0.0010107329657497958,-0.0009385027512100742,-0.007604574934393088,0.0060211778701996605,0.006027306914973202,0.007501113715648492,-0.013586030782531455,0.06990507556268528,-0.000616706039721088
2023-07-17,0.017157537512692098,0.0018010197583094298,0.007172406427458455,0.003091506977813882,-0.0014228921023318152,0.02381795323943183,0.0014183221191008035,0.015783355659099312,0.008109981010547895,0.0034076028756019686
2023-07-18,-0.0013411499447597906,0.020547781359211443,0.024364913844029498,0.03031233983093197,0.0022441159059781697,0.0018238560648840272,0.03902823417096097,0.014310853959358114,0.03235776221488862,-0.013285078177279377
2023-07-19,0.007046753435814795,-0.0022384789666939553,0.0009137412696189837,0.009677983395849242,0.008550346053774123,0.0038324287259293944,-0.012343382363673383,-0.0026934488268925204,0.007372830289224671,0.0026958555984722687
2023-07-20,-0.010148689445600503,0.005072123085860946,-0.0063380178262811455,0.02982537871253234,-0.0012215404853735889,0.01224203256802728,-0.023392860276716804,0.0178393086557655,0.0010715289757551904,-0.007483719416632491
2023-07-21,-0.0061806856999727005,0.006794394697743097,-0.013262995879480379,0.0031303196528788884,0.0043154581825811935,-0.007714449434609691,-0.0089772988803484,-0.004675940592177464,0.004531039919306227,-0.0015452335216740343
2023-07-24,0.0042111779899098555,0.0025517882313594244,0.006653547523694337,0.019609859897420607,0.014374709333863941,0.019492691970322103,0.0038902337910852107,0.011620510501836113,0.0042357623453772066,0.0062083686732442795
2023-07-25,0.004503415307633244,-0.0004673394456621423,0.010317917911620546,-0.01185513912259724,6.162347872808912e-05,-0.007496440364624088,0.016866298695177674,-0.015679270972294247,0.0044134284234578335,-0.008551869534665964
2023-07-26,0.004534820400434261,-0.000425056659756083,-0.014374227706148018,0.0080309436495881,0.013624301316129453,0.00597589417007511,-0.038364113033034185,0.011782440399945726,-0.005751128283947884,-0.006683543444742697
2023-07-27,-0.006602883859935594,0.0035649587129584766,-7.751097834743468e-05,-0.00856664171202756,0.00036425741648986125,-0.011090309901256187,-0.02109313245003252,0.004068412542359414,-0.005467555908017171,-0.011282346971841677
2023-07-28,0.013417597020419945,0.0013546113299766306,0.008212306347033928,-0.003617107508913086,0.005021858331312308,0.005688205981600024,0.02286779638913789,-0.009249440217802949,-0.004602726517105077,0.005572236982687698
2023-07-31,0.003161007410906761,-0.009436227237079898,0.018036993073491544,0.00744594465561817,0.007426201417618001,0.006669351857456834,-0.00726697519562676,-0.003758701369140018,0.006856516005288707,0.008363627279911771
2023-08-01,-0.004284956645704328,-0.008707671602171233,0.08484374043558972,0.005185153396270511,-0.0053158915887658855,-0.004950368683366952,0.0012496858440155508,-0.0017393670297283393,-0.0032243219265284577,0.00858638595043508
2023-08-02,-0.015611310256353782,-0.007394047641580642,-0.0037482507469137113,-0.018679436064514977,-0.010808999732543999,-0.011389036096495438,-0.026634508543866148,-0.0070469892942965255,0.00011898496980511346,-0.00930183914741591
2023-08-03,-0.007348673226016391,0.0012577613997204384,-0.021511850449873467,0.0058501190577180985,0.0041011951578518,0.006094661769130336,-0.002568145062178889,-0.009985386807373004,0.00011871233768914753,0.005038856677715114
2023-08-04,-0.04921112711905379,0.05309492490048819,-0.017960617758348896,0.00017009064959754513,-0.010422328144949452,-0.0021128148283244847,0.003422729866814612,-0.004437319645746109,-0.004227906228294546,0.0009628623721170551
2023-08-07,-0.017404606743195706,0.0389393345123254,0.018671069408895905,0.0066026498030460614,0.00835866722029759,0.004731636587783281,0.007083230969995509,0.008678409465686899,0.015807421944037416,0.010489105551249217
2023-08-08,0.005297955750437696,0.030601413487637067,0.004393142443312543,-0.020744545783913923,-0.004140142049514983,-0.0056294594017858475,-0.012375113806212019,-0.013254640133955603,-0.009600705497685881,-0.009234834174111386
2023-08-09,-0.00899485130441595,-0.005690904148333915,0.005780377831916608,-0.016123178553902433,0.0012196891330427853,-0.013498734974964795,-0.0117851985220701,-0.0035205465313381842,-0.007440831817504134,0.0019623546827851153
2023-08-10,-0.0012354579076343257,0.010510554490345578,-0.00249833650810058,-0.006704841082170617,0.003618849669557187,-0.0014963914605721643,0.002170072319595556,-0.002094310643597697,0.0027249558249803425,0.0035455482422164083
2023-08-11,0.0003376480129441497,0.0017157354628927648,0.004920362970518434,0.0009690191422972645,0.005178057234505153,0.005779067746597521,-0.005963418570707498,-0.0004794571394203801,0.008957107841893524,-0.0004999219727820585
2023-08-14,0.009349382293446765,-0.005883597612210632,-0.0023867870477888827,-0.008814094583634956,-0.0035097433489035615,0.0020698175480907913,0.009394706459127464,-0.0035420083504844662,0.005731477255389336,0.01184433971619792
2023-08-15,-0.01126367823954165,0.01912848526132901,-0.025521683107507496,-0.016509058637078,0.006615800772715877,-0.02578682709192219,-0.006750300917305216,-0.016922343302187143,-0.008333264542772487,-0.012719495812324552
2023-08-16,-0.004971211927184308,-0.0037288295466189406,-0.010364459439750095,-0.009375296734404286,0.0026758079002511246,-0.0042522985326676616,-0.002431390725763166,0.01149469510555827,-0.006196452863555738,-0.00225416689648627
2023-08-17,-0.014662281099070348,0.003645063040012654,0.002401359460614762,-0.004842805965281916,-0.017416659333387187,-0.010441210643113206,-0.01104709485761384,-0.011923001763259413,-0.01924829383958099,-0.008055971713445818
2023-08-18,0.0028121244767982828,-0.007723557718197225,-0.00499135543922751,-0.007939365803642637,0.00027493091811872357,0.002285152673390048,-0.001263180445229995,-0.005768892197568978,0.009028684231185689,0.003364621852064583
2023-08-21,0.007707149212593901,-0.004286899032054598,-0.0038418870906549826,-0.008871848841201934,-0.010162218591010963,0.0034175859852645543,0.016918693795482907,-0.0053692750549454325,-0.0015259194370408464,0.005401668733237525
2023-08-22,0.0078737094586601,-0.01188465311454027,-0.009393322975448455,-0.010205296477610757,0.0012952348080939005,-0.02095683149127464,0.0018003419316812619,-0.010325473718154,-0.010787818070355457,0.004624866255382446
2023-08-23,0.021711554344302286,-0.0010097120313178334,0.010419332450011238,0.01104311109573872,0.004949413729896931,0.006740688665672262,0.013981064173619934,0.006170744031390204,-0.005907673638870195,0.00716526857367322
2023-08-24,-0.02651927525688659,-0.0028794536393437348,-0.01375586498475215,-0.007379902406609547,-0.01079122753645818,-0.0009507677456973753,-0.021732820130039403,0.00563867376502185,-0.0027414731148194165,-0.011748347901375997
2023-08-25,0.012563899348357756,-0.000935834492186528,0.012032884631701423,0.0005936296163083094,0.0008366518095703223,-0.0012233178981821999,0.009363214643966456,-0.001236633677555214,0.0020874408903043882,0.012862258122739657
2023-08-28,0.00880744345530389,0.0006629000164641552,0.00814852045521262,0.01801593460176127,0.009402479042833445,0.0034624641543497103,0.002226660405291049,-0.005023461199488301,0.004406389082741542,0.005180773220941516
2023-08-29,0.021575994734374916,0.01197276243292,0.018889332845732597,0.019984911865791443,0.010590950076988083,0.008099238639620266,0.014445649859228051,0.0027939600383539696,0.003150082092782457,0.006173866142196042
2023-08-30,0.01899072804863748,-0.006801839275048968,0.008179857472231903,-0.0037061753347774617,0.01015332969707723,-0.004041364626405048,0.0011565284642823198,0.0002479011921619154,-0.002641347673668583,0.0036209339350136084
2023-08-31,0.0011716658873278409,-0.005989717960908074,-0.004259314198383239,-0.002651094749591888,-0.0009985821005039782,-0.012428407193308953,-0.0031376510978527164,-0.0005578891798544776,-0.030887222326224664,-0.002236114137815631
2023-09-01,0.008427546683912926,0.0014424334191212426,0.01804822691538742,-0.0009465821329845026,0.008381128104300773,0.0033427041415018286,0.0027422171481256835,0.0066144905497833775,-0.000713746015821672,0.009842337885108743
2023-09-05,0.001265895649382671,-0.010573486644528654,-0.01627136393097144,-0.011211018278830486,-0.0160397982344257,-0.011095068863405727,0.014769048596573438,-0.011838198885045104,0.009550276024482506,-0.011227157682306739
2023-09-06,-0.03644954929466744,-0.019880667942066856,0.004499338351867181,-0.008125513274100011,-0.005445400676535251,-0.0016541379878668796,-0.002010984652498458,0.0013707058189666153,-0.008081635441130147,0.0033366116742353587
2023-09-07,-0.029685584732805678,0.021375500829311667,-0.00520972734259399,0.0025811079907023544,0.00739588320437117,-0.008590828631372583,-0.008962108195096767,0.006619255732374201,0.016366404709211985,0.0039732372243511975
2023-09-08,0.0034855131623539766,0.019618409755644932,0.0030157023227988266,0.010996498862320287,0.0008826742581882819,0.0007650231098768654,0.013129361003148578,-0.004866561581215097,-0.004482629707263067,0.0006066490166538555
2023-09-11,0.006600813653116449,0.008788320307600966,-0.0008149452190571317,-0.002676049771473173,-0.0010351320787793388,0.004370297978029933,0.010919279160051852,0.007725529759475569,-0.0028953785958052893,-0.00028285080206623755
2023-09-12,-0.01720786768005543,-0.0054018725239252325,-0.0008514153275122526,0.019068528015675455,-0.006384809608358168,0.012930513272380813,-0.01842653810587078,0.010126634934126988,0.0010842525806056549,0.00032350402872279623
2023-09-13,-0.011925583803192868,-0.011902563078232804,-0.021122204692087015,0.012254763494725878,-0.0012267041741857087,0.00047805382562588524,0.012847796368371151,0.002209252996488793,-0.0001252153982444903,0.002140795356946749
2023-09-14,0.008744072545412295,0.019518013630599258,0.023780065882215824,0.028226318173499566,0.011441501672700308,0.01921184294233066,0.007824883261477391,0.017199560703263866,0.007805493165858885,-0.02587354418106747
2023-09-15,-0.004162616239867119,-0.006041636740950501,-0.01214182788566061,-0.005908848272323177,-0.025284473018560554,-0.0029527388352486197,-0.025355724566196898,-0.00701426022127234,0.006389653429858901,-0.0017821203519439396
2023-09-18,0.01677198137154915,0.009276973627667441,0.006391962473204214,0.002274581917890056,-0.012964677987531427,0.002081178728557555,-0.0035187120111958067,0.01236232911067139,-0.0013157053545166538,0.014782184337546116
2023-09-19,0.006161916098632567,0.004398667656071805,-0.004530685898873366,-0.004173979290769465,-0.008387927822726515,-0.0012748919255530955,-0.0012467107123189664,0.0020359280583487,-0.011171998742507388,-0.0045062912008493805
2023-09-20,-0.020194906405906588,0.02669205988538004,-0.0037974278096981283,-0.015296624922474567,-0.011991132151879122,-0.004239067923847089,-0.024269043842737335,0.010412678753125675,0.023582902683933846,-0.0070040700941554086
2023-09-21,-0.008929155546425201,-0.007580454006548039,-0.023900595206232972,-0.019372622133497146,-0.013276768677397443,-0.007852909404020295,-0.003873440609728663,-0.00195539638568709,0.01814235788155458,-0.0219461458172315
2023-09-22,0.0049322598599,-0.006367266657233248,0.0037790652169055984,-0.007141529117067345,-0.0033635479934755286,-0.009628696449618813,-0.007917496186987744,-0.004577069759765324,0.009848836694333377,-0.006487054790878961
2023-09-25,0.00735333761828941,-0.003142974127229126,0.004421361885057152,0.0028929574500830522,0.002482748935529831,0.0049282267097858065,0.0016702209618355832,0.0,0.008225259099741332,-0.007343668656678561
2023-09-26,-0.023676442355258027,0.008136036539396856,-0.0174705004242962,-0.01538344054635386,-0.012971640929779954,-0.01043280852330478,-0.017151724688315672,0.0007147064294359822,-0.009510364879535046,-0.016025958403121838
2023-09-27,-0.008937325407419396,-0.00022315617767013716,0.01176660277132322,-0.005791462968559654,-0.0023824034177563264,0.0058475652640436575,0.0020800580679952775,-0.00023814685341157872,-0.0034085940618315126,-0.0006531944028152074
2023-09-28,0.0015243021468052634,0.006817493550049025,0.012861062279863007,0.0100441549306256,0.005517593502918739,0.012339505784995094,0.0027138549713680692,-0.001788150919777637,0.012566273883075886,0.00936768356836676
2023-09-29,0.0030421031044919195,-0.007635641566845518,-0.011798173056772372,-0.00502509627281197,-0.004391892645157397,-0.017566446739547485,0.006704814644941524,-0.02604918339790406,-0.011653639339062005,-0.00714811324627024
2023-10-02,0.014726602327881517,-0.00915779126908932,-0.004699665712527491,-0.015792989691885365,-0.007741080589299836,-0.00865686840291213,0.01897943375253804,-0.0063886101466617655,0.020378468387293167,0.005463175722205797
2023-10-03,-0.0078002189923551,-0.020102300986488006,-0.010172385918643612,-0.03964516164312978,-0.02666707648463458,-0.007400157111711296,-0.026481805758585265,-0.008354360270833274,-0.009960558043416938,-0.010693930403700029
2023-10-04,0.007282146472250986,0.016830012117133263,-0.014756619750479077,0.008068773515516737,0.0015401269666494041,0.0044746801521998985,0.01761750484937097,0.009770820232389217,0.0022545264681307926,0.010477703845220409
2023-10-05,0.007171941597458738,-0.0013571737705508316,-0.01608953249065024,0.006137713862823066,-0.0023627173798034576,0.004207258454138178,0.0012530713749578785,0.008456295251938716,0.010926928132438474,0.009726728222305416
2023-10-06,0.014642842075107399,0.00897573685678936,0.019893140612939984,0.006356641780493102,0.0038321538498670453,0.015278331768097737,0.024436173489843865,-0.005691156982378439,0.016483909275884372,0.006659293717132402
2023-10-09,0.008415740165243704,0.015102005316924566,0.01957844325754953,0.00041589973574361204,0.008636766181805344,-0.0022769943968575855,0.007791965110198787,0.0019005222828352584,0.0032339468729485786,-0.0025560214406050354
2023-10-10,-0.003357784555970585,-0.0010685152608020142,0.007015404948087407,0.00688589767297081,0.01298432362393964,0.006060242039415083,-0.004345137738871585,-0.006328816918367868,-0.0043208902351924185,0.009171328144628404
2023-10-11,0.007872901203548551,0.044523927367904614,-0.0013914956168795142,-0.005575129279903595,-0.0039178890407536885,0.00342717115900153,0.01219731415611182,0.0011089134334781598,-0.00020979264268935005,-0.003896220307349483
2023-10-12,0.005048249976088865,0.0050646635625289866,-0.011872604121056294,-0.010178698361622662,-0.017020414172617262,-0.0023295264214032003,-0.003797513073535524,-0.010397994546831435,0.002686591154010114,0.004656675915583677
2023-10-13,-0.010346046473719752,-0.0033029970980726683,-0.0062134962762968576,-0.0017768382242960414,-0.003760995708568575,0.014908344609370001,-0.010411444344714098,0.021420016440724547,0.026031181300539406,0.0037515918000017227
2023-10-16,-0.0007271314630763762,0.00973760641674034,0.010580582437208177,0.016322671633709075,0.01836251919758741,-0.0010141959855650261,0.014870553873442932,0.020732274248250714,-0.0025431730506653887,0.010047523978684539
2023-10-17,-0.00882355074159416,-0.008612034049305698,0.006845644441909296,-0.016128593034431742,-0.00468554542596123,-0.002166703750197141,-0.0017451966309182188,0.010148231169127235,-0.002568247628972871,0.004695858982285262
2023-10-18,-0.007422122039189802,-0.0029577606646377995,-0.050512115314387096,-0.024211135984232395,-0.01944862906731137,-0.01104144604454124,-0.005889718255383763,-0.00740813096666551,-0.001099868000099594,-0.015585130865593825
2023-10-19,-0.0021633628973127613,-0.01056419972563052,-0.024722558454555395,-0.009215725658838728,-0.012027684989127641,-0.004258482130130099,0.003658848802734684,-0.025117903999682768,-0.00829852496341789,-0.015532383349278258
2023-10-20,-0.01481342426892103,-0.006399452884611555,-0.009544815294836221,0.0028702770369546876,-0.001256115562166241,-0.016236697863726654,-0.0141342737593133,-0.014438264259362867,-0.00869027786615599,-0.001840788006607538
2023-10-23,0.0006939382272850842,-0.02083891477230974,-0.007572854368570439,-0.002769735881187436,-0.00468956011094906,-0.013735147600306676,0.00807934752130919,-0.014963605642923575,-0.010413977086834532,-0.007958780486668855
2023-10-24,0.002539852602634766,0.011143786927531735,0.008976325675494697,-0.00013402076883967177,-0.00619306972560274,0.001205002712761005,0.003667515631130734,-0.008009945816492756,0.006554650921017087,0.013385724940953228
2023-10-25,-0.01358337759211813,-0.014445336418788016,-0.018646008711549967,-0.008121459957159877,-0.008436230310435224,-0.005469305870196394,0.030216806826800145,0.0422189656066287,0.009875074493114254,0.009331966961700192
2023-10-26,-0.024913203075675905,-0.009042806148868559,-0.010300305522861241,0.0007747038332393987,-0.01048436871444796,0.0025606944161360424,-0.038236167356740035,-0.001640135710537994,-0.003495212649928455,-0.023797874947983636
2023-10-27,0.007937666358390591,-0.030645410973335067,-0.01609218186372946,-0.02412806635660762,-0.005555007585956129,-0.036683028654399756,0.005838666748767794,-0.023252711350368344,-0.007027537478177424,-0.008728801821040513
2023-10-30,0.012230201337655157,0.006174304819424601,0.014977845140082623,0.03697506348384728,0.017995380441278512,0.012668549189311824,0.022485785203431377,0.029616662509146165,0.010107724095664275,0.016481313652019214
2023-10-31,0.002814801585378073,-0.028871386352105025,-0.06884253292415068,0.009198274829555578,0.01133929594261644,0.011863799117266564,0.00236885410344831,0.011593691475086002,0.010454792200928235,0.008629226831591081
2023-11-01,0.01856501366726911,0.019902311794709485,0.025248162690962896,0.01162486560722463,0.0067915398107487035,-0.0008630337835891206,0.023269783729949613,0.010928966305671637,-0.007421597563104271,0.014693797775390562
2023-11-02,0.02048227336101177,0.02180468769281034,0.03096123526440459,0.021259760855510255,0.027188585528045612,0.017691700951356956,0.0064806479131602045,-0.001951275149432466,0.008485639229343407,0.019385078626151294
2023-11-03,-0.005194651762657538,0.012191347753805693,0.006793647940785474,0.04322584007396116,0.003659940427246903,0.01111035056835326,0.012779634418854118,-0.003201404749220295,-0.009803262574613478,0.0014377242226712044
2023-11-06,0.014499650770463739,0.01094574807168444,-0.01031277805021662,-0.011388472968395218,-0.0035240940627857863,0.00752426232172835,0.010517023049025138,0.0067465313710523035,0.004810455192888983,-0.00045157120784048886
2023-11-07,0.014347275834732918,-0.006324267614754873,-0.014201484121314206,0.00012338624033462136,0.0006787315140407876,-0.00048615989799230053,0.01115675362480084,0.002591662890587745,0.008158277250288747,0.005243078539186967
2023-11-08,0.005867544335932177,0.007899165880510171,-0.00042552489291882285,0.0018811384967782675,0.0038935686422727224,0.004918192906142888,0.007378623138109486,-0.008447960699039,-0.0020472182106218433,-0.0013929735282241862
2023-11-09,-0.0026279368194739674,-0.03424745319963785,-0.002857495839758153,-0.011714715667710767,-0.027580301582926365,-0.002975754783825585,-0.006934921278554764,0.00017819925933976739,0.004220491866547775,-0.009350291685487299
2023-11-10,0.02295472983923204,0.012232623969381701,0.023342794264408426,0.014637713293801353,0.01283985874600722,0.014722387662712293,0.024591987185219707,0.008093407765397053,0.004091856745225689,0.014828901363172166
2023-11-13,-0.008620857826192985,-0.002322140713240936,0.008268432801396742,0.0042916417392107305,-0.012145106591771364,-0.004448864364050161,-0.008121430847055282,0.006100243594243304,0.00250956149277567,-0.0023675487996159873
2023-11-14,0.01418470797368774,0.01240927415405237,0.025291007353517147,0.035488878854935436,0.05260633898087893,0.01808207817989553,0.009743027977574042,-0.013541509068217078,-0.0038964268863372112,0.00923509349165638
2023-11-15,0.003036228565909737,0.01108549886483819,0.012947254827970033,-0.00331213861629555,0.014906499592867856,0.008719949264804603,0.00040597945714639745,0.004966675376427552,-0.003800302625123099,0.004726628105858913
2023-11-16,0.009001415327919348,-0.007038373148703293,-0.011536265109651344,-0.0027581829980660912,-0.005694336022369957,0.011354627502661795,0.01743028890249248,0.012601916136600664,0.002615549271323101,0.0018523274800765783
2023-11-17,-0.00010535369377838422,-0.013510751007307375,0.01939109043265865,0.007456927724197759,0.002704865376932996,0.009005521325147103,-0.016943735535052018,0.000756809191867977,-0.006560804219800984,0.00397488704264073
2023-11-20,0.009235511069032155,-0.0001508624331278026,-0.010406787543270611,0.0007662600946559259,0.0029894706454369653,0.0030708534632995165,0.02031405866752463,0.0016282441668089892,-0.0022215559057116177,0.0016415543364576124
2023-11-21,-0.004239863506796649,-0.009580446940288366,-0.0041611567377458055,-0.013285576737440385,-0.009290652514295608,-0.002089730657848229,-0.011645379516411076,0.017053172141792028,0.008356174781306682,0.009000334775851654
2023-11-22,0.003508457993782565,0.006712169362336769,-0.013726113099938451,0.010896396320650648,0.012562480945176077,0.002350732540327054,0.012731215636769124,0.005809717490404734,0.007698249321150409,0.005890106117937339
2023-11-24,-0.007029106013730687,0.0032826733430650528,0.005472607443924196,0.0015051744286022199,0.00483975662559745,0.0013684847332273713,-0.0011120969867219929,0.008257382894379117,0.006123483174147789,0.0022834414919733043
2023-11-27,-0.0009478537614955504,-0.004492798489280604,0.0001212298882445401,-0.004255068344319653,0.0007077495366955581,-0.002282025453041511,0.003121363756460831,0.0060086677457773475,-0.006435976414870219,-0.0006294893950974335
2023-11-28,0.003208888022324549,0.004718709144605353,0.00044453316927337157,-0.00017778466632829596,0.007753204698491558,0.002282025453041506,0.010744843194363453,-0.009959087240892233,-0.005645068345016232,-0.004733012303251165
2023-11-29,-0.00542434599828932,0.004059490693774325,0.007847966078853588,0.01587821263560671,-0.0007391243880594719,0.005067418784873929,-0.010111141085561121,0.0033870413389600583,-0.010321227538533283,0.005086930557345277
2023-11-30,0.0030580209398314516,0.011338246369369894,0.005078215240822069,0.003754673183820209,0.007910103850166703,0.011340079484952446,0.00015852732019567216,0.017762825286753516,0.03307433115250925,0.00959092634297091
2023-12-01,0.006768291445635354,0.010367466378751663,0.023805259095708343,0.019972588746118604,0.019365293102230747,0.0048577578204289495,-0.01168024502652921,0.007501335316060996,-0.007156608209530386,-0.0008964724366824534
2023-12-04,-0.009509669143650002,0.00033018512975248185,-0.00785927724287867,0.0027514485177620733,0.01367243461760824,0.007305508504433105,-0.01444252118815148,0.006627133796679772,0.0020447111623450895,-0.007868641651184864
2023-12-05,0.02084450291516351,-0.0061463835059016704,0.0017257165198817197,-0.022109380130417765,-0.001606068333420769,-0.00012669445528990802,0.009114770052530736,0.0025624125789803017,0.003605001371761351,0.0006679660243020151
2023-12-06,-0.005703395342695732,-0.0056273420738004575,0.0030519050345444985,0.0006435215598743898,0.00803539248196055,-0.010563918856104203,-0.010036402632219185,-0.0028900805380371562,-0.0013275153915894144,-0.0012576573084013343
2023-12-07,0.010088298292785054,0.007250286689941469,0.005609856460877462,0.007719334493296606,0.00018410994688422067,0.0030662735796841262,0.005812909141787064,-0.0012083375523024738,-0.0022955614003948737,0.005998853035637282
2023-12-08,0.007385015938542392,-0.008104570093767895,0.008086497159680028,0.01785950796796222,0.0009194399168111069,0.010973202440533184,0.008803343063587732,-0.003579883055237202,0.002732175088187577,-0.00031297733447585173
2023-12-11,-0.013011417107503673,0.011159210911314771,0.005457236127507083,0.0026473721989949866,0.014776780371533897,0.0036521903228879603,-0.007860270784586657,0.005995537678299578,-0.011139365408952114,0.0030455216925753727
2023-12-12,0.007888846830586615,0.006775133653627699,0.0019526809362442538,0.0024134424543407716,0.005628126424631966,0.008885777620058663,0.00826097513692416,0.007158244688298622,0.003745244566401607,0.011781381829473183
2023-12-13,0.016553829101734682,0.02746685627706312,0.024708584204411688,0.028296112083351067,0.030153018713255503,0.0033582546917368837,-2.664202279720997e-05,0.008458247894683925,0.0060106793784225334,0.010805939972968678
2023-12-14,0.0007573641859087696,-0.018998935822304226,0.06221029387490163,0.05560257631275558,0.02419536255030938,0.018028587543762863,-0.022802628567272356,-0.013315948165335179,-0.02727137350360549,-0.0140087461210829
2023-12-15,-0.0027293873460769577,-0.0031533927416162594,0.0019968733390600285,-0.007748815575003481,0.006205548631936964,0.007533012300141155,0.013032082633174576,0.00021874050632003831,-0.005857244352571099,-0.002709594232272147
2023-12-18,-0.008539724673659191,0.00010883495736648335,-0.0001048475710127772,-0.010860109262405503,-0.009052183840690491,0.006033825473212431,0.005165397203538604,0.0032768588910526953,-0.008641768510526237,0.0013169177850564805
2023-12-19,0.005345760106028691,0.010687477753359882,0.025058504098742218,0.01594552903837371,0.003585276859935617,0.013266619020854475,0.001635613900022518,0.014989843159561653,-0.004778265555196581,0.0062505383668097075
2023-12-20,-0.010771698067268827,-0.011777323795062872,-0.011155608330240997,-0.012974295174360719,-0.009732769103130888,-0.011343326633079897,-0.007097923606738337,-0.012648031279128896,-0.01559690895342826,-0.011139237139631468
2023-12-21,-0.0007703574707814249,0.014968601041443636,0.0012419514137325541,0.008046456926217744,0.0008886792819864419,0.005687698812910002,0.00784793500475622,0.009366570239395989,0.007626917880563218,0.009407058554413966
2023-12-22,-0.005562742008633132,0.017143568939973975,0.000999191902045265,0.00021018343939008797,-0.0010894642033188965,-0.00059726032164231,0.0027802714919290916,0.0012384920600811715,0.0008267661980288301,-0.004286142446826667
2023-12-26,-0.002845299650631038,-0.0009153372095921839,0.01798703244762285,0.002518761484159751,0.002063119557788586,0.005896557448751298,0.00021341281745209019,0.006918771434629386,-0.0005380644950473765,0.0028208799073748806
2023-12-27,0.0005179733505109973,0.009221102031202254,0.008387397925747594,0.007492601941666236,-0.002235293271064034,0.0059798656392536665,-0.0015759182225612716,0.008144764826953747,0.005293138545966961,-0.0008879499896564131
2023-12-28,0.0022237704737837764,0.0067130628711299205,-0.004167998394531698,0.005007331696796864,-0.0033625249343931123,0.005299020544259046,0.003229508649085726,0.0037571772378833463,0.004027951855080701,0.005661143159856586
2023-12-29,-0.005438880909534593,-0.0015264960657430306,-0.004084010106465611,-0.0016577695360140276,-0.002334768294437326,-0.0011750301764177483,0.002023012679497796,0.006108020914514568,0.002986407219788078,-0.0001918072581056038
2024-01-02,-0.03644264704375956,0.032014701885682534,-0.010061409885070892,0.006537064260658803,-0.0042507521129935034,0.011572886554069515,-0.013843716817977466,0.004870357306041781,0.024152151868744108,-0.005701225109087813
2024-01-03,-0.007515798371680254,0.011035461422972152,-0.029152568551371463,-0.016907411765105837,-0.01996141320729047,-0.004367747518561017,-0.0007285832707629758,-0.0006272500149852264,0.004975117951676506,-0.0034439261834501235
2024-01-04,-0.012781461643750467,0.008213686178526242,0.006311450194187534,0.0030336337926064327,0.0009749759543675087,0.006614196955773442,-0.007203266951239903,0.006461306256819914,0.006234794258577486,0.006298361712867987
2024-01-05,-0.004021043448079939,-0.0005607112107158924,0.00984318532036099,0.009072115954494295,0.012765665742444258,0.0050045372785087324,-0.0005164555167615904,0.002748840435350534,-0.01485079192892712,0.00030843250568735584
2024-01-08,0.023887329789630617,0.025674057241860695,0.011424945647079668,0.006242769381462162,0.014445729643920912,-0.001452167279343011,0.01869561428761277,-0.003944201316688204,-0.0016015070807564881,0.01091472609434652
2024-01-09,-0.0022660186456410513,-0.01171254413721274,0.00013695514707834006,-0.013254047186664541,-0.005013401965050972,-0.007937621506405581,0.00293142790839176,-0.0005723370981619099,0.003442192554437139,0.0030044399552448405
2024-01-10,0.005655364828881719,-0.008793471937362308,0.003619794933373856,-0.004649481192625424,0.030187551119629983,0.0021074900763324226,0.01840382364387766,0.0046199971752755925,-0.001356974176742641,0.004660101394487576
2024-01-11,-0.0032277196910586114,-0.0048381343941101855,-0.004407218012670521,-0.00580276867067256,-0.0007570376425282566,-0.004219147761754762,0.004847586206057457,0.00917628622512914,0.0037872397103873453,-0.002005265567957285
2024-01-12,0.0017765017109557587,0.011187684933236087,-0.005665469544775661,-0.005280488379964494,-0.002302445972088693,-0.007366850245779008,0.009933953314224642,0.003534670477087205,-0.03424801650126715,0.0005301460208088827
2024-01-16,-0.0123935437306454,-0.009934747053087438,-0.011010319219134637,0.007122146765485119,0.007617573729792586,-0.0062902462709391845,0.004623058564974949,0.005863196568185078,-0.004535489102680789,0.004041986933136667
2024-01-17,-0.005186933940046727,0.00197501185918273,-0.030398470812274807,-0.008632267275662985,-0.007645738963623916,-0.0053719858328887095,-0.002052170146466382,0.004007995746324493,0.011091072465110497,0.005227167901677177
2024-01-18,0.032051561391573176,0.0013475854102823382,0.011667545052878191,-0.0007159904430790872,0.006165793459705039,0.0019731541379069376,0.011234184300637478,0.004294734978289343,-0.016518576190747133,0.0056470700468731014
2024-01-19,0.015413597918571538,0.01084442005486089,0.016540913046639027,0.013937661738745572,0.012522736172509066,0.01711466135851422,0.012113121828865814,0.06499510847332049,-0.025062554681172924,0.010240784733949859
2024-01-22,0.012089779691922941,0.007605644628599467,0.011812977474858382,0.009789534308515662,-0.01590915275844324,-0.0011749407196977365,-0.00543271147193083,0.010293188351223363,0.01855343225043186,0.0011068981914965164
2024-01-23,0.00663136799713045,-0.0008065057711036215,0.0005541250746157092,-0.013538034544674657,-0.016707924140596003,-0.006605625506671749,0.006009611334764307,-0.013558247992892028,0.00491989172611632,0.00022088812623167898
2024-01-24,-0.003490069324158569,-0.014332073183101975,0.006384734061755012,-0.0036044515732359082,-0.010056529959910847,0.008895652458627985,0.009133235814795785,0.0,-0.004452122373003368,0.0014368211853149511
2024-01-25,-0.0016983066280888122,0.015460764324213125,0.03412284417058612,0.008660447374540577,0.010598009593497016,0.014209384598480746,0.005721805054180661,0.002556298373751899,-0.03940380575956138,0.003527563030425548
2024-01-26,-0.0090535335426956,0.004855217910482247,-0.004465128739407972,-0.012912993254426831,0.012261834556846561,-0.003823509298805416,-0.0023244257807301227,-0.00042563395239798466,0.019667484150573625,-0.017279058065800462
2024-01-29,-0.003592256132118978,0.0053739698426966374,0.01267690404611734,0.007305175647208408,0.0011252330763924046,0.0026084470124103126,0.01423240633263694,-0.0014672842664412487,0.002659473297010707,0.02112340542132055
2024-01-30,-0.019433419864139625,0.00372567439587159,0.0049669641502707645,0.016444944642290883,0.0039280996080724535,0.020287145999329962,-0.00276180137561959,0.011397458434628584,-0.001845119734054117,0.012672444997062932
2024-01-31,-0.019547416253339677,-0.001144664710604853,-0.014709300120951277,-0.0074201838112190124,-0.011661037699011318,-0.010894716176811847,-0.027315912281408967,-0.01026124736161355,0.0160146065921448,-0.014135189012657952
2024-02-01,0.013252385756712153,0.032249785349897,0.02427758778535086,-0.0004166474790664984,0.0199437275431195,-0.003619941048955611,0.015473999611963305,0.003117770745669079,-0.00902958151268897,0.013774278637626603
2024-02-02,-0.005419768296059422,-0.004230279303166413,0.02376565704149215,0.010392578594237228,-0.007918588508081758,0.00573981847557164,0.018258171425681206,0.01311993063700302,0.006074452699081444,0.00046904569175998254
2024-02-05,0.009798460106442489,-0.0037817439685862305,0.019827917467030512,-0.012557335075795463,-0.005867955764172179,-0.0013171508606924544,-0.013637807989547139,-0.008132878473759408,-0.014350991063151908,-0.005789062115671047
2024-02-06,0.008594547274751192,-0.018494794999999845,0.004098517818248211,0.005130187741971105,0.0031206330870755684,0.0034323602307150093,-0.00039433042364378013,-0.00032858403288814483,0.01521298427362243,0.0042726391338143415
2024-02-07,0.0005810720436695346,-0.06604369181054913,0.0026924882545129787,0.0043285325198029224,0.017915943666731275,0.0018827013853719918,0.020890519675859965,0.005664402176001385,0.016931636455529378,0.009457948850605854
2024-02-08,-0.005771183959191641,-0.0034532709552956304,-0.004925773906099355,-0.0041986708332432295,0.0028357080724515037,-0.0035974548634058385,0.00014475018104943954,-0.0019158627654086457,0.0013465236800467956,-0.011142081596590764
2024-02-09,0.004085438001146718,-0.012731325296743852,-0.015145310467423751,-0.0020277653035033955,-0.0015682999316215353,0.0012005901600075078,0.015431891074691067,0.0032221362062980095,-0.0036019538344049047,0.0023540450933233494
2024-02-12,-0.009042637371853035,0.011305784424473097,0.013995482166052143,0.021573856877086284,0.006313505189725854,0.004447201868245828,-0.012658664535871288,0.0008851740336225922,-0.00111967753782374,-0.004931811477368845
2024-02-13,-0.01133835674490194,-0.01350645098037156,-0.027709992100764077,-0.03601695426374603,-0.021742438026695076,-0.00874186986749874,-0.021763678408877014,0.005851964736091072,-0.0015273979054533583,0.0026864620976060983
2024-02-14,-0.0048213720761068,-0.001412397697318883,0.01229455349824947,-0.0018762977528897946,0.0017884514523056946,0.010106003214116109,0.009618905535710286,0.0030976759808261974,0.00017412118734484592,0.006325004241476009
2024-02-15,-0.0015760877907702129,0.004333340000259084,0.019882740437998828,0.019333642494218508,0.00792404400969819,0.021579830970721983,-0.007181022374906722,0.011018476553234444,0.007592860396664655,0.012246407231074619
2024-02-16,-0.008465950387434773,-0.01875141024725408,-0.003596997495370721,-0.002545936427064275,0.0035112197307366737,-0.004680827177562619,-0.006167984333382431,-0.006826327103848519,0.0012855472483459642,-0.008650303069504761
2024-02-20,-0.0041225319541399056,-0.000670028967512339,-0.025707441765939604,0.00020798365227495187,0.0006067324177842157,0.0039024329566026334,-0.0031481362384679946,0.011745281635196683,-0.000939966646655609,-0.012316842856599976
2024-02-21,0.004177357322663709,-0.0001764773956980954,0.010778741284178722,0.00970516957969925,0.004293407878498708,0.006488715045476739,-0.0015155952770940218,-0.002820880030537438,0.0017447901686479309,0.005834178149685421
2024-02-22,0.011181225209855504,0.006049912680904043,0.01548757242667838,0.005650352840598509,0.019607116572456645,0.011924233228737039,0.023273685010282975,0.012766597950965923,0.008641300319305257,0.024942994468981208
2024-02-23,-0.010084841516965546,0.013928635040539688,0.005542313415044571,0.0014842484587877147,0.0016683302740430931,0.005012689837575689,-0.0031872725735224198,-0.006046170228097531,0.0014043398159212378,-0.0005287105106505055
2024-02-26,-0.007479155284975748,-0.009764724558464215,0.004620416941094831,-0.0021247737146949837,-0.0009682581626165981,-0.0034298854318636014,-0.006847094376099081,-0.003990527389193464,-0.003648081860370784,0.001937313074268475
2024-02-27,0.008081544532641255,-0.027902688402546078,0.00689132342573895,0.0015107034910652366,0.01060023306426137,0.0004905792445010547,-0.00014711777262274475,0.008145701470612287,-0.02291344785058094,-0.0034548377322703955
2024-02-28,-0.006647429604214716,-0.0037052294176929566,0.005873328855798494,0.013107695266845321,0.0054435786300924905,0.005056758852365498,0.0005887991103484344,-0.006601982284875037,-0.02993197701402903,0.008649656877550713
2024-02-29,-0.0037000436901887144,-0.013169442742858336,0.013262996893069656,-0.010559757785713747,0.007913196510459963,0.009070150836057897,0.01441536468096439,0.0024468082034562106,-0.009436813853620291,-0.010523153154890903
2024-03-01,-0.006048438239337145,0.023459945303413634,0.008171048834293846,-0.00244460027725336,0.010038783237725547,-0.004146968345716231,0.004486444183711813,-0.009732067460902261,-0.008279511667319763,0.0018381341732340707
2024-03-04,-0.025709074871514685,-0.0033584506552196596,0.005774858792040687,0.010636096506497631,-0.01066942607158094,0.007473930886991826,-0.001396764486044764,0.0011415893090385098,-0.015771474926501966,-0.00933139023342311
2024-03-05,-0.028853198443414888,-0.009855511450195703,-0.01523446359595984,-0.003421913055845662,-0.005060549753460528,0.009967270271543392,-0.03001801226416521,0.0002740266350632107,-0.0182618961019921,-0.004107833448015193
2024-03-06,-0.00589552546680912,-0.0002170998006322462,0.006276828160308402,-0.0034338277338814556,0.003290923762452877,0.005183974492404708,-0.001391696447468535,0.0067767249367409995,-0.0011630755347929558,0.0037511598309136127
2024-03-07,-0.0007097606340859,-0.013577291673340004,0.013582871687687171,-0.002930630092573578,-0.0023608395459635335,-0.008797030044223449,0.01738130375749987,-0.0010022762232542184,0.012991860764101438,-0.007767975048300752
2024-03-08,0.010184410535402817,0.0032564900769071763,-0.003032136290011142,-0.00371416283230582,-0.008534557466739126,0.0018613038113999291,-0.0071626025830898235,-0.004339440782293516,-0.0006922378090880121,0.006376319661222203
2024-03-11,0.011762274315289143,0.005863955573035925,-0.01251930751704029,-0.002147026578144275,-0.004913635626616667,0.0003717599819622816,-0.00419362322295204,0.00260595253388325,0.026054542727176836,0.0018552952029078516
2024-03-12,0.002774903154327252,0.004276071806513503,0.0067537613489953765,0.00521727835484287,0.00809591670130293,0.008198247705783961,0.026251871911940235,0.00655317455183866,0.0004088062998860017,0.011904991047041976
2024-03-13,-0.012196739320250885,-0.001990676214570862,0.012611589399134327,0.010583300503831192,0.011811276901492349,0.008079654699375572,-0.0004334890877152966,0.013650400769136786,-0.002762625176570511,0.0042876935212499455
2024-03-14,0.010868029307168675,-0.016255073534638422,0.0011703908714272748,-0.009476139237314012,-0.009864209268208336,-0.017978860387109212,0.024087292362757657,-0.00930542640455593,0.0020470384699806457,0.00444410160913904
2024-03-15,-0.0021991160006166717,-0.009881685448370033,0.014661652294383785,-0.0036090306841589886,-0.005450628417064164,0.012319476965425,-0.020912453596437966,-0.0022153457173539268,0.0037149984138211676,-0.011836255614406682
2024-03-18,0.006352323564716116,0.007521907525604105,0.014108656169260098,-0.007361535304241948,-0.003543181429944666,0.012325068677601877,0.0021589353781009684,0.004471135549633997,-0.007710539596329549,0.007076485902674695
2024-03-19,0.013493713705320546,0.0030590905822501157,0.005667291693289324,0.011099222306459296,0.019965530660361698,0.005848279912619022,0.009752887465278038,0.0076759716831624625,0.012791212874636481,0.008036212529516402
2024-03-20,0.014602024221527185,0.004845970931206768,0.007179684778747742,0.019895571657334223,0.013092223947310284,0.0130217559905191,0.009023970362114272,0.006063070300612054,0.0018428273880130362,0.0066941582045757205
2024-03-21,-0.04171551669765733,0.014182064574374974,0.022497083963019814,0.04256478134333454,0.027682450057979043,0.013809310040913039,0.009688925674282048,0.005054069625293506,-0.00515238512614072,0.0037607505902172754
2024-03-22,0.005295953011165148,-0.0028201776309625844,-0.017850975994097525,-0.016794393268709715,-0.01252757295705969,-0.012333328114810947,-0.0014683643061518203,-0.00745728227886071,-0.0033002726247377146,-0.02479047832319197
2024-03-25,-0.008334916771770109,0.01669729251229353,-0.006049889719432768,-0.004631824274295074,-0.017498913851955216,-0.009196920021743332,-0.013809496213308481,0.004800240835747861,-0.008586525418484965,-0.007263453430063898
2024-03-26,-0.006695029969859622,0.0033769578280666,0.001235393034668168,0.003057460617259685,-0.009378712295278676,0.004660055845640292,-0.00286576774573913,-0.0008871105736661945,0.01314681752559111,-0.0021716761171428818
2024-03-27,0.020990773770204092,0.015948948114978354,0.022912299091163862,0.022084378694570996,0.015565525302702174,0.01917841084044684,-0.0005217241310724525,0.015413370505288569,0.0016032656173741264,-0.00564666212340299
2024-03-28,-0.01061520958288242,-0.0069396595066920155,0.004869584018195462,0.005858606465834335,-0.005952111019321304,0.0039017094748836916,-0.0016860791373969465,0.005708363339514074,0.003239727960257142,0.00021507852064759633
2024-04-01,-0.008491802797338974,-0.004512266662590797,-0.007368238037255789,-0.010057623477945244,-0.0414358206371463,-0.006813016026105715,0.009109197628709681,-0.008640645534075418,-0.0101585311749153,-0.002870816383233828
2024-04-02,-0.007023388983173634,-0.02442667080362083,0.0029922105497487863,-0.008158869709225478,-0.013761585408092358,-0.0004020721362510391,-0.007399421340894048,-0.0013595936392690909,-0.06661810500339824,0.0005750016762198346
2024-04-03,0.004785998523487128,-0.006501444334722479,0.029598968561924663,0.009343169110261564,-0.008576710257117579,-0.0028200137577048924,-0.002351928057493141,0.005296449194934419,0.003486094470479569,-0.005329655042415165
2024-04-04,-0.004904133325849536,-0.0233370652259143,-0.016095137982309396,-0.018897369003537688,-0.006187392613414302,-0.007637648574417621,-0.006131259183517333,-0.0024476918146152313,-0.009528717467449585,-0.010745063259252
2024-04-05,0.004491529243072984,0.0069139576318547735,0.025392006142347864,0.0044699151190475085,0.0005310633034361599,0.009158251698720022,0.01811771974470828,0.01040512728947543,0.0007902696972804273,0.011394844504290015
2024-04-08,-0.006685725165826907,-0.002782230756103541,-0.015489551135072374,0.00603472681852172,0.011612423098546397,0.005202766827470595,-0.0021881411964250136,-0.0013002157031626069,0.0005702206967986892,0.002234585704998291
2024-04-09,0.007216340717309359,0.004299726964903152,-0.004212837032065142,0.00041405283854033833,-0.0017413855434309296,-0.006723288856128445,0.003972727740676379,-0.02970963236628461,0.008124861771569505,-0.0037513243267404575
2024-04-10,-0.011201933357657965,-0.01456771566044471,0.0004570815044702023,-0.024524633971495794,-0.030509140559164552,-0.008558127584324489,-0.007109902501553383,0.0024095411055205644,-0.02125904300153363,-0.008127638634034007
2024-04-11,0.04236098080957227,0.013235406272010666,-0.0002417339888105627,-0.00821813389524727,-0.009141257301987662,-0.00020466614336365376,0.01097298296969436,-0.01789701647522218,-0.018682488761868555,0.00436218886735544
2024-04-12,0.008589675815827856,-0.010125304719204727,-0.01721843173242915,-0.020306501624537253,-0.013039169293376446,-0.06686417367617083,-0.014191262360405403,0.003171110301675445,-0.005721257058857848,0.001015153197838923
2024-04-15,-0.02210622812683619,-0.006644243464951786,-0.004715155180287677,0.028823911603401624,-0.014512491952478612,0.0005468661054128941,-0.01977227131764312,-0.0001810424932092424,0.014534009774739147,-0.01710423721844852
2024-04-16,-0.019353204650712927,0.0004894505982368137,-0.011136038499103818,-0.010078594922459924,-0.009216028206947752,-0.011493432979705771,0.002269789860529002,0.009275628021742621,0.050879304405069374,0.00025800221043886096
2024-04-17,-0.008180789918515572,-0.005927802406845437,-0.004344298271026013,0.017608629034792222,-0.005991165396429424,-0.003990273201741007,-0.006631022463196371,-0.07702200330005389,0.02131140586224083,0.0049261580384414826
2024-04-18,-0.005730759665437109,-0.005010989941286072,-0.0010888757653525246,-0.0019826966358490175,0.00018059158704478623,0.006476022279539752,-0.018551879781620456,0.018417804310322496,0.029194611297772118,-0.004852471716268413
2024-04-19,-0.012287582237327016,0.023247824636298656,-0.005539363805188743,0.002205431626758227,0.007392424400940074,0.024793594695589928,-0.012820820001338188,0.017197552820125753,0.015991423596797436,-0.005876396862542144
2024-04-22,0.005077847369217371,0.011020166950393625,0.0082835294299023,0.032510387696762996,0.002233847996673168,0.01924321620882988,0.004599546801832466,0.0009337504382438006,-0.019953098512692162,0.009407655340043761
2024-04-23,0.006371454393247113,0.005976704212410933,0.01564819027016726,0.015808212835553247,0.008561667820442664,0.014310129806306117,0.016351004837239815,0.00023328289855462566,-0.010333566041481093,0.006514713646774377
2024-04-24,0.01262230943600756,-0.0019393246518048701,0.000743032591448918,-0.0022666425078387955,-0.01782753897526208,0.004880498473450015,0.003649058029340489,-0.004161339332200553,0.00230098919812169,0.0033144445943333674
2024-04-25,0.005133894445312916,-0.013385359488347626,-0.07278832873218866,-0.007093049266833085,-0.0030979000642693453,0.0015007920076645412,-0.024800118127976698,0.0026204427036573123,0.01337210213552727,0.0005090365398170112
2024-04-26,-0.003478765171717093,0.0022248563626323286,0.01579182535782418,0.017744356881783514,0.0093244992662899,0.0006204104313890387,0.018079466098555076,-0.0025266812754834757,0.003012569796445313,-0.002328673062631753
2024-04-29,0.02450523252756165,0.02342857241112772,0.018523644480332762,0.007549056812557068,0.005089871157565335,-0.0010860123419035909,-0.010067350577327565,-0.0025800427561494432,-0.01284076631077279,-0.009810655654068207
2024-04-30,-0.0184398018777864,-0.008867445951774569,-0.044515337091391376,-0.009562522824298796,-0.007689591060152736,-0.007999444695563055,-0.03264648920240119,-0.003481786495757997,-0.010958891307098956,-0.011952944244106017
2024-05-01,-0.0060654306497753075,0.012443151586115267,-0.010516220611426963,0.0005623789424309604,-0.006754876501481534,0.0006255162129625408,0.014306474199624322,0.004655453380984595,0.0008471763862097446,-0.004814095771900691
2024-05-02,0.02179268967690331,0.0036707720128343726,0.013113316385595347,0.013077013779921551,0.010666767024053874,-0.0010429391432983154,0.007316220143780243,0.00570718226528582,0.018136144271540793,0.001084302085383175
2024-05-03,0.05809553044359737,0.09652367151563923,0.0038976833534484618,0.01288569698843691,0.021581639653282247,-0.00601828968389517,0.021927466028281058,-0.002428536573383006,-0.0010552359701771206,0.003282933738639298
2024-05-06,-0.009148505028897485,-0.038677284041491115,0.01576212662611944,0.012451285889590373,-0.001634642852209443,0.007790614591125571,0.01677688687834842,0.009586863233053725,0.003911554335607606,0.015448821752100463
2024-05-07,0.0037899676625388515,0.002734174506442517,0.008441344340534512,0.00029299863819681445,-0.004685472402386151,-0.0013027050925698508,-0.010208207647358697,0.004897328688803143,0.013221652364218387,0.013803669121637234
2024-05-08,0.0018625578351133024,0.02307513840098011,-0.0014503298808066268,0.007072769514106394,-0.005474505644596831,0.020134674060203733,0.002927268835127229,0.0017039239674457502,0.004481446063238156,0.002637186305580127
2024-05-09,0.009964204127658827,0.017898781608778697,0.020911919061433214,0.019080814852777486,0.025093583419778194,0.009411177572304528,0.004326344966297417,0.00952463610014765,0.007562532462333751,0.004858459036364525
2024-05-10,-0.006913884678565582,-0.008699955879346914,0.008519980096469199,-0.001823706373067808,-0.002911267831104324,0.0064099116200704385,0.005852175547976701,-0.004201468608812879,0.011335144198222128,0.007867094218677475
2024-05-13,0.01749145200643878,-0.005496048614986472,0.005313003820280509,-0.0025764020847420864,-0.015915524132403186,-0.00020118745715168364,-0.0024625329203013997,-0.008826174760106158,-0.0020887483833260468,-0.004820183824353529
2024-05-14,0.006154461681392541,0.009550537867230438,0.0041968171038318245,0.01076742428061953,-0.0013500410338989153,0.01389186191310806,0.0068412110222474815,0.004652638187601045,0.004173268541600678,-0.005923300420327767
2024-05-15,0.01214399328993714,0.02420611230046707,0.005179371887485821,0.01648390480905716,0.023710748383879567,0.0029730855185489775,0.01733280661699813,-0.015002346789987514,0.00711622738178199,0.013447016443428326
2024-05-16,0.0006322248937627095,-0.006555744628148469,-0.02622685022204067,-0.003374129499033594,-0.017182933644690167,0.0017796334995103735,-0.004952148087405148,0.022465599998593485,0.0071622438881194135,-0.00406547575289073
2024-05-17,0.00015805463660339752,-0.007174796203291886,0.01570071923985455,0.0068651897625581,0.004308908110165396,0.011393276781849876,-0.0018546201499857963,0.0022326792375303955,0.006424765956733648,0.0009287436381306017
2024-05-20,0.006143113490109448,0.00660269063333087,0.018025041569700587,-0.010272537906554833,-0.0187385410698414,-0.04601558223203099,0.012134341872512692,-0.018883751153150052,-0.014205525080139227,-0.005584998779623657
2024-05-21,0.006833838608701723,0.0009852910340543627,-0.010196627481350024,0.01600741921004059,-0.004955852404543843,0.019945083918638,0.00866127721771631,0.0030103753729243303,0.012144845045704235,-0.009341953743820582
2024-05-22,-0.007566824695787942,-0.017429378823802664,-0.008755091422217856,-0.017217736516307227,-0.016678723677209916,-0.006082960354042369,0.003443657794108289,0.0013401307567853522,-0.004210991152067037,-0.0013418142436372059
2024-05-23,-0.021283105955415695,-0.009449355875217898,-0.014830997556625447,-0.009190444241513438,-0.0112549507998526,-0.007034056439829916,-0.008209743563972374,-0.02005752075697213,-0.008707349049159128,-0.004910620794761296
2024-05-24,0.016452163445961978,-0.002155826994321786,-0.005146089632421992,0.006591784723237246,-0.00549091866115878,0.01906363174592013,0.00737306105852675,0.005122563290760089,-0.016898112905071743,0.0009477340200587726
2024-05-28,5.2702879340808025e-05,-0.018646352158049856,-0.006989021034004511,-0.0029749844793489455,0.011012548560576345,-0.00604678541019664,0.0003720976740488632,-0.01397243753457442,-0.008874821731872602,-0.012869964064283831
2024-05-29,0.001577853350296771,-0.012807094930036008,-0.0244249668999575,-0.005757890530500097,-0.008524222391625627,-0.006992032471345454,-0.002676047975667813,-0.0014270567511776237,-0.038369669250796254,-0.007854169468242625
2024-05-30,0.005241200106701189,0.015501721366553443,0.003366057037854308,-0.00926345807081919,0.01691110449763308,0.006139456327445708,-0.03436997730320553,0.011454170559880811,-0.006353831271662737,0.00903433186636771
2024-05-31,0.005006127730765543,0.015984594239247345,-0.0021542029265807262,0.01387387498687549,0.01713777743549541,0.016419935962647157,0.0011085382750392857,0.014993630382034875,0.028087187661739867,0.00426655069063959
2024-06-03,0.00921605085113573,0.005120143445071806,-0.021377599394184113,-0.0033790142400467365,-0.020698348438706323,-0.004005446772171124,-0.0038859480654663096,-0.025163260016961127,0.004170100321355936,-0.007663465151670268
2024-06-04,0.0016479107616284917,-0.00016277065634567455,-0.011503687869480809,0.0007030385899696901,0.0007619868248296092,-0.013267873117965654,0.00614786212709739,-0.003333448324676759,0.016053282986096085,0.0075168339352392624
2024-06-05,0.007790506978030903,3.2598724097343224e-05,0.005722818073968112,0.01391548542393003,0.006074396902193778,-0.009585618514459281,0.018903303684974147,-0.00588460343620582,-0.004699489074581837,0.0076060676683024735
2024-06-06,-0.007121852811917286,-0.005513221455486301,-0.0035272027414443513,-0.007784506734220084,0.002539989663073759,-0.0017760130213297595,0.001202138286130092,0.006218319892062235,-0.002387938577664421,0.009210813438469224
2024-06-07,0.012315912983056747,-0.0021942883684423742,0.001977812527613812,-0.006987912373938232,-0.012368566233040897,0.015320602674182735,-0.0015793349124177992,0.015331829063454547,-0.022628295294548902,0.00586635845267152
2024-06-10,-0.01933353584353417,-0.0009838561678737058,0.0020348931849925975,-0.00299400747552349,0.01676861112388578,-0.0017019573892623915,0.009439608657633628,0.005177709651814267,0.008745177496498195,-0.013111781014767442
2024-06-11,0.07013148183265622,-0.013280419409892807,-0.007002323043745219,-0.020673081973190562,0.009457131270087868,-0.026653262704975988,0.011179099860631043,-0.016998174258193915,0.0024615886524749875,-0.0013460307260144439
2024-06-12,0.02817767287171513,0.0012630637479385857,0.00432903948238216,0.009922031750816927,0.024771023019737975,-0.014667682246493029,0.019182414391276152,-0.010319962177167397,-0.006368104046807814,-0.015964081160747448
2024-06-13,0.005476051620231616,-0.00860611553141465,-0.007235905697414825,-0.005251110779434918,0.010808801434518352,0.01105968437864911,0.0011784104435514566,-0.0009171971274819925,0.008542285328809705,0.003213063471394925
2024-06-14,-0.008201947993671077,0.00040185988640027985,-0.015096719234739141,0.00024627762796707584,-0.0029937990054257546,0.0006193165894350192,0.002239483843659942,-0.005909030342400989,-0.0003620354372314336,-0.001956048828868322
2024-06-17,0.019480612729408774,0.015484504309256146,0.0028886734315387123,0.008297822512472198,0.007639920789746924,0.00617355545728534,0.013019918623986639,0.011015092937976926,-0.011765387215556996,0.0018822208607058078
2024-06-18,-0.011045370615607467,0.008896094024071887,0.00846300311013377,0.015976307902734136,0.012426088941015653,0.010306682637609197,-0.004537668793078517,0.001824072193053118,-0.01686158140929595,0.00899447359986965
2024-06-20,-0.021747663354685736,0.01266501345861841,0.01219711075084713,0.0013544789272801085,-0.0012158668445908106,0.00844156593235026,-0.0014348966938522892,0.016457810188371606,0.007187644327515029,0.01162736456045139
2024-06-21,-0.010499366394705027,-0.005598180503888934,-0.00392736288734349,-0.017330786830014194,0.006655057817601551,-0.01200104558471916,0.009112457238266878,-0.010290053411671508,-0.003991393286324532,-0.005796839315466204
2024-06-24,0.003127845814425683,0.031903751393961344,0.006567137045304134,0.026112131827654716,-0.013924540424794851,0.013057609319170117,-0.004702096116657732,0.0061297238332494305,0.01519733231220082,0.00391633646123335
2024-06-25,0.004458121184777002,0.0036394681954986874,-0.007910102079998732,-0.010245107921770769,-0.036452000132071206,-0.004081287002995037,0.007300097856946325,-0.011290822456479853,-0.011247376712039018,-0.010076008920081654
2024-06-26,0.01979600186861469,-0.020534298339010916,-0.0020485469308615663,-0.00332878732048893,0.010291895688607708,-0.0032366549906570345,0.00267953068807618,-0.01438052891612559,-0.0009498245754278557,0.000256201833074375
2024-06-27,0.003978109631669162,0.0027771246026856125,0.0022316583336548933,-0.0219564607156584,-0.0009657818013029065,0.008774837012227879,0.0015248275341960562,0.005864031903321672,0.004946052162085791,-0.02595526870896818
2024-06-28,-0.016387720308339297,-0.003960687345720275,0.01707691232773426,0.014160660459143406,0.008020669405069639,0.015395278314519749,-0.013114128874578855,-0.017597792932568447,0.045845130457781415,-0.015575242103122165
2024-07-01,0.028689172439121485,-0.0046196398387199425,-0.012141814190857775,0.02476163039744242,-0.023662632599368426,0.015648809848656332,0.021645559679536738,-0.0018213194808305384,-0.02910837399802169,0.0029293894759379077
2024-07-02,0.01610941527661591,-0.0007719490510650463,-0.004019085497137811,0.0041967238738308335,-0.003635359499703995,0.016317638716258704,0.005567642251594919,0.0033940161670163627,0.007231487408599496,0.018778612948458322
2024-07-03,0.0057942310052406356,-0.004482721972467358,0.008657627407095901,0.004949121990032727,-0.003978423753134705,-0.0006705834832842475,0.003238987026462525,0.0001471631319168687,-0.016901007817719648,0.0028294174789431476
2024-07-05,0.02138990534186311,0.004836592803227695,-0.006859297366110435,-0.006797802269850183,0.0028135098284962786,-0.0133389502324693,0.014628643154991421,-0.00897529219066355,-0.0038448631901570147,0.005080212257961672
2024-07-08,0.006517656122570199,0.0018638915994262301,0.0021599588903665643,0.0001506369671875377,0.014892302851427426,0.0018536449953602471,-0.002827060216046401,0.011622700464068188,0.0027216367461593174,-0.014755561602194956
2024-07-09,0.0037677502103775477,0.014186665890327597,-0.009158711996077104,0.017085683086742808,-0.00741842909636317,0.011918907678571478,-0.014474565675825805,-0.005351285822211786,0.005644617882704049,-0.0036099906516201584
2024-07-10,0.01862897331837707,0.01806886522347329,0.0073944798738814635,0.012734999158237892,0.02081475608947723,0.0008185142193391112,0.014495946768526415,0.0197408066013989,0.017764149387048463,-0.00923505663041066
2024-07-11,-0.023494595818238963,0.010575781042014657,0.008035112762828924,0.0007097393501080212,0.02753885281953937,-0.0016857539058706317,-0.025084155537632154,0.008458758209518323,0.006823892936032186,-0.0017124310263093695
2024-07-12,0.012966294784705276,0.01750251245302475,0.01337912232516858,0.0013554052631448404,0.01676127930260131,-0.012173124956689867,-0.00253231433015353,0.012602792422789728,0.014115970220730007,0.012076929988470634
2024-07-15,0.01660471920461049,-0.0020575257032518597,0.02988359614772276,0.025410066931173897,-0.003647856952345121,0.024628224018454412,0.0009035608589263,0.008470660811144034,0.007478734378212134,0.010146488715749646
2024-07-16,0.0017902568375297656,0.009015776422903092,0.0419400933904732,0.02168374531922612,0.029304675139569893,0.016853165543560908,-0.009828764931596403,0.02036293663185124,0.06297657484150661,0.002975596331560669
2024-07-17,-0.02562140809738045,0.007565642701957664,-0.007739587436326641,-0.0016711942516057499,0.007476400971423598,0.015099453061540025,-0.013437363249427386,0.013725942225678167,0.04351286532628563,0.01273189867221538
2024-07-18,-0.020748631717372835,-0.014100746385017942,-0.004959114448078326,-0.032318018723555816,-0.01574632769406184,-0.0322859628309171,-0.007127671323096462,-0.0009060984741137194,-0.0157174640513353,-0.01310340760809545
2024-07-19,0.0005797757089935396,0.0009664510194604419,-0.023876352782855208,-0.002636119180091241,-0.007457806117682662,-0.0009527216428967631,-0.007430387234665637,-0.08078345068629662,0.0017527878185827454,-0.013804596840772829
2024-07-22,-0.0015615581597499908,0.014027574175404307,0.004754449964521668,0.004341696910140677,-0.0003028319974576095,0.002380633660074147,0.013249568112033684,0.00948895406828982,-0.01210110856192379,0.008440064458175602
2024-07-23,0.004677241151260355,-0.008158876914286992,-0.010693168798586141,0.010437263396766738,-0.010043456783323076,0.00023769903815097718,0.004302775425557979,0.015026227469496311,-0.0068809828080401885,-0.01096726959612015
2024-07-24,-0.029175771982947313,0.00708676874776815,-0.02390544242903422,-0.011135617661054429,-0.026229276454563168,-0.008307075465574552,-0.03651342586628469,-0.00384390177885923,0.009062513221182986,-0.04093360549718637
2024-07-25,-0.00481604744134805,-0.003910920381326004,0.024282996220281496,0.010241218361933813,0.008470829377400546,0.0003832652085514411,-0.024785660442342112,0.007195048796239207,-0.00012511455459010803,-0.0016932519930418874
2024-07-26,0.0021587524245001146,0.0016440483299169533,0.017790442284341543,0.014777077820969311,0.01745273485407292,0.01696375571814284,0.01628608370310841,0.02184082448630033,0.017779986092176705,0.02229229537474772
2024-07-29,0.001283686933118453,-0.00701279584979743,-0.017122643886679983,-0.01272507598454257,0.0059902177550730075,-0.006570811853047295,0.00342733922718548,0.0003738902764347312,-0.005226571622061362,0.008214159390025365
2024-07-30,0.002562722474619635,0.0023129701345323407,-0.008189337808093137,0.025943216302159258,0.005569640516976755,0.020374482428186756,-0.00896857360425229,0.029885979375358765,0.016761941780624016,0.005717678322660945
2024-07-31,0.014879581409194464,-0.002433319174378687,0.013025061816618945,0.006622654790875012,0.012215807096957338,-0.011168573453978384,-0.010864432149147093,-0.018221300141941555,-0.0002951175460548915,0.00972075368472035
2024-08-01,-0.016892605995637956,0.009161917139735423,-0.043328617206065255,-0.01765892956251883,-0.026365876304232125,-0.023007052685838743,-0.002968615033666683,-0.020491330254189404,-0.005900973126513036,0.000978138748761957
2024-08-02,0.006845989138873879,-0.004600564283771589,-0.0326520589055016,-0.06075458934361757,-0.008823450589365817,-0.043337712874513525,-0.020882524763297074,0.011627339508086747,0.029350061356196305,0.002440936363616703
2024-08-05,-0.049365767803411564,-0.026609004855979737,-0.012765665529786807,-0.024999809147559424,-0.01536647689653254,-0.021521385891994795,-0.0332019948204023,-0.02798289567713195,-0.034268240187107,-0.038779439454213346
2024-08-06,-0.009796066991418256,0.01140387963539418,0.029975899957546313,0.024106968616434184,0.011080831428508374,0.02752920235087022,0.011223579731218998,-0.001583268453380324,-0.0028287792438207067,0.007072240709486897
2024-08-07,0.012420843351594222,-0.05130156626701639,-0.0019627999057290923,0.0059159521383392545,-0.03306306864970014,0.000299556519727064,-0.002957213111967027,0.0052197203122998645,-0.004001928602023605,-0.00676030581475848
2024-08-08,0.01649648786658234,0.03826663811995983,0.031303726789015204,0.026618564282163533,0.017199558457840183,0.018098615286489022,0.010635242467375098,0.010972661431731716,0.0002826719771687055,0.01282083910525094
2024-08-09,0.013642441160440786,-0.006798856813865566,0.00622757850111422,0.00920083576533362,0.0008606789544216789,0.00849086203418926,0.008235288796039937,0.0037722338350520764,-0.013298098074925612,0.0017338597442174415
2024-08-12,0.007104648603491133,-0.007751013163550011,-0.006614276342337704,-0.009756730639489302,-0.00815062068037515,0.0018932156109533775,0.0019438804147877157,-0.013026862902211483,0.011618709936231528,0.0005003879392528521
2024-08-13,0.017046951571094076,0.010723520838667493,0.008209354641201877,0.013177519690644674,0.012244086361807158,0.008451459997539493,0.017543980396669094,0.005468261596425602,0.01570860107118807,0.0009229800817014118
2024-08-14,0.0020315417895182732,-0.0022286025559373765,-0.003577801493040962,0.01364796481119295,0.01584198366789262,0.011000161983335257,0.0068603003860609425,0.015107192205833146,0.009411609111016683,0.003875259562630524
2024-08-15,0.01343986023312052,0.008208429590058349,0.023565876267320308,0.0006413603897750253,0.012323220303671608,0.006211759688410412,0.011754412139741596,0.010870542431729148,-0.00010374467292602742,0.02144262285000514
2024-08-16,0.005901045195822284,-0.005274631186462713,-0.006269126373835423,0.010445864895370133,0.005511392375093055,0.011374352626902992,-0.006098773230447143,0.0006467853522464488,-0.0033350895711622324,0.0021714187675223855
2024-08-19,-0.0007080060400684138,0.020111012577362752,0.0034004843842587013,0.0008325945461481501,0.002785787288823774,0.0068930219226998116,0.007285617246959231,0.010929585744260534,0.0019025126887160138,-0.0034089689250088673
2024-08-20,0.002740854475165775,0.0017669781207283832,-0.003924621626206474,-0.014650697603512812,0.01150136781504981,-0.004325821907392564,0.007727373829771249,-0.008853977026127264,0.0032255341544984765,0.00587470985598569
2024-08-21,-0.00048566920128971085,0.0018246219751287076,-0.0009618147726281006,-0.0017709716728990538,0.008648317106602068,0.000372746637906397,-0.0015547672506075769,-0.00046080129865956203,-0.004453092251394213,0.0005965153766879005
2024-08-22,-0.008294110100015257,-0.014135687371931497,-0.0017801232237854767,0.0025951252337078424,-0.01386216713544616,0.009415092961590312,-0.020460663181367692,0.0043240867482233925,0.001123542893486852,-0.0009698795575529894
2024-08-23,0.010235644577338101,0.013071696330109163,0.01751712541753944,0.023174774343255503,0.027614918165729162,0.00772516770250871,0.0029796705602230414,0.01801354779431598,0.009955463887993678,-0.0018678723097035562
2024-08-26,0.0014977052099940057,-0.006162506508611336,0.007861977457002662,-0.0030472783390510854,-0.003948268743669961,0.003931658736427255,-0.007949259580025908,0.004318444943988257,0.004472200843798961,0.0028750583593239983
2024-08-27,0.003734579882406219,0.00045884044874117537,-0.00011384484243062246,-0.0012018199029052794,-0.002488912964023282,0.0045976806295701346,0.000846286754953993,0.0038527765860856865,0.0003745987931046946,0.00931469417401222
2024-08-28,-0.00677632515183371,0.007800022164959719,-0.008350997168864515,-0.007777745065030644,-0.001313948288479988,0.005028611660935509,-0.007859975723836652,0.003392544908208517,0.002024058270279189,-0.00566746434445854
2024-08-29,0.014464941261641136,0.004602682477961893,0.009830859686409945,0.01336083491550986,-0.00916612560752421,0.004148895168234056,0.0061186622996625565,0.008564033837905284,0.005135099982503724,0.018877727015594956
2024-08-30,-0.003443714766597931,0.008483049819955313,0.012603804599256523,0.0061925171745922155,0.0039152306099040956,0.011588232774559915,0.009683800816495934,0.007658603335068181,-0.002318537555417222,0.00744538596536175
2024-09-03,-0.027582276894919194,-0.009994624134544163,-0.04556043861496487,-0.04569256834648553,-0.010255944732714194,-0.020220894968610074,-0.018631613183146115,-0.000877410984960995,0.01426576865754252,0.00782107668100407
2024-09-04,-0.008656023116702513,0.00039318016286075524,-0.010310444290037222,0.00650250414564492,-0.0001918535534335003,-0.004412688847918871,-0.0013197795474914188,0.015458864199420427,0.009144826465694486,0.006976335359960243
2024-09-05,0.006903804752952879,-0.019176329229691244,-0.009518147418797042,-0.005641213766460194,-0.0077630762110053675,-0.007781079665269961,-0.001248042983247589,0.0018565249553634177,-0.014487607446376942,-0.006689220892834189
2024-09-06,-0.0070397384969234835,-0.011784298291111227,-0.012671542236741974,-0.017096277008828643,-0.004987049658687391,-0.024042696215387616,-0.016517074671921955,0.011194385328073053,0.002331763501660557,0.0026883342421716062
2024-09-09,0.0004075368598601235,0.016582434700513016,0.014109678483433863,0.018509469201358965,0.01507824394551714,0.020267544134185283,0.009957738495158701,0.027926777391974675,-0.004668544272152998,0.022090129258628945
2024-09-10,-0.0036280369273441505,0.009192970135749871,0.000359234533782114,-0.0448750335701793,0.014530606710186285,-0.053283480579575965,0.02068573062190859,-0.005011562049648954,0.00826403367523766,-0.0009459055514900842
2024-09-11,0.011518632009311315,0.003187127873058128,0.002510381223215082,0.008611367530009259,-0.0010251858684202227,0.008091397172060711,0.021117832271235815,-0.032120130890184014,-0.015613061854950528,-0.004847936224528234
2024-09-12,0.0004938249188456941,0.00024229594530159949,0.013579142805293666,0.006114951102273685,0.010578421798729018,-0.0030445863622128675,0.009317251766879744,0.012075412237126982,-0.0022577861026361968,0.004953020729719412
2024-09-13,-0.001212752486892456,0.007214999402420611,0.016733112035135736,0.010345815978401772,0.014740090717086393,-0.011097156491380307,0.008372296437018254,0.015765186580213184,0.009976802871200154,0.006914509113466537
2024-09-16,-0.02816826893274261,0.008416780840668749,0.007644835907820989,0.012798891523036026,0.005301862375374109,0.017177317318763628,0.0017402945269148588,0.01845525020104204,-0.005213963247858587,0.010833793616365817
2024-09-17,0.0021703222713488186,-0.0073644653500493,0.016333309628503156,0.00047418929455669275,0.0032147216943009998,0.006664939888081814,0.008794045624522838,-0.0029762832545476145,-0.019159311796240797,0.003711108266880694
2024-09-18,0.017829784565418682,0.0003605864013281235,0.004034978773449723,-0.00167031229643536,0.0020070611014957294,-0.008253820586087241,-0.010023605022207498,-0.007438476387876038,0.0046435502770769835,-0.010620222574325301
2024-09-19,0.03639527767734651,0.009060075733645607,0.0499533245597326,0.03895627183980476,0.016349724064536532,0.014114675526493927,0.018125976049981028,-0.009092294722163451,-0.006184740726126236,-0.0112946705868982
2024-09-20,-0.0029317288195687317,0.0042474269875479006,-0.012100411160027507,-0.010775753446386545,-0.0012305961667190323,0.0028940207109787986,-0.007826500301481343,0.0039906670259093596,-0.00359342483783644,-0.0016491791837127084
2024-09-23,-0.007609970254689961,-0.0052601236207002935,0.006351579818319309,-0.002048510209364128,0.005372006437905458,0.0016567091444218253,-0.0040516775451846935,0.0034318731731735282,-0.0027690187481820487,0.01346376755522818
2024-09-24,0.003966222041852196,-0.014072953211664229,0.03899571709384759,0.0012256056298583934,0.021953592646115006,0.0007090929759508285,-0.010061787395895944,-0.005740356202385817,0.0030993038032144037,-0.056479999078831875
2024-09-25,-0.004407931308931546,-0.05612101195631163,-0.02010077448144455,-0.013910881963821432,-0.009353395050628925,-0.00663849257240468,0.006826949779126267,-0.006999778826568949,0.0019453202849752885,-0.01161505937365758
2024-09-26,0.005067441612798205,0.01974880776581371,0.03305009425731785,0.011699862441575018,-0.0005795051586579722,-0.0019524967957041915,-0.001852972100945316,-0.001143120396080192,-0.002606222268746316,0.007611232495360997
2024-09-27,0.0011858074214431294,0.011125546394666102,0.00030686149252275426,0.0031946402937064054,0.007108588940334704,0.0034263438782768546,-0.0076572970534273125,0.00025422122606616986,0.012173151126743163,0.012727267376057172
2024-09-30,0.02261430338285542,-0.0014266322815765652,0.00010221292592913618,-0.006843860123659295,0.014091853515610438,0.001708553319467513,0.005312847738579978,-0.008464106525650543,0.004851961327411039,-0.0007997253812854974
2024-10-01,-0.02957455728155429,-0.005882990686884081,0.0032417936352427145,-0.010027622759731908,0.009456589882775087,-0.018282394872688394,-0.02258646595547107,0.004262140660532619,-0.0023630557983672193,0.009591911111032273
2024-10-02,0.002516638572107298,-0.0018436414776190843,0.004221360440617453,0.0037061302644735387,0.005388211712488806,0.0012067397908074227,-0.008498300139679855,-0.00025515784571773,0.01532875270891321,-0.002163634219908265
2024-10-03,-0.0049066645838774115,-0.007061973349195973,-0.007539772800410218,-0.012044110605734916,0.0007778059059434859,-0.009987437714240497,-0.0014153938766597205,-0.007515587756838655,0.0007424782821542081,-0.0005056117982377095
2024-10-04,0.004994794462816403,0.006843079238068867,0.015225194083816607,0.018466607051487883,-0.007854271132564547,0.034878367648748174,-0.0011531608911014143,0.012396092157083281,-0.002618306890633746,0.003857430780456413
2024-10-07,-0.022788508544414162,-0.006937622895000272,0.0029169356131314005,-0.0010910619378841724,-0.0007349713974153543,-0.0013740038164842857,-0.015794763324454626,-0.044318969790565856,-0.013007204058783976,-0.015007932621876715
2024-10-08,0.018236793152965905,0.0007242662783014075,-0.026177692846251058,0.003934605659838826,0.014886501182768956,-0.000853713258329437,0.01254490200691183,0.019154210202290294,-0.0033987178304821127,0.004264227385463938
2024-10-09,0.016560519050442486,0.014779464717493073,0.020991588876834454,0.01719030491343042,0.004552756248186531,0.012589489052994748,0.006609277319094286,0.004893726268698819,0.016439490309831713,0.00713911231048638
2024-10-10,-0.002180768796817562,-0.0043517782628387045,0.001135306680358755,-0.0028942268520954625,-0.01479392749408718,-0.0027212900608508486,-0.0038881878141104466,0.007446143349077899,0.010901030620809772,0.0019480625056973008
2024-10-11,-0.006526493430034906,0.022607998163621374,0.013472578964988706,0.02466748991553404,0.004721191981309229,0.043442098986107104,0.0011536215373183598,0.014390154638620365,0.0005851817273987247,0.001332690967968647
2024-10-14,0.016345558637679475,-0.011425062689207729,-0.02027771071379142,0.012415347181970408,0.008509429202881695,-0.0036506230702475053,0.006750817781438808,0.01485218304768249,0.012215023350336305,0.010169496441739655
2024-10-15,0.010964285833997008,0.0014468574836344291,-0.015244446332921708,-0.0007080743278631074,0.00038496812465435034,0.004100392702387952,-0.0009548376746772194,0.0031601935877739852,-0.08459951359746198,-0.004964337769263193
2024-10-16,-0.008891363079077624,-0.010700374046288017,0.01440650246568522,0.014217701366993758,0.007264504627603849,0.005604976870047011,-0.006276518855646119,0.008556825493253746,0.02669481264173923,0.029041728859056086
2024-10-17,0.0015951906097594246,-0.0009331249577781787,0.0022077705743105734,-0.0016244927558536483,-0.0072164230181065775,0.003481713851149091,0.0014409984381826319,0.08619465657825753,-0.009337428632370219,0.009932597179383542
2024-10-18,0.012201856282435974,0.001026439965428582,-0.0015982078084666377,-0.0009457667556989157,-0.0014446934713330032,0.004224134531960262,0.0034494436493078505,0.002376121406045117,0.006304652203813438,0.0007915431660058986
2024-10-21,0.006278016179111695,-0.015413877791466824,-0.0050324373165255365,-0.020453639099555096,-0.02094064179545764,-0.010571659188567973,0.001481571963746575,-0.02189937270814528,0.003260214387991159,-0.013057188297194731
2024-10-22,-0.002625148110947359,0.009176814034100915,-0.0051865780907552166,0.0009651170951988317,-0.011258947909442396,0.005009686284047814,0.020631961801049252,-0.0018500821292264525,-0.002821309570926259,-0.007207309293393753
2024-10-23,-0.021860207007758523,-0.01500276972545573,-0.007052514650705682,-0.0021244761925062927,-0.00551465391334272,-0.0031727625632666455,-0.006830059034799776,-0.007240009875193856,-0.009202254606863752,-0.003623282783888332
2024-10-24,-0.0008238026728189443,0.0025054837239758855,0.0034420498608274505,0.014015579141667615,0.0075777358300574416,0.007002731902901058,0.00030615328926873514,-0.0036202265258901945,-0.006806340299124537,-0.0019047301151407724
2024-10-25,0.0036366213708668117,0.0040778563474959525,-0.002820149121066062,-0.022949577294752596,-0.009406115693205411,-0.011938663860531051,0.008019871894526685,-0.02335792950541272,0.0066646043280553235,-0.005274797230300323
2024-10-28,0.008562576374730053,0.000599444897644124,0.01194998196737863,0.021194098517894906,0.009927740440063032,0.014247382677650978,-0.0036502277156211893,0.00743738094437628,0.0012036628566146062,0.008693858195889909
2024-10-29,0.0011562144016839257,-0.0036957154173705977,-0.007967817924033803,0.0013360970372374484,-0.019600589166400194,-0.011596913489045478,0.012486540709211973,-0.014769683742090324,-0.005517383203931937,-0.008161596964643636
2024-10-30,-0.01539575912613746,-0.0014567669192659422,-0.02157252609592708,0.0002287864885216762,-0.006475595039392547,0.006751418106392652,0.0013417841413924981,0.00569427636800854,0.0014755700623186063,0.028950906077161512
2024-10-31,-0.018377519774275014,0.014535409097181347,-0.00804818724268845,-0.012684880221422619,0.003128779916912905,-0.011157752031519141,-0.06243688508007259,-0.01673334653112477,0.0027318918261103517,-0.001068925037495283
2024-11-01,-0.013368383011639447,-0.0029404682741315594,0.009076036306819569,0.0030081160685349498,-0.0029503738291585375,0.004585830395475661,0.00984442378029603,-0.0012205065947279838,0.005405964824543083,0.003065809802476175
2024-11-04,-0.004045739031155432,-0.007262594495836399,-0.008225871675973202,-0.015289070569130175,0.007561920224678772,-0.014275684611068564,-0.004665157936230781,-0.011587831416499859,-0.01739970980438134,0.003810759588596027
2024-11-05,0.006465183784862307,0.007481993344887737,0.018029367156011274,0.029835792026805853,0.011361841633502958,0.007750333282833613,0.007317650169596602,0.008325802798135136,0.01646553645215356,0.004921792827058998
2024-11-06,-0.003272339878701807,0.007799287741559486,0.08379780755356556,0.12308237218324074,-0.029731187725947003,0.1092538625278341,0.02097142892483174,0.03653238077442458,0.050985423012862185,0.046988014920319
2024-11-07,0.02114704988458277,0.0003729215495544258,-0.021016641751906318,-0.023444560788579746,0.02810514954706865,-0.044190516373772144,0.012417328262696823,-0.006597779273363082,0.014574403697598905,-0.00521852666882404
2024-11-08,-0.001189049395083311,0.01041433648948179,-0.03703107078912432,0.012105026692718955,0.016043288468005394,0.0025350480425170617,-0.006816465000299709,0.01810845172731633,0.01696647098013653,0.006746188838192127
2024-11-11,-0.012101462881273024,-0.0107251115757166,0.00802621528836463,0.021954517233453735,0.005870797194223659,0.00970050872288977,-0.010778642383868815,0.005705937238455029,0.015213041547664634,0.0098581274149539
2024-11-12,0.0,-0.07405305776019615,-0.008941850304668908,-0.01631920463907581,-0.012842569853546879,0.0011275503537116751,0.011937798332350485,-0.001433277912641222,-0.01706617237133579,-0.0015479887741345192
2024-11-13,0.003961295804017756,0.008662777099631324,-0.015229445401502163,0.002746960760849285,0.017485445794118554,0.006656759215216059,0.005116492239088196,-0.005129435326039941,-0.014419936846179099,-0.0011947603309072393
2024-11-14,0.013676626263549752,-0.018448129878230683,0.0007488981992592514,-0.009486140544339178,-0.010957232297781805,0.0029397781280972256,0.003966669966279489,-0.0005847093968560907,-0.021218008479490923,-0.003982477101914281
2024-11-15,-0.014209704074528026,-0.042522875325387545,-0.00852959427511574,0.008340992522260763,0.0060449069522995075,0.014122368722841953,-0.028247808781868132,0.016624041225909943,-0.0015524973796278009,0.004499256822729921
2024-11-18,0.013332956802415747,-0.009283612433075118,0.0010148484081562914,-0.009394668164644912,0.005521620187392792,-0.0011421883079281857,0.0018297701414879824,0.007144090164106361,-0.004365678571578814,0.008105685734119138
2024-11-19,0.0011395610353293233,0.004259655081390946,-0.005555731756524187,-0.011305302822810729,-0.008908197513670127,-0.007948906645878176,0.004870699521652397,-0.01310481554117119,-0.02168702175689404,-0.0009935506246760671
2024-11-20,0.0031489934277345462,0.02789802893576518,-0.0021731693931777546,0.000945505029590102,-0.016857116829507163,-0.009548013867551348,-0.005520415155012508,-0.00805486497787069,0.03992029389964465,-0.014405062297574836
2024-11-21,-0.002098226771109532,0.00702712275967521,0.020984029985729756,0.024074971989520657,0.025789656501248457,0.016394490648924037,-0.004326198090324726,0.013977127728452226,-0.005025087597101702,0.008132249772665693
2024-11-22,0.005890253117412269,0.015844842311012592,0.020074932157029008,0.011127363605199364,0.02300051149268122,0.01536589843774489,0.009953602690804243,0.00634476168993727,-0.011141271355863678,6.474898273288216e-05
2024-11-25,0.012966392664507475,-0.001801174697804516,0.02032092585197249,0.0004145887693821953,0.02043270299044154,0.0069761347597060265,0.004283368193511937,-0.004773949376608887,0.025003122709538892,0.010495577576631911
2024-11-26,0.009360390697106528,-0.048754394317381086,0.0053597687763297834,0.004087483152588694,0.001980801694016719,-0.0012792566590656654,0.021729977837336996,0.00971431831099701,0.0015835097020967632,-0.004383988382938168
2024-11-27,-0.0005531837802755922,0.00021414939683357174,-0.010178405649215887,-0.00011558565596974616,-0.00018707883707099463,-0.0007203333196835877,-0.011751080789861137,0.010897193033241765,0.0026168920276962737,0.009193810706356255
2024-11-29,0.010164032320038398,0.009947936826239592,0.005951988217164276,0.005172937975847702,0.004530901897505742,-0.00028030497111095526,0.0011104618131792675,-0.002327914765930393,0.002987093445781482,0.0012067490245547719
2024-12-02,0.009477534283487517,-0.017006586743522876,-0.008903957740489075,-0.006394326050282105,-0.005069519311535887,-0.013992966052600626,0.017602709731064436,-0.009555186255607195,-0.0027569837912558605,0.004970583868255735
2024-12-03,0.01269086232649272,0.0007906876117089825,-0.008107301181331494,0.0006146064874761667,0.005582042373821624,-0.005824046867871793,0.0005102584300479699,-0.011143115859504922,-0.005421466581530237,-0.011561885128747049
2024-12-04,0.0014825202795866687,-0.00021538047784022614,0.0006259534414967099,-0.005613075011931049,-0.003336104956093888,-0.005817065998467598,0.01432181482952482,0.004556226381584921,0.009144882455697136,-0.009985596646846074
2024-12-05,0.0001233862357863768,-0.014224538625322728,-0.01140361748383823,-0.0031951722444575202,-0.0032300859818177223,0.008509357577341614,0.011817745785723553,0.00563769589378016,-0.05350258498807947,-0.002649621350374845
2024-12-06,-0.0008232001692714328,-0.00639953228766566,0.000126484172189556,0.0048141234881467244,0.011260095512483222,0.007629141522307565,0.0021440918669180255,-0.008047350199964593,-0.05202348051591504,0.006225083834905831
2024-12-09,0.0159729149835866,0.018357106836832008,0.01065117987015204,-0.009314839036995636,-0.005089888208402329,-0.01445553297467104,0.005508147432285895,-0.035983310387005064,0.023644366962737595,-0.00875166193688743
2024-12-10,0.004125149546645462,-0.006794341355967934,-0.027602756533968733,-0.01541826546343628,-0.015474013694106652,-0.0039040926649651373,-0.006049461917364002,-0.012918415344963347,0.008118698231301584,0.013146943336459499
2024-12-11,-0.005179490711997062,-0.00852252035313394,0.001234984449390925,0.012788812957753058,-0.0028672665325506974,0.002755132637178693,0.012686127425787197,-0.010186922681034707,-0.05764669509964991,0.004503558146298609
2024-12-12,0.0059461531624916495,0.0023746617077074522,-0.021023212050188995,-0.0016044528091782723,-0.016655139928615594,-0.008246530718439561,0.0012688417026255148,-0.005153187616803631,-0.033873863572669555,0.0014013492739455957
2024-12-13,0.0006853067895842849,-0.012631503792298748,-0.0007094202359463816,-0.010415367798335178,0.006158428523485339,-0.0066047701015281846,-0.005106912791926766,0.00987399711597717,0.00910985557290298,0.0016216234118629196
2024-12-16,0.011659502305411655,-0.015341194080717423,-0.004187415400177525,0.0014506422416635735,-0.015151033937184219,-0.001501541716795051,0.009612366556805722,-0.00012181343348519981,-0.04314777686935943,0.003647239363680716
2024-12-17,0.009672590217254027,-0.002065828889030142,-0.008267888760045474,-0.020069465157795494,-0.0054688105048375565,-0.00510523963591842,0.006335077980561098,-0.010736721349265076,-0.026383109083745748,0.007600099181858618
2024-12-18,-0.02165461151898646,-0.027330159279848238,-0.03220538160637414,-0.04344066664542872,-0.036524562347024135,-0.034095479458536734,-0.03828463232246277,-0.03173293867703398,0.028827417406369515,-0.027131897703658696
2024-12-19,0.006990345672044613,0.009269916277031073,-0.009720315312117575,0.006773769440766679,-0.022598605432135353,0.011180102509140867,-0.0008233835725644642,0.007092523899830833,-0.02117424630889817,0.016329274157942216
2024-12-20,0.018640916141781084,0.00834960875395043,0.01561134226069707,0.021624129890776514,0.01949599311403443,0.01972189127541293,-0.0009844067701321902,0.012749209056587706,0.02199444823527144,0.00894732426007076
2024-12-23,0.003060278860076619,0.0023512249854007227,-0.0017773490192283011,0.008233164473922097,-0.0003820813891229517,0.0033193135242805556,-0.0030969344884565703,0.002488946336633777,0.012340310364153463,-0.0015433882108218252
2024-12-24,0.0114128470770966,0.0018544191196627193,0.005948404104654834,0.020823142288513626,0.009358390551458562,0.01630989881261792,0.009330347267247359,0.006278049704386077,-0.0004740709249996666,0.010754605101618932
2024-12-26,0.003170542240797946,-0.004965323998827523,-0.001225005916351858,-0.002680314421437875,-0.002527505858690555,0.0034196109599786764,-0.0027808863856253196,0.0034934846903799223,0.00992880938673135,0.0008105148571824264
2024-12-27,-0.013330625341669195,-0.002015824816454128,-0.006175061462102168,-0.008726478597074426,-0.0057869179086858106,-0.00813537032393629,-0.01745292561725465,-0.009564282460457844,-0.0022720299672120514,-0.00703600167058656
2024-12-30,-0.013352090501698378,-0.01283664645111728,-0.005083314312220295,-0.004575227168774381,-0.008769013194392671,-0.007700383928706624,-0.013327990457389171,-0.006399689525183199,-0.004303431187757217,-0.0105683232154931
2024-12-31,-0.007082938306850699,0.005154609305237484,-0.000688913565247961,-0.001622581749012169,-0.001130553499981722,0.0016282405018583788,-0.007869272234791842,0.004243273719194986,-0.003827770078433895,0.002312392038679904
2025-01-02,-0.02658620205575079,-0.0052317462975979435,-0.008276646154956872,0.004095546763326717,-0.001363470527223565,0.0012090063540475743,-0.006951738382486065,0.0,-0.002672319193214928,-0.005202923225293264
2025-01-03,-0.0020114991916270852,0.007454413491611027,0.011112051543600057,0.008934316025488028,0.0018518451513067225,0.013574138865033107,0.011331255998995753,0.005795030254225528,0.01668826027553659,0.0016210423586557005
2025-01-06,0.006716401892926027,-0.010119227826460167,0.0011262496230013425,0.005603652748289988,0.00048805415586784107,-0.004887371043345705,0.010573302961246268,-0.0016936451751602651,0.001305161716793608,-0.005955824103012207
2025-01-07,-0.011453022723314499,0.013329701123969591,-0.00330030261641892,-0.005620754605481214,-0.013288744885066645,0.009586441433098817,-0.012890890626878362,-0.0008271993567652042,0.001128614686943512,-0.004386093071894475
2025-01-08,0.0020208498748195683,0.008170676819420755,-0.0053309014501994175,-0.0001725599413133361,0.0076999449129037415,-0.00016455745961735488,0.005171606874846644,0.00449997127223172,0.019774070620855018,0.0029794128892795054
2025-01-10,-0.024399057895536078,-0.007522091820506933,-0.028285837774153194,-0.035125806578459116,0.006923349205479538,-0.013499135022421596,-0.013301688112413444,-0.043525436638699184,-0.007328743613167708,-0.015766663113335806
2025-01-13,-0.010398012182488509,0.029903436102629362,0.03223831317046154,0.005254054543950964,-0.0018226033891842425,0.017931292864518552,-0.004209942080981659,0.0038646274583890392,0.038523156666814974,-0.002570480187512037
2025-01-14,-0.004789445093398407,-0.011502124487794764,0.024712792512803235,0.015126194278333383,0.009207644268844269,0.013261009515949438,-0.0036499334126128247,0.01531099816263896,0.004793104710914829,0.007045305151353284
2025-01-15,0.019484791621606195,0.006864997536942677,0.00889551017143819,0.05843093222775601,0.03332516952972555,0.019527477972052835,0.02527499015660899,0.012790847702680899,-0.0005887292429758632,0.02299530869609557
2025-01-16,-0.04123908107450425,0.0018203872575390527,0.014984755518278901,0.011600716197178979,0.00794681356261897,0.007579873276915974,-0.004066280694758655,0.009909887671531016,-0.06231546328735237,0.003062169798636613
2025-01-17,0.007507166770253475,0.009897666055378057,0.01427168822234881,0.02090594471195466,0.00012217628851370817,0.019048886781875555,0.010426381101996143,-0.011828562556407267,-0.0016270098032368438,0.007442764354518164
2025-01-21,-0.032436331077289736,0.009873503409023541,0.035126310783447016,0.013961032081396355,0.0218656629238933,0.0148223423278624,-0.001236095393797355,-0.001504112380578807,0.02943919554389433,0.01246798507485691
2025-01-22,0.005330789545334119,-0.004997355831626269,-0.0018845277019228016,-0.0031719151301670737,-0.02010844503061735,-0.0007225475315786552,0.04047662497938213,0.031121256352750794,-0.010089175187831386,-0.0002162253793479211
2025-01-23,-0.0007598724532836553,0.016106895266853143,0.021866245922934333,0.010643024573166548,0.010406540374894906,0.011762976458426801,0.0011422131270539774,-0.021343131650317954,0.01915298823274302,0.01426912662082827
2025-01-24,-0.003942361475965803,-0.008892072840212954,0.0030220371985787728,-0.0040738489077339,0.000265409604450555,-0.0041825509215092605,-0.005949932572156623,0.0014482491058781229,0.005158636798266379,0.006044982258297119
2025-01-27,0.031285698339159174,0.026972762413906733,-0.03152481839804334,-0.005700061621823111,0.02471029816763288,0.003806385073464278,-0.02162563915080914,0.037133540635402,0.020464828160282122,0.013057711248887494
2025-01-28,0.035892142114714184,-0.009409689446963599,-0.011945016716066799,0.007112038973872732,-0.0143182004704917,0.004840546926381335,0.02867193012563708,-0.010331633120653145,-0.0019153557014124486,-0.0001793149655531004
2025-01-29,0.004606166778232023,0.004911196874743574,0.0075045404953412095,-0.0006587936425776655,-0.013000977825331349,-0.0020984096543184795,-0.010949856213165098,0.004378034641811265,-0.008106651508259118,0.0041770722807866366
2025-01-30,-0.007422261933541673,0.008272994535755914,-0.04752199035307069,0.012968849226383144,0.002608880128190242,0.00617047138635495,-0.06380169018567562,-0.001724800653754685,0.013786574684518257,0.021122065226376465
2025-01-31,-0.006714597615184998,0.00491710493821354,-0.009485316316046412,-0.00824184444670829,-0.006098189350371338,-0.0034732399773957233,0.00016861915562494452,-0.015821716574606327,-0.005661348648965494,-0.003650496388204233
2025-02-03,-0.03444231699540432,0.012014820961803695,-0.02698703270806978,-0.012618301064634525,-0.007846551477732116,-0.0018347822086087998,-0.010024453435059266,-0.002368305557357024,0.010434008411692468,0.011692852655565333
2025-02-04,0.02079024483569272,0.000519263392159038,0.0011057504392890255,0.0028580939172220834,0.006656455237376791,0.0042262550739837635,0.0035225066373576223,-0.0022101870761619996,-0.0049924475374726615,-0.001939428370670007
2025-02-05,-0.00141852715339146,0.06298691364519739,-0.008601567246487746,0.017614914277848046,0.0056465054808577594,0.009250200451244299,0.002228435222268202,0.009298661574763958,-0.010394112674880019,0.012352844550771598
2025-02-06,0.0032210379571171563,-0.03312777898247372,0.018225017675286267,0.01959136932359551,0.0008211884040461466,0.023643100196570545,0.006103011893236374,0.005263294528550315,-0.018264685397455398,-0.005624881652235046
2025-02-07,-0.024260722263638013,-0.014340999927199692,-0.00430530462256478,-0.0035308604840942554,-0.01653052883070031,-0.003980564416201129,-0.014705292596617289,-0.009942527578082436,-0.005694953976922843,0.001552835449793945
2025-02-10,0.0011866980292346886,0.004249284321078489,-0.001815570452512084,-0.008220875068416565,0.01611986453472815,-0.01740937828840205,0.0060099118270774635,-0.01136173602211034,0.011957838041750464,0.009181415886374144
2025-02-11,0.02159680847641408,0.006323406439918905,-0.002729165451595263,-0.005070229489442423,0.0057085277604153346,0.014468180556131622,-0.0018939914646242731,-0.0002887615208040334,0.0010306347011438898,0.00022806053975083868
2025-02-12,0.018105227716151362,-0.005408098420136263,-0.02853454010559469,0.0027154093009039465,-0.022393144277751787,0.001671469721512481,-0.00585008743922451,-0.006997831576500242,-0.01228669279809242,0.002193009072944654
2025-02-13,0.019482235336028726,0.006452456312473038,0.0047042498099223295,-7.702182413789552e-05,0.012909279690391637,0.003153550440256669,0.00366037919760988,0.009717344721475545,0.007141654184895911,0.011709688134941595
2025-02-14,0.0126306873259159,-0.011711370959955603,-0.0010749525390399434,0.017717321668778346,-0.007129568919955189,0.000976563577270147,-0.005152863013281812,-0.019572161310309075,-0.014544859351960404,-0.005130841420961141
2025-02-18,-0.0005317092751074686,0.005616632840733238,0.0019227145508926098,0.01746819704904731,-0.015231422974829753,0.012074801244019237,0.0029581983768524243,0.0004195187334266982,-0.04448904337086098,0.008219272080120426
2025-02-19,0.0016349089857627327,0.005007997872463382,-0.002828760773922206,-0.006028274617035746,-0.01973167373279141,-0.002503578931578016,0.012445356019941579,0.016433129431907046,0.020380786311000248,-0.004213928654460471
2025-02-20,0.003912723014865236,0.012360769235337708,-0.010966424252409093,-0.03951950773792933,-0.001999796156632555,-0.04560819468418482,0.005276655491934729,-0.0045906695401276626,-0.01701140149442752,-0.013433090562036794
2025-02-21,-0.0011396537456333361,0.01690739613387525,-0.026438460947246084,-0.02628220966952404,-0.02395168573907088,-0.009641500453344564,-0.01921601395719159,-0.0050284673516589416,-0.07434994935796266,-0.005607835512228511
2025-02-24,0.006292594039563211,0.021902752083469774,-0.00329904407483421,0.0008629682815934962,-0.007502710841019705,-0.011035570547960399,-0.010366823387280072,0.0336321698301939,-0.010561198228070588,0.003808574088330289
2025-02-25,-0.00024296285553041316,0.01890207478274972,0.010098525390275045,-0.018098267874199537,0.028027661638026443,-0.015190922695431253,-0.015214118099635405,0.017054756424628885,0.01901561689743348,0.006353789764484363
2025-02-26,-0.02741245313979255,-0.029744499549998343,0.0006425318186340443,0.004640451398253506,-0.0071703952158115375,0.005385632891009462,0.004588627516326114,-0.01460038314752564,-0.014540398516994853,-0.004155307792701416
2025-02-27,-0.01281262226414769,-0.0018295766925782735,-0.007559645655510949,-0.01594133094615107,-0.0005380073849553531,0.0010040208733715647,-0.018176341018283866,0.023589268711292164,0.010663676737537197,0.014468744779148883
2025-02-28,0.01895115180236737,0.007297893818410747,0.011550749258042177,0.028177626941934753,0.016089439303715047,0.021387355877258877,0.01129800152613064,0.014417319614704235,0.013566390606229314,0.019403330134800882
2025-03-03,-0.015879458237123875,0.008790718912078216,-0.03524096079025859,-0.027747948221217743,-0.017576604381857253,-0.015344794637766258,-0.02164348383839985,0.009050270595223042,-0.016794220146293188,-0.0024566446572768363
2025-03-04,-0.008861676905309064,0.004526874848234925,-0.016060088723996214,-0.04066644386950272,-0.020769201249505737,-0.040602989007975696,0.000308718535659872,-0.019902389114920357,0.016057120902220723,-0.02686245278374336
2025-03-05,-0.000805666320020764,0.013932239632531271,0.035299154372784844,0.020320796595574328,0.012161166086675891,0.005101705788860747,0.03143499013259174,0.00907101971580576,0.002882372168912964,0.001276610060811946
2025-03-06,-0.0017406857767680698,0.003940758145003942,0.007417320973725391,-0.043772296611035225,-0.01203005584479391,-0.020037928549256345,-0.010352013653866357,-0.007820321762394953,0.024365628183194748,-0.024454253128993554
2025-03-07,0.015767658286874184,0.021909189881692638,0.026878006432162486,-0.014192923767044521,-0.012998973503158507,-0.017430285169400848,-0.009061191447506398,0.006540608021727379,0.011740866934243852,0.0033647100858973417
2025-03-10,-0.04969407749542088,0.007666083778431022,-0.01463694938602006,-0.05134301482129422,-0.005722211492449918,-0.04240873939925671,-0.03400568664271655,-0.00015598621157347843,-0.02297344216897199,-0.011182420072774481
2025-03-11,-0.029623944431472152,-0.026214084251235167,-0.015884070592229568,-0.00043297029175288983,-0.017474865370535775,-0.013351992000052111,0.0007624272411085248,-0.008020743275802216,0.012046557261554127,-0.027732452054381417
2025-03-12,-0.017633238021959693,-0.020241845658650337,-0.004838351462249903,0.008021783785952495,-0.009360179356541782,-0.005426299291832283,0.007384811355025545,-0.010147203825722099,-0.010195023731782962,0.0021053292137034655
2025-03-13,-0.03422268431660869,0.00044790077496570385,-0.014357444429119346,-0.020556763290188938,-0.04278624340129517,-0.011962487069128006,-0.011810454243092839,0.015553644601048622,0.0008518519949872096,-0.012972990939448334
2025-03-14,0.018007597060427365,0.0034165809361396526,0.018813318506486484,0.03114064935349818,0.011624042738390674,0.03168769035897514,0.025518555714167838,0.019232466186807334,0.01469863977442936,0.009843381377642098
2025-03-17,0.002385947192750495,0.010969043202418474,0.008794076384051693,0.01817480432953003,0.007995033225934558,0.006389766218261513,0.0003601372087788152,0.01604481908865221,0.02099974378624426,0.00825387043946336
2025-03-18,-0.006140284415221904,0.004655324899456027,-0.017458365252767852,0.0007979215474481549,-0.012960333787588794,0.0044359269440507965,-0.013416004440463276,-0.017617383692691623,0.009533230866489628,0.0006575345330689183
2025-03-19,0.011917964160499448,-0.00914248203201549,0.005656418876818815,0.010025880962315405,0.010953318391421002,0.017465815211170032,0.011149422105740684,0.0031428992049243798,-0.0011915542014797342,0.01511943831234918
2025-03-20,-0.005310537672554491,-0.002251202315438632,-0.007023517498813822,0.009535527319935788,0.005924327896988298,-0.0004183334271762011,-0.0025299809864161803,-0.006834820671667211,0.015968681940881732,-0.0010892508332316067
2025-03-21,0.019289669605934746,0.003169180652666363,-0.001398841655431624,0.004362434775300929,-0.012368030236050593,0.010902245878932263,0.011361124284670272,-0.011002788482872746,0.010796253754285638,-0.011375120973720475
2025-03-24,0.011207336503279378,-0.005266456808108468,0.017389242482599158,0.02612701012433233,0.03530835080309619,0.02626311458559733,0.00464079056594905,0.010617391931509465,-0.0006775284305665892,0.024164819492392797
2025-03-25,0.013589067061217647,-0.024210889945211148,0.0027765135524093565,0.010016961184582316,-0.007671489651087349,0.012299989388212305,0.00527754451456487,3.834768206342122e-05,-0.005961534068872699,0.002178696787926846
2025-03-26,-0.009971232624143426,-0.0037545306110007477,-0.004416851395113411,-0.02072751213926279,0.0031530266902185787,-0.0003981812206692832,-0.01322096039551581,0.010772582016061199,0.009247665947678856,-0.0012776984240847901
2025-03-27,0.010418229142255814,0.00019624565741651226,-0.005320354922658671,-0.02648364676044511,0.0016553971946432209,-0.01166004543915008,0.0015630359998067302,0.001599895514392238,-0.004797336450538262,0.016368336678666235
2025-03-28,-0.026939980585353223,0.003851691950842237,-0.02873194467145866,-0.028675982846571326,-0.012706786508156705,-0.021468405201018306,-0.03062443412386086,-0.0033937892537772444,0.0006202245273670925,-0.020239975641963885
2025-03-31,0.019226650002137788,0.014874904789209846,0.00033366371969975394,0.0058195687441584786,0.023019271492838167,0.010037922075142869,-0.009042844245645049,0.010147244806387281,0.014830250868912983,0.021953543244197724
2025-04-01,0.0047605275079079315,-0.014972593627267322,0.0023320642453313225,0.003946171784318366,-0.002650200342091239,-0.006708119268655648,0.017952299406425485,0.00030257182739167754,-0.001203679851757858,-0.011796563866962834
2025-04-02,0.0031313126062391654,-0.003982907952283807,0.012296698002861102,0.026361108722571372,0.014584604067743399,0.008825795485515096,-0.00013080205389993485,-0.0001891852416118786,0.00015312604296975372,-5.793011597628569e-05
2025-04-03,-0.0970132842415487,0.01348395823487435,-0.0903145824721234,-0.09663757860037567,-0.041227773994564065,-0.07223228996132178,-0.023913768714217847,-0.005269146016631151,0.03241970995854463,-0.020242194480644682
2025-04-04,-0.07568015831503862,-0.05118269791680025,-0.05956238068031198,-0.08236509195796843,-0.005663395896612723,-0.07778669285139837,-0.03621387711224393,-0.08252262524444974,-0.028890116102717113,-0.07853423942823759
2025-04-07,-0.03742614203116262,-0.01609418108095812,-0.0282344971513573,-0.011320880819829916,-0.035637433583566185,0.01958989550245123,-0.005517568329199145,-0.0354171440267348,-0.0006669435712629666,-0.0025900714250458676
2025-04-08,-0.05110182214254995,-0.03309344079172963,-0.022094453493003097,-0.007092699403766528,-0.018530341831863816,0.011268128574858665,-0.009264114514788487,0.011480651215304801,0.05267623669332455,-0.013052350640407275
2025-04-09,0.09956344511732149,0.03791456470042679,0.0942343284773531,0.11175038827560631,0.05836913758038601,0.07747497691982208,0.0869991699919825,0.047756876554184174,0.04493576119610712,0.07545336636342094
2025-04-10,-0.043318684314750264,-0.03381978851456253,-0.040163348429324355,-0.053794237444949274,-0.004992837611311933,-0.031338593092829846,-0.023684817108847976,-0.011880069825513373,0.027113982357186536,-0.023805000370476084
2025-04-11,0.03979229074348658,0.016109292366976943,0.01472731621723965,0.009428653809258305,0.0006784074105960232,0.03924442574150292,0.018447084780085735,-0.00016316338479108937,0.00849318742808936,0.026718548082310837
2025-04-14,0.02181436124316473,0.027385589385754326,0.01578853433749835,0.019110840137596227,0.009394486579408898,-0.0062855063714687505,-0.0016490763661281417,0.023026523507862027,-0.020918701509317506,0.0053247441525583715
2025-04-15,-0.0018781629607928306,0.00468407092888734,-0.015856898603925043,0.007728267685934827,-0.008688290043525556,-0.006797078098804942,-0.005377916950557278,-0.0047151413418680295,-0.005928258113491306,0.001877806450139453
2025-04-16,-0.039711398069688486,-0.043817676105421505,-0.011275666674078474,-0.017558561323903977,-0.023197729015071694,-0.015214014147222692,-0.03729275391744647,0.011231998826885387,0.0024814896882310333,-0.013430755129685133
2025-04-17,0.013853032535340197,-0.019109988457910874,0.014066227886713925,0.02070389437756725,0.025876951422669197,0.010182721892776957,-0.01035996295895175,0.013298370582545994,-0.1958623101648023,-0.005204624521365721
2025-04-21,-0.01958325306436154,-0.013104438657765359,-0.028050033784945683,-0.01608587523650967,-0.023250273213035244,-0.012886643733821672,-0.0238282271618795,-0.024810927341134607,-0.06547423095363483,-0.029276641826306495
2025-04-22,0.03349768039031173,0.01709931471134681,0.022330981889947144,0.03648522986069141,0.02147433051957254,0.028414719124286527,0.021214666327208857,0.045887914486384206,0.0043401557530751,0.03469262577662421
2025-04-23,0.024040339983121523,-0.0017974814647125348,0.01567475042778638,0.017764833993472257,0.005599000008360877,0.022205838077693055,0.02042680087112936,-0.008570576685038469,0.0018243634484067749,0.008922205645480331
2025-04-24,0.018258318888437167,0.006956577245627406,0.03680963361976282,0.02988990146481634,0.008993608091114281,0.015488827460771704,0.03390135374842175,0.005082133312031667,-0.008706880371563436,0.003999331682315539
2025-04-25,0.004357856364999782,0.0035671098080573213,-0.0013369646146912672,-0.0009353975974460854,-0.005744267315136278,-0.004465402528273779,0.011679727475172335,-0.004773399859925433,-0.013311487928417074,-0.001609601713523177
2025-04-28,0.0041008765086057485,0.00797983233683566,0.001988572963553681,0.00282244555027733,-0.0018474910042576048,-0.001355994566668566,-0.0017624631089801354,0.009409202346830877,0.003243242033971007,0.006957159493004472
2025-04-29,0.005079008067031125,0.019138158960477224,0.0011065193925402618,0.004601297363260334,0.005810676856212714,0.005739573858573187,0.007335754689196467,0.009283638240224594,-0.025977294816818788,0.011811065357055001
2025-04-30,0.006089043625775631,0.00814540806457249,0.006064666739204334,-0.0024988946222022504,0.004141800779855253,0.0,0.0030911841051730316,0.0003029232948878418,0.005385881272640727,0.011586356292088932
2025-05-01,0.003851397157946778,-0.024849195544106233,0.015051111179042018,0.011404028405621266,-0.006093467341288639,0.009236955514756437,0.07348626617335646,-0.01019833849926787,-0.02650009715299359,-0.008866875109834573
2025-05-02,-0.03807755324706057,-0.009061918000448253,0.030489750841835608,0.0219130081852494,0.017210558352354646,0.022507974042952447,0.022959568343635006,0.022540075658894747,-0.0018985954863399634,0.014926720493333484
2025-05-05,-0.03196389504538142,-0.0041334251010926824,-0.0017624967465559133,-0.011620141821092854,-0.007683035895853103,0.00019800019864706612,0.0020426343995849886,0.0004860644872722363,0.012153236642537394,0.002987566686773427
2025-05-06,-0.0019125519475999846,-0.03495357083825444,-0.006894259992004764,-0.01839656211950668,-0.006517942421347632,-0.01319245971353123,-0.006578732332859598,0.0019044915267481125,-0.025773288664087107,-0.002699984197384078
2025-05-07,-0.011450047947276118,0.019770540154364122,-0.0018717153933381324,0.004648910091191134,0.009333673564906731,0.0005615496108670264,9.227193350494827e-05,0.0030170993465589,-0.008783507018862227,0.006164471095201022
2025-05-08,0.006298682378986091,-0.013834974109705135,0.01228805857329244,0.024660983803814682,0.005799721178408077,0.01622755754889683,0.011061376136844643,0.007263679202813933,-0.014190174745334365,0.004050588561838848
2025-05-09,0.005252133722544964,-0.023016134446396365,0.004216112707904033,0.0024717080205198844,-0.00591003054288323,-0.001539827801498134,0.0012772149735559974,-0.003958696692418616,-0.012816705682426092,0.0036090789702995355
2025-05-12,0.06123262724825964,0.03292821652053981,0.0506864596613202,0.04185547051406275,0.037553426030423935,0.02716825512553586,0.023717559156705696,-0.0062850241762037965,-0.004977818532738208,0.009345164414406262
2025-05-13,0.01010106235867937,-0.015810612964534447,0.028746569687260724,0.020868409776351522,-0.007971395593032036,0.011318282636902868,-0.000267104758547809,-0.011782767583660219,-0.1958623101648023,0.0024740995975200803
2025-05-14,-0.0028216991384934155,-0.030674796182196814,-0.008202788985263793,0.012818947899993582,-0.0021167816242793945,0.009949992035475799,0.00842511622085642,-0.008834125872189076,-0.010881760581167339,0.000898007772766125
2025-05-15,-0.004153155784153075,0.03524927881662095,0.000428845783583677,0.007006085537053404,0.01549059826328368,0.006939862203038388,0.002253328932566562,0.03115596619061926,-0.11572767289977919,0.01625053730431403
2025-05-16,-0.0008989652784504231,0.011445077810180525,0.010719671044536763,0.005069038885100818,0.005662237704460103,0.00026166818287576206,0.0025126837793276557,0.010027055698328603,0.062041088850895584,0.007753504526371428
2025-05-19,-0.011808497154382657,0.012548977938100838,-0.0028605220119912868,-0.010931260629705435,-0.0036834223659909797,-0.010066876881309096,0.01007525308951378,0.003320284753984755,0.07894858205496251,0.007585049950094185
2025-05-20,-0.009238837244430798,-0.0030498179509659737,-0.008774325000406698,-0.009484636755664418,-0.006160533570787985,0.003015567942912163,-0.0015267132359985524,-0.003027851379797004,0.017852067717499125,-0.002885295097296422
2025-05-21,-0.02332915915357061,-0.013434929374880852,-0.020174022412710435,-0.02176788229705537,-0.016607033608253868,-0.017618673739302298,-0.012297804894791502,-0.00939720593585352,-0.05957952484495577,-0.023555262690213827
2025-05-22,-0.003618779122478993,0.0020616923499428034,0.007794124330525883,0.008005270378856346,-0.012782363360639495,-0.0014183489547238892,0.005047285314054962,-0.00025808901817802406,-0.0210463008068615,-0.0009213713354690282
2025-05-23,-0.03071109199247199,-0.000883012126718267,-0.005228086458478414,0.0005182740036832706,-0.009384731875184274,0.00015326519785254273,-0.010342234052595635,-0.00014762460116448777,-0.0037147287838619823,-0.012452502704237126
2025-05-27,0.024983702011514636,0.028272086110868667,0.023371247620044226,0.02831519405246214,0.02097986650911472,0.01741480703584556,0.023077886631814475,0.01769964382319499,-0.0019303582586091515,0.016160951340540512
2025-05-28,0.0010483209838462113,-0.0037644205562294905,-0.005763263079381278,-0.011910362777667374,-0.006337453213654767,-0.006808066040373695,-0.007254514403993796,-0.008115984205527274,0.010487119509738534,0.0011961508089166815
2025-05-29,-0.002347923687940267,0.018294316762310678,0.006559509548997498,-0.005901252158173277,0.0006247258725789252,0.0033341159366712648,0.0028818796311295535,0.002773215415326325,0.00020138986766047632,0.00739491376541555
2025-05-30,0.004491124586101037,0.016231949590360867,-0.010745738557535217,-0.002345360751729574,0.0,-0.0014003528602970982,0.0036560341007648013,0.004690134677178062,0.012465044782194326,0.007669102166227037
2025-06-02,0.004223033325793962,0.0010058290015470407,-0.00970115785865053,-0.002885479657326802,-0.0008965426431726202,0.0024967426345732734,0.0034912232198429038,0.0023185317598899756,0.009264432652110025,0.0003557791603167186
2025-06-03,0.007753652101768954,0.0038058963472143398,0.013629759724934019,0.00849864503922918,0.013818675908755724,0.006064853390356132,0.0021622196310049436,-0.0009774804257299636,-0.01155248163455765,0.001477107508627507
2025-06-04,-0.00221623184428726,-0.008879890413282718,-0.00020036358316922047,-0.007680502623867933,-0.0018243881574728639,-0.007728576800515142,0.0019420482902353154,-0.015367310522371244,-0.0027926274086532807,0.0058321954876058195
2025-06-05,-0.010856431323701546,0.00031359179450582186,-0.0010597194257993417,0.011069856851519401,-0.0022180421677109236,-0.00862848767849646,0.008180024603160143,-0.0030943981076933633,-0.015229500377589085,-0.0033478532050099517
2025-06-06,0.016265240532287863,0.011187605274104293,0.012501781107939737,0.01331285902511249,-0.005294503494663775,0.014327025584262484,0.005756538834957439,0.009803409747099855,0.024639863848858645,0.009362336323854734
2025-06-09,-0.01218637177280274,-0.0012062038187858942,0.013269459489370673,-0.0007819058225345031,-0.005815491070670375,0.003793444094840312,0.005025894689626702,-0.021830304790040382,-9.906520572093966e-05,-0.009662246281688653
2025-06-10,0.006037650132639006,0.011827039248839115,0.0013953521124419456,0.0021979734650324156,0.007393225583479593,0.0069491587397942445,-0.0038785135287376688,-0.013895476717276398,0.0019771424657555542,0.010957979606331165
2025-06-11,-0.01938029136132809,-0.005536237145281752,0.012664783030029382,0.015011858527713692,-0.020457477260380625,-0.0016768250459485443,0.0036034982717426767,-0.006599706413738171,0.02204052297662853,0.007016072854782341
2025-06-12,0.002110680520238856,0.018605207803995348,-0.006021579964773482,0.0015048201801270702,0.007462621929932034,0.00033547351923678647,0.013137456470788894,0.017754044348560788,0.02524508203772427,-0.0051295042346104665
2025-06-13,-0.013901465204757279,-0.006987269891968909,-0.010891201240318595,-0.01868212004267531,-0.02368395367165588,-0.012340640880530074,-0.008198586982461238,-0.009368757076762765,-0.01572729860299967,-0.051236656737729785
2025-06-16,0.009978132568544603,0.001151109512255393,0.014983119036518831,0.023055689428120828,-0.0031063437511949328,0.020213023296291273,0.008762270946404221,0.00631835445623918,-0.01182585442860223,0.007425959764232091
2025-06-17,-0.014109777787359817,-0.018818688561211043,-0.01322021467032173,-0.005125646331197376,-0.013611821005707866,-0.0031116967992701385,-0.002298356033893426,-0.0027569645754458457,0.003925119605408939,0.006616870562394781
2025-06-18,0.004793273650902878,-0.0014488214703021753,0.005909664669737199,0.016827338637886574,-0.005030098605670136,0.01633946760359263,0.004591441738107375,0.001851464806037743,-0.005421469334457776,-0.050023236495048334
2025-06-20,0.022235368433496387,-0.0010366587163256255,0.0019990145449954476,0.008714494422924985,0.007435497871049422,0.003789023391997322,-0.005931252139397365,0.00030188523506163113,-0.017038933470436914,-0.0053316698977322555
2025-06-23,0.0024845957941194655,-0.060149323584654045,0.015714266507632992,0.009443500220769542,0.02077705017757832,0.011820670910510585,0.017853885687471007,0.009913753173425298,-0.004413455081229796,0.01518371604237027
2025-06-24,-0.005973142779788997,0.018366464778578496,0.018370239818961583,0.023270789200294486,0.009646197114067086,0.010687731170035701,0.008421281471413468,-0.005545517259059421,0.016295726206884048,0.022664906700838955
2025-06-25,0.006270694251408106,0.010253909660633519,-0.0038677478176347576,0.01165200332695872,0.003987237679466176,0.009905814832799531,0.004397486356959014,-0.020230484570347214,-0.011849178973559416,-0.018281699463966086
2025-06-26,-0.0027821472657385575,-0.004432802574220212,0.02734219975716648,0.025483505255754695,0.004521919616415751,0.01637588231845136,0.010467654342631534,0.008171943281244206,0.0019845696109025315,0.002227612625603622
2025-06-27,0.00039788025000651075,-0.007119212337447049,0.0073834860689219965,0.0052976777793423855,0.014312594040305328,-0.005695852818361664,-0.003040075494243197,0.0013680056853668829,0.021219432660511756,0.007428310539314331
2025-06-30,0.020136141089457292,0.007477350863637585,0.009056628377965344,0.02422600611375081,-0.005711325050722986,0.009705063872705368,0.002959717321031776,0.01593714610244657,0.00920988220365101,0.01830481586854567
2025-07-01,0.012833484940532585,0.039708227417246535,0.0069565177841188755,-0.0018241358919647156,0.01762678221175605,0.0017233635425632863,-0.0108342804762414,-0.0020205143895278607,0.044419800582133705,0.0011821995916226973
2025-07-02,0.02198727246252242,0.02155467473763227,0.019028803367506158,0.013259837803026659,-0.003516696435139962,0.005459978622748444,-0.0019529668001838098,-0.03685053207101495,-0.0586566014713457,-0.0035226126954903915
2025-07-03,0.00521125285074063,0.004671518041569291,-0.0014315954648522601,0.010822695296883067,-0.00045739756021836655,0.018411639189946552,0.01565804091649303,0.02604316075563267,0.003213528660609371,0.013014130291239831
2025-07-07,-0.017001531849971212,-0.01789661817471879,-0.01608906265840059,-0.01777526725501098,-0.01092900241651976,-0.013708275548558269,-0.0022477996289794657,-0.019651956286293813,-0.01581059666347351,-0.006205468133233074
2025-07-08,0.00028579648622480955,0.013730273270045458,0.007075476820502969,-0.01938692571276775,-0.00038087829999374075,-0.03198194813834984,-0.0022124630382373044,-0.010089565128277248,0.013052004426966633,-0.005877454213926438
2025-07-09,0.0053662365842850335,-0.0016175811180099452,0.019813010500794818,-0.0010329971011402098,0.009586650007936843,0.001342887990882328,0.013778390694270387,-0.004182051205815769,-0.015689426254591663,0.009013039190285595
2025-07-10,0.005996920260517877,0.012900394522257806,0.015176045806354998,0.017870730229735603,0.006072427013766371,0.01760808844727331,-0.004039789767003453,0.002620707032759581,-0.011288010365374242,-0.0052687990825061965
2025-07-11,-0.00590215843630409,-0.01712490272374496,-0.0059195983265117585,-0.005897827438957165,-0.00869018585644338,-0.004625871731295955,0.003662366228209948,-0.0059162111421329905,0.015208829975248889,-0.022592304523399952
2025-07-14,-0.012101813315131405,0.005943008170819741,-0.00036963197367283326,0.011775109231965121,0.00010804483333843246,0.006393868334737914,-0.0005962091833202305,0.003882739307056797,-0.011642721278278003,0.007359321397346503
2025-07-15,0.002346074035577385,-0.015334190109738443,-0.0027886708704216315,-0.015242343453956298,-0.031481105376601495,-0.007475076236066229,0.005550985902863249,-0.01916714167404844,-0.029953716683816946,-0.009978275567734902
2025-07-16,0.005008729029390798,0.02201143543509567,0.02015930147283054,0.008941976490082418,-0.003463457716978663,-0.0025509501264047896,-0.00039550921442611857,0.006244978239209136,0.0026703158840301554,0.008265104780847448
2025-07-17,-0.0006663876857385205,-0.002578318388311576,0.012491774604707488,-0.004212979938292348,0.00457813109786024,0.014174032402879129,0.011953158385681938,0.037436175499950076,-0.01522691196196763,-0.0002571981133722967
2025-07-18,0.005507932968825691,-0.011770472866423633,-0.010483629560322174,0.0034225473541006266,0.001002179937077388,0.004714479700565253,-0.0032298177537743596,0.015764475943959782,-0.01899417266189234,-0.002175174711698312
2025-07-21,0.006137159805808397,0.003758708594123276,-0.005180703690419619,-0.0031959979225453516,0.012827837017433789,-0.0010304103338639355,1.9577176493128996e-05,-0.01031727541115498,-0.0018059615019149114,0.005400158355528764
2025-07-22,0.008995498287768371,0.032651252255635484,0.017213819821152086,-0.007949476472563069,0.01896523584318916,0.0015796354039255781,-0.00943534406745949,0.01335817335062365,0.010541724911800103,0.0026180268286446766
2025-07-23,-0.0011667111931849708,0.011481458432665374,0.024623042696866455,0.02413502550336613,0.014290594768223412,0.018124005973016277,0.0011867578784935523,-0.007676173497072699,0.02555376627005621,0.00970110708831506
2025-07-24,-0.0018228062438944844,-0.002169187922354336,0.004503510727358137,0.002310869194379376,-0.008699980788197314,-0.0007080914788523598,0.009855024845527105,-0.010441807007263116,-0.048793726430407046,-0.0037221753985127353
2025-07-25,0.0005612560321282327,-0.006404951994891236,0.009800019720628533,0.013534652703751234,0.006012592205408116,0.006956078117410404,0.005524250903252908,-0.003594464876693727,0.008862940233636124,0.008635543096055536
2025-07-28,0.000794555957921764,-0.017405506564981972,-0.0018692314096930673,-0.00733842375346104,0.005022862578453758,-0.0011392212386078723,-0.002358302187610875,-0.023801303295509973,0.0037642224289891318,-0.004406968588388957
2025-07-29,-0.013072639532385391,0.007505899456873371,-0.0066976924859602025,0.011445297516683139,0.0002915197429908574,-0.0041656670095603305,0.00013661765729898391,0.01907852017647659,-0.07754367137206855,-0.011828692763694004
2025-07-30,-0.01056361415076878,-0.00724063622143173,0.009419444552824924,-0.0016817556362267317,-0.01403787719571138,0.008681466612989037,0.0013063053011405658,-0.0034699558834135084,0.01885798850976848,-0.0010822822965713794
2025-07-31,-0.007104769929468201,-0.021024345611189536,0.008943712316933736,-0.009846463097263405,-0.012358159564839172,-0.011378621642484852,0.03871553224305111,0.0050851094475307685,-0.06394735728835957,-0.015624062193687099
2025-08-01,-0.025321448299336354,0.006013733359830714,-0.021530525848257775,-0.01956574160566619,0.016595683753791824,-0.023463540317895784,-0.017757617088251527,-0.007405180907698644,-0.048395524972197464,-0.017873732114329594
2025-08-04,0.004781426286450602,0.01690035903022348,0.011618997076052316,0.022932136469517493,0.01898047696868767,0.016757409513463654,0.021760659793266857,0.01795492582968995,0.013410087516926522,0.008217163636056428
2025-08-05,-0.002116824474054981,-0.006179408709729566,0.0012213603531458874,-0.007077123734426263,0.011980879300787487,-0.009869702554741814,-0.014839442371313809,0.00821715314405801,0.04073902017594963,-0.013891127605474153
2025-08-06,0.04965339712597939,-0.052718313449931796,-0.015105599906086514,0.005298698069915685,0.003600034834494773,-6.863742910587896e-05,-0.005338669836909162,0.009047304205945681,-0.021016055935806216,0.0068226636996183785
2025-08-07,0.03129865093982232,0.00010528975517077064,-0.025094893041864207,-0.006922754645611623,-0.001629988350943978,-0.015252239946208742,-0.007841209983445098,-0.008331102555955964,-0.004526465916077937,-0.02277473950980891
2025-08-08,0.041485409923810924,0.012322864680563343,-0.001439440961000954,0.002123329542601218,0.0043409623194880275,0.006322838500556841,0.002301278799270232,-0.0018482524812183253,0.02510417621329261,0.01402380972381404
2025-08-11,-0.00837227934513132,-0.01095399665389784,-0.019344588672024716,-0.0028184221586509918,-0.0008254449812256029,0.002766495089221619,-0.0005171726162601074,-0.0023055060067066757,0.005881651849081978,-0.002616327970691021
2025-08-12,0.010813677907216183,-0.0003858102629013142,0.010155223396647931,0.03301230065490485,0.021621099591784557,0.011298109452731984,0.014214845085388955,-0.0012496880793202221,0.03580560223623541,0.004255691559832747
2025-08-13,0.015897358524516476,0.015148756805975395,0.0023959130948137957,0.0017606734680380523,0.027841078124061013,-0.007953722814745701,-0.016498252576564666,0.02014192764299344,0.038401387561620044,0.017106462243321664
2025-08-14,-0.0023600155775964733,0.0033128568207687467,0.009143505445305225,0.0033648742762083434,-0.016991129469381226,0.012417102696107218,0.0036430257231561186,-0.002639841509363874,-0.00117801460271142,0.00854601696502151
2025-08-15,-0.005125247256538296,0.021065424434227892,-0.02353215336393902,-0.022302606969008553,-0.0023509859297092136,-0.012554779213464205,-0.004431074664191593,-0.011232307367158419,0.10182726177233535,-0.0029565906303146115
2025-08-18,-0.003027136510429962,-0.013071318176861944,0.01182313194895445,0.0003284937538033891,-0.011787303273502676,0.003573763564209445,-0.005919338806759568,-0.002525742238248811,0.014628768675975876,-0.0050349634510201855
2025-08-19,-0.001430255550062182,0.009963399879047215,0.008326037240173542,-0.013192821559057091,0.031178480230790857,-0.002988608723113372,-0.014276553756039095,0.014800035861214051,-0.01387251507345099,-0.0008462718774171545
2025-08-20,-0.01993186324842062,0.00304051311059754,0.010756867919003966,-0.0009707736479234908,-0.013499375662863933,0.005421016033219838,-0.00797640298146177,0.020322563914860193,-0.014567845547481426,0.004312409045986583
2025-08-21,-0.004923439602806354,-0.0023301899532215146,-0.006440151942949969,-0.006584894583422525,-0.010107018150586603,-0.0026382207125502746,-0.0012882758572174881,0.0019298275250078474,0.011638341925331377,-0.0006981563204368895
2025-08-22,0.012636643084641422,0.0011580853921368066,0.04166680909076495,0.03559066825739508,0.037240928450320405,0.016232716862315283,0.00591215682514134,0.004970714212304981,0.013327610156650176,0.018307443558612434
2025-08-25,-0.002637768568326629,-0.018035773346090862,-0.007765284432969365,-0.004187315223202624,-0.00946829006993769,-0.004533423832580356,-0.005872555705431256,-0.01439969193986411,-0.008362331589409674,-0.003491511434079825
2025-08-26,0.009420129348730058,0.003840423439729469,-0.0024085856350203423,0.013658569865619545,-0.0033317143047011544,0.012367979182940999,-0.004412190620530228,-0.005338546150879502,-0.014637902627811764,0.006742890570755478
2025-08-27,0.005132752986617664,-0.0055752346229813714,0.003264106906882881,0.0009608558676907351,0.0017162972250558018,0.002375225494448351,0.00931820522345886,0.004860841200405128,0.011418200336148846,-0.0023662005746871604
2025-08-28,0.00894069639109968,-0.008229156157169936,0.00516383616599807,0.002065463471778257,-0.0019370251758880526,0.005963239530860949,0.005706559321022752,-0.007115169041707471,-0.005246000913348662,-0.0013996746745990993
2025-08-29,-0.0018076304121467212,0.007325846112995019,-0.03717274269166511,-0.0026399287688059067,-0.0016703592170620547,0.0011618954965327219,-0.005805232315066355,0.004540479934740092,0.024765887218447212,0.005473047175829655
2025-09-02,-0.010479367452413535,-0.0027493786573259374,-0.007160917065634487,-0.019511596545752127,-0.001131617588097494,-0.005722669168439477,-0.003103295121999774,0.006754088524474034,-0.0034591126737441216,-0.004872871376981015
2025-09-03,0.03738230436877965,-0.010757667746706225,-0.0022378568718915753,-0.00039673123963743267,0.003439786274607899,-0.000634267028157345,0.00045528625203856526,0.011638518033652663,-0.002983562467988763,0.0022825261739144466
2025-09-04,0.005478307652190442,-0.01329932680012055,0.012210828977592274,0.024794133918928384,0.015371891829619207,0.014287721805646634,0.0051710373569636425,0.010360129022350447,0.008087257270210556,0.0003420395671965139
2025-09-05,-0.0003754444072555815,0.01255928580267477,0.00678272696840688,-0.014377158543541303,0.01748084388546436,-0.03156404376239261,-0.025864583954904267,-0.015181013142749703,0.016012598374145336,-0.02238606763789222
2025-09-08,-0.007580103253193798,-0.012237969725093991,-0.0007092863436919182,0.004918610714460424,0.00236034145230018,-0.00500608176587374,0.006443845998672043,-0.002692236792531892,0.015292025261110457,-0.002684151690955968
2025-09-09,-0.014950513054873013,-0.0007854473831013669,-0.011155238206253292,0.02931608005781375,-0.011014397718354163,0.01672468503327434,0.00042135918721157844,-0.003394000724586758,0.08287062599021218,0.004925082540796847
2025-09-10,-0.03279133026830906,-0.005228491997980426,0.011462691369948406,0.00738186306762043,-0.0050930906067889045,0.008990926975841704,0.003924906177445826,-0.00044066228363025836,-0.0032820389793454864,-0.017211720875146514
2025-09-11,0.014185312195141271,0.015038462285150182,0.019830132152692456,0.01949473795084165,0.02436021548805337,0.016565247942014506,0.0012782127216051454,0.025737297553517433,0.019504044965946377,0.01575704395396417
2025-09-12,0.017410479916919613,-0.02267950286817968,0.0003243020985233316,-0.0059688363172994115,-0.0017254781213825424,0.004408446558456795,0.017588548660781824,-0.0017909193314791384,-0.0031156384226119927,-0.011890211112912346
2025-09-15,0.011173214085381364,-0.007226215445679347,0.01019079938519852,0.008552374798549636,4.721746583855321e-05,0.006462827276646859,0.010651101987174281,-0.009473786553141678,-0.006903536071570781,-0.001120237679332144
2025-09-16,0.006107245516747719,-0.00482207217740327,0.010791683661786945,-0.0015645494085043312,-0.002985168949321638,0.0009384413877837656,-0.012339100132163472,-0.015868886932074108,-0.02358809741757951,0.00288636388284778
2025-09-17,0.0035210063016859377,0.005951298047788805,0.022416953437535005,0.011001721273358429,-0.0106149283766926,0.00824566996319012,0.0019232460751576327,0.011262051492799512,0.005371374865007861,0.017982754067813064
2025-09-18,-0.004655414692693684,0.004068673570932924,0.03553033332062994,0.012624358679410773,0.001150380228019672,0.004736132630366806,-0.0030830019548800307,0.010380989649547296,-0.020076577642908364,-0.023438229843760927
2025-09-19,0.03153064137146085,0.03414208390931976,-0.0008997879122515977,0.0008574408847841236,-0.004296891527843359,0.004936239049088916,0.018473236583419574,-0.003243802345658623,0.005569472498374498,0.01009139268068908
2025-09-22,0.04219282822522297,0.0020650360069063055,0.011847084796298995,0.0006955599982573482,-0.00891635859220505,-0.007461455257924356,-0.006741664805388489,-0.003218112385498192,0.013599281642558995,0.008017882617256592
2025-09-23,-0.006464001487228669,0.002828310354434951,-0.0017808975166275136,0.0009429475030008974,-0.0026491742491901514,0.0009596373516476083,-0.010198701206417578,0.0005432029316198036,0.01854936208679851,-0.016572828892601962
2025-09-24,-0.008367320457997903,-0.02682007305669914,-0.003124157209338458,-0.01737658211557489,-0.0027782017845301853,0.002172171558529097,0.001805046523722798,0.0014467642624386868,0.011780106335458219,-5.9127316251461716e-05
2025-09-25,0.017911553318244792,-0.02921723046391555,-0.013004910768267717,0.0029360579437186164,-0.005677785218337671,9.555616698034778e-05,-0.006134635226306278,-0.00885846077558356,-0.017925044986597194,-0.011134149369808277
2025-09-26,-0.005504179147396235,0.006615797073218858,0.004389666661304614,0.009704074057171035,0.006458406827041644,0.00829210812019733,0.008699108950037414,0.012826554511961243,-0.004292120176898068,0.007258828075982458
2025-09-29,-0.004040053712850751,0.0036201122127086875,0.012481783895433196,0.0020042398653583133,-0.008054918766717324,-0.0011712935210459528,0.006120467449537155,-0.004546705171374972,0.0031919305172710276,0.008235720340556559
2025-09-30,0.0007857643900076636,0.0295973635420454,0.011678586190340998,-0.00970979233649058,-0.0039656001207833075,-0.0008239566032105576,0.006488992117329407,0.00978926410573785,0.00034738718093178843,0.0035802413931895704
2025-10-01,0.003215140368350492,0.05615391858368509,0.00766209193601471,-0.013705537347619224,-0.020369435399441388,-0.015076722044174576,0.0033921890326226124,-0.007116337498976329,0.008650726620745664,0.018717476872504715
2025-10-02,0.00655520106838791,-0.0036919094763719486,0.020074952358637117,-0.007834484081542486,-0.005075507209549804,-0.01022241278801412,-0.007668239332485262,0.010048866224982678,0.01544136366638148,-0.00541950415317787
2025-10-03,0.0034551664980470246,0.001646263495190804,0.014730917227442533,0.013508938174294974,0.0001264693524025795,0.008031475138826127,0.0031168681880615647,0.016011593329332066,0.0181538554930817,0.011181723199652438
2025-10-06,-0.005167905573688131,-0.012736447582870878,-0.004973750176494776,0.008571039628479635,-0.014610426279603256,0.002104449370548132,0.02145569693638517,-0.0064515574066136405,-0.0039779281785072215,-0.0016022353580912145
2025-10-07,-0.0008183880195341075,0.0048162770057721595,-0.017656742752110814,-0.008988825097387368,-0.00649358969838477,-0.004830675912690016,-0.008721864196738252,0.007891380737623254,0.01353789253442731,0.008949914487824643
2025-10-08,0.0061414393614103386,-0.0031178161382408843,0.031170733081864178,-0.016780357922603677,-0.007838077798611703,-0.011966531908972731,0.0016590202773731023,-0.007785304579006067,0.017067373836924537,-0.0030123513003975063
2025-10-09,-0.01570049407859935,0.0027455669447945742,-0.0035113464221051935,0.004433155823836081,-0.016021758236322417,0.004921510211917457,-0.004678785114870969,-0.029975368146105626,-0.006046543029636958,-0.012371147944106393
2025-10-10,-0.03513206563064245,-0.018102847974523325,-0.018272866978024424,-0.02020380814055269,-0.005149785076803407,-0.015303047058237314,-0.022142339014739765,-0.015757083439139768,-0.036531954755604786,-0.009816511957093222
2025-10-13,0.009697219450940967,0.00779366809135244,0.027028161794492783,0.028909873680987828,0.009587995764269492,0.02325760349840236,0.006029237406721577,0.0009621377993300745,0.011666580506205372,-0.001018924981335309
2025-10-14,0.00044409403739335194,0.00494658377354698,0.044008898847429694,-0.02057163452533918,0.02177138180795983,-0.019310568668760623,-0.0009341205040682953,0.01926739626460023,0.003534791677173446,0.014689073757217874
2025-10-15,0.006316417107431709,0.011739790320613825,0.012397482300929156,-0.003678428987143776,0.0014948030443610251,0.011879709914788919,-0.00027275359542327035,-0.022712757055427624,0.003383722160596679,-0.007751368674420856
2025-10-16,-0.007608875076192666,-0.005091839149026508,0.012855936344607091,-0.01289648460071263,-0.0023461615323419204,-0.023667706974563288,-0.0035510797840451014,-0.029680925381196835,-0.012482304185900343,-0.030218617711175875
2025-10-17,0.01937074932052378,0.010090708384350448,-0.025992865603063887,-0.009702720272833585,0.011574616059692113,-0.0032879353715512373,0.003843304374112516,0.0016806326825880653,-0.0001963434875286168,0.019165287326556868
2025-10-20,0.03868081981174386,0.015013234139416031,0.010617329509454576,0.016577908909450625,-0.00771005958949753,0.016002350664474377,0.006230677385336892,0.012290093352778494,0.021857091739228007,0.0073437420756647855
2025-10-21,0.0020189956678770657,-0.007245949803439229,-0.01236960950581209,-0.005701996661722681,0.005155255910834418,-0.01758328682510997,0.0016820823805547979,0.015301787294148765,0.002438677262914455,0.008096847922759606
2025-10-22,-0.016576782761846234,-0.017283379997032434,-0.020683176810878532,-0.019128232375521477,-0.004949583424218451,-0.010081125294789122,0.005548095119554283,-0.0031610237335097423,-0.010676227158444634,-0.005342359660307028
2025-10-23,0.004362504059854729,-0.010494649712172231,0.012741763502139595,0.008265583352824702,-0.010181008058391028,0.0014609744098339644,3.830198324352716e-05,0.00226955190360418,-0.0028808826295770953,0.0017358271835217656
2025-10-24,0.012404614504223446,-0.0038657365666472376,0.004275142862682102,0.043143294936894,0.004276204082072967,0.019833214005043415,0.0058419299350753184,0.0029315217183354223,0.0056711270292869815,0.004096174928009503
2025-10-27,0.022535430692392146,-0.0020583733683965763,0.008268327565502154,0.007764237172542039,-0.0036530494688882913,0.012272916806787168,0.014993829020416998,0.0016658854215276125,0.009554213215721792,0.001265864737988114
2025-10-28,0.0007064546806767953,0.0031888471456479658,-0.004945177583906617,0.0026548339340648954,0.0012450641171988554,0.003970393153771598,0.01965435927785908,-0.008208471293984424,0.005069402033397162,-0.002648694521831236
2025-10-29,0.002599057421811432,-0.0010961819257499787,0.09424906343384233,-0.011465797560921663,-0.020189413712733306,0.0004911655410182541,-0.0009598421375916595,-0.000820899040899121,-0.03479808038131102,-0.01633320571276244
2025-10-30,0.0062834509281645655,0.0007880659675400164,-0.00400458721129091,0.009026168141688528,0.003986242173426286,0.012781781127388868,-0.02959054239918971,0.011504657091045601,-0.03003046416026644,0.010928020250313858
2025-10-31,-0.0038023760230781467,0.021781472002145943,-0.010151711701228826,-0.0010002427563090986,0.00010549615114207823,0.005414429976128775,-0.015236353172546638,-0.008857909925044122,-0.009296272431448325,-0.01251170270177694
2025-11-03,-0.004894204257525566,-0.007162845247799239,-0.011621695110128382,-0.0048892648938054,-0.003272000411401833,-0.005705337352091974,-0.0015074520028544097,-0.0035802531060394873,-0.023011247032981238,-0.011333594072781675
2025-11-04,0.003672982048232747,0.0013490285852243993,-0.04116233578746258,0.006737114114200387,0.012424042682134314,-0.0003233185823422173,-0.0052359598703769624,0.03531020767111906,-0.008907444261327448,0.010041590339910629
2025-11-05,0.00037027639315674913,0.07516188849057667,0.03863540595190636,0.0028537117830147083,-0.02441593022090449,0.007826871482808194,-0.014038471185435919,-0.002274647963274841,-0.009384139560043903,-0.0007644065982403464
2025-11-06,-0.0013707648047970096,-0.013439424944837011,0.001106277170258702,-0.006971793397309842,-0.01284157565432768,0.005567318952848631,-0.020035261253487237,-0.0014105898549769125,-0.01903637807169863,-0.009099057798671432
2025-11-07,-0.004830497568446612,0.014501883769886169,-0.011793157514992414,-0.001575582417641433,0.005512200616004965,0.0025171835486694255,-0.0005634772134459903,0.012768317728266407,0.008207402729078168,-0.0027934982366194386
2025-11-10,0.004538196928686639,0.010747775273629934,0.013669271078700801,0.013716149707603072,-0.0018340544754485988,0.008493385377406258,0.01830885328979543,0.009178314595073529,-0.008145243139280486,-0.003487885157972383
2025-11-11,0.021371265994227246,0.044682731172638594,-0.00512833887312356,0.01631129636508447,0.010232813644272932,-0.004015879422706655,0.005282490409047665,0.01277250665827816,0.018089194118003228,0.012081363306643644
2025-11-12,-0.006487770006386278,-0.006432291142136573,0.008922552108335521,0.03475805899940313,-0.008344810078487511,0.015062552570664581,0.004824422315821153,0.0003845990391274336,0.03484160198980579,0.0018607394624206178
2025-11-13,-0.0019032864784390288,-0.0008328564282833235,-0.034568762934854995,-0.040711674939301244,-0.008279288561437469,-0.03470798599221427,-0.01547699987364517,0.004498372383705416,-0.01947713316348293,-0.008296859553875047
2025-11-14,-0.001980378999716703,0.002199975748996337,0.0008670259100145021,-0.018279046112299885,-0.015634977886283975,-0.01914958084439406,0.013596993145215244,-0.0004524328315248816,-0.032583250097712964,-0.01819598895866724
2025-11-17,-0.01833822786066242,0.01465119296925041,-0.0035804056082262346,-0.019598885446452982,-0.012021492185196204,-0.01072895171512671,-0.00528662273383716,-0.009723783706359995,-0.004172064264556886,-0.013023026838665646
2025-11-18,-7.494269318828434e-05,0.006650210935004807,-0.009409133477993832,0.0009537507060893278,-0.062077906216875714,-0.003201193006381742,-0.02736654824250674,0.008191043334709434,-0.021890105523310506,-0.014128512709451764
2025-11-19,0.00417927791327616,-0.004633049761792727,0.011327457836697676,0.012404976571318239,-0.005901935103040617,0.012809672882117751,-0.013599890417002587,-0.004822472611409679,-0.0144219867474872,0.00911211623941164
2025-11-20,-0.008638680660608985,-0.018660004082581918,-0.012699774090168097,-0.015759760380527836,-0.006357884578479867,-0.01625565224692877,-0.01613072738493851,0.008302581860740324,0.007895309768342282,-0.0010804928329279967
2025-11-21,0.01948945166198309,0.011471496642738232,0.007842603829231144,0.00042639637010846883,0.03238399481586736,-0.0012073146958899105,-0.013276746178803017,0.00768266586876486,0.026699440432116386,0.012919448025736234
2025-11-24,0.016185865239936655,-0.009645184804276199,0.016522481895716448,0.021320663678890687,-0.019827170334626942,-6.698885365101652e-05,0.0039741651411188674,0.002651063662962127,-0.0028795433026825774,0.004016411062749936
2025-11-25,0.0037981174643085826,0.02016616157949715,0.01244907570480395,0.01457616647331702,0.042149807055352664,0.016639211028439127,0.006288162253039562,0.009785685124833693,0.022408189047137036,0.01575740175138493
2025-11-26,0.0020919168217879975,0.010092358586107802,0.012487607650130437,0.01691911733429499,0.012455341778812624,0.015197590979097255,0.01768384321868735,0.0027878343487502183,0.010457563570329906,-0.0022144555340456703
2025-11-28,0.004672931656329052,0.002579532224364327,0.0035320575039181987,0.01221660854931235,0.0040707099242245914,0.01752846951346055,0.01331976131486272,-0.005652228775366785,0.00018195337112645308,0.0019454325882356238
2025-12-01,0.015126085396804035,-0.02334095864378757,-0.013463909250839325,-0.018547802118194047,0.0011480664559520026,-0.013376373105924417,-0.010768959995460988,-0.008091065366999491,-0.020093200281299916,-0.012183693131125505
2025-12-02,0.010855813667109684,0.0025743968178971034,0.02505058860423925,0.010295677687870708,-0.009278024945499229,-0.003372289131460661,0.0066752761056846615,-0.006839173151693335,0.0041065213419469605,-0.0023334150503239903
2025-12-03,-0.007153630197795877,0.020650716800081025,0.015367089422754217,0.025864499122901584,0.010899854016857655,0.01370965631620816,-0.02535962814240966,-0.0148398529779375,0.04568355712286262,-3.036412830571039e-05
2025-12-04,-0.01221570568772077,-0.015344919986849143,0.012867293662658968,0.0015048682478110578,-0.012564066386735568,0.012638893895108649,0.006488852882319588,-0.005007756463749927,-0.018479471415098005,-0.0076441340002210475
2025-12-05,-0.006863676920741724,-0.030656788643426042,0.006687031916424343,0.01977158811065202,0.009748009747199606,-0.0033590274171096195,0.0048132550144607215,-0.006953646835302195,-0.007766378855169115,0.012577183106089374
2025-12-08,-0.0031975495274368187,-0.026601905620957524,-0.01111978595035481,0.014094589455052965,-0.013342525526880717,0.0005394129055581656,0.016136948462396453,-0.0036378994785082335,-0.015575384620316785,-0.01337228558736808
2025-12-09,-0.0025583338957931995,-0.02324223252020468,-0.0035941690899693804,0.011346611927776641,-0.01334937445556472,-0.0477580126220263,0.0020345419156386347,-0.0025402202043105573,-6.19322238560554e-05,-0.0010408416352632281
2025-12-10,0.005755883423229985,0.004863120870911401,0.03470618265134754,0.014339265487196422,0.01682978951242063,0.03144599947154596,-0.027737785853908292,0.0010425413925634998,0.014632932584449357,-0.002361154591191425
2025-12-11,-0.0026939973492764928,0.0063214451030090615,0.01653578198569151,0.024208674402784198,0.01786695308125115,0.023172725367381627,0.010207696489447604,0.01614347530439028,0.02514045587049668,0.05930011986202601
2025-12-12,0.0008989157235724109,0.0011337479986065645,-0.045320188592499776,-0.025649215040620756,0.006107952659075137,0.003585424751679636,-0.010270396612843471,0.008553437042216153,0.015061266513466443,0.006344812806343011
2025-12-15,-0.015098467426605677,0.023545050802987254,-0.013691128531697828,0.001834080709186751,-0.007423676399949904,0.004698341318721067,-0.007783127683565753,0.018337062919344553,-0.0021670836819175027,-0.0027060341362992527
2025-12-16,0.0018224768125210816,0.004386302076621001,-0.0014083304497397502,-0.011805274569379881,-0.012146548295781266,-0.0140665245910613,0.003301162568713752,-0.003378217163670398,-0.0204360126570397,-0.00514453041576887
2025-12-17,-0.010138143375682697,-0.0022366924343596344,-0.04700128106426628,-0.007787681118114283,0.011474052697203993,-0.0018077824369540727,-0.0005670144578096566,0.005715482874866576,-0.007719721688248354,-0.0020304268123236702
2025-12-18,0.0012866188761622868,-0.004889139619544573,0.0069875919928262305,0.004540628936010785,-0.004945618984117126,-0.006306029131143633,0.01637373706687674,0.008137939368928124,-0.010579624507848192,0.004634970454836633
2025-12-19,0.005422873807698685,0.009082564249034258,0.01819587222349538,0.019415437066867006,-0.028545174361198297,0.013360748689700244,0.004000344015857101,-0.002488862861037123,-0.002196544282454968,0.009320180857225559
2025-12-22,-0.009915062523911944,0.012174363244047404,0.010685032206420848,0.0061590911517672665,0.00402101068536161,0.018366893132135312,-0.0020599822531644067,-0.004379360251901611,-0.006926390024945617,0.008098946355653338
2025-12-23,0.00511662061139001,0.0003017048318913395,1.7186245710951824e-05,0.003009990203641675,-0.0041079573281056,0.008751792862433213,0.003972040556328548,0.0028075316627780593,-0.001107878118031256,0.0036571051953601455
2025-12-24,0.005309645046856358,0.007423671548641276,0.002298185559465677,0.010008484013639449,0.006846675945627053,0.009891715088425703,0.0024002667340582854,0.0047075680448959885,0.008522795667002358,0.004968075103509097
2025-12-26,-0.0014984650753561758,-0.0030890351015921587,-0.001302836323929354,-0.004114952313667745,0.007000172517010925,-0.003835191346630759,-0.000635419141791869,-0.005870710133304018,0.012890396707062244,-0.00039419014906235886
2025-12-29,0.001315946478043144,-0.009961432154388324,-0.007558416298993036,-0.016518594134788334,-0.006683519983972049,-0.012767537556005815,-0.001251433592068687,-0.0006506866283728951,-0.008747283939629561,-0.0010993478786346488
2025-12-30,-0.0024871571416660047,-0.002855728342025256,-0.002110825901970798,-0.008735871950478166,-0.0031708664470459368,-0.001019821077378492,0.0007798646340069418,0.0015403754686428924,0.009741294461770938,-0.002795644793117076
2025-12-31,-0.00447751549367368,-0.004207312780494707,-0.00785903951165028,-0.006147155614755879,-0.006517571237030025,-0.003717240984522652,-0.007949846425517245,-0.007966571983789571,-0.006190844773100837,-0.008263245395563262
2026-01-02,-0.003131372878208183,0.001007747338432124,0.043617343907606416,0.03941772230860427,0.0049860655455438675,0.010066566179106253,-0.022330943107238568,-0.016932095496053193,0.018875024463978082,-0.012134550198158862
2026-01-05,-0.013933702077408055,-0.021347094656799636,0.02913299288718539,0.03661596129444837,-0.00501524354247267,0.025959649608590672,-0.00019028278482039024,0.008971154099050662,0.01656830625571789,0.020906684208225328
2026-01-06,-0.01850466825035166,0.029039256736043514,0.0112819242886989,0.007384718282019345,0.014999374197471828,0.006205452227233568,0.011898917178196227,-0.008971154099050608,0.020116718390514064,0.010571463407420009
2026-01-07,-0.007767377881890955,0.03414991567285518,-0.04357831788601446,-0.01523889419262168,-0.0006586515491130244,-0.023036019155679814,0.010312113304782603,-0.00703759420177277,-0.021052731813929585,-0.0047097017803026135
2026-01-08,-0.004967451994983174,-0.03433168911714221,0.01927591606644667,-0.006599711262921566,0.029637154543408734,0.008526512029452593,-0.011148482908683465,0.0034896394249643563,0.014959212464898725,-0.010309113091659234
2026-01-09,0.0012729954419464578,-0.01222176341685037,0.01548462911350609,0.004429508142784378,0.0410845613520816,-0.0018209993893160631,0.002444154884524583,-0.007842586575347952,-0.008308906592044434,-0.007008652780753568
2026-01-12,0.0033870275674454044,-0.0017188238334414887,0.019481340500246577,0.01119398106513914,0.0008004057280328728,-0.014380442421533322,-0.004391200279534398,-0.005227084363807177,-0.010138887367654996,-0.01896236546795288
2026-01-13,0.003069341724501476,-0.0038162733881472685,0.01067696039986781,-0.01207827483390614,0.012720779814557936,-0.04278342771965156,-0.013736510171920865,-0.033681477078302394,-0.01951327029864208,-0.04566565440146623
2026-01-14,-0.004184167467870857,0.014297535078189573,0.0034815377627752295,-0.005858410386175084,-0.010030589209937699,-0.009793652154269977,-0.024279491310928283,0.005662324245340762,0.003079761035616502,0.003926702273886213
2026-01-15,-0.006754644080745421,0.0032169410121580077,0.013111300101336694,0.045267690192814125,0.008502191410074056,0.004504793022612319,-0.0059386178089697395,-0.005146271595153738,0.011870910271097124,-0.004323416072844659
2026-01-16,-0.010433286101296665,0.0011507330284085912,-0.0004481507592634555,-0.014304739460567274,0.002660206611204838,0.010326078946354242,0.006982859803150981,-0.0071010756946719026,-0.023703249806530304,0.0016767185551270123
2026-01-20,-0.0351668551236715,0.001784118769351267,-0.02570813175005784,-0.019555861311493273,-0.01339930128310387,-0.031634148199503144,-0.011680043996519843,0.0007048032084508285,0.02213845021202091,-0.007582690087833579
2026-01-21,0.0038434852977142693,0.03735981900463478,0.025708131750057723,0.010166818153172823,0.025088650021207158,-0.0023147430832682497,-0.023169676504467048,0.011212529526503602,0.027166574803321464,-0.001658722441951827
2026-01-22,0.0028225411486548003,0.010048299293444444,0.004683879920132572,0.001719442228005848,-0.009429730517253968,0.005250256375453734,0.015705446021209383,0.021157429954095638,0.019139994649359816,0.0033146980793217744
2026-01-23,-0.0012490174035431625,-0.00670693579278244,-0.03418289813728505,-0.03818926756934233,0.007165182325043076,-0.01965643372851073,0.03230063970076561,-0.0027328503732110122,0.005037037839607116,-0.0005517813625481189
2026-01-26,0.029280062037508284,0.0142275227814053,0.014732466509625484,0.014027104490430249,0.007166158269459401,0.011089757539443818,0.009249931697775502,0.014264584579951703,-0.013052956844757758,0.007057090112419174
2026-01-27,0.011135442617066204,0.004650366157919326,0.004690778595138241,-0.0022991948844890506,-0.016091440407281228,-0.00242786020870188,0.021665338517506016,-0.001562994886853186,-0.1958623101648023,-0.009881451912810188
2026-01-28,-0.007110811153218471,-0.026243627498763775,0.006816516968734201,0.007596976553798321,-0.013392398586641383,0.0015304477762258923,0.0021825727386076098,0.0027338587970652055,0.03926150716824826,0.005274093791542192
2026-01-29,0.007149435917313041,0.002101710239756111,0.03356778785553558,0.003527129165492426,-0.009342713943238828,0.0186110134055129,-0.09964199706669759,0.007945893830378446,-0.005901270992417694,0.01463327899404659
2026-01-30,0.0046354955940848324,-0.0030956512152867668,-0.011916158475616018,-0.005022635351721706,0.00744909488667757,-0.001731137208285838,-0.007432312826124691,0.0007736094637036217,-0.018508253272310458,-0.030508841001447417
2026-02-02,0.03977943491276717,0.008156501785495497,0.04977777749828281,0.011606403726335392,0.009379501242321401,0.007328700947013755,-0.016212966372652564,0.003928897417760603,-0.004680978388738319,0.036638419063308746
2026-02-03,-0.0019648308518361605,-0.017826453456915234,0.017190961624512426,-0.00778654339137532,0.0078502284911603,0.021542038351882547,-0.029142474750253583,0.009061477438487543,-0.004949472777958375,-0.014816919550832728
2026-02-04,0.02568034988064631,0.07838975725705424,-0.015874596609343924,-0.027740379884682184,0.01587951498209602,0.007656716367057874,0.007220769693221607,0.023961981760798,-0.029496859047386872,0.003096179378956673
2026-02-05,-0.002099945231847626,0.004359635860152171,-0.019721470810835695,-0.025382439327475227,-0.012552602034952065,-0.022664786213057765,-0.0508117788456412,0.017094408553513282,-0.027073735220236133,-0.0024882836297967148
2026-02-06,0.007978093232017407,0.04393623680296785,0.0682210743580755,0.04215763222627634,0.007244114971528741,0.03870475774615286,0.018797510811023772,0.003921692709857531,0.029715950323442392,0.007416261759614181
2026-02-09,-0.011729154483153655,-0.022365145008738457,0.021685447300975828,0.015883866613620973,-0.010833446713651934,-0.0009309078897587004,0.030588877549110438,-0.029178775245084842,-0.0034398437659305817,-0.01826086016889642
2026-02-10,-0.003428889326211606,-0.030172458175867577,0.0003368451737179008,0.00567479982478886,0.022526401678950238,-0.011930662750366815,-0.0007982450028616196,0.019580191232601903,-0.009035861106256354,0.009983544836991863
2026-02-11,0.006628141591757358,0.005278778184789235,0.04301525678032077,-0.004647253458799804,0.002563024640523901,-0.023717441256514482,-0.021770856259029987,0.0014056308302694582,0.02061180668265035,0.003255076220903969
2026-02-12,-0.05127412608613126,-0.0010370476633031456,-0.02179717714720612,-0.04331345499487588,-0.001178049260698272,-0.02667003680264031,-0.006276346635405002,-0.005365014933067705,0.019386995161741662,-0.015487935362444786
2026-02-13,-0.02299576337303635,0.015037029492438849,0.020764391451192823,0.0006520385640749571,0.0021246253800985635,-0.0002975346496566739,-0.0012948134751482527,-0.010885131179782216,0.030544502170628082,-0.031651313922842934
2026-02-17,0.031176814356459512,0.01123164411410549,-0.012268161161395483,0.011970394979030938,-0.02069589661233816,0.015024592367478056,-0.011175621299064731,0.016918702094028265,-0.014082689986224538,0.01710969030345111
2026-02-18,0.001779583167113982,0.016917365838884982,-0.01686571969792659,0.01912731739630163,0.0012522328869328436,0.005357972092925115,0.006880604021858627,-0.002576603175896063,-0.003083255393570477,0.002500719717439106
2026-02-19,-0.014364265239645745,-0.011202044345518358,0.011319182586796268,-0.018461565204730943,-0.012964341486217945,-0.0023669305096546424,-0.0005771156180697395,0.0048131174838305715,0.005984661139258434,-0.004286489150969675
2026-02-20,0.015233805180443597,-0.0019993270784973947,-0.001039301776311949,0.006079757295541238,0.009647420858448781,0.008855379114033855,-0.0030916613453095257,0.016633248132469317,0.00024148473949907727,0.00631380683329126
2026-02-23,0.006029062392291268,0.012384780121591952,-0.004313404821568195,-0.032991853420333284,-0.013856086552891436,-0.04313185448481375,-0.03264976672365319,0.0015072943385801608,-0.026768958709584217,-0.046002337613232615
2026-02-24,0.022144051735165694,0.009051620729776447,0.015426321885600032,0.011100109833637102,0.019673102875868792,-0.0012439331388260713,0.01171366662940935,0.00013106281095341668,-0.030166368743427256,0.002281027282134713
2026-02-25,0.007650516196371946,0.0038060656785385656,-0.0021110026979598673,0.02095872645839732,-0.023446907394421845,0.019980614880080128,0.029384030062951115,-0.002195976175348743,0.0367325850943182,0.018607203937842206
2026-02-26,-0.0046786174669959345,-0.013094999348686598,-0.01800585552471891,0.008236265103804463,-0.0012789230313482744,0.009287585014648901,0.0027919027648784594,0.0048444697702603075,0.008618580226587876,0.011783826899984999
2026-02-27,-0.032657888456674895,0.023011057396258732,-0.01350511683583126,-0.07767649036813241,0.014898224065910612,-0.019227938861463983,-0.022607514815020314,0.007806463305101125,0.022796825773807098,0.010803337045345047
2026-03-02,0.0020418360212967135,-0.006357737503741137,0.012694602161068509,0.007723903217067854,-0.02637442765926992,-0.009166031826472012,0.014685093950154448,0.0065557176524755,0.005644429366216438,0.001155111212830924
2026-03-03,-0.003670823904680181,-0.0228146759157263,-0.04088736819501215,0.0010207377114320416,-0.010545882103674903,0.00903284313298966,0.013408688431820684,0.0009650180012971961,-0.019584965832215303,0.0009978473162448813
2026-03-04,-0.004674549655599,0.0060030889212555625,0.01346510347114434,0.005399367397143323,0.005950774109636368,-0.002901611774074465,0.003139222529416255,0.003403036311108634,0.009463745900214761,-0.0011226960711266817
2026-03-05,-0.008530820840249429,-0.031252933109993754,-0.036011003325120305,-0.03734484144098903,-0.02033479344625666,-0.019699202340078,0.01343348407741661,-0.017424918702530073,-0.010986356046088715,-0.0020929143961301144
2026-03-06,-0.010932115299618045,0.005236490762455019,-0.036313027125205254,-0.016948009835965654,-0.010450291368621882,-0.013961704544366016,-0.004196934850264525,-0.0010767807685112723,-0.007961701703856537,-0.007658970641432372
2026-03-09,0.009355701068531801,0.019933774952595573,0.034526972583675805,0.012834024987260263,-0.012256414586587,0.0015189002047436512,0.0010997408113609262,-0.01023803953529861,0.0031610828529101184,-0.0043895031595710034
2026-03-10,0.0036488509698246866,-0.004093612967736234,0.01668691015440044,0.0021370576480667586,0.010102622675745836,-0.004113092137313681,-0.008955211916254719,0.0011580122164572102,-0.009973637149693414,-0.004885899513719383
2026-03-11,-7.665866677458683e-05,0.005869413292309673,-0.012764493811492554,-0.012126354856265927,-0.017825453584439502,-0.0041996269114399345,-0.0021711660852259426,-0.010102541599909235,0.010254067134065466,-0.017549612746057562
2026-03-12,-0.019552653794765996,-0.026429279204033432,-0.009799278598143132,-0.04499040287038091,-0.027873410665428124,-0.01623413942412437,-0.007486961717211273,0.008679736847771739,-0.029168036744128035,-0.007994028737336309
2026-03-13,-0.022298726148557768,-0.004305196190841188,-0.00960807110699266,-0.006765508524156545,0.00029494670980023354,0.00194219790714449,-0.015826603165408838,0.0015880094759856485,0.018028188816854616,0.0020859815078575084
2026-03-16,0.01073703156524414,0.00010919243674624467,0.008308468232935256,0.015929473926092605,0.010416632105181395,0.009550584461822866,0.011062393938410712,0.007082649605733255,0.01198077451100454,0.00962325168983942
2026-03-17,0.005561526596100866,-0.014078133484869845,0.0031673915835709254,0.015320460905565766,-0.003362523353045646,0.0025478674235575463,-0.0013511346172035092,0.0055321537730308136,0.007259347197727921,-0.0053348691270965224
2026-03-18,-0.017018443311607647,-0.027085211468953402,-0.012009119341487288,-0.0019348703792886755,-0.031235779960464647,0.0029582446106548744,-0.019262369939409975,-0.023383671226654152,-0.011330845211008127,-0.031081658353536983
2026-03-19,-0.003928594558615651,-0.004448149230324285,-0.007191077721644208,0.0049783937376406745,-0.008253200963968553,0.000799159223459491,-0.007095303210362909,-0.008086056599752938,-0.013775631048964808,0.002304848491909985
2026-03-20,-0.003903899440107385,-0.006077139869907257,-0.011347034646643384,0.0049660752762421155,-0.02299159655344834,-0.004908425671614892,-0.018550474116405733,-0.00080875071808419,-0.0174455231509311,0.006352648953259074
2026-03-23,0.01401484151217401,0.005648203300679155,0.030119857700039592,0.021571887074233458,0.03115419443308732,0.011622583491867245,0.002954801270716902,-0.0036479105445601325,-0.022197542297295016,0.009306117145498283
2026-03-24,0.0005962134063950415,-0.003838462405433543,0.02105368567660643,0.005338821336493214,3.0139540458438254e-05,0.008552216779579985,-0.02715396533836252,-0.008529758347946592,0.010114137166816495,-0.0022361165002929353
2026-03-25,0.0038868965936841777,0.015661895199351645,0.003357283470455615,0.007296522783662732,0.004823611810272099,0.010275454764177187,-0.004571189068852106,-0.008293467250332712,-0.006374053776651162,0.003778683915384097
2026-03-26,0.0010682766662048293,-0.0021778751764172676,-0.022289863004738862,-0.023071358697852384,-0.012346360582472753,-0.012809478057790993,-0.01375849145963816,0.0018565625379848665,-0.009283362219347509,0.0020313690123461773
2026-03-27,-0.016305265287713342,-0.012508634369316075,-0.011139910108905233,-0.024300961391473207,-0.020859640300669557,-0.03070730412147777,-0.025460143931080374,-0.020333856196218452,-0.03426824291173907,-0.033311546763360095
2026-03-30,-0.008760136268298902,0.0006592702232035265,-0.041052634097399815,0.005849123490794558,0.0057350844273844365,0.003282672939755061,0.006119621570560984,0.02270122509903794,0.01063754725022211,0.013511542712036988
2026-03-31,0.02861792340799197,0.008133084919475599,0.059659015947751366,0.04644066655693274,0.016524309144795298,0.03595979399902107,0.030751508049972193,-0.0004799835670905227,0.03306197377360089,0.00897335304219292
2026-04-01,0.00722396712094499,0.004055922048065404,0.030389214807068084,0.016669028835037455,0.0020350168854812107,0.004138821976746752,-0.002163541353815269,-0.00395042200795319,0.01245038282068826,-0.012417806367961514
2026-04-02,0.0011337741969299291,-0.015230837445204273,-0.018100261130393872,0.0032844743696319057,-0.024356618502375308,-0.0026441735436960176,0.011012036052553425,0.011838853144586162,0.011900622771600568,0.007641992911103777
2026-04-06,0.011422443192801985,-0.015553977606295755,0.005589342756431403,0.0034816641240127013,0.015487412368371405,0.007985826785513652,-0.001554273782834721,0.005292189706894304,0.01467915028763592,0.008375718080900806
2026-04-07,-0.02092353994916775,-0.007530492077355074,0.004427050955886327,-0.0021963531209149155,-0.02441935878424811,0.006578412169908947,-0.001583442008026952,-0.0016931734910494171,0.0895879086547476,-0.0025746810891796807
2026-04-08,0.021078124305621625,0.028444607967359162,0.06304143730926587,0.04701693207631663,0.05311733206401981,0.03492429647888253,0.005464565339410787,0.02192371195177063,-0.005703095422947106,0.02096519947643478
2026-04-09,0.006122549550145178,0.016416380690731685,0.01987683870471989,-0.002243670571822647,0.010122364787453483,0.007633806144905957,-0.0033716065208887853,0.005423170888354917,0.003034831213040657,-0.0021707699039784562
2026-04-10,-3.837862627880075e-05,-0.012963458907701265,0.0045507654751457405,0.004504509210579263,-0.00661815178604373,-0.0014833255164648355,-0.005914502235155556,-0.019884442527338387,-0.008442019378378615,-0.012829834574702392
2026-04-13,-0.00492608008275582,-0.0034243648198661117,0.0013524493307624482,-0.01891540334312436,0.01126025123887909,0.012220485822152918,0.03575398828359753,0.013532398028751558,0.028090615305180436,0.01639150026287075
2026-04-14,-0.0014285405616683605,0.003225044306534926,0.0031778547305282585,0.020929258851424812,0.004532897800011412,-0.008194680751405403,0.02248380906043869,-0.00572475441241046,0.003794689404865005,0.006379263442943204
2026-04-15,0.02894004962395038,-0.007809359267331531,-0.030787011141069683,-0.011210079575301325,-0.011149907476955986,-0.01682235070371428,0.045038931660944595,-0.0008681985395980551,-0.0004457336560626211,0.014475382883762523
2026-04-16,-0.011437735816536928,0.0033543892837894756,0.0032277388728826147,0.0005669210751237416,-0.0052066886311174475,0.013054716392694827,0.021745206541177127,-0.001638331411422538,0.00745503709348624,-0.0025672117625745476
2026-04-17,0.02559968620376182,0.01677357783152794,0.028062762567742046,0.02842539430213046,0.03568937124365886,0.0010963345559705288,0.006002075549152111,0.006570505452443796,0.025678926439573407,0.006074719558723881
2026-04-20,0.01038135123703852,-0.014572140416036225,0.006609953837680798,0.01690906414407253,0.004540429413104771,0.021362883546273116,-0.011226739734212494,-9.97753929969258e-05,-0.003548699131403294,-0.009762892580475475
2026-04-21,-0.025519586387523795,-0.015251807556906484,0.0025643439336208093,-0.01626126189025181,-0.02034866953661375,-0.012667040147730398,0.014461882436687074,0.002125637424138758,0.06733029298276866,-0.012823223904105861
2026-04-22,0.025959176283094874,0.0030691349899157165,0.010464154755056453,0.008907425596621483,-0.01293506396513984,6.385450264070844e-05,0.020442201368166157,0.0008621811451912122,0.021472413657538027,0.004346280063435474
2026-04-23,0.0009511674218491973,0.007774940714919228,0.03208089086983962,-0.0037939694898925795,0.0019421623963261846,-0.0042578849925245695,-0.04046892729307088,0.018555214135700892,0.0029374524407077356,-0.007772064583201898
2026-04-24,-0.008705470074050698,-0.011743362352051355,-0.00534206824820285,-0.004724976089718299,-0.012632391617363093,-0.01100066621441083,0.021110602722641005,-0.01508078979971591,0.0010149406229172332,0.0017466886365561328
2026-04-27,-0.012809478192957056,-0.012764312698377406,-0.0024102993922947903,0.011690868070314173,-0.010745625192561586,0.010808076207741784,0.0004708877374006461,0.003330794156953385,-0.0006483323772488628,0.0007430399980470992
2026-04-28,0.011517458457321562,-0.0017947411354494822,-0.01326333260290183,-0.012079348087324884,-0.009798066476120635,-0.0005776973848079748,0.010373925111834702,0.02046473282460245,0.033490802047142575,-0.0011310615269190594
2026-04-29,-0.001996724264136533,-0.004575151272168277,-0.009607452693017037,-0.02287036193817476,-0.01917616365582475,-0.007088869541220571,-0.01122178381802173,-0.025382276489933922,0.01076601193938577,0.07940090839954854
2026-04-30,0.0043581821011512215,0.024056056949829756,0.09424906343384233,0.01986551741050286,0.018385664630891616,0.012787757483226312,-0.040089871255673246,0.009516204454929829,-0.0007015083883958917,-0.015104785231112824
2026-05-01,0.0318800165037191,-0.048613951963340764,-0.00049446986363043,-6.495624125727234e-05,-0.015076517363001977,-0.0024292809532104396,0.016200393649031083,-0.0013774093665288184,-0.004599179270330791,-0.005502562085245217
2026-05-04,-0.011886113152468937,-0.01826663355537752,-0.016878110028585882,-0.02237669010438316,-0.03602454259823615,-0.015545747384606946,-0.0019805845311461887,-0.010523905137469751,0.0053276749432194315,-0.0036037457472216866
2026-05-05,0.026204377379577502,0.017568917660087554,0.033509397618225335,0.01714488503421291,0.00955661005269156,0.005672182198308184,-0.005430237107575421,-0.0005969633594660706,-0.018731347479859533,-0.01485676005803505
2026-05-06,0.011649901959170013,0.004601203593408435,0.024396193109919074,0.019890329092037515,0.023902012071752063,0.017620215107473358,0.006251898687306253,0.0007960079258140551,0.009327892770876702,-0.010080779881185109
2026-05-07,-0.00024353409135020537,-0.006119323752774388,-0.034283651785233744,-0.012322886498151315,-0.001269929520596664,-0.027788100651294837,0.016317058490072932,-0.008825487894483362,0.006675474177457461,0.007749152705908432
2026-05-08,0.020249955441262655,0.007899741259504557,0.0019630071444497834,0.011394331262487413,-0.01621682505751995,-0.013708901199919597,-0.013518734474677108,-0.0030152451308184483,0.02731873486028601,-0.007780386690985336
2026-05-11,-0.001263410870084823,-0.006381621100138533,0.032169564865427144,0.008908520847900796,-0.01924215891271251,-0.006975695828254186,-0.005943630903975216,-0.0030578944811416224,0.011669028561148483,0.0157785893785463
2026-05-12,0.007217267345543894,0.020124508039244343,-0.0159334390695884,0.0011001577580879898,-0.0030231951394904645,0.016135812931797267,-0.011920735420463008,0.0037958310697209625,0.030610921400947354,0.009944663173772796
2026-05-13,0.013711552929013165,0.0004757262477381072,-0.010846492980986416,0.010014151490498715,-0.025808491023145714,-0.015302751160139258,-0.006297800717341073,-0.010922534609561631,0.011961652337019645,-0.01889569225318048
2026-05-14,-0.002210734971933149,-0.0006540669740078706,0.019665671783207023,0.01407232829966856,0.00593179939930416,-0.001133015411396599,0.010360509132193222,0.011023049861134664,-0.005173410549299667,0.006875873603687341
2026-05-15,0.006750980136725528,-0.022424561330878265,-0.03529189950505665,-0.021373227165867842,-0.0227305075199021,-0.007026813007544652,0.030049741214399916,0.0049159891260291575,-0.01321672308946181,0.009965124874175094
2026-05-18,-0.007992516349121775,-0.0059013519298905795,-0.027805868820869137,-0.0022270614814435164,0.00770109381585095,0.009757209291206721,0.0038323172587519066,0.020570262343386245,-0.006930185046027386,0.020930619639496197
2026-05-19,0.003786811276571553,0.0194162479156793,-0.004408109892509308,-0.018794180736769868,0.008733918028491773,-0.016867440023781054,-0.014555068536528612,-0.0015372205689759945,-0.0048439490464608085,-0.008240956117262147
2026-05-20,0.010911313869409937,0.002476178693885644,0.014324560085388596,0.055884630759313145,0.026558602447932483,0.02101544817933584,0.008682351066833785,0.004702166586749149,-0.01537805842414452,0.0025429055901454735
2026-05-21,0.009024403912911677,0.01748949179966951,-0.007604199772860294,0.006141229874472369,0.01025062646202229,0.0033719680731615523,-0.0025261099240064715,0.0008793564102698125,-0.002141635506695474,0.0011180741687861608
2026-05-22,0.012479664098423927,0.0055561436512699585,0.01596972569127016,0.008625227369731217,-0.0022652810476995276,0.011093342450438514,-0.0012414559346094188,-0.0025095416188103694,0.015539642535444653,-0.0067878848159127385
2026-05-26,-0.0015879959853538459,-0.0099520280416926,0.03205302485306608,-0.002219708117200462,-0.00811410062735385,0.001174264026317696,-0.006086815747892765,-0.005300188994747712,-0.03034226454110954,-0.00732421634266864
2026-05-27,0.008139921177528297,0.00035711419770505785,0.0015177477410813003,0.001958727020900261,0.023266897956207372,-0.024620894478387285,-0.008109086190994702,-0.016204500233589242,0.01879491251076171,0.003455075118280244
2026-05-28,0.0053259869555545925,0.0012490331841670888,-0.024767653939067723,0.011871470535816466,0.01051540821570729,-0.008556887250948752,0.03411227317817097,-0.018948840004592127,-0.0038615833968133825,-0.008152528575366727
2026-05-29,-0.0014410019964428765,0.0009208732249877654,-0.013382359569042615,0.016903667142100644,-0.012751650272418615,0.008657160564949532,0.053020216317113844,-0.008256577528305173,-0.005820357750398663,0.004329722956123116
2026-06-01,-0.018597851122449393,-0.023006731611051413,-0.012072073595715433,0.026595554592071167,-0.020547734847003323,-0.009162885581194609,0.022575505279128875,-0.01019274838998026,-0.001183935247080185,-0.011061072964292908
2026-06-02,0.028609745520348374,-0.0026468764646313237,0.050090162458480934,0.015143465624146054,0.002667863080369441,0.014660351758215043,-0.0426087431147154,0.010089818409509769,-0.005120224790657749,-0.017029224101795568
2026-06-03,-0.015796757454885936,0.02989058962171976,0.017832850483587955,-0.022379369369468136,0.00464390869836445,-0.00036542992595152884,-0.032167569260615834,-0.0065656407257226705,-0.002437352834934702,-0.015626348182313832
2026-06-04,0.003121575198772482,0.02158548338166063,0.015321758859528672,0.048368384491827836,-0.002223738655406514,0.03282731941213016,0.0016600214708585974,0.011930618976773683,0.05035522708984489,0.024598890285205618
2026-06-05,-0.012577593355441377,0.011450317014836621,-0.039251298215882593,-0.050618609269295865,0.0026742245233542885,0.004749216223855405,-0.02694545757348533,0.03291841128605163,0.007538250641157259,0.010532180420218888
2026-06-08,-0.019051885469787897,-0.011074238331725326,0.012484186843717302,0.006066195992738819,-0.0034488637463805077,-0.004041882785132528,-0.011902481865196957,-0.021734917699835144,0.017617459975540723,-0.01212623832522194
2026-06-09,-0.03712710112671881,-0.003360857736598258,-0.0010271020997913328,-0.012508593905621795,0.03683218576111338,0.005097770013067561,-0.020438625838642196,0.011792746573923357,0.01569151044837595,0.016689714141067596
2026-06-10,0.003538736828077959,-0.020050513102136673,-0.06613891116159086,-0.030219222990397854,-0.007528231477404573,-0.01145002339481894,-0.015110828144280814,0.014476679800616486,-0.013504891015065175,-0.006450528476412402
2026-06-11,0.013794257734621061,0.04721959097602018,0.047300726342056135,0.03373045572023426,0.021987712203827302,0.013973159341883886,-0.017824428828516183,0.0017785386314760788,-0.004698628575230631,-0.012180618104121438
2026-06-12,-0.01533867189083751,0.0032146657656395,0.01431279407030746,0.025840326516380692,0.007273933284636582,0.022801088305249184,0.001024178192860307,0.00184095992888206,0.007296773612239262,0.010414240996725143
2026-06-15,0.01800742754428881,-0.013234763228043655,0.025330741753860898,0.012548572081759626,0.004345081929635446,-0.004124253549057807,0.022822067271982282,0.00658023013356631,0.011844844830328613,0.004425779772039547
2026-06-16,0.009468545598219242,-0.007703621935065196,0.012270110158081054,0.013383735473770333,0.021802844174378055,0.03609700380331456,-0.01494508985482197,0.003387775370731633,-0.008281592876727754,0.028314950300615944
2026-06-17,-0.011055424053765445,-0.017926543261887955,0.011002562035189886,0.007735861697567604,-0.02892289186179083,0.006981595563343599,-0.038620640437544464,-0.004693758763142166,-0.020120122706217283,-0.008259201386233414
2026-06-18,0.0069365307945603305,-0.01195431710424494,0.03079958713684165,-0.0023500095454210474,0.020551945285334758,-0.025021004563508302,0.0012923355329048031,0.005668771212171369,0.0035728560157222105,-0.009549778758839889
2026-06-22,-0.0033611561756575186,0.020870764199575113,0.036316952767212,0.008906284570600163,-0.02318157711786804,0.01906562392442834,-0.03230316380562538,0.009055419110110485,0.014164972090134202,-0.0019576070183423035
2026-06-23,-0.009166281020203648,0.006621127485527053,-0.037920978476691916,-0.01084154202611253,-0.006665937744480986,0.0079925927086734,0.017807471218292778,0.020237495877509757,0.006299552270358629,0.00573980923589435
2026-06-24,-0.004154097032731816,0.012656853579019836,0.01032005776445356,-0.01614688981934544,0.05519068451099198,-0.0020670898451318684,-0.022938479444906717,0.011855243636461073,-0.008465808125153658,0.011351533276049406
2026-06-25,-0.06312910528852322,0.003947477065415546,0.06100962121473892,-0.011036696406706303,0.006222257671840294,0.004995642558455251,-0.03517054764995348,-0.007667904170181313,0.023694430552612552,-0.005160385792278576
2026-06-26,0.0308828692129702,0.015496281400344541,-0.05797737219908435,-0.043639004627703294,0.01112626103626828,-0.018278986678531093,0.05551167715699935,0.028128052977071428,0.029311350425026323,0.017128339254971568
2026-06-29,-0.007214617571347412,0.006176353395183919,0.03518432132504113,0.0005883179283807624,0.005574144024877488,0.0010328228489229123,-0.011867310540754928,0.013682509230554956,-0.01904007367568559,0.015991350524692343
2026-06-30,0.026686927946559438,0.004345017521677703,0.03022987371430863,-0.008702660589631978,0.005316284932007034,-0.006273683348712328,0.01200133424528148,-0.005317309721268427,-0.010030630450691238,0.004205944469269732
2026-07-01,0.017199902237751946,-0.002184038520469348,-0.07150808414467912,0.00811434266125099,-0.00523075895861047,0.020381822909216155,0.029739464873233083,0.013539375372128732,0.02591070555338916,0.023021329548292217
2026-07-02,0.04727163430823289,0.03486520020569811,-0.028524478916992755,0.0013623519629840362,0.019923274934580085,0.0011965992262364675,0.01603083427328197,0.0227211716853793,-0.0027703083242291157,0.030989147665266885
2026-07-06,0.01297326356082142,-0.020822038063947654,0.006609912826208251,0.03303311421483824,-0.02046503378661379,0.01416475391773782,-0.009649719886582553,-0.00921521882912533,-0.01747841907918841,-0.01356741917339828
2026-07-07,-0.006417317752291537,0.004519856596234847,-0.031206058573527533,-0.011733723129723893,-0.01563565644456564,0.004431714626410532,0.005415354725410578,0.013355013054512362,0.024109577938321594,-0.01423657256227503
2026-07-08,0.008749398121391793,-0.0002989150673114832,0.008431350392650533,-0.012872694526097475,-0.02641699841067446,-0.025679203186040205,-0.014245595270438406,-0.016988167285588874,-0.006067103813884256,-0.01334830838528386
2026-07-09,0.008989700861949937,-0.011946383152401605,-0.01027324693870354,0.025250535046431908,0.007467429753206743,0.014562872418268957,0.0026572451051034866,-0.0013620321798218425,0.014184622798204321,0.0019261362168024009
2026-07-10,-0.0028501014457968927,-0.0006326566910276255,0.014829951481572871,-0.0007483911683084291,0.01340134465788643,0.002976458417840585,0.0019234466759783032,0.004257829021456518,-0.01648990132711786,0.0022088809220985823
2026-07-13,0.0062911086352786345,-0.008123370493375309,-0.022231652126519327,-0.008824080177097682,-0.01819540330857012,-0.005782437695950464,0.015178953575442218,0.007612874723167,0.01047206743804133,0.02484841250699179
2026-07-14,-0.007751077889289611,-0.014531517769575801,0.0020056097145442916,0.08614097824544868,0.0018670982277434187,0.024683180746480203,-0.015620487433093756,-0.013798725782981013,-0.009130551456986493,-0.004847464745135289
2026-07-15,0.039359995560940185,0.008604650901529997,-0.02061082343461094,0.01053200441759528,0.010895628520891903,0.011655652124962753,0.027417947067890327,-0.022943215443080513,-0.01581152383113182,-0.0024747992861527046
2026-07-16,0.017434906842973087,0.03633772785141987,-0.04145789664117089,-0.050385967524149276,0.019087878719759418,-0.010897739299897794,0.013731328503507289,0.025878183023368917,0.011545524874144557,0.027768730765085993
2026-07-17,0.0014391811187502526,-0.014338766123947029,0.0035392300971740015,-0.027993048232228163,-0.026643320109255908,-0.005991944249690522,-0.018316835481835936,0.08619465657825753,0.0063804109612864745,-0.0181848633408814
2026-07-20,-0.021656657586981348,-0.0058045317740973035,-0.016466749791745665,-0.009612074629548242,-0.01735395593324064,-0.006559168720411391,0.021279310768907687,-0.0013018095127959586,-0.010712176890601608,0.0055901409972759315
2026-07-21,0.0035150750095092813,0.005667924789664277,0.0292678047389589,0.028526799558714757,-0.004333203832936832,0.018594354799919808,-0.011349616213798593,0.003061820806119227,0.03450631784298453,-0.013261094711262654
2026-07-22,-0.005660657333930309,-0.0005188575140795692,-0.0007418429775759293,0.01157646821771373,-0.00045243198724947986,0.008594828111342118,-0.018805463167719517,0.006606292934506732,-0.011617654307894834,-0.006767801178883583
2026-07-23,-0.01306479450939142,0.014778927884581352,0.005863716708912994,-0.021612347038053367,-0.020544522663152973,0.0048416604209664225,-0.022697680641045857,0.011463839808874806,-0.01813184838009691,-0.005163057045219442
2026-07-24,0.03470739356294198,0.01214670778020962,-0.006516139733800489,-0.012631494444492953,0.025150048105932927,0.009415374777564975,0.00031453086371062644,0.028523709931313885,-0.006680169727287765,0.011705963996272465
2026-07-27,0.01161331318603087,0.0005848668982526034,-0.017537184303421646,-0.012325589013643681,0.009296462455975351,0.00842964841811415,0.019201373487281348,0.007947461022916925,-0.0073951650223544755,0.018907089981359534
2026-07-28,0.00936495711319729,0.04378363375947583,-0.0378430151342828,-0.014306825638986035,0.024628016398478704,0.0031113403646732428,0.010863395254360744,0.017446424417875365,0.026347454514779548,0.01113679563180023
