Date,Ticker,Close
2016-07-29,GS,129.266571044922
2016-08-01,GS,128.753707885742
2016-08-02,GS,127.028167724609
2016-08-03,GS,128.883972167969
2016-08-04,GS,128.647994995117
2016-08-05,GS,131.936386108398
2016-08-08,GS,132.538696289063
2016-08-09,GS,133.035217285156
2016-08-10,GS,132.017791748047
2016-08-11,GS,133.377090454102
2016-08-12,GS,132.88053894043
2016-08-15,GS,134.752746582031
2016-08-16,GS,134.83415222168
2016-08-17,GS,134.850341796875
2016-08-18,GS,135.16780090332
2016-08-19,GS,135.306243896484
2016-08-22,GS,135.330581665039
2016-08-23,GS,135.18408203125
2016-08-24,GS,134.549179077148
2016-08-25,GS,135.037582397461
2016-08-26,GS,135.094573974609
2016-08-29,GS,135.827133178711
2016-08-30,GS,138.401138305664
2016-08-31,GS,138.47477722168
2016-09-01,GS,137.698440551758
2016-09-02,GS,138.245910644531
2016-09-06,GS,138.36848449707
2016-09-07,GS,138.646301269531
2016-09-08,GS,140.272430419922
2016-09-09,GS,137.74739074707
2016-09-12,GS,139.782150268555
2016-09-13,GS,136.46452331543
2016-09-14,GS,135.778091430664
2016-09-15,GS,137.347045898438
2016-09-16,GS,135.647369384766
2016-09-19,GS,135.818969726563
2016-09-20,GS,136.031387329102
2016-09-21,GS,136.489013671875
2016-09-22,GS,137.298049926758
2016-09-23,GS,134.936477661133
2016-09-26,GS,131.953842163086
2016-09-27,GS,133.106033325195
2016-09-28,GS,133.563613891602
2016-09-29,GS,129.886413574219
2016-09-30,GS,131.782257080078
2016-10-03,GS,131.618804931641
2016-10-04,GS,132.599334716797
2016-10-05,GS,135.974212646484
2016-10-06,GS,136.587051391602
2016-10-07,GS,138.777008056641
2016-10-10,GS,139.76579284668
2016-10-11,GS,138.13151550293
2016-10-12,GS,138.344024658203
2016-10-13,GS,136.80778503418
2016-10-14,GS,139.340911865234
2016-10-17,GS,138.098815917969
2016-10-18,GS,141.065063476563
2016-10-19,GS,142.601318359375
2016-10-20,GS,142.601318359375
2016-10-21,GS,142.732040405273
2016-10-24,GS,143.099807739258
2016-10-25,GS,143.451171875
2016-10-26,GS,144.693252563477
2016-10-27,GS,145.248962402344
2016-10-28,GS,144.750411987305
2016-10-31,GS,145.649307250977
2016-11-01,GS,145.502197265625
2016-11-02,GS,144.292892456055
2016-11-03,GS,143.990493774414
2016-11-04,GS,143.753524780273
2016-11-07,GS,148.296890258789
2016-11-08,GS,148.656372070313
2016-11-09,GS,157.408157348633
2016-11-10,GS,164.141494750977
2016-11-11,GS,166.650192260742
2016-11-14,GS,170.932022094727
2016-11-15,GS,172.574478149414
2016-11-16,GS,168.545928955078
2016-11-17,GS,171.299713134766
2016-11-18,GS,171.888092041016
2016-11-21,GS,172.484664916992
2016-11-22,GS,172.509140014648
2016-11-23,GS,173.48974609375
2016-11-25,GS,172.729782104492
2016-11-28,GS,171.888092041016
2016-11-29,GS,173.568496704102
2016-11-30,GS,179.748886108398
2016-12-01,GS,185.765365600586
2016-12-02,GS,183.085006713867
2016-12-05,GS,187.339172363281
2016-12-06,GS,189.658905029297
2016-12-07,GS,193.085205078125
2016-12-08,GS,197.913101196289
2016-12-09,GS,198.240997314453
2016-12-12,GS,194.404830932617
2016-12-13,GS,195.536056518555
2016-12-14,GS,196.667144775391
2016-12-15,GS,199.18359375
2016-12-16,GS,195.82292175293
2016-12-19,GS,195.962265014648
2016-12-20,GS,199.257400512695
2016-12-21,GS,197.904891967773
2016-12-22,GS,196.82292175293
2016-12-23,GS,197.519653320313
2016-12-27,GS,198.003295898438
2016-12-28,GS,197.257354736328
2016-12-29,GS,195.232757568359
2016-12-30,GS,196.273742675781
2017-01-03,GS,198.011459350586
2017-01-04,GS,199.290176391602
2017-01-05,GS,197.806564331055
2017-01-06,GS,200.741058349609
2017-01-09,GS,199.093460083008
2017-01-10,GS,198.831207275391
2017-01-11,GS,201.445983886719
2017-01-12,GS,199.872192382813
2017-01-13,GS,200.249237060547
2017-01-17,GS,193.232727050781
2017-01-18,GS,192.044189453125
2017-01-19,GS,189.683486938477
2017-01-20,GS,190.331008911133
2017-01-23,GS,190.716293334961
2017-01-24,GS,191.544128417969
2017-01-25,GS,194.470428466797
2017-01-26,GS,196.380325317383
2017-01-27,GS,194.224548339844
2017-01-30,GS,191.724472045898
2017-01-31,GS,187.970306396484
2017-02-01,GS,189.076934814453
2017-02-02,GS,188.863800048828
2017-02-03,GS,197.503219604492
2017-02-06,GS,196.708160400391
2017-02-07,GS,196.413024902344
2017-02-08,GS,194.863876342773
2017-02-09,GS,197.995101928711
2017-02-10,GS,198.954147338867
2017-02-13,GS,201.863983154297
2017-02-14,GS,204.478790283203
2017-02-15,GS,205.364028930664
2017-02-16,GS,204.46240234375
2017-02-17,GS,205.232894897461
2017-02-21,GS,206.364074707031
2017-02-22,GS,206.339447021484
2017-02-23,GS,205.896865844727
2017-02-24,GS,202.749267578125
2017-02-27,GS,204.37223815918
2017-02-28,GS,203.862701416016
2017-03-01,GS,207.684219360352
2017-03-02,GS,206.328216552734
2017-03-03,GS,207.832138061523
2017-03-06,GS,207.108917236328
2017-03-07,GS,206.196716308594
2017-03-08,GS,205.654266357422
2017-03-09,GS,205.604995727539
2017-03-10,GS,204.125732421875
2017-03-13,GS,203.944946289063
2017-03-14,GS,203.583267211914
2017-03-15,GS,202.810760498047
2017-03-16,GS,203.994186401367
2017-03-17,GS,200.476791381836
2017-03-20,GS,198.997467041016
2017-03-21,GS,191.485961914063
2017-03-22,GS,189.899871826172
2017-03-23,GS,190.581954956055
2017-03-24,GS,187.713775634766
2017-03-27,GS,185.30583190918
2017-03-28,GS,188.46989440918
2017-03-29,GS,187.746704101563
2017-03-30,GS,190.023132324219
2017-03-31,GS,188.790344238281
2017-04-03,GS,188.165756225586
2017-04-04,GS,188.412368774414
2017-04-05,GS,187.097412109375
2017-04-06,GS,187.902816772461
2017-04-07,GS,187.278259277344
2017-04-10,GS,188.108276367188
2017-04-11,GS,187.163162231445
2017-04-12,GS,185.527694702148
2017-04-13,GS,183.530700683594
2017-04-17,GS,185.946838378906
2017-04-18,GS,177.177917480469
2017-04-19,GS,175.945205688477
2017-04-20,GS,179.207855224609
2017-04-21,GS,178.221649169922
2017-04-24,GS,183.448471069336
2017-04-25,GS,186.250915527344
2017-04-26,GS,185.897552490234
2017-04-27,GS,185.577056884766
2017-04-28,GS,183.92512512207
2017-05-01,GS,184.788055419922
2017-05-02,GS,185.010025024414
2017-05-03,GS,185.987991333008
2017-05-04,GS,186.218109130859
2017-05-05,GS,186.448196411133
2017-05-08,GS,184.93603515625
2017-05-09,GS,183.89225769043
2017-05-10,GS,184.812774658203
2017-05-11,GS,184.714096069336
2017-05-12,GS,183.119750976563
2017-05-15,GS,185.010025024414
2017-05-16,GS,185.404449462891
2017-05-17,GS,175.641098022461
2017-05-18,GS,176.824584960938
2017-05-19,GS,177.013610839844
2017-05-22,GS,177.531341552734
2017-05-23,GS,180.50634765625
2017-05-24,GS,183.949813842773
2017-05-25,GS,182.832153320313
2017-05-26,GS,183.703247070313
2017-05-30,GS,180.108032226563
2017-05-31,GS,174.203857421875
2017-06-01,GS,177.296127319336
2017-06-02,GS,175.894348144531
2017-06-05,GS,176.455062866211
2017-06-06,GS,176.900299072266
2017-06-07,GS,177.931106567383
2017-06-08,GS,180.388381958008
2017-06-09,GS,183.422882080078
2017-06-12,GS,182.985900878906
2017-06-13,GS,184.874130249023
2017-06-14,GS,186.779006958008
2017-06-15,GS,184.074325561523
2017-06-16,GS,182.903411865234
2017-06-19,GS,186.465667724609
2017-06-20,GS,185.616317749023
2017-06-21,GS,183.464126586914
2017-06-22,GS,181.221237182617
2017-06-23,GS,179.093795776367
2017-06-26,GS,181.773742675781
2017-06-27,GS,181.641784667969
2017-06-28,GS,184.066116333008
2017-06-29,GS,185.047348022461
2017-06-30,GS,182.977600097656
2017-07-03,GS,187.413864135742
2017-07-05,GS,188.040618896484
2017-07-06,GS,186.92741394043
2017-07-07,GS,185.764770507813
2017-07-10,GS,186.226501464844
2017-07-11,GS,187.141845703125
2017-07-12,GS,187.504669189453
2017-07-13,GS,189.986679077148
2017-07-14,GS,188.502380371094
2017-07-17,GS,189.046676635742
2017-07-18,GS,184.140274047852
2017-07-19,GS,183.777435302734
2017-07-20,GS,183.307495117188
2017-07-21,GS,181.559341430664
2017-07-24,GS,179.910095214844
2017-07-25,GS,182.713760375977
2017-07-26,GS,183.266235351563
2017-07-27,GS,182.631256103516
2017-07-28,GS,184.387649536133
2017-07-31,GS,185.805969238281
2017-08-01,GS,187.183074951172
2017-08-02,GS,186.581115722656
2017-08-03,GS,184.701049804688
2017-08-04,GS,189.483703613281
2017-08-07,GS,192.064666748047
2017-08-08,GS,191.347229003906
2017-08-09,GS,190.489624023438
2017-08-10,GS,185.946151733398
2017-08-11,GS,184.832992553711
2017-08-14,GS,187.479949951172
2017-08-15,GS,187.669509887695
2017-08-16,GS,186.036865234375
2017-08-17,GS,182.581771850586
2017-08-18,GS,183.183776855469
2017-08-21,GS,182.062347412109
2017-08-22,GS,184.362899780273
2017-08-23,GS,183.670318603516
2017-08-24,GS,183.87646484375
2017-08-25,GS,183.447692871094
2017-08-28,GS,181.699493408203
2017-08-29,GS,181.997406005859
2017-08-30,GS,184.032806396484
2017-08-31,GS,185.125
2017-09-01,GS,186.895614624023
2017-09-05,GS,180.193588256836
2017-09-06,GS,181.062377929688
2017-09-07,GS,178.58837890625
2017-09-08,GS,179.721969604492
2017-09-11,GS,182.907501220703
2017-09-12,GS,186.953567504883
2017-09-13,GS,187.458267211914
2017-09-14,GS,187.698257446289
2017-09-15,GS,186.349533081055
2017-09-18,GS,188.260925292969
2017-09-19,GS,189.402679443359
2017-09-20,GS,190.130828857422
2017-09-21,GS,191.371948242188
2017-09-22,GS,191.156799316406
2017-09-25,GS,190.519714355469
2017-09-26,GS,190.254928588867
2017-09-27,GS,194.243072509766
2017-09-28,GS,194.830535888672
2017-09-29,GS,196.253677368164
2017-10-02,GS,199.116500854492
2017-10-03,GS,199.91911315918
2017-10-04,GS,198.83512878418
2017-10-05,GS,203.5927734375
2017-10-06,GS,203.559692382813
2017-10-09,GS,200.895370483398
2017-10-10,GS,200.729949951172
2017-10-11,GS,200.564498901367
2017-10-12,GS,198.413192749023
2017-10-13,GS,197.362380981445
2017-10-16,GS,200.572769165039
2017-10-17,GS,195.343521118164
2017-10-18,GS,200.25830078125
2017-10-19,GS,198.570434570313
2017-10-20,GS,202.492340087891
2017-10-23,GS,200.341064453125
2017-10-24,GS,202.583389282227
2017-10-25,GS,199.993530273438
2017-10-26,GS,200.001815795898
2017-10-27,GS,199.993530273438
2017-10-30,GS,199.315078735352
2017-10-31,GS,200.630676269531
2017-11-01,GS,202.103454589844
2017-11-02,GS,204.271347045898
2017-11-03,GS,202.219284057617
2017-11-06,GS,201.466339111328
2017-11-07,GS,198.421447753906
2017-11-08,GS,199.612945556641
2017-11-09,GS,199.232345581055
2017-11-10,GS,198.70280456543
2017-11-13,GS,198.802139282227
2017-11-14,GS,196.295043945313
2017-11-15,GS,196.601135253906
2017-11-16,GS,198.057388305664
2017-11-17,GS,196.940414428711
2017-11-20,GS,197.031463623047
2017-11-21,GS,196.940414428711
2017-11-22,GS,195.62483215332
2017-11-24,GS,195.227645874023
2017-11-27,GS,194.532669067383
2017-11-28,GS,198.090530395508
2017-11-29,GS,200.331527709961
2017-11-30,GS,205.544052124023
2017-12-01,GS,206.63134765625
2017-12-04,GS,208.042358398438
2017-12-05,GS,206.11669921875
2017-12-06,GS,204.14128112793
2017-12-07,GS,206.3076171875
2017-12-08,GS,207.793395996094
2017-12-11,GS,207.610733032227
2017-12-12,GS,213.877319335938
2017-12-13,GS,212.117706298828
2017-12-14,GS,212.051315307617
2017-12-15,GS,213.454040527344
2017-12-18,GS,215.819519042969
2017-12-19,GS,212.881332397461
2017-12-20,GS,211.802276611328
2017-12-21,GS,216.641265869141
2017-12-22,GS,214.948043823242
2017-12-26,GS,213.910507202148
2017-12-27,GS,212.441375732422
2017-12-28,GS,212.897872924805
2017-12-29,GS,211.453689575195
2018-01-02,GS,212.209014892578
2018-01-03,GS,210.233581542969
2018-01-04,GS,213.171813964844
2018-01-05,GS,212.084548950195
2018-01-08,GS,209.005126953125
2018-01-09,GS,210.773086547852
2018-01-10,GS,211.096786499023
2018-01-11,GS,211.760833740234
2018-01-12,GS,213.337860107422
2018-01-16,GS,214.52473449707
2018-01-17,GS,210.532379150391
2018-01-18,GS,208.307922363281
2018-01-19,GS,212.582473754883
2018-01-22,GS,217.064529418945
2018-01-23,GS,215.877624511719
2018-01-24,GS,220.517395019531
2018-01-25,GS,223.297958374023
2018-01-26,GS,222.559265136719
2018-01-29,GS,226.161468505859
2018-01-30,GS,223.223205566406
2018-01-31,GS,222.351760864258
2018-02-01,GS,225.953918457031
2018-02-02,GS,215.836120605469
2018-02-05,GS,206.764129638672
2018-02-06,GS,214.723968505859
2018-02-07,GS,213.395919799805
2018-02-08,GS,204.47331237793
2018-02-09,GS,206.921829223633
2018-02-12,GS,210.12565612793
2018-02-13,GS,212.0927734375
2018-02-14,GS,217.9443359375
2018-02-15,GS,222.17741394043
2018-02-16,GS,222.127578735352
2018-02-20,GS,219.861724853516
2018-02-21,GS,218.624984741211
2018-02-22,GS,216.989852905273
2018-02-23,GS,221.422134399414
2018-02-26,GS,225.148941040039
2018-02-27,GS,222.384963989258
2018-02-28,GS,218.847518920898
2018-03-01,GS,213.728591918945
2018-03-02,GS,214.843948364258
2018-03-05,GS,219.005615234375
2018-03-06,GS,222.176818847656
2018-03-07,GS,220.861785888672
2018-03-08,GS,221.685806274414
2018-03-09,GS,225.373062133789
2018-03-12,GS,227.545425415039
2018-03-13,GS,223.508560180664
2018-03-14,GS,220.096008300781
2018-03-15,GS,221.910491943359
2018-03-16,GS,222.734512329102
2018-03-19,GS,218.514541625977
2018-03-20,GS,219.063934326172
2018-03-21,GS,217.948577880859
2018-03-22,GS,210.249420166016
2018-03-23,GS,204.140045166016
2018-03-26,GS,212.147155761719
2018-03-27,GS,205.804718017578
2018-03-28,GS,207.560974121094
2018-03-29,GS,209.633514404297
2018-04-02,GS,205.879608154297
2018-04-03,GS,208.568069458008
2018-04-04,GS,210.266067504883
2018-04-05,GS,212.921188354492
2018-04-06,GS,208.060333251953
2018-04-09,GS,209.908111572266
2018-04-10,GS,213.553833007813
2018-04-11,GS,210.532409667969
2018-04-12,GS,216.067489624023
2018-04-13,GS,213.012817382813
2018-04-16,GS,214.644149780273
2018-04-17,GS,211.106704711914
2018-04-18,GS,211.414688110352
2018-04-19,GS,211.556182861328
2018-04-20,GS,209.716674804688
2018-04-23,GS,205.313613891602
2018-04-24,GS,201.834487915039
2018-04-25,GS,199.120986938477
2018-04-26,GS,199.836791992188
2018-04-27,GS,199.595443725586
2018-04-30,GS,198.37190246582
2018-05-01,GS,196.990219116211
2018-05-02,GS,194.809448242188
2018-05-03,GS,194.276763916016
2018-05-04,GS,195.550247192383
2018-05-07,GS,197.431365966797
2018-05-08,GS,197.264892578125
2018-05-09,GS,201.201873779297
2018-05-10,GS,202.625137329102
2018-05-11,GS,202.192291259766
2018-05-14,GS,203.016357421875
2018-05-15,GS,201.060363769531
2018-05-16,GS,200.560958862305
2018-05-17,GS,199.012756347656
2018-05-18,GS,197.264892578125
2018-05-21,GS,197.847534179688
2018-05-22,GS,198.097198486328
2018-05-23,GS,197.939071655273
2018-05-24,GS,196.515808105469
2018-05-25,GS,195.608489990234
2018-05-29,GS,188.966415405273
2018-05-30,GS,191.413818359375
2018-05-31,GS,188.674087524414
2018-06-01,GS,190.737228393555
2018-06-04,GS,192.023559570313
2018-06-05,GS,190.728866577148
2018-06-06,GS,193.978118896484
2018-06-07,GS,194.997192382813
2018-06-08,GS,194.94709777832
2018-06-11,GS,195.531768798828
2018-06-12,GS,194.312271118164
2018-06-13,GS,195.314605712891
2018-06-14,GS,195.164245605469
2018-06-15,GS,193.719207763672
2018-06-18,GS,193.276489257813
2018-06-19,GS,190.712158203125
2018-06-20,GS,190.294509887695
2018-06-21,GS,189.592880249023
2018-06-22,GS,188.791046142578
2018-06-25,GS,185.048965454102
2018-06-26,GS,185.082427978516
2018-06-27,GS,183.912963867188
2018-06-28,GS,186.619277954102
2018-06-29,GS,184.238739013672
2018-07-02,GS,186.485641479492
2018-07-03,GS,184.080032348633
2018-07-05,GS,184.380767822266
2018-07-06,GS,185.257797241211
2018-07-09,GS,190.436553955078
2018-07-10,GS,189.484329223633
2018-07-11,GS,188.490295410156
2018-07-12,GS,189.793411254883
2018-07-13,GS,189.116806030273
2018-07-16,GS,193.318267822266
2018-07-17,GS,192.96745300293
2018-07-18,GS,193.151168823242
2018-07-19,GS,191.806411743164
2018-07-20,GS,193.527069091797
2018-07-23,GS,195.256103515625
2018-07-24,GS,197.026931762695
2018-07-25,GS,197.703506469727
2018-07-26,GS,198.054351806641
2018-07-27,GS,198.497039794922
2018-07-30,GS,199.591278076172
2018-07-31,GS,198.321655273438
2018-08-01,GS,197.160568237305
2018-08-02,GS,195.448272705078
2018-08-03,GS,195.531768798828
2018-08-06,GS,197.068649291992
2018-08-07,GS,198.655746459961
2018-08-08,GS,197.436233520508
2018-08-09,GS,195.272857666016
2018-08-10,GS,191.789703369141
2018-08-13,GS,189.492660522461
2018-08-14,GS,191.747940063477
2018-08-15,GS,191.488967895508
2018-08-16,GS,194.621307373047
2018-08-17,GS,194.938735961914
2018-08-20,GS,196.943420410156
2018-08-21,GS,199.340606689453
2018-08-22,GS,199.917022705078
2018-08-23,GS,197.4111328125
2018-08-24,GS,196.383743286133
2018-08-27,GS,202.640060424805
2018-08-28,GS,202.44792175293
2018-08-29,GS,202.305450439453
2018-08-30,GS,200.629379272461
2018-08-31,GS,199.296829223633
2018-09-04,GS,199.171173095703
2018-09-05,GS,199.087341308594
2018-09-06,GS,196.539688110352
2018-09-07,GS,196.028457641602
2018-09-10,GS,194.352340698242
2018-09-11,GS,192.927673339844
2018-09-12,GS,191.201309204102
2018-09-13,GS,191.352157592773
2018-09-14,GS,192.114761352539
2018-09-17,GS,190.983383178711
2018-09-18,GS,191.821472167969
2018-09-19,GS,197.427963256836
2018-09-20,GS,198.953216552734
2018-09-21,GS,197.226852416992
2018-09-24,GS,195.182022094727
2018-09-25,GS,194.846771240234
2018-09-26,GS,191.813049316406
2018-09-27,GS,190.857711791992
2018-09-28,GS,187.924514770508
2018-10-01,GS,188.837997436523
2018-10-02,GS,189.458114624023
2018-10-03,GS,190.891204833984
2018-10-04,GS,190.639739990234
2018-10-05,GS,189.156494140625
2018-10-08,GS,188.854721069336
2018-10-09,GS,186.809921264648
2018-10-10,GS,180.088745117188
2018-10-11,GS,178.479644775391
2018-10-12,GS,179.233917236328
2018-10-15,GS,180.365264892578
2018-10-16,GS,185.7958984375
2018-10-17,GS,191.31022644043
2018-10-18,GS,188.519546508789
2018-10-19,GS,190.204025268555
2018-10-22,GS,185.712097167969
2018-10-23,GS,183.164398193359
2018-10-24,GS,175.303451538086
2018-10-25,GS,179.351272583008
2018-10-26,GS,177.968460083008
2018-10-29,GS,179.753540039063
2018-10-30,GS,183.767761230469
2018-10-31,GS,188.871520996094
2018-11-01,GS,190.212432861328
2018-11-02,GS,192.491882324219
2018-11-05,GS,191.678970336914
2018-11-06,GS,191.243179321289
2018-11-07,GS,193.824401855469
2018-11-08,GS,194.134475708008
2018-11-09,GS,186.592010498047
2018-11-12,GS,172.680374145508
2018-11-13,GS,171.842330932617
2018-11-14,GS,169.696868896484
2018-11-15,GS,170.744476318359
2018-11-16,GS,169.386840820313
2018-11-19,GS,166.118423461914
2018-11-20,GS,160.352584838867
2018-11-21,GS,161.408569335938
2018-11-23,GS,158.475387573242
2018-11-26,GS,162.866775512695
2018-11-27,GS,162.288528442383
2018-11-28,GS,166.22737121582
2018-11-29,GS,163.955520629883
2018-11-30,GS,160.455047607422
2018-12-03,GS,161.246032714844
2018-12-04,GS,155.086654663086
2018-12-06,GS,154.901519775391
2018-12-07,GS,151.182327270508
2018-12-10,GS,150.475509643555
2018-12-11,GS,148.767379760742
2018-12-12,GS,148.683303833008
2018-12-13,GS,148.026916503906
2018-12-14,GS,145.376388549805
2018-12-17,GS,141.371078491211
2018-12-18,GS,144.307754516602
2018-12-19,GS,142.414474487305
2018-12-20,GS,141.707672119141
2018-12-21,GS,134.673202514648
2018-12-24,GS,131.559844970703
2018-12-26,GS,137.096542358398
2018-12-27,GS,139.183395385742
2018-12-28,GS,137.180694580078
2018-12-31,GS,140.563323974609
2019-01-02,GS,144.753707885742
2019-01-03,GS,142.633316040039
2019-01-04,GS,147.294891357422
2019-01-07,GS,148.111053466797
2019-01-08,GS,147.564163208008
2019-01-09,GS,148.48974609375
2019-01-10,GS,148.094284057617
2019-01-11,GS,148.876770019531
2019-01-14,GS,150.38298034668
2019-01-15,GS,151.384292602539
2019-01-16,GS,165.83186340332
2019-01-17,GS,167.523178100586
2019-01-18,GS,170.426193237305
2019-01-22,GS,166.336715698242
2019-01-23,GS,165.680435180664
2019-01-24,GS,166.437728881836
2019-01-25,GS,168.911575317383
2019-01-28,GS,168.053314208984
2019-01-29,GS,168.70964050293
2019-01-30,GS,170.375717163086
2019-01-31,GS,166.614410400391
2019-02-01,GS,165.377532958984
2019-02-04,GS,166.370422363281
2019-02-05,GS,166.614410400391
2019-02-06,GS,165.444839477539
2019-02-07,GS,162.457717895508
2019-02-08,GS,161.279678344727
2019-02-11,GS,160.993576049805
2019-02-12,GS,163.652526855469
2019-02-13,GS,163.820846557617
2019-02-14,GS,162.003311157227
2019-02-15,GS,167.026733398438
2019-02-19,GS,167.16975402832
2019-02-20,GS,167.110870361328
2019-02-21,GS,165.226028442383
2019-02-22,GS,164.923141479492
2019-02-25,GS,167.152923583984
2019-02-26,GS,167.36328125
2019-02-27,GS,167.363296508789
2019-02-28,GS,166.180511474609
2019-03-01,GS,167.447769165039
2019-03-04,GS,165.572265625
2019-03-05,GS,165.58918762207
2019-03-06,GS,164.524642944336
2019-03-07,GS,162.860336303711
2019-03-08,GS,164.94709777832
2019-03-11,GS,165.563827514648
2019-03-12,GS,166.121383666992
2019-03-13,GS,166.645202636719
2019-03-14,GS,166.8310546875
2019-03-15,GS,167.498519897461
2019-03-18,GS,171.055282592773
2019-03-19,GS,169.914764404297
2019-03-20,GS,164.169830322266
2019-03-21,GS,164.38948059082
2019-03-22,GS,159.641448974609
2019-03-25,GS,159.261291503906
2019-03-26,GS,161.103012084961
2019-03-27,GS,160.545471191406
2019-03-28,GS,161.517013549805
2019-03-29,GS,162.201385498047
2019-04-01,GS,166.214340209961
2019-04-02,GS,166.856430053711
2019-04-03,GS,169.695098876953
2019-04-04,GS,170.852554321289
2019-04-05,GS,170.979217529297
2019-04-08,GS,171.11442565918
2019-04-09,GS,169.492309570313
2019-04-10,GS,171.486175537109
2019-04-11,GS,171.359405517578
2019-04-12,GS,175.592086791992
2019-04-15,GS,168.892501831055
2019-04-16,GS,170.523040771484
2019-04-17,GS,175.642776489258
2019-04-18,GS,173.961532592773
2019-04-22,GS,172.854797363281
2019-04-23,GS,172.466171264648
2019-04-24,GS,169.424743652344
2019-04-25,GS,170.151275634766
2019-04-26,GS,171.570678710938
2019-04-29,GS,174.814865112305
2019-04-30,GS,173.969985961914
2019-05-01,GS,172.964614868164
2019-05-02,GS,173.184295654297
2019-05-03,GS,175.321716308594
2019-05-06,GS,174.40087890625
2019-05-07,GS,171.190490722656
2019-05-08,GS,169.771102905273
2019-05-09,GS,170.345596313477
2019-05-10,GS,170.700485229492
2019-05-13,GS,164.718994140625
2019-05-14,GS,165.825698852539
2019-05-15,GS,165.92707824707
2019-05-16,GS,168.241973876953
2019-05-17,GS,166.797256469727
2019-05-20,GS,166.636734008789
2019-05-21,GS,168.216598510742
2019-05-22,GS,165.183639526367
2019-05-23,GS,162.184432983398
2019-05-24,GS,163.054626464844
2019-05-28,GS,160.046981811523
2019-05-29,GS,159.588729858398
2019-05-30,GS,159.011657714844
2019-05-31,GS,154.870223999023
2019-06-03,GS,155.464263916016
2019-06-04,GS,161.14176940918
2019-06-05,GS,159.919677734375
2019-06-06,GS,161.082382202148
2019-06-07,GS,161.082382202148
2019-06-10,GS,164.740051269531
2019-06-11,GS,165.257690429688
2019-06-12,GS,161.430313110352
2019-06-13,GS,162.474136352539
2019-06-14,GS,162.652313232422
2019-06-17,GS,161.947937011719
2019-06-18,GS,165.469863891602
2019-06-19,GS,166.029998779297
2019-06-20,GS,166.080871582031
2019-06-21,GS,166.284561157227
2019-06-24,GS,167.599960327148
2019-06-25,GS,166.386383056641
2019-06-26,GS,167.192642211914
2019-06-27,GS,169.15299987793
2019-06-28,GS,173.633834838867
2019-07-01,GS,175.551879882813
2019-07-02,GS,174.805053710938
2019-07-03,GS,174.855941772461
2019-07-05,GS,176.434463500977
2019-07-08,GS,174.609817504883
2019-07-09,GS,176.324142456055
2019-07-10,GS,174.79655456543
2019-07-11,GS,179.362258911133
2019-07-12,GS,181.560333251953
2019-07-15,GS,179.55744934082
2019-07-16,GS,182.901153564453
2019-07-17,GS,181.017135620117
2019-07-18,GS,182.052551269531
2019-07-19,GS,181.203872680664
2019-07-22,GS,181.611206054688
2019-07-23,GS,186.219345092773
2019-07-24,GS,188.425888061523
2019-07-25,GS,186.686126708984
2019-07-26,GS,188.51921081543
2019-07-29,GS,186.974670410156
2019-07-30,GS,187.891159057617
2019-07-31,GS,186.813430786133
2019-08-01,GS,179.574447631836
2019-08-02,GS,177.681945800781
2019-08-05,GS,171.155792236328
2019-08-06,GS,174.830490112305
2019-08-07,GS,174.601333618164
2019-08-08,GS,175.670639038086
2019-08-09,GS,175.58576965332
2019-08-12,GS,171.02001953125
2019-08-13,GS,173.218048095703
2019-08-14,GS,165.96208190918
2019-08-15,GS,166.488265991211
2019-08-16,GS,169.237899780273
2019-08-19,GS,171.597152709961
2019-08-20,GS,169.713119506836
2019-08-21,GS,170.307205200195
2019-08-22,GS,171.783813476563
2019-08-23,GS,166.505218505859
2019-08-26,GS,169.433074951172
2019-08-27,GS,168.092193603516
2019-08-28,GS,170.086517333984
2019-08-29,GS,173.733032226563
2019-08-30,GS,174.134414672852
2019-09-03,GS,169.915679931641
2019-09-04,GS,172.272674560547
2019-09-05,GS,176.815887451172
2019-09-06,GS,176.952499389648
2019-09-09,GS,181.025955200195
2019-09-10,GS,184.142974853516
2019-09-11,GS,185.142105102539
2019-09-12,GS,186.798858642578
2019-09-13,GS,187.789413452148
2019-09-16,GS,185.500778198242
2019-09-17,GS,184.382080078125
2019-09-18,GS,185.381271362305
2019-09-19,GS,183.801361083984
2019-09-20,GS,182.528945922852
2019-09-23,GS,182.289855957031
2019-09-24,GS,177.413650512695
2019-09-25,GS,179.360702514648
2019-09-26,GS,177.814987182617
2019-09-27,GS,178.455520629883
2019-09-30,GS,176.969589233398
2019-10-01,GS,173.092529296875
2019-10-02,GS,169.300872802734
2019-10-03,GS,168.438400268555
2019-10-04,GS,171.478515625
2019-10-07,GS,171.136871337891
2019-10-08,GS,168.549346923828
2019-10-09,GS,168.105270385742
2019-10-10,GS,170.684295654297
2019-10-11,GS,174.791915893555
2019-10-14,GS,175.765441894531
2019-10-15,GS,176.312026977539
2019-10-16,GS,177.131866455078
2019-10-17,GS,176.312026977539
2019-10-18,GS,176.363235473633
2019-10-21,GS,178.694625854492
2019-10-22,GS,178.99348449707
2019-10-23,GS,180.462341308594
2019-10-24,GS,180.231781005859
2019-10-25,GS,182.947402954102
2019-10-28,GS,185.953414916992
2019-10-29,GS,185.859497070313
2019-10-30,GS,184.296691894531
2019-10-31,GS,182.221542358398
2019-11-01,GS,185.64599609375
2019-11-04,GS,187.763824462891
2019-11-05,GS,186.713439941406
2019-11-06,GS,186.52555847168
2019-11-07,GS,190.684448242188
2019-11-08,GS,190.359939575195
2019-11-11,GS,187.046493530273
2019-11-12,GS,188.225036621094
2019-11-13,GS,187.294128417969
2019-11-14,GS,187.388107299805
2019-11-15,GS,188.08837890625
2019-11-18,GS,187.644271850586
2019-11-19,GS,187.909027099609
2019-11-20,GS,186.090042114258
2019-11-21,GS,186.363327026367
2019-11-22,GS,188.113983154297
2019-11-25,GS,190.223266601563
2019-11-26,GS,189.967102050781
2019-11-27,GS,190.394088745117
2019-11-29,GS,190.093505859375
2019-12-02,GS,186.907409667969
2019-12-03,GS,182.269912719727
2019-12-04,GS,185.447448730469
2019-12-05,GS,186.477996826172
2019-12-06,GS,192.893218994141
2019-12-09,GS,190.488586425781
2019-12-10,GS,190.548675537109
2019-12-11,GS,189.956100463867
2019-12-12,GS,194.129867553711
2019-12-13,GS,193.228103637695
2019-12-16,GS,195.838821411133
2019-12-17,GS,198.509674072266
2019-12-18,GS,197.908493041992
2019-12-19,GS,197.470550537109
2019-12-20,GS,196.603134155273
2019-12-23,GS,196.740524291992
2019-12-24,GS,197.444793701172
2019-12-26,GS,198.561233520508
2019-12-27,GS,198.088851928711
2019-12-30,GS,197.350326538086
2019-12-31,GS,197.461975097656
2020-01-02,GS,201.232040405273
2020-01-03,GS,198.878921508789
2020-01-06,GS,200.914260864258
2020-01-07,GS,202.236831665039
2020-01-08,GS,204.186248779297
2020-01-09,GS,208.342849731445
2020-01-10,GS,207.92204284668
2020-01-13,GS,210.584274291992
2020-01-14,GS,210.970733642578
2020-01-15,GS,210.584274291992
2020-01-16,GS,214.457443237305
2020-01-17,GS,214.234161376953
2020-01-21,GS,211.005065917969
2020-01-22,GS,212.164443969727
2020-01-23,GS,210.902008056641
2020-01-24,GS,207.758865356445
2020-01-27,GS,204.512588500977
2020-01-28,GS,208.32568359375
2020-01-29,GS,206.213027954102
2020-01-30,GS,209.656799316406
2020-01-31,GS,204.177688598633
2020-02-03,GS,205.259796142578
2020-02-04,GS,207.776031494141
2020-02-05,GS,209.802780151367
2020-02-06,GS,207.672988891602
2020-02-07,GS,204.392395019531
2020-02-10,GS,203.842758178711
2020-02-11,GS,203.069854736328
2020-02-12,GS,204.950607299805
2020-02-13,GS,204.692993164063
2020-02-14,GS,203.602294921875
2020-02-18,GS,200.278793334961
2020-02-19,GS,203.817031860352
2020-02-20,GS,199.866592407227
2020-02-21,GS,198.054504394531
2020-02-24,GS,192.833068847656
2020-02-25,GS,186.881637573242
2020-02-26,GS,185.310073852539
2020-02-27,GS,176.644866943359
2020-02-28,GS,173.473785400391
2020-03-02,GS,180.990966796875
2020-03-03,GS,175.772171020508
2020-03-04,GS,180.360198974609
2020-03-05,GS,171.762969970703
2020-03-06,GS,166.630584716797
2020-03-09,GS,149.315170288086
2020-03-10,GS,159.286239624023
2020-03-11,GS,148.520248413086
2020-03-12,GS,130.193862915039
2020-03-13,GS,153.082382202148
2020-03-16,GS,133.632781982422
2020-03-17,GS,137.097564697266
2020-03-18,GS,120.983222961426
2020-03-19,GS,129.165725708008
2020-03-20,GS,119.592102050781
2020-03-23,GS,116.619834899902
2020-03-24,GS,132.716918945313
2020-03-25,GS,134.038909912109
2020-03-26,GS,143.249603271484
2020-03-27,GS,136.812515258789
2020-03-30,GS,137.918441772461
2020-03-31,GS,133.572296142578
2020-04-01,GS,125.53670501709
2020-04-02,GS,129.5458984375
2020-04-03,GS,126.953742980957
2020-04-06,GS,136.717437744141
2020-04-07,GS,143.448318481445
2020-04-08,GS,152.900985717773
2020-04-09,GS,159.208450317383
2020-04-13,GS,154.819122314453
2020-04-14,GS,153.998275756836
2020-04-15,GS,154.248825073242
2020-04-16,GS,152.970092773438
2020-04-17,GS,158.543121337891
2020-04-20,GS,155.873229980469
2020-04-21,GS,150.179229736328
2020-04-22,GS,152.05419921875
2020-04-23,GS,151.250595092773
2020-04-24,GS,152.935501098633
2020-04-27,GS,158.586364746094
2020-04-28,GS,161.584579467773
2020-04-29,GS,164.193969726563
2020-04-30,GS,158.482650756836
2020-05-01,GS,153.021911621094
2020-05-04,GS,152.097366333008
2020-05-05,GS,154.058792114258
2020-05-06,GS,152.866394042969
2020-05-07,GS,157.532241821289
2020-05-08,GS,160.184844970703
2020-05-11,GS,158.258056640625
2020-05-12,GS,153.117004394531
2020-05-13,GS,148.442489624023
2020-05-14,GS,150.732162475586
2020-05-15,GS,148.502990722656
2020-05-18,GS,157.152038574219
2020-05-19,GS,153.652679443359
2020-05-20,GS,156.771850585938
2020-05-21,GS,155.614074707031
2020-05-22,GS,155.467132568359
2020-05-26,GS,169.404159545898
2020-05-27,GS,181.155151367188
2020-05-28,GS,173.862609863281
2020-05-29,GS,170.836959838867
2020-06-01,GS,173.827865600586
2020-06-02,GS,177.488235473633
2020-06-03,GS,183.078750610352
2020-06-04,GS,186.773895263672
2020-06-05,GS,189.469146728516
2020-06-08,GS,191.981811523438
2020-06-09,GS,189.625640869141
2020-06-10,GS,185.643600463867
2020-06-11,GS,168.785095214844
2020-06-12,GS,175.436325073242
2020-06-15,GS,179.374908447266
2020-06-16,GS,182.226669311523
2020-06-17,GS,179.270538330078
2020-06-18,GS,177.227325439453
2020-06-19,GS,175.305892944336
2020-06-22,GS,176.862213134766
2020-06-23,GS,178.044616699219
2020-06-24,GS,172.167190551758
2020-06-25,GS,180.061737060547
2020-06-26,GS,164.489990234375
2020-06-29,GS,168.211227416992
2020-06-30,GS,171.819412231445
2020-07-01,GS,171.775970458984
2020-07-02,GS,171.628128051758
2020-07-06,GS,180.287780761719
2020-07-07,GS,173.332275390625
2020-07-08,GS,175.844970703125
2020-07-09,GS,171.132583618164
2020-07-10,GS,178.722808837891
2020-07-13,GS,181.609329223633
2020-07-14,GS,186.069625854492
2020-07-15,GS,188.582290649414
2020-07-16,GS,186.643447875977
2020-07-17,GS,183.809112548828
2020-07-20,GS,184.069900512695
2020-07-21,GS,184.339447021484
2020-07-22,GS,179.105407714844
2020-07-23,GS,176.514419555664
2020-07-24,GS,175.166763305664
2020-07-27,GS,176.514419555664
2020-07-28,GS,175.297225952148
2020-07-29,GS,176.131851196289
2020-07-30,GS,173.480072021484
2020-07-31,GS,172.11506652832
2020-08-03,GS,173.358352661133
2020-08-04,GS,175.314590454102
2020-08-05,GS,177.818588256836
2020-08-06,GS,177.583862304688
2020-08-07,GS,181.078979492188
2020-08-10,GS,182.044128417969
2020-08-11,GS,183.504760742188
2020-08-12,GS,184.435043334961
2020-08-13,GS,181.183303833008
2020-08-14,GS,180.818176269531
2020-08-17,GS,176.557876586914
2020-08-18,GS,175.027679443359
2020-08-19,GS,176.514419555664
2020-08-20,GS,175.497192382813
2020-08-21,GS,176.001449584961
2020-08-24,GS,180.270431518555
2020-08-25,GS,179.105407714844
2020-08-26,GS,180.166076660156
2020-08-27,GS,182.713592529297
2020-08-28,GS,180.592086791992
2020-08-31,GS,179.201309204102
2020-09-01,GS,179.71745300293
2020-09-02,GS,183.723526000977
2020-09-03,GS,181.554306030273
2020-09-04,GS,184.510803222656
2020-09-08,GS,177.110794067383
2020-09-09,GS,176.883361816406
2020-09-10,GS,174.950241088867
2020-09-11,GS,175.746200561523
2020-09-14,GS,176.113571166992
2020-09-15,GS,173.192108154297
2020-09-16,GS,175.536315917969
2020-09-17,GS,170.419311523438
2020-09-18,GS,170.445465087891
2020-09-21,GS,169.69319152832
2020-09-22,GS,167.611465454102
2020-09-23,GS,162.800567626953
2020-09-24,GS,170.664184570313
2020-09-25,GS,170.524185180664
2020-09-28,GS,174.128036499023
2020-09-29,GS,172.133666992188
2020-09-30,GS,175.789932250977
2020-10-01,GS,173.673187255859
2020-10-02,GS,174.85400390625
2020-10-05,GS,176.51594543457
2020-10-06,GS,175.894927978516
2020-10-07,GS,178.090423583984
2020-10-08,GS,181.921646118164
2020-10-09,GS,181.536804199219
2020-10-12,GS,187.292358398438
2020-10-13,GS,184.397079467773
2020-10-14,GS,184.764465332031
2020-10-15,GS,182.463989257813
2020-10-16,GS,180.373443603516
2020-10-19,GS,179.91862487793
2020-10-20,GS,181.965377807617
2020-10-21,GS,177.486877441406
2020-10-22,GS,179.664932250977
2020-10-23,GS,179.350021362305
2020-10-26,GS,175.938705444336
2020-10-27,GS,171.162719726563
2020-10-28,GS,165.993255615234
2020-10-29,GS,166.141952514648
2020-10-30,GS,165.354705810547
2020-11-02,GS,166.369400024414
2020-11-03,GS,173.130859375
2020-11-04,GS,173.078353881836
2020-11-05,GS,177.530639648438
2020-11-06,GS,176.04362487793
2020-11-09,GS,188.000885009766
2020-11-10,GS,190.22265625
2020-11-11,GS,190.729949951172
2020-11-12,GS,187.633514404297
2020-11-13,GS,191.630935668945
2020-11-16,GS,194.517440795898
2020-11-17,GS,196.502990722656
2020-11-18,GS,196.196884155273
2020-11-19,GS,196.433074951172
2020-11-20,GS,195.365905761719
2020-11-23,GS,200.159301757813
2020-11-24,GS,207.743011474609
2020-11-25,GS,206.903274536133
2020-11-27,GS,205.906143188477
2020-11-30,GS,201.690032958984
2020-12-01,GS,204.108612060547
2020-12-02,GS,209.007293701172
2020-12-03,GS,207.090042114258
2020-12-04,GS,210.704666137695
2020-12-07,GS,209.710876464844
2020-12-08,GS,210.05387878418
2020-12-09,GS,213.554183959961
2020-12-10,GS,214.943756103516
2020-12-11,GS,211.065277099609
2020-12-14,GS,209.130416870117
2020-12-15,GS,213.211166381836
2020-12-16,GS,214.389678955078
2020-12-17,GS,214.970138549805
2020-12-18,GS,212.947341918945
2020-12-21,GS,226.007598876953
2020-12-22,GS,219.947982788086
2020-12-23,GS,225.541458129883
2020-12-24,GS,225.286361694336
2020-12-28,GS,228.302963256836
2020-12-29,GS,226.913421630859
2020-12-30,GS,228.179885864258
2020-12-31,GS,231.926406860352
2021-01-04,GS,233.060958862305
2021-01-05,GS,238.276184082031
2021-01-06,GS,251.134124755859
2021-01-07,GS,256.498962402344
2021-01-08,GS,255.118179321289
2021-01-11,GS,258.416168212891
2021-01-12,GS,265.786163330078
2021-01-13,GS,266.428161621094
2021-01-14,GS,270.763977050781
2021-01-15,GS,264.730804443359
2021-01-19,GS,258.741638183594
2021-01-20,GS,255.461151123047
2021-01-21,GS,254.493774414063
2021-01-22,GS,254.511322021484
2021-01-25,GS,248.926635742188
2021-01-26,GS,247.800979614258
2021-01-27,GS,240.386901855469
2021-01-28,GS,241.873260498047
2021-01-29,GS,238.487289428711
2021-02-01,GS,241.618255615234
2021-02-02,GS,252.38298034668
2021-02-03,GS,253.772613525391
2021-02-04,GS,258.345886230469
2021-02-05,GS,258.125946044922
2021-02-08,GS,263.974487304688
2021-02-09,GS,264.247100830078
2021-02-10,GS,267.606658935547
2021-02-11,GS,265.883026123047
2021-02-12,GS,269.400817871094
2021-02-16,GS,274.361053466797
2021-02-17,GS,275.047058105469
2021-02-18,GS,272.549377441406
2021-02-19,GS,277.579956054688
2021-02-22,GS,278.679290771484
2021-02-23,GS,280.737274169922
2021-02-24,GS,290.789794921875
2021-02-25,GS,288.2568359375
2021-02-26,GS,280.974700927734
2021-03-01,GS,291.296173095703
2021-03-02,GS,292.196746826172
2021-03-03,GS,295.278228759766
2021-03-04,GS,290.739990234375
2021-03-05,GS,289.044769287109
2021-03-08,GS,295.066314697266
2021-03-09,GS,291.8876953125
2021-03-10,GS,301.979644775391
2021-03-11,GS,302.050323486328
2021-03-12,GS,307.974761962891
2021-03-15,GS,305.537872314453
2021-03-16,GS,301.705902099609
2021-03-17,GS,304.566619873047
2021-03-18,GS,307.259490966797
2021-03-19,GS,303.904449462891
2021-03-22,GS,299.604553222656
2021-03-23,GS,292.929656982422
2021-03-24,GS,290.174957275391
2021-03-25,GS,291.852416992188
2021-03-26,GS,289.062408447266
2021-03-29,GS,287.596801757813
2021-03-30,GS,293.141571044922
2021-03-31,GS,288.718109130859
2021-04-01,GS,289.283142089844
2021-04-05,GS,285.6630859375
2021-04-06,GS,288.77099609375
2021-04-07,GS,288.320739746094
2021-04-08,GS,292.373443603516
2021-04-09,GS,292.082000732422
2021-04-12,GS,292.991455078125
2021-04-13,GS,289.318389892578
2021-04-14,GS,296.090515136719
2021-04-15,GS,298.915954589844
2021-04-16,GS,302.235717773438
2021-04-19,GS,302.924346923828
2021-04-20,GS,293.026641845703
2021-04-21,GS,296.019866943359
2021-04-22,GS,292.117340087891
2021-04-23,GS,299.622253417969
2021-04-26,GS,303.304016113281
2021-04-27,GS,306.049926757813
2021-04-28,GS,307.356689453125
2021-04-29,GS,311.647735595703
2021-04-30,GS,307.656890869141
2021-05-03,GS,309.166717529297
2021-05-04,GS,308.884124755859
2021-05-05,GS,315.753326416016
2021-05-06,GS,323.125885009766
2021-05-07,GS,327.469879150391
2021-05-10,GS,325.5185546875
2021-05-11,GS,317.784027099609
2021-05-12,GS,312.910339355469
2021-05-13,GS,316.804016113281
2021-05-14,GS,325.597961425781
2021-05-17,GS,326.021820068359
2021-05-18,GS,321.880950927734
2021-05-19,GS,316.424346923828
2021-05-20,GS,317.660552978516
2021-05-21,GS,323.381805419922
2021-05-24,GS,325.174224853516
2021-05-25,GS,321.836730957031
2021-05-26,GS,324.388458251953
2021-05-27,GS,327.893585205078
2021-05-28,GS,329.576843261719
2021-06-01,GS,338.808044433594
2021-06-02,GS,339.694030761719
2021-06-03,GS,344.371612548828
2021-06-04,GS,346.790161132813
2021-06-07,GS,343.87548828125
2021-06-08,GS,340.810272216797
2021-06-09,GS,339.109252929688
2021-06-10,GS,331.277893066406
2021-06-11,GS,334.918884277344
2021-06-14,GS,330.374237060547
2021-06-15,GS,328.939056396484
2021-06-16,GS,328.673217773438
2021-06-17,GS,320.257141113281
2021-06-18,GS,309.032592773438
2021-06-21,GS,316.748870849609
2021-06-22,GS,316.740020751953
2021-06-23,GS,319.858428955078
2021-06-24,GS,326.679962158203
2021-06-25,GS,326.697662353516
2021-06-28,GS,326.644470214844
2021-06-29,GS,330.1083984375
2021-06-30,GS,336.230072021484
2021-07-01,GS,332.207977294922
2021-07-02,GS,331.472747802734
2021-07-06,GS,327.663269042969
2021-07-07,GS,325.723175048828
2021-07-08,GS,317.989166259766
2021-07-09,GS,329.346588134766
2021-07-12,GS,337.089416503906
2021-07-13,GS,333.085083007813
2021-07-14,GS,331.685394287109
2021-07-15,GS,330.755126953125
2021-07-16,GS,323.180603027344
2021-07-19,GS,314.250640869141
2021-07-20,GS,323.145172119141
2021-07-21,GS,330.888061523438
2021-07-22,GS,330.188201904297
2021-07-23,GS,331.375244140625
2021-07-26,GS,333.014221191406
2021-07-27,GS,332.075134277344
2021-07-28,GS,331.534698486328
2021-07-29,GS,334.475982666016
2021-07-30,GS,332.110595703125
2021-08-02,GS,335.04296875
2021-08-03,GS,336.96533203125
2021-08-04,GS,334.750549316406
2021-08-05,GS,340.455841064453
2021-08-06,GS,352.495422363281
2021-08-09,GS,354.258422851563
2021-08-10,GS,361.425384521484
2021-08-11,GS,366.670043945313
2021-08-12,GS,367.653289794922
2021-08-13,GS,363.914825439453
2021-08-16,GS,361.762084960938
2021-08-17,GS,358.767669677734
2021-08-18,GS,353.301635742188
2021-08-19,GS,348.668334960938
2021-08-20,GS,350.705841064453
2021-08-23,GS,355.649261474609
2021-08-24,GS,361.948089599609
2021-08-25,GS,365.987854003906
2021-08-26,GS,365.35888671875
2021-08-27,GS,371.808288574219
2021-08-30,GS,366.4130859375
2021-08-31,GS,368.113464355469
2021-09-01,GS,368.246917724609
2021-09-02,GS,368.994659423828
2021-09-03,GS,366.154907226563
2021-09-07,GS,365.273590087891
2021-09-08,GS,360.537628173828
2021-09-09,GS,360.163757324219
2021-09-10,GS,359.184539794922
2021-09-13,GS,364.329986572266
2021-09-14,GS,359.371459960938
2021-09-15,GS,357.822540283203
2021-09-16,GS,353.131011962891
2021-09-17,GS,348.484130859375
2021-09-20,GS,336.617553710938
2021-09-21,GS,334.578918457031
2021-09-22,GS,343.151763916016
2021-09-23,GS,348.840118408203
2021-09-24,GS,347.941101074219
2021-09-27,GS,355.917449951172
2021-09-28,GS,346.739288330078
2021-09-29,GS,342.635406494141
2021-09-30,GS,336.528472900391
2021-10-01,GS,338.282196044922
2021-10-04,GS,333.074523925781
2021-10-05,GS,343.454406738281
2021-10-06,GS,345.448455810547
2021-10-07,GS,347.736297607422
2021-10-08,GS,349.685943603516
2021-10-11,GS,342.946929931641
2021-10-12,GS,344.095397949219
2021-10-13,GS,343.899475097656
2021-10-14,GS,348.252685546875
2021-10-15,GS,361.490234375
2021-10-18,GS,368.273651123047
2021-10-19,GS,366.911560058594
2021-10-20,GS,363.110382080078
2021-10-21,GS,362.843353271484
2021-10-22,GS,368.83447265625
2021-10-25,GS,369.217254638672
2021-10-26,GS,371.763305664063
2021-10-27,GS,365.870147705078
2021-10-28,GS,369.279541015625
2021-10-29,GS,367.970916748047
2021-11-01,GS,370.953216552734
2021-11-02,GS,377.318176269531
2021-11-03,GS,372.021423339844
2021-11-04,GS,363.270629882813
2021-11-05,GS,362.389373779297
2021-11-08,GS,363.510955810547
2021-11-09,GS,360.849273681641
2021-11-10,GS,355.30322265625
2021-11-11,GS,358.169677734375
2021-11-12,GS,360.45751953125
2021-11-15,GS,360.368499755859
2021-11-16,GS,358.837371826172
2021-11-17,GS,348.564239501953
2021-11-18,GS,348.404052734375
2021-11-19,GS,344.860900878906
2021-11-22,GS,352.668121337891
2021-11-23,GS,361.730529785156
2021-11-24,GS,355.365570068359
2021-11-26,GS,346.641357421875
2021-11-29,GS,344.104309082031
2021-11-30,GS,339.163635253906
2021-12-01,GS,336.917297363281
2021-12-02,GS,346.815063476563
2021-12-03,GS,342.510559082031
2021-12-06,GS,348.390106201172
2021-12-07,GS,358.064117431641
2021-12-08,GS,355.567413330078
2021-12-09,GS,354.824523925781
2021-12-10,GS,349.965179443359
2021-12-13,GS,344.219787597656
2021-12-14,GS,347.960601806641
2021-12-15,GS,348.93603515625
2021-12-16,GS,355.612152099609
2021-12-17,GS,341.678253173828
2021-12-20,GS,332.559112548828
2021-12-21,GS,340.353790283203
2021-12-22,GS,342.152526855469
2021-12-23,GS,344.577789306641
2021-12-27,GS,347.262512207031
2021-12-28,GS,346.877746582031
2021-12-29,GS,345.615966796875
2021-12-30,GS,345.00732421875
2021-12-31,GS,342.349456787109
2022-01-03,GS,353.786407470703
2022-01-04,GS,364.659729003906
2022-01-05,GS,356.739685058594
2022-01-06,GS,355.218322753906
2022-01-07,GS,355.737396240234
2022-01-10,GS,357.222930908203
2022-01-11,GS,360.695220947266
2022-01-12,GS,349.293975830078
2022-01-13,GS,349.732482910156
2022-01-14,GS,340.908660888672
2022-01-18,GS,317.157623291016
2022-01-19,GS,310.821624755859
2022-01-20,GS,311.519653320313
2022-01-21,GS,307.769958496094
2022-01-24,GS,307.3046875
2022-01-25,GS,305.657958984375
2022-01-26,GS,306.669219970703
2022-01-27,GS,305.192626953125
2022-01-28,GS,310.544250488281
2022-01-31,GS,317.408203125
2022-02-01,GS,325.802551269531
2022-02-02,GS,324.907592773438
2022-02-03,GS,321.166870117188
2022-02-04,GS,328.970458984375
2022-02-07,GS,329.462677001953
2022-02-08,GS,331.207763671875
2022-02-09,GS,335.172302246094
2022-02-10,GS,331.628448486328
2022-02-11,GS,324.907592773438
2022-02-14,GS,322.383880615234
2022-02-15,GS,325.695098876953
2022-02-16,GS,322.2138671875
2022-02-17,GS,312.378814697266
2022-02-18,GS,309.676147460938
2022-02-22,GS,308.092132568359
2022-02-23,GS,305.335784912109
2022-02-24,GS,304.440887451172
2022-02-25,GS,313.327392578125
2022-02-28,GS,305.425323486328
2022-03-01,GS,295.442169189453
2022-03-02,GS,302.805725097656
2022-03-03,GS,300.141235351563
2022-03-04,GS,296.765441894531
2022-03-07,GS,289.761993408203
2022-03-08,GS,289.293853759766
2022-03-09,GS,300.294219970703
2022-03-10,GS,296.972442626953
2022-03-11,GS,294.362030029297
2022-03-14,GS,292.543579101563
2022-03-15,GS,296.306304931641
2022-03-16,GS,306.748565673828
2022-03-17,GS,309.008026123047
2022-03-18,GS,310.907440185547
2022-03-21,GS,305.164245605469
2022-03-22,GS,308.773986816406
2022-03-23,GS,302.112640380859
2022-03-24,GS,302.670776367188
2022-03-25,GS,303.804962158203
2022-03-28,GS,301.833587646484
2022-03-29,GS,305.758392333984
2022-03-30,GS,302.094604492188
2022-03-31,GS,297.152587890625
2022-04-01,GS,297.260620117188
2022-04-04,GS,295.451171875
2022-04-05,GS,291.625396728516
2022-04-06,GS,284.693939208984
2022-04-07,GS,282.794555664063
2022-04-08,GS,289.311920166016
2022-04-11,GS,288.744812011719
2022-04-12,GS,287.862640380859
2022-04-13,GS,289.833984375
2022-04-14,GS,289.536926269531
2022-04-18,GS,296.954498291016
2022-04-19,GS,302.418670654297
2022-04-20,GS,307.018646240234
2022-04-21,GS,300.933319091797
2022-04-22,GS,287.853546142578
2022-04-25,GS,289.338928222656
2022-04-26,GS,281.867279052734
2022-04-27,GS,281.966369628906
2022-04-28,GS,286.629302978516
2022-04-29,GS,274.998901367188
2022-05-02,GS,279.436889648438
2022-05-03,GS,283.253601074219
2022-05-04,GS,291.760437011719
2022-05-05,GS,281.822357177734
2022-05-06,GS,281.723327636719
2022-05-09,GS,278.059600830078
2022-05-10,GS,274.611785888672
2022-05-11,GS,271.452117919922
2022-05-12,GS,269.525695800781
2022-05-13,GS,276.349151611328
2022-05-16,GS,273.153533935547
2022-05-17,GS,281.732299804688
2022-05-18,GS,276.115142822266
2022-05-19,GS,277.438446044922
2022-05-20,GS,276.178161621094
2022-05-23,GS,285.009002685547
2022-05-24,GS,282.614593505859
2022-05-25,GS,283.469696044922
2022-05-26,GS,291.328338623047
2022-05-27,GS,295.784301757813
2022-05-31,GS,296.028747558594
2022-06-01,GS,291.500274658203
2022-06-02,GS,293.673980712891
2022-06-03,GS,288.629150390625
2022-06-06,GS,290.286712646484
2022-06-07,GS,291.1923828125
2022-06-08,GS,285.006469726563
2022-06-09,GS,275.532775878906
2022-06-10,GS,259.954711914063
2022-06-13,GS,256.603546142578
2022-06-14,GS,255.897186279297
2022-06-15,GS,262.717132568359
2022-06-16,GS,258.107055664063
2022-06-17,GS,253.406478881836
2022-06-21,GS,257.953094482422
2022-06-22,GS,257.708557128906
2022-06-23,GS,259.184844970703
2022-06-24,GS,274.201385498047
2022-06-27,GS,272.417175292969
2022-06-28,GS,271.248779296875
2022-06-29,GS,274.681427001953
2022-06-30,GS,269.01171875
2022-07-01,GS,271.013336181641
2022-07-05,GS,269.174682617188
2022-07-06,GS,266.059143066406
2022-07-07,GS,270.442749023438
2022-07-08,GS,268.513549804688
2022-07-11,GS,265.533752441406
2022-07-12,GS,264.945098876953
2022-07-13,GS,262.789489746094
2022-07-14,GS,255.036712646484
2022-07-15,GS,266.158752441406
2022-07-18,GS,272.851928710938
2022-07-19,GS,288.058654785156
2022-07-20,GS,291.138000488281
2022-07-21,GS,295.748016357422
2022-07-22,GS,293.384094238281
2022-07-25,GS,293.55615234375
2022-07-26,GS,288.511505126953
2022-07-27,GS,293.936645507813
2022-07-28,GS,298.07568359375
2022-07-29,GS,301.952117919922
2022-08-01,GS,300.765625
2022-08-02,GS,296.961700439453
2022-08-03,GS,301.7529296875
2022-08-04,GS,300.575469970703
2022-08-05,GS,303.111450195313
2022-08-08,GS,303.120422363281
2022-08-09,GS,304.877563476563
2022-08-10,GS,315.102844238281
2022-08-11,GS,318.517395019531
2022-08-12,GS,320.455627441406
2022-08-15,GS,322.294189453125
2022-08-16,GS,321.497131347656
2022-08-17,GS,320.383148193359
2022-08-18,GS,321.089599609375
2022-08-19,GS,316.334686279297
2022-08-22,GS,310.130615234375
2022-08-23,GS,308.101806640625
2022-08-24,GS,309.69580078125
2022-08-25,GS,313.816802978516
2022-08-26,GS,304.678253173828
2022-08-29,GS,302.43212890625
2022-08-30,GS,302.169494628906
2022-08-31,GS,303.574829101563
2022-09-01,GS,304.332183837891
2022-09-02,GS,302.488891601563
2022-09-06,GS,297.935272216797
2022-09-07,GS,301.649291992188
2022-09-08,GS,306.047790527344
2022-09-09,GS,310.355010986328
2022-09-12,GS,312.618041992188
2022-09-13,GS,299.669128417969
2022-09-14,GS,298.637939453125
2022-09-15,GS,302.616577148438
2022-09-16,GS,297.679779052734
2022-09-19,GS,299.915496826172
2022-09-20,GS,294.987823486328
2022-09-21,GS,292.660797119141
2022-09-22,GS,285.552093505859
2022-09-23,GS,275.559814453125
2022-09-26,GS,268.852630615234
2022-09-27,GS,265.89599609375
2022-09-28,GS,274.483001708984
2022-09-29,GS,270.212249755859
2022-09-30,GS,267.419891357422
2022-10-03,GS,272.986419677734
2022-10-04,GS,287.331573486328
2022-10-05,GS,281.974975585938
2022-10-06,GS,278.023620605469
2022-10-07,GS,274.747589111328
2022-10-10,GS,274.254913330078
2022-10-11,GS,268.478454589844
2022-10-12,GS,269.482238769531
2022-10-13,GS,280.213775634766
2022-10-14,GS,273.752960205078
2022-10-17,GS,279.885223388672
2022-10-18,GS,286.400726318359
2022-10-19,GS,284.493591308594
2022-10-20,GS,283.626678466797
2022-10-21,GS,296.666809082031
2022-10-24,GS,299.951995849609
2022-10-25,GS,303.328399658203
2022-10-26,GS,306.330627441406
2022-10-27,GS,307.690307617188
2022-10-28,GS,311.924530029297
2022-10-31,GS,314.379272460938
2022-11-01,GS,318.093292236328
2022-11-02,GS,319.197540283203
2022-11-03,GS,318.35791015625
2022-11-04,GS,326.607330322266
2022-11-07,GS,330.850616455078
2022-11-08,GS,332.182891845703
2022-11-09,GS,330.339630126953
2022-11-10,GS,345.223083496094
2022-11-11,GS,351.483154296875
2022-11-14,GS,348.918853759766
2022-11-15,GS,349.393402099609
2022-11-16,GS,348.891510009766
2022-11-17,GS,346.564544677734
2022-11-18,GS,346.035278320313
2022-11-21,GS,346.956970214844
2022-11-22,GS,350.296844482422
2022-11-23,GS,352.468688964844
2022-11-25,GS,354.850463867188
2022-11-28,GS,348.918853759766
2022-11-29,GS,350.150817871094
2022-11-30,GS,354.688323974609
2022-12-01,GS,352.538970947266
2022-12-02,GS,349.572174072266
2022-12-05,GS,341.268707275391
2022-12-06,GS,333.341857910156
2022-12-07,GS,330.595428466797
2022-12-08,GS,328.905395507813
2022-12-09,GS,329.879058837891
2022-12-12,GS,333.589752197266
2022-12-13,GS,338.65087890625
2022-12-14,GS,331.017974853516
2022-12-15,GS,321.327514648438
2022-12-16,GS,318.131042480469
2022-12-19,GS,316.532806396484
2022-12-20,GS,316.422576904297
2022-12-21,GS,321.630645751953
2022-12-22,GS,317.423797607422
2022-12-23,GS,317.359497070313
2022-12-27,GS,314.107971191406
2022-12-28,GS,313.097534179688
2022-12-29,GS,315.448913574219
2022-12-30,GS,315.403015136719
2023-01-03,GS,318.011657714844
2023-01-04,GS,319.371032714844
2023-01-05,GS,315.752136230469
2023-01-06,GS,319.720092773438
2023-01-09,GS,324.2392578125
2023-01-10,GS,328.244049072266
2023-01-11,GS,334.783935546875
2023-01-12,GS,339.799072265625
2023-01-13,GS,343.528259277344
2023-01-17,GS,321.410217285156
2023-01-18,GS,320.647857666016
2023-01-19,GS,322.172576904297
2023-01-20,GS,313.988525390625
2023-01-23,GS,320.693786621094
2023-01-24,GS,319.94970703125
2023-01-25,GS,321.143768310547
2023-01-26,GS,326.048706054688
2023-01-27,GS,324.882232666016
2023-01-30,GS,328.335845947266
2023-01-31,GS,336.005523681641
2023-02-01,GS,335.913726806641
2023-02-02,GS,339.367431640625
2023-02-03,GS,339.808288574219
2023-02-06,GS,340.588989257813
2023-02-07,GS,343.895690917969
2023-02-08,GS,344.538635253906
2023-02-09,GS,338.007904052734
2023-02-10,GS,341.029846191406
2023-02-13,GS,343.546691894531
2023-02-14,GS,341.489135742188
2023-02-15,GS,343.840576171875
2023-02-16,GS,340.037963867188
2023-02-17,GS,338.476379394531
2023-02-21,GS,331.697723388672
2023-02-22,GS,331.486419677734
2023-02-23,GS,333.920532226563
2023-02-24,GS,334.205230712891
2023-02-27,GS,335.748321533203
2023-02-28,GS,322.999237060547
2023-03-01,GS,320.297973632813
2023-03-02,GS,322.952972412109
2023-03-03,GS,330.344573974609
2023-03-06,GS,330.307525634766
2023-03-07,GS,320.1591796875
2023-03-08,GS,323.128753662109
2023-03-09,GS,316.468048095703
2023-03-10,GS,303.128021240234
2023-03-13,GS,291.878814697266
2023-03-14,GS,298.021484375
2023-03-15,GS,288.807495117188
2023-03-16,GS,291.490295410156
2023-03-17,GS,280.805328369141
2023-03-20,GS,286.3466796875
2023-03-21,GS,293.516265869141
2023-03-22,GS,290.176666259766
2023-03-23,GS,291.268249511719
2023-03-24,GS,289.159057617188
2023-03-27,GS,294.672668457031
2023-03-28,GS,294.589385986328
2023-03-29,GS,296.698638916016
2023-03-30,GS,297.087188720703
2023-03-31,GS,302.610046386719
2023-04-03,GS,302.064208984375
2023-04-04,GS,298.484069824219
2023-04-05,GS,297.447906494141
2023-04-06,GS,298.252807617188
2023-04-10,GS,300.62109375
2023-04-11,GS,302.850494384766
2023-04-12,GS,305.505523681641
2023-04-13,GS,307.254058837891
2023-04-14,GS,311.685241699219
2023-04-17,GS,314.238555908203
2023-04-18,GS,308.900726318359
2023-04-19,GS,311.657562255859
2023-04-20,GS,313.341156005859
2023-04-21,GS,316.070220947266
2023-04-24,GS,318.197967529297
2023-04-25,GS,314.053497314453
2023-04-26,GS,311.352203369141
2023-04-27,GS,316.014709472656
2023-04-28,GS,317.716949462891
2023-05-01,GS,315.061859130859
2023-05-02,GS,308.401153564453
2023-05-03,GS,304.03466796875
2023-05-04,GS,297.198211669922
2023-05-05,GS,302.526733398438
2023-05-08,GS,302.054962158203
2023-05-09,GS,300.4453125
2023-05-10,GS,298.391510009766
2023-05-11,GS,296.698638916016
2023-05-12,GS,295.569976806641
2023-05-15,GS,297.947479248047
2023-05-16,GS,296.781890869141
2023-05-17,GS,305.450073242188
2023-05-18,GS,304.894989013672
2023-05-19,GS,301.721923828125
2023-05-22,GS,300.584014892578
2023-05-23,GS,299.335144042969
2023-05-24,GS,295.856781005859
2023-05-25,GS,299.621948242188
2023-05-26,GS,307.142974853516
2023-05-30,GS,306.051391601563
2023-05-31,GS,301.921905517578
2023-06-01,GS,294.930877685547
2023-06-02,GS,301.688934326172
2023-06-05,GS,299.973724365234
2023-06-06,GS,304.625213623047
2023-06-07,GS,312.967926025391
2023-06-08,GS,312.706878662109
2023-06-09,GS,313.219604492188
2023-06-12,GS,316.454162597656
2023-06-13,GS,319.259826660156
2023-06-14,GS,315.456726074219
2023-06-15,GS,316.687133789063
2023-06-16,GS,315.354187011719
2023-06-20,GS,308.279174804688
2023-06-21,GS,303.012573242188
2023-06-22,GS,297.895111083984
2023-06-23,GS,293.355560302734
2023-06-26,GS,291.164978027344
2023-06-27,GS,292.181121826172
2023-06-28,GS,292.376770019531
2023-06-29,GS,301.166931152344
2023-06-30,GS,300.654266357422
2023-07-03,GS,304.448059082031
2023-07-05,GS,298.333221435547
2023-07-06,GS,291.761566162109
2023-07-07,GS,293.784362792969
2023-07-10,GS,294.996124267578
2023-07-11,GS,299.106903076172
2023-07-12,GS,304.252349853516
2023-07-13,GS,306.377655029297
2023-07-14,GS,304.056549072266
2023-07-17,GS,304.998046875
2023-07-18,GS,314.384735107422
2023-07-19,GS,317.442260742188
2023-07-20,GS,327.052551269531
2023-07-21,GS,328.078002929688
2023-07-24,GS,334.575073242188
2023-07-25,GS,330.632019042969
2023-07-26,GS,333.297973632813
2023-07-27,GS,330.454986572266
2023-07-28,GS,329.261840820313
2023-07-31,GS,331.72265625
2023-08-01,GS,333.447113037109
2023-08-02,GS,327.276306152344
2023-08-03,GS,329.196533203125
2023-08-04,GS,329.252502441406
2023-08-07,GS,331.433654785156
2023-08-08,GS,324.629089355469
2023-08-09,GS,319.436981201172
2023-08-10,GS,317.302368164063
2023-08-11,GS,317.609985351563
2023-08-14,GS,314.822845458984
2023-08-15,GS,309.668182373047
2023-08-16,GS,306.778472900391
2023-08-17,GS,305.296325683594
2023-08-18,GS,302.882019042969
2023-08-21,GS,300.206848144531
2023-08-22,GS,297.158660888672
2023-08-23,GS,300.45849609375
2023-08-24,GS,298.249298095703
2023-08-25,GS,298.426391601563
2023-08-28,GS,303.8515625
2023-08-29,GS,309.985076904297
2023-08-30,GS,308.838287353516
2023-08-31,GS,308.0205078125
2023-09-01,GS,307.729217529297
2023-09-05,GS,304.298522949219
2023-09-06,GS,301.8359375
2023-09-07,GS,302.616027832031
2023-09-08,GS,305.962188720703
2023-09-11,GS,305.144470214844
2023-09-12,GS,311.018951416016
2023-09-13,GS,314.853820800781
2023-09-14,GS,323.867614746094
2023-09-15,GS,321.959625244141
2023-09-18,GS,322.692687988281
2023-09-19,GS,321.348602294922
2023-09-20,GS,316.470458984375
2023-09-21,GS,310.398559570313
2023-09-22,GS,308.189727783203
2023-09-25,GS,309.082733154297
2023-09-26,GS,304.364288330078
2023-09-27,GS,302.606719970703
2023-09-28,GS,305.661468505859
2023-09-29,GS,304.12939453125
2023-10-02,GS,299.363952636719
2023-10-03,GS,287.727752685547
2023-10-04,GS,290.058807373047
2023-10-05,GS,291.844573974609
2023-10-06,GS,293.705627441406
2023-10-09,GS,293.827789306641
2023-10-10,GS,295.858032226563
2023-10-11,GS,294.213195800781
2023-10-12,GS,291.233673095703
2023-10-13,GS,290.716735839844
2023-10-16,GS,295.500854492188
2023-10-17,GS,290.773101806641
2023-10-18,GS,283.817687988281
2023-10-19,GS,281.214202880859
2023-10-20,GS,282.0224609375
2023-10-23,GS,281.242340087891
2023-10-24,GS,281.204711914063
2023-10-25,GS,278.930145263672
2023-10-26,GS,279.146301269531
2023-10-27,GS,272.49169921875
2023-10-30,GS,282.755554199219
2023-10-31,GS,285.368560791016
2023-11-01,GS,288.705261230469
2023-11-02,GS,294.908721923828
2023-11-03,GS,307.936004638672
2023-11-06,GS,304.448913574219
2023-11-07,GS,304.486541748047
2023-11-08,GS,305.059875488281
2023-11-09,GS,301.506958007813
2023-11-10,GS,305.952819824219
2023-11-13,GS,307.268646240234
2023-11-14,GS,318.369049072266
2023-11-15,GS,317.316375732422
2023-11-16,GS,316.442291259766
2023-11-17,GS,318.810882568359
2023-11-20,GS,319.055236816406
2023-11-21,GS,314.844451904297
2023-11-22,GS,318.2939453125
2023-11-24,GS,318.773223876953
2023-11-27,GS,317.419738769531
2023-11-28,GS,317.363403320313
2023-11-29,GS,322.442718505859
2023-11-30,GS,323.655731201172
2023-12-01,GS,330.184936523438
2023-12-04,GS,331.094604492188
2023-12-05,GS,323.854705810547
2023-12-06,GS,324.063232421875
2023-12-07,GS,326.574401855469
2023-12-08,GS,332.459259033203
2023-12-11,GS,333.340576171875
2023-12-12,GS,334.146026611328
2023-12-13,GS,343.736114501953
2023-12-14,GS,363.390106201172
2023-12-15,GS,360.585113525391
2023-12-18,GS,356.690277099609
2023-12-19,GS,362.423553466797
2023-12-20,GS,357.751647949219
2023-12-21,GS,360.641937255859
2023-12-22,GS,360.717712402344
2023-12-26,GS,361.627471923828
2023-12-27,GS,364.347198486328
2023-12-28,GS,366.176147460938
2023-12-29,GS,365.569641113281
2024-01-02,GS,367.967193603516
2024-01-03,GS,361.798065185547
2024-01-04,GS,362.897399902344
2024-01-05,GS,366.20458984375
2024-01-08,GS,368.497863769531
2024-01-09,GS,363.645935058594
2024-01-10,GS,361.959167480469
2024-01-11,GS,359.864868164063
2024-01-12,GS,357.969635009766
2024-01-16,GS,360.528259277344
2024-01-17,GS,357.429412841797
2024-01-18,GS,357.173614501953
2024-01-19,GS,362.186645507813
2024-01-22,GS,365.749725341797
2024-01-23,GS,360.831451416016
2024-01-24,GS,359.533233642578
2024-01-25,GS,362.660430908203
2024-01-26,GS,358.007476806641
2024-01-29,GS,360.632415771484
2024-01-30,GS,366.612060546875
2024-01-31,GS,363.90185546875
2024-02-01,GS,363.750183105469
2024-02-02,GS,367.550231933594
2024-02-05,GS,362.963623046875
2024-02-06,GS,364.830474853516
2024-02-07,GS,366.413024902344
2024-02-08,GS,364.877868652344
2024-02-09,GS,364.138732910156
2024-02-12,GS,372.079956054688
2024-02-13,GS,358.917236328125
2024-02-14,GS,358.244445800781
2024-02-15,GS,365.238006591797
2024-02-16,GS,364.309265136719
2024-02-20,GS,364.385131835938
2024-02-21,GS,367.938751220703
2024-02-22,GS,370.023559570313
2024-02-23,GS,370.573150634766
2024-02-26,GS,369.786590576172
2024-02-27,GS,370.345733642578
2024-02-28,GS,375.232055664063
2024-02-29,GS,371.29052734375
2024-03-01,GS,370.383911132813
2024-03-04,GS,374.344451904297
2024-03-05,GS,373.065643310547
2024-03-06,GS,371.786865234375
2024-03-07,GS,370.698852539063
2024-03-08,GS,369.324584960938
2024-03-11,GS,368.532501220703
2024-03-12,GS,370.460266113281
2024-03-13,GS,374.401763916016
2024-03-14,GS,370.87060546875
2024-03-15,GS,369.534545898438
2024-03-18,GS,366.82421875
2024-03-19,GS,370.918395996094
2024-03-20,GS,378.371795654297
2024-03-21,GS,394.824859619141
2024-03-22,GS,388.249359130859
2024-03-25,GS,386.455230712891
2024-03-26,GS,387.638549804688
2024-03-27,GS,396.294586181641
2024-03-28,GS,398.623199462891
2024-04-01,GS,394.634002685547
2024-04-02,GS,391.427368164063
2024-04-03,GS,395.101654052734
2024-04-04,GS,387.705383300781
2024-04-05,GS,389.442291259766
2024-04-08,GS,391.799591064453
2024-04-09,GS,391.961822509766
2024-04-10,GS,382.466003417969
2024-04-11,GS,379.335754394531
2024-04-12,GS,371.710479736328
2024-04-15,GS,382.580505371094
2024-04-16,GS,378.744018554688
2024-04-17,GS,385.472229003906
2024-04-18,GS,384.708740234375
2024-04-19,GS,385.558135986328
2024-04-22,GS,398.298706054688
2024-04-23,GS,404.645202636719
2024-04-24,GS,403.728973388672
2024-04-25,GS,400.87548828125
2024-04-26,GS,408.052215576172
2024-04-29,GS,411.144287109375
2024-04-30,GS,407.231475830078
2024-05-01,GS,407.460510253906
2024-05-02,GS,412.823974609375
2024-05-03,GS,418.177825927734
2024-05-06,GS,423.417205810547
2024-05-07,GS,423.541290283203
2024-05-08,GS,426.547546386719
2024-05-09,GS,434.764465332031
2024-05-10,GS,433.972442626953
2024-05-13,GS,432.855834960938
2024-05-14,GS,437.541625976563
2024-05-15,GS,444.813812255859
2024-05-16,GS,443.315521240234
2024-05-17,GS,446.369384765625
2024-05-20,GS,441.807556152344
2024-05-21,GS,448.936676025391
2024-05-22,GS,441.273162841797
2024-05-23,GS,437.236297607422
2024-05-24,GS,440.127990722656
2024-05-28,GS,438.820495605469
2024-05-29,GS,436.301025390625
2024-05-30,GS,432.278045654297
2024-05-31,GS,438.317230224609
2024-06-03,GS,436.838623046875
2024-06-04,GS,437.145874023438
2024-06-05,GS,443.271484375
2024-06-06,GS,439.834289550781
2024-06-07,GS,436.771423339844
2024-06-10,GS,435.465637207031
2024-06-11,GS,426.555694580078
2024-06-12,GS,430.80908203125
2024-06-13,GS,428.552795410156
2024-06-14,GS,428.658355712891
2024-06-17,GS,432.230072021484
2024-06-18,GS,439.191009521484
2024-06-20,GS,439.786254882813
2024-06-21,GS,432.230072021484
2024-06-24,GS,443.665161132813
2024-06-25,GS,439.142944335938
2024-06-26,GS,437.683563232422
2024-06-27,GS,428.178283691406
2024-06-28,GS,434.284759521484
2024-07-01,GS,445.172546386719
2024-07-02,GS,447.044799804688
2024-07-03,GS,449.2626953125
2024-07-05,GS,446.219146728516
2024-07-08,GS,446.286376953125
2024-07-09,GS,453.976898193359
2024-07-10,GS,459.795318603516
2024-07-11,GS,460.121765136719
2024-07-12,GS,460.745849609375
2024-07-15,GS,472.603424072266
2024-07-16,GS,482.963165283203
2024-07-17,GS,482.156646728516
2024-07-18,GS,466.823425292969
2024-07-19,GS,465.594451904297
2024-07-22,GS,467.620391845703
2024-07-23,GS,472.526580810547
2024-07-24,GS,467.293914794922
2024-07-25,GS,472.104125976563
2024-07-26,GS,479.132263183594
2024-07-29,GS,473.073883056641
2024-07-30,GS,485.507507324219
2024-07-31,GS,488.733551025391
2024-08-01,GS,480.178771972656
2024-08-02,GS,451.874267578125
2024-08-05,GS,440.717559814453
2024-08-06,GS,451.471008300781
2024-08-07,GS,454.149780273438
2024-08-08,GS,466.400939941406
2024-08-09,GS,470.711944580078
2024-08-12,GS,466.141754150391
2024-08-13,GS,472.324981689453
2024-08-14,GS,478.815460205078
2024-08-15,GS,479.122650146484
2024-08-16,GS,484.153778076172
2024-08-19,GS,484.556976318359
2024-08-20,GS,477.509674072266
2024-08-21,GS,476.664703369141
2024-08-22,GS,477.903289794922
2024-08-23,GS,489.107971191406
2024-08-26,GS,487.619812011719
2024-08-27,GS,487.034118652344
2024-08-28,GS,483.260803222656
2024-08-29,GS,489.760864257813
2024-08-30,GS,492.803161621094
2024-09-03,GS,470.792388916016
2024-09-04,GS,473.863677978516
2024-09-05,GS,471.198059082031
2024-09-06,GS,463.210784912109
2024-09-09,GS,471.864501953125
2024-09-10,GS,451.157531738281
2024-09-11,GS,455.059417724609
2024-09-12,GS,457.8505859375
2024-09-13,GS,462.612030029297
2024-09-16,GS,468.571075439453
2024-09-17,GS,468.793243408203
2024-09-18,GS,468.010833740234
2024-09-19,GS,486.602691650391
2024-09-20,GS,481.387329101563
2024-09-23,GS,480.402191162109
2024-09-24,GS,480.991333007813
2024-09-25,GS,474.346588134766
2024-09-26,GS,479.928955078125
2024-09-27,GS,481.464599609375
2024-09-30,GS,478.180847167969
2024-10-01,GS,473.409820556641
2024-10-02,GS,475.167510986328
2024-10-03,GS,469.478912353516
2024-10-04,GS,478.229125976563
2024-10-07,GS,477.707611083984
2024-10-08,GS,479.590911865234
2024-10-09,GS,487.906494140625
2024-10-10,GS,486.496459960938
2024-10-11,GS,498.646301269531
2024-10-14,GS,504.875732421875
2024-10-15,GS,504.518432617188
2024-10-16,GS,511.742706298828
2024-10-17,GS,510.912109375
2024-10-18,GS,510.429138183594
2024-10-21,GS,500.095031738281
2024-10-22,GS,500.577911376953
2024-10-23,GS,499.515533447266
2024-10-24,GS,506.56591796875
2024-10-25,GS,495.07275390625
2024-10-28,GS,505.677398681641
2024-10-29,GS,506.353485107422
2024-10-30,GS,506.469329833984
2024-10-31,GS,500.085296630859
2024-11-01,GS,501.591979980469
2024-11-04,GS,493.9814453125
2024-11-05,GS,508.941864013672
2024-11-06,GS,575.601806640625
2024-11-07,GS,562.264038085938
2024-11-08,GS,569.111572265625
2024-11-11,GS,581.744384765625
2024-11-12,GS,572.327819824219
2024-11-13,GS,573.901977539063
2024-11-14,GS,568.483764648438
2024-11-15,GS,573.245239257813
2024-11-18,GS,567.885009765625
2024-11-19,GS,561.5009765625
2024-11-20,GS,562.032165527344
2024-11-21,GS,575.727294921875
2024-11-22,GS,582.169311523438
2024-11-25,GS,582.410827636719
2024-11-26,GS,584.796325683594
2024-11-27,GS,584.728698730469
2024-11-29,GS,587.761291503906
2024-12-02,GS,584.014892578125
2024-12-03,GS,584.3740234375
2024-12-04,GS,581.103088378906
2024-12-05,GS,579.249267578125
2024-12-06,GS,582.044555664063
2024-12-09,GS,576.648010253906
2024-12-10,GS,567.825378417969
2024-12-11,GS,575.133972167969
2024-12-12,GS,574.211853027344
2024-12-13,GS,568.262145996094
2024-12-16,GS,569.087158203125
2024-12-17,GS,557.779724121094
2024-12-18,GS,534.068237304688
2024-12-19,GS,537.698181152344
2024-12-20,GS,549.452026367188
2024-12-23,GS,553.994445800781
2024-12-24,GS,565.651245117188
2024-12-26,GS,564.137084960938
2024-12-27,GS,559.235778808594
2024-12-30,GS,556.682922363281
2024-12-31,GS,555.780395507813
2025-01-02,GS,558.061218261719
2025-01-03,GS,563.069458007813
2025-01-06,GS,566.233642578125
2025-01-07,GS,563.059753417969
2025-01-08,GS,562.962829589844
2025-01-10,GS,543.531433105469
2025-01-13,GS,546.394714355469
2025-01-14,GS,554.722412109375
2025-01-15,GS,588.101013183594
2025-01-16,GS,594.963134765625
2025-01-17,GS,607.532348632813
2025-01-21,GS,616.073486328125
2025-01-22,GS,614.122619628906
2025-01-23,GS,620.693481445313
2025-01-24,GS,618.169982910156
2025-01-27,GS,614.656433105469
2025-01-28,GS,619.043518066406
2025-01-29,GS,618.635864257813
2025-01-30,GS,626.711242675781
2025-01-31,GS,621.567138671875
2025-02-03,GS,613.773254394531
2025-02-04,GS,615.529968261719
2025-02-05,GS,626.468566894531
2025-02-06,GS,638.862915039063
2025-02-07,GS,636.611206054688
2025-02-10,GS,631.399230957031
2025-02-11,GS,628.205871582031
2025-02-12,GS,629.914123535156
2025-02-13,GS,629.865661621094
2025-02-14,GS,641.12451171875
2025-02-18,GS,652.422119140625
2025-02-19,GS,648.500915527344
2025-02-20,GS,623.372375488281
2025-02-21,GS,607.202331542969
2025-02-24,GS,607.726501464844
2025-02-25,GS,596.82666015625
2025-02-26,GS,599.602600097656
2025-02-27,GS,590.119873046875
2025-02-28,GS,606.984619140625
2025-03-03,GS,590.37353515625
2025-03-04,GS,566.846740722656
2025-03-05,GS,578.483276367188
2025-03-06,GS,553.707946777344
2025-03-07,GS,545.904724121094
2025-03-10,GS,518.583618164063
2025-03-11,GS,518.359375
2025-03-12,GS,522.534057617188
2025-03-13,GS,511.902221679688
2025-03-14,GS,528.093933105469
2025-03-17,GS,537.779663085938
2025-03-18,GS,538.208923339844
2025-03-19,GS,543.632141113281
2025-03-20,GS,548.840698242188
2025-03-21,GS,551.240234375
2025-03-24,GS,565.832275390625
2025-03-25,GS,571.528686523438
2025-03-26,GS,559.804260253906
2025-03-27,GS,545.173156738281
2025-03-28,GS,529.761840820313
2025-03-31,GS,532.853820800781
2025-04-01,GS,534.960815429688
2025-04-02,GS,549.250427246094
2025-04-03,GS,498.656158447266
2025-04-04,GS,459.230316162109
2025-04-07,GS,454.060668945313
2025-04-08,GS,450.8515625
2025-04-09,GS,504.157409667969
2025-04-10,GS,477.753234863281
2025-04-11,GS,482.279113769531
2025-04-14,GS,491.584503173828
2025-04-15,GS,495.398345947266
2025-04-16,GS,486.775726318359
2025-04-17,GS,496.958953857422
2025-04-21,GS,489.028900146484
2025-04-22,GS,507.200744628906
2025-04-23,GS,516.291442871094
2025-04-24,GS,531.956481933594
2025-04-25,GS,531.459045410156
2025-04-28,GS,532.961181640625
2025-04-29,GS,535.419128417969
2025-04-30,GS,534.082885742188
2025-05-01,GS,540.208435058594
2025-05-02,GS,552.176635742188
2025-05-05,GS,545.797485351563
2025-05-06,GS,535.848327636719
2025-05-07,GS,538.345397949219
2025-05-08,GS,551.786499023438
2025-05-09,GS,553.151916503906
2025-05-12,GS,576.7958984375
2025-05-13,GS,588.959106445313
2025-05-14,GS,596.557495117188
2025-05-15,GS,600.751770019531
2025-05-16,GS,603.804870605469
2025-05-19,GS,597.240234375
2025-05-20,GS,591.602478027344
2025-05-21,GS,578.863708496094
2025-05-22,GS,583.516357421875
2025-05-23,GS,583.818725585938
2025-05-27,GS,600.585998535156
2025-05-28,GS,593.475280761719
2025-05-29,GS,589.983276367188
2025-05-30,GS,588.601135253906
2025-06-02,GS,586.9052734375
2025-06-03,GS,591.914428710938
2025-06-04,GS,587.385681152344
2025-06-05,GS,593.924011230469
2025-06-06,GS,601.883728027344
2025-06-09,GS,601.413208007813
2025-06-10,GS,602.736511230469
2025-06-11,GS,611.853088378906
2025-06-12,GS,612.774536132813
2025-06-13,GS,601.432861328125
2025-06-16,GS,615.460388183594
2025-06-17,GS,612.313720703125
2025-06-18,GS,622.70458984375
2025-06-20,GS,628.154907226563
2025-06-23,GS,634.114929199219
2025-06-24,GS,649.04443359375
2025-06-25,GS,656.651306152344
2025-06-26,GS,673.600036621094
2025-06-27,GS,677.178039550781
2025-06-30,GS,693.783752441406
2025-07-01,GS,692.519226074219
2025-07-02,GS,701.76318359375
2025-07-03,GS,709.399353027344
2025-07-07,GS,696.900939941406
2025-07-08,GS,683.520446777344
2025-07-09,GS,682.814575195313
2025-07-10,GS,695.126708984375
2025-07-11,GS,691.0390625
2025-07-14,GS,699.224243164063
2025-07-15,GS,688.647155761719
2025-07-16,GS,694.832641601563
2025-07-17,GS,691.911437988281
2025-07-18,GS,694.28369140625
2025-07-21,GS,692.068298339844
2025-07-22,GS,686.588562011719
2025-07-23,GS,703.360961914063
2025-07-24,GS,704.988159179688
2025-07-25,GS,714.594848632813
2025-07-28,GS,709.370056152344
2025-07-29,GS,717.53564453125
2025-07-30,GS,716.329833984375
2025-07-31,GS,709.311218261719
2025-08-01,GS,695.56787109375
2025-08-04,GS,711.703002929688
2025-08-05,GS,706.684020996094
2025-08-06,GS,710.4384765625
2025-08-07,GS,705.537109375
2025-08-08,GS,707.036926269531
2025-08-11,GS,705.046997070313
2025-08-12,GS,728.710693359375
2025-08-13,GS,729.994812011719
2025-08-14,GS,732.455322265625
2025-08-15,GS,716.300476074219
2025-08-18,GS,716.535766601563
2025-08-19,GS,707.144775390625
2025-08-20,GS,706.458557128906
2025-08-21,GS,701.821960449219
2025-08-22,GS,727.250122070313
2025-08-25,GS,724.211181640625
2025-08-26,GS,734.170776367188
2025-08-27,GS,734.876525878906
2025-08-28,GS,736.395874023438
2025-08-29,GS,734.454467773438
2025-09-02,GS,720.263000488281
2025-09-03,GS,719.977294921875
2025-09-04,GS,738.051635742188
2025-09-05,GS,727.516418457031
2025-09-08,GS,731.103698730469
2025-09-09,GS,752.85400390625
2025-09-10,GS,758.432006835938
2025-09-11,GS,773.362548828125
2025-09-12,GS,768.76025390625
2025-09-15,GS,775.363159179688
2025-09-16,GS,774.150939941406
2025-09-17,GS,782.715087890625
2025-09-18,GS,792.658935546875
2025-09-19,GS,793.338928222656
2025-09-22,GS,793.890808105469
2025-09-23,GS,794.639831542969
2025-09-24,GS,780.951049804688
2025-09-25,GS,783.247314453125
2025-09-26,GS,790.885009765625
2025-09-29,GS,792.4716796875
2025-09-30,GS,784.814208984375
2025-10-01,GS,774.131286621094
2025-10-02,GS,768.090087890625
2025-10-03,GS,778.536499023438
2025-10-06,GS,785.238037109375
2025-10-07,GS,778.211364746094
2025-10-08,GS,765.261596679688
2025-10-09,GS,768.661682128906
2025-10-10,GS,753.28759765625
2025-10-13,GS,775.382873535156
2025-10-14,GS,759.594970703125
2025-10-15,GS,756.805908203125
2025-10-16,GS,747.108520507813
2025-10-17,GS,739.89453125
2025-10-20,GS,752.2626953125
2025-10-21,GS,747.985595703125
2025-10-22,GS,733.813842773438
2025-10-23,GS,739.904418945313
2025-10-24,GS,772.524841308594
2025-10-27,GS,778.546325683594
2025-10-28,GS,780.615966796875
2025-10-29,GS,771.716735839844
2025-10-30,GS,778.7138671875
2025-10-31,GS,777.935363769531
2025-11-03,GS,774.14111328125
2025-11-04,GS,779.374206542969
2025-11-05,GS,781.601501464844
2025-11-06,GS,776.171325683594
2025-11-07,GS,774.949279785156
2025-11-10,GS,785.651916503906
2025-11-11,GS,798.572021484375
2025-11-12,GS,826.81689453125
2025-11-13,GS,793.831665039063
2025-11-14,GS,779.453063964844
2025-11-17,GS,764.325378417969
2025-11-18,GS,765.054626464844
2025-11-19,GS,774.604370117188
2025-11-20,GS,762.492309570313
2025-11-21,GS,762.817626953125
2025-11-24,GS,779.255981445313
2025-11-25,GS,790.69775390625
2025-11-26,GS,804.189514160156
2025-11-28,GS,814.074157714844
2025-12-01,GS,799.114074707031
2025-12-02,GS,807.383972167969
2025-12-03,GS,828.538879394531
2025-12-04,GS,829.786743164063
2025-12-05,GS,846.356140136719
2025-12-08,GS,858.369689941406
2025-12-09,GS,868.164794921875
2025-12-10,GS,880.703247070313
2025-12-11,GS,902.284057617188
2025-12-12,GS,879.435546875
2025-12-15,GS,881.049926757813
2025-12-16,GS,870.710083007813
2025-12-17,GS,863.95556640625
2025-12-18,GS,867.887451171875
2025-12-19,GS,884.902465820313
2025-12-22,GS,890.369567871094
2025-12-23,GS,893.053527832031
2025-12-24,GS,902.036437988281
2025-12-26,GS,898.332336425781
2025-12-29,GS,883.614990234375
2025-12-30,GS,875.929443359375
2025-12-31,GS,870.5615234375
2026-01-02,GS,905.562316894531
2026-01-05,GS,939.334899902344
2026-01-06,GS,946.29736328125
2026-01-07,GS,931.986145019531
2026-01-08,GS,925.855529785156
2026-01-09,GS,929.965698242188
2026-01-12,GS,940.434265136719
2026-01-13,GS,929.143737792969
2026-01-14,GS,923.71630859375
2026-01-15,GS,966.491638183594
2026-01-16,GS,952.764709472656
2026-01-20,GS,934.313598632813
2026-01-21,GS,943.861022949219
2026-01-22,GS,945.485290527344
2026-01-23,GS,910.058715820313
2026-01-26,GS,922.9140625
2026-01-27,GS,920.794616699219
2026-01-28,GS,927.816589355469
2026-01-29,GS,931.094787597656
2026-01-30,GS,926.429992675781
2026-02-02,GS,937.245178222656
2026-02-03,GS,929.975646972656
2026-02-04,GS,904.5322265625
2026-02-05,GS,881.861938476563
2026-02-06,GS,919.833923339844
2026-02-09,GS,934.561157226563
2026-02-10,GS,939.879638671875
2026-02-11,GS,935.521850585938
2026-02-12,GS,895.866271972656
2026-02-13,GS,896.450622558594
2026-02-17,GS,907.245910644531
2026-02-18,GS,924.76611328125
2026-02-19,GS,907.85009765625
2026-02-20,GS,913.386413574219
2026-02-23,GS,883.743774414063
2026-02-24,GS,893.608154296875
2026-02-25,GS,912.53466796875
2026-02-26,GS,920.081481933594
2026-02-27,GS,851.318054199219
2026-03-02,GS,857.919006347656
2026-03-03,GS,858.795166015625
2026-03-04,GS,863.444641113281
2026-03-05,GS,831.794128417969
2026-03-06,GS,817.815734863281
2026-03-09,GS,828.379211425781
2026-03-10,GS,830.1513671875
2026-03-11,GS,820.145446777344
2026-03-12,GS,784.064514160156
2026-03-13,GS,778.777770996094
2026-03-16,GS,791.282653808594
2026-03-17,GS,803.498779296875
2026-03-18,GS,801.945678710938
2026-03-19,GS,805.948059082031
2026-03-20,GS,809.960388183594
2026-03-23,GS,827.622497558594
2026-03-24,GS,832.052978515625
2026-03-25,GS,838.146179199219
2026-03-26,GS,819.030395507813
2026-03-27,GS,799.367065429688
2026-03-30,GS,804.056335449219
2026-03-31,GS,842.277893066406
2026-04-01,GS,856.435546875
2026-04-02,GS,859.253112792969
2026-04-06,GS,862.249877929688
2026-04-07,GS,860.358276367188
2026-04-08,GS,901.775695800781
2026-04-09,GS,899.754577636719
2026-04-10,GS,903.816711425781
2026-04-13,GS,886.88134765625
2026-04-14,GS,905.638671875
2026-04-15,GS,895.543151855469
2026-04-16,GS,896.050903320313
2026-04-17,GS,921.887084960938
2026-04-20,GS,937.607788085938
2026-04-21,GS,922.484436035156
2026-04-22,GS,930.738098144531
2026-04-23,GS,927.213562011719
2026-04-24,GS,922.842834472656
2026-04-27,GS,933.695007324219
2026-04-28,GS,922.484436035156
2026-04-29,GS,901.626342773438
2026-04-30,GS,919.716674804688
2026-05-01,GS,919.656921386719
2026-05-04,GS,899.306579589844
2026-05-05,GS,914.858032226563
2026-05-06,GS,933.236999511719
2026-05-07,GS,921.807434082031
2026-05-08,GS,932.370849609375
2026-05-11,GS,940.714050292969
2026-05-12,GS,941.749572753906
2026-05-13,GS,951.227722167969
2026-05-14,GS,964.708374023438
2026-05-15,GS,944.308227539063
2026-05-18,GS,942.20751953125
2026-05-19,GS,924.664794921875
2026-05-20,GS,977.810607910156
2026-05-21,GS,983.834045410156
2026-05-22,GS,992.3564453125
2026-05-26,GS,990.156188964844
2026-05-27,GS,992.097595214844
2026-05-28,GS,1003.94543457031
2026-05-29,GS,1021.06005859375
2026-06-01,GS,1048.57995605469
2026-06-02,GS,1064.57995605469
2026-06-03,GS,1041.02001953125
2026-06-04,GS,1092.60998535156
2026-06-05,GS,1038.68005371094
2026-06-08,GS,1045
2026-06-09,GS,1032.01000976563
2026-06-10,GS,1001.28997802734
2026-06-11,GS,1035.64001464844
2026-06-12,GS,1062.75
2026-06-15,GS,1076.17004394531
2026-06-16,GS,1090.67004394531
2026-06-17,GS,1099.14001464844
2026-06-18,GS,1096.56005859375
2026-06-22,GS,1106.36999511719
2026-06-23,GS,1094.43994140625
2026-06-24,GS,1076.91003417969
2026-06-25,GS,1065.08996582031
2026-06-26,GS,1019.60998535156
2026-06-29,GS,1020.21002197266
2026-06-30,GS,1011.36999511719
2026-07-01,GS,1019.60998535156
2026-07-02,GS,1021
2026-07-06,GS,1055.2900390625
2026-07-07,GS,1042.97998046875
2026-07-08,GS,1029.64001464844
2026-07-09,GS,1055.96997070313
2026-07-10,GS,1055.18005371094
2026-07-13,GS,1045.91003417969
2026-07-14,GS,1140
2026-07-15,GS,1152.06994628906
2026-07-16,GS,1095.4599609375
2026-07-17,GS,1065.21997070313
2026-07-20,GS,1055.03002929688
2026-07-21,GS,1085.56005859375
2026-07-22,GS,1098.19995117188
2026-07-23,GS,1074.71997070313
2026-07-24,GS,1061.22998046875
2026-07-27,GS,1048.22998046875
2026-07-28,GS,1033.33996582031
2016-07-29,CAT,66.4577560424805
2016-08-01,CAT,65.8072891235352
2016-08-02,CAT,65.2371292114258
2016-08-03,CAT,65.8715286254883
2016-08-04,CAT,65.6627578735352
2016-08-05,CAT,66.2971267700195
2016-08-08,CAT,67.0038146972656
2016-08-09,CAT,66.5139465332031
2016-08-10,CAT,66.3694229125977
2016-08-11,CAT,66.8432006835938
2016-08-12,CAT,66.6504592895508
2016-08-15,CAT,67.5739517211914
2016-08-16,CAT,67.6863632202148
2016-08-17,CAT,67.78271484375
2016-08-18,CAT,66.9555969238281
2016-08-19,CAT,67.3249893188477
2016-08-22,CAT,67.124267578125
2016-08-23,CAT,67.4615097045898
2016-08-24,CAT,66.7709121704102
2016-08-25,CAT,66.52197265625
2016-08-26,CAT,66.3774337768555
2016-08-29,CAT,66.7307510375977
2016-08-30,CAT,66.2328948974609
2016-08-31,CAT,65.8072891235352
2016-09-01,CAT,65.4057769775391
2016-09-02,CAT,65.598518371582
2016-09-06,CAT,65.9116821289063
2016-09-07,CAT,67.2286529541016
2016-09-08,CAT,67.0840835571289
2016-09-09,CAT,64.8757858276367
2016-09-12,CAT,65.7831726074219
2016-09-13,CAT,64.4260940551758
2016-09-14,CAT,65.0604934692383
2016-09-15,CAT,65.8715286254883
2016-09-16,CAT,65.8875961303711
2016-09-19,CAT,65.751091003418
2016-09-20,CAT,65.6065444946289
2016-09-21,CAT,67.0278854370117
2016-09-22,CAT,67.0519561767578
2016-09-23,CAT,66.2007598876953
2016-09-26,CAT,66.1445617675781
2016-09-27,CAT,66.5540924072266
2016-09-28,CAT,69.533317565918
2016-09-29,CAT,70.2399215698242
2016-09-30,CAT,71.2838516235352
2016-10-03,CAT,70.8904113769531
2016-10-04,CAT,70.2720794677734
2016-10-05,CAT,71.8058395385742
2016-10-06,CAT,71.7014541625977
2016-10-07,CAT,71.0429763793945
2016-10-10,CAT,70.8422164916992
2016-10-11,CAT,70.2399215698242
2016-10-12,CAT,70.3282928466797
2016-10-13,CAT,69.8384475708008
2016-10-14,CAT,70.4005432128906
2016-10-17,CAT,70.0954055786133
2016-10-18,CAT,70.039176940918
2016-10-19,CAT,70.6655502319336
2016-10-20,CAT,70.1794815063477
2016-10-21,CAT,69.9364395141602
2016-10-24,CAT,69.661018371582
2016-10-25,CAT,68.4377593994141
2016-10-26,CAT,68.1542282104492
2016-10-27,CAT,67.2468795776367
2016-10-28,CAT,67.9516906738281
2016-10-31,CAT,67.611457824707
2016-11-01,CAT,66.6231079101563
2016-11-02,CAT,65.7077102661133
2016-11-03,CAT,65.8373107910156
2016-11-04,CAT,66.6798095703125
2016-11-07,CAT,67.8463745117188
2016-11-08,CAT,68.5997848510742
2016-11-09,CAT,73.8816833496094
2016-11-10,CAT,75.7043991088867
2016-11-11,CAT,75.3479766845703
2016-11-14,CAT,76.2876815795898
2016-11-15,CAT,76.5064163208008
2016-11-16,CAT,75.6234130859375
2016-11-17,CAT,75.1616668701172
2016-11-18,CAT,74.8051834106445
2016-11-21,CAT,75.2588577270508
2016-11-22,CAT,75.8421173095703
2016-11-23,CAT,77.9160003662109
2016-11-25,CAT,77.6162414550781
2016-11-28,CAT,76.8790740966797
2016-11-29,CAT,76.1823959350586
2016-11-30,CAT,77.4137268066406
2016-12-01,CAT,77.9646148681641
2016-12-02,CAT,77.073486328125
2016-12-05,CAT,76.5145111083984
2016-12-06,CAT,77.138298034668
2016-12-07,CAT,78.8476181030273
2016-12-08,CAT,77.9888916015625
2016-12-09,CAT,77.3894271850586
2016-12-12,CAT,77.0248870849609
2016-12-13,CAT,77.7863922119141
2016-12-14,CAT,75.9393310546875
2016-12-15,CAT,76.5793228149414
2016-12-16,CAT,74.9996337890625
2016-12-19,CAT,75.1049346923828
2016-12-20,CAT,76.425407409668
2016-12-21,CAT,76.004150390625
2016-12-22,CAT,76.2471618652344
2016-12-23,CAT,76.4092025756836
2016-12-27,CAT,76.5955276489258
2016-12-28,CAT,75.4613800048828
2016-12-29,CAT,75.5748062133789
2016-12-30,CAT,75.1292343139648
2017-01-03,CAT,76.1418380737305
2017-01-04,CAT,75.801643371582
2017-01-05,CAT,75.3398590087891
2017-01-06,CAT,75.3722610473633
2017-01-09,CAT,74.8294906616211
2017-01-10,CAT,76.0122451782227
2017-01-11,CAT,76.6765670776367
2017-01-12,CAT,76.1418380737305
2017-01-13,CAT,76.5387954711914
2017-01-17,CAT,75.801643371582
2017-01-18,CAT,76.2345504760742
2017-01-19,CAT,76.2753829956055
2017-01-20,CAT,77.2555618286133
2017-01-23,CAT,77.1575622558594
2017-01-24,CAT,78.6115264892578
2017-01-25,CAT,80.1716613769531
2017-01-26,CAT,79.4120025634766
2017-01-27,CAT,80.857795715332
2017-01-30,CAT,79.0607681274414
2017-01-31,CAT,78.1377563476563
2017-02-01,CAT,77.6884841918945
2017-02-02,CAT,76.5939254760742
2017-02-03,CAT,76.1937026977539
2017-02-06,CAT,75.8587875366211
2017-02-07,CAT,76.2182083129883
2017-02-08,CAT,75.891487121582
2017-02-09,CAT,76.7491455078125
2017-02-10,CAT,78.6686935424805
2017-02-13,CAT,80.4575271606445
2017-02-14,CAT,80.1226425170898
2017-02-15,CAT,80.8822937011719
2017-02-16,CAT,80.2614974975586
2017-02-17,CAT,80.7434234619141
2017-02-21,CAT,80.1307907104492
2017-02-22,CAT,80.2124786376953
2017-02-23,CAT,78.0479125976563
2017-02-24,CAT,77.9907379150391
2017-02-27,CAT,79.5916976928711
2017-02-28,CAT,78.9545745849609
2017-03-01,CAT,80.5228958129883
2017-03-02,CAT,77.0758972167969
2017-03-03,CAT,77.696662902832
2017-03-06,CAT,78.1377563476563
2017-03-07,CAT,78.3582916259766
2017-03-08,CAT,76.1528549194336
2017-03-09,CAT,74.6498794555664
2017-03-10,CAT,75.4013748168945
2017-03-13,CAT,75.6709518432617
2017-03-14,CAT,75.0337829589844
2017-03-15,CAT,76.259033203125
2017-03-16,CAT,75.8424530029297
2017-03-17,CAT,75.891487121582
2017-03-20,CAT,77.9253768920898
2017-03-21,CAT,75.4994125366211
2017-03-22,CAT,75.4994125366211
2017-03-23,CAT,75.3360214233398
2017-03-24,CAT,75.2706909179688
2017-03-27,CAT,74.7479019165039
2017-03-28,CAT,75.9241485595703
2017-03-29,CAT,75.8506469726563
2017-03-30,CAT,76.1446914672852
2017-03-31,CAT,75.7689666748047
2017-04-03,CAT,75.3687057495117
2017-04-04,CAT,76.8880157470703
2017-04-05,CAT,76.9778594970703
2017-04-06,CAT,78.2684631347656
2017-04-07,CAT,78.0233764648438
2017-04-10,CAT,79.3466796875
2017-04-11,CAT,79.3139801025391
2017-04-12,CAT,77.4843139648438
2017-04-13,CAT,76.0466842651367
2017-04-17,CAT,76.8961715698242
2017-04-18,CAT,77.1003723144531
2017-04-19,CAT,76.3488998413086
2017-04-20,CAT,77.9631805419922
2017-04-21,CAT,77.6831512451172
2017-04-24,CAT,79.7339324951172
2017-04-25,CAT,86.0016403198242
2017-04-26,CAT,86.1993026733398
2017-04-27,CAT,84.5685653686523
2017-04-28,CAT,84.2226333618164
2017-05-01,CAT,84.0085067749023
2017-05-02,CAT,83.6049041748047
2017-05-03,CAT,83.6296615600586
2017-05-04,CAT,81.8588790893555
2017-05-05,CAT,82.0647659301758
2017-05-08,CAT,81.8424072265625
2017-05-09,CAT,81.7764892578125
2017-05-10,CAT,82.6577758789063
2017-05-11,CAT,83.1766357421875
2017-05-12,CAT,82.946044921875
2017-05-15,CAT,84.3544235229492
2017-05-16,CAT,84.2885437011719
2017-05-17,CAT,82.4765853881836
2017-05-18,CAT,82.5424499511719
2017-05-19,CAT,84.3626556396484
2017-05-22,CAT,84.2473373413086
2017-05-23,CAT,85.3509902954102
2017-05-24,CAT,85.6145477294922
2017-05-25,CAT,86.4958267211914
2017-05-26,CAT,87.0229263305664
2017-05-30,CAT,86.8664398193359
2017-05-31,CAT,86.83349609375
2017-06-01,CAT,87.0147018432617
2017-06-02,CAT,87.2617645263672
2017-06-05,CAT,86.6440505981445
2017-06-06,CAT,86.1087112426758
2017-06-07,CAT,85.2521591186523
2017-06-08,CAT,86.4875793457031
2017-06-09,CAT,87.2370452880859
2017-06-12,CAT,87.3605804443359
2017-06-13,CAT,87.0970458984375
2017-06-14,CAT,86.2404861450195
2017-06-15,CAT,87.6324081420898
2017-06-16,CAT,88.6207427978516
2017-06-19,CAT,88.530143737793
2017-06-20,CAT,88.1595077514648
2017-06-21,CAT,85.2192153930664
2017-06-22,CAT,85.52392578125
2017-06-23,CAT,85.7463302612305
2017-06-26,CAT,85.8616333007813
2017-06-27,CAT,85.5980834960938
2017-06-28,CAT,87.6735687255859
2017-06-29,CAT,87.0064468383789
2017-06-30,CAT,88.5054092407227
2017-07-03,CAT,88.1018600463867
2017-07-05,CAT,88.530143737793
2017-07-06,CAT,87.7229995727539
2017-07-07,CAT,88.0606918334961
2017-07-10,CAT,88.8183822631836
2017-07-11,CAT,89.147819519043
2017-07-12,CAT,89.7408218383789
2017-07-13,CAT,89.337272644043
2017-07-14,CAT,89.584358215332
2017-07-17,CAT,89.6420059204102
2017-07-18,CAT,88.8207473754883
2017-07-19,CAT,89.4678115844727
2017-07-20,CAT,89.0281448364258
2017-07-21,CAT,88.4225616455078
2017-07-24,CAT,89.7415466308594
2017-07-25,CAT,95.0175476074219
2017-07-26,CAT,94.1714019775391
2017-07-27,CAT,94.8765487670898
2017-07-28,CAT,94.6525344848633
2017-07-31,CAT,94.5281066894531
2017-08-01,CAT,93.8230056762695
2017-08-02,CAT,93.8146820068359
2017-08-03,CAT,94.2045745849609
2017-08-04,CAT,94.8599395751953
2017-08-07,CAT,95.1585845947266
2017-08-08,CAT,94.9096984863281
2017-08-09,CAT,94.8516311645508
2017-08-10,CAT,93.8644714355469
2017-08-11,CAT,93.6156005859375
2017-08-14,CAT,94.3290100097656
2017-08-15,CAT,94.2792434692383
2017-08-16,CAT,94.6691284179688
2017-08-17,CAT,93.8561706542969
2017-08-18,CAT,94.5032424926758
2017-08-21,CAT,94.2377700805664
2017-08-22,CAT,96.0793914794922
2017-08-23,CAT,95.1917495727539
2017-08-24,CAT,95.2166442871094
2017-08-25,CAT,95.6894836425781
2017-08-28,CAT,95.4572296142578
2017-08-29,CAT,96.2369918823242
2017-08-30,CAT,97.5145034790039
2017-08-31,CAT,97.464714050293
2017-09-01,CAT,98.1200866699219
2017-09-05,CAT,98.1366577148438
2017-09-06,CAT,97.0416717529297
2017-09-07,CAT,97.6970138549805
2017-09-08,CAT,97.7384948730469
2017-09-11,CAT,98.609504699707
2017-09-12,CAT,100.326721191406
2017-09-13,CAT,99.2400054931641
2017-09-14,CAT,99.9451217651367
2017-09-15,CAT,100.683433532715
2017-09-18,CAT,102.724174499512
2017-09-19,CAT,103.479049682617
2017-09-20,CAT,103.570297241211
2017-09-21,CAT,103.5205078125
2017-09-22,CAT,103.221862792969
2017-09-25,CAT,103.13060760498
2017-09-26,CAT,103.288246154785
2017-09-27,CAT,103.296531677246
2017-09-28,CAT,103.885528564453
2017-09-29,CAT,103.454132080078
2017-10-02,CAT,103.462448120117
2017-10-03,CAT,104.117790222168
2017-10-04,CAT,105.138168334961
2017-10-05,CAT,104.856094360352
2017-10-06,CAT,105.295761108398
2017-10-09,CAT,105.254280090332
2017-10-10,CAT,106.341011047363
2017-10-11,CAT,106.681129455566
2017-10-12,CAT,107.83423614502
2017-10-13,CAT,108.431488037109
2017-10-16,CAT,109.061981201172
2017-10-17,CAT,108.290473937988
2017-10-18,CAT,108.912605285645
2017-10-19,CAT,109.128318786621
2017-10-20,CAT,109.620681762695
2017-10-23,CAT,109.887741088867
2017-10-24,CAT,115.362075805664
2017-10-25,CAT,114.193748474121
2017-10-26,CAT,114.277206420898
2017-10-27,CAT,115.003242492676
2017-10-30,CAT,113.901710510254
2017-10-31,CAT,113.325912475586
2017-11-01,CAT,113.734764099121
2017-11-02,CAT,113.88500213623
2017-11-03,CAT,114.018524169922
2017-11-06,CAT,114.919776916504
2017-11-07,CAT,115.837745666504
2017-11-08,CAT,114.569274902344
2017-11-09,CAT,112.942024230957
2017-11-10,CAT,113.893310546875
2017-11-13,CAT,113.93505859375
2017-11-14,CAT,114.777938842773
2017-11-15,CAT,111.907211303711
2017-11-16,CAT,113.793212890625
2017-11-17,CAT,113.601280212402
2017-11-20,CAT,114.252220153809
2017-11-21,CAT,114.828025817871
2017-11-22,CAT,115.170135498047
2017-11-24,CAT,114.652770996094
2017-11-27,CAT,114.485862731934
2017-11-28,CAT,115.987945556641
2017-11-29,CAT,115.211837768555
2017-11-30,CAT,117.790489196777
2017-12-01,CAT,118.099273681641
2017-12-04,CAT,118.082557678223
2017-12-05,CAT,116.947639465332
2017-12-06,CAT,117.114547729492
2017-12-07,CAT,119.242546081543
2017-12-08,CAT,120.051979064941
2017-12-11,CAT,119.976913452148
2017-12-12,CAT,119.684844970703
2017-12-13,CAT,123.982551574707
2017-12-14,CAT,122.071533203125
2017-12-15,CAT,122.413635253906
2017-12-18,CAT,124.98397064209
2017-12-19,CAT,125.935272216797
2017-12-20,CAT,127.278846740723
2017-12-21,CAT,129.047988891602
2017-12-22,CAT,129.974273681641
2017-12-26,CAT,130.550094604492
2017-12-27,CAT,131.451400756836
2017-12-28,CAT,132.202377319336
2017-12-29,CAT,131.501403808594
2018-01-02,CAT,131.050765991211
2018-01-03,CAT,131.251068115234
2018-01-04,CAT,133.053619384766
2018-01-05,CAT,135.15657043457
2018-01-08,CAT,138.553039550781
2018-01-09,CAT,138.886779785156
2018-01-10,CAT,138.419448852539
2018-01-11,CAT,141.198379516602
2018-01-12,CAT,142.116317749023
2018-01-16,CAT,141.290145874023
2018-01-17,CAT,140.614212036133
2018-01-18,CAT,140.889587402344
2018-01-19,CAT,142.868194580078
2018-01-22,CAT,143.270629882813
2018-01-23,CAT,142.046569824219
2018-01-24,CAT,141.132751464844
2018-01-25,CAT,141.99626159668
2018-01-26,CAT,140.0595703125
2018-01-29,CAT,136.303695678711
2018-01-30,CAT,137.292999267578
2018-01-31,CAT,136.471343994141
2018-02-01,CAT,136.018630981445
2018-02-02,CAT,132.036361694336
2018-02-05,CAT,126.662353515625
2018-02-06,CAT,131.130874633789
2018-02-07,CAT,129.395446777344
2018-02-08,CAT,122.394958496094
2018-02-09,CAT,125.094566345215
2018-02-12,CAT,127.676689147949
2018-02-13,CAT,129.085220336914
2018-02-14,CAT,132.514221191406
2018-02-15,CAT,134.123886108398
2018-02-16,CAT,131.030242919922
2018-02-20,CAT,130.418243408203
2018-02-21,CAT,130.141571044922
2018-02-22,CAT,133.18489074707
2018-02-23,CAT,136.161193847656
2018-02-26,CAT,137.234283447266
2018-02-27,CAT,135.197036743164
2018-02-28,CAT,129.638565063477
2018-03-01,CAT,125.949745178223
2018-03-02,CAT,122.72193145752
2018-03-05,CAT,126.695838928223
2018-03-06,CAT,128.900817871094
2018-03-07,CAT,127.022804260254
2018-03-08,CAT,128.766647338867
2018-03-09,CAT,132.673477172852
2018-03-12,CAT,129.529556274414
2018-03-13,CAT,128.850509643555
2018-03-14,CAT,127.886367797852
2018-03-15,CAT,129.588180541992
2018-03-16,CAT,131.172821044922
2018-03-19,CAT,127.559371948242
2018-03-20,CAT,129.160598754883
2018-03-21,CAT,130.619491577148
2018-03-22,CAT,123.157890319824
2018-03-23,CAT,120.969711303711
2018-03-26,CAT,125.077774047852
2018-03-27,CAT,123.233337402344
2018-03-28,CAT,121.699119567871
2018-03-29,CAT,123.560363769531
2018-04-02,CAT,120.63436126709
2018-04-03,CAT,121.615264892578
2018-04-04,CAT,121.715881347656
2018-04-05,CAT,124.189102172852
2018-04-06,CAT,119.879837036133
2018-04-09,CAT,119.955261230469
2018-04-10,CAT,124.155563354492
2018-04-11,CAT,123.06566619873
2018-04-12,CAT,125.874244689941
2018-04-13,CAT,125.949745178223
2018-04-16,CAT,127.551010131836
2018-04-17,CAT,128.53190612793
2018-04-18,CAT,130.745223999023
2018-04-19,CAT,130.535614013672
2018-04-20,CAT,129.128479003906
2018-04-23,CAT,129.752029418945
2018-04-24,CAT,121.705200195313
2018-04-25,CAT,122.337142944336
2018-04-26,CAT,123.280822753906
2018-04-27,CAT,121.941062927246
2018-04-30,CAT,121.637748718262
2018-05-01,CAT,121.688316345215
2018-05-02,CAT,121.216438293457
2018-05-03,CAT,121.149055480957
2018-05-04,CAT,123.331398010254
2018-05-07,CAT,126.238372802734
2018-05-08,CAT,126.331016540527
2018-05-09,CAT,128.589202880859
2018-05-10,CAT,129.735137939453
2018-05-11,CAT,130.485092163086
2018-05-14,CAT,130.838958740234
2018-05-15,CAT,128.572357177734
2018-05-16,CAT,129.591903686523
2018-05-17,CAT,129.499237060547
2018-05-18,CAT,131.201278686523
2018-05-21,CAT,133.906021118164
2018-05-22,CAT,131.614166259766
2018-05-23,CAT,132.911773681641
2018-05-24,CAT,132.878082275391
2018-05-25,CAT,131.319305419922
2018-05-29,CAT,129.44026184082
2018-05-30,CAT,130.990646362305
2018-05-31,CAT,127.999404907227
2018-06-01,CAT,129.356002807617
2018-06-04,CAT,128.496536254883
2018-06-05,CAT,128.926223754883
2018-06-06,CAT,131.875335693359
2018-06-07,CAT,131.689956665039
2018-06-08,CAT,130.872650146484
2018-06-11,CAT,131.698440551758
2018-06-12,CAT,132.701141357422
2018-06-13,CAT,130.358657836914
2018-06-14,CAT,129.035781860352
2018-06-15,CAT,126.406860351563
2018-06-18,CAT,125.277816772461
2018-06-19,CAT,120.744606018066
2018-06-20,CAT,120.601364135742
2018-06-21,CAT,117.567993164063
2018-06-22,CAT,117.913444519043
2018-06-25,CAT,115.082321166992
2018-06-26,CAT,114.206024169922
2018-06-27,CAT,113.422416687012
2018-06-28,CAT,114.618911743164
2018-06-29,CAT,114.315574645996
2018-07-02,CAT,114.837966918945
2018-07-03,CAT,112.765174865723
2018-07-05,CAT,114.433540344238
2018-07-06,CAT,114.09651184082
2018-07-09,CAT,118.78133392334
2018-07-10,CAT,119.017265319824
2018-07-11,CAT,115.234016418457
2018-07-12,CAT,117.475326538086
2018-07-13,CAT,118.595970153809
2018-07-16,CAT,116.346252441406
2018-07-17,CAT,117.079284667969
2018-07-18,CAT,118.907752990723
2018-07-19,CAT,118.19563293457
2018-07-20,CAT,115.99144744873
2018-07-23,CAT,115.533645629883
2018-07-24,CAT,116.966361999512
2018-07-25,CAT,119.094245910645
2018-07-26,CAT,120.874549865723
2018-07-27,CAT,120.857597351074
2018-07-30,CAT,118.475387573242
2018-07-31,CAT,121.908843994141
2018-08-01,CAT,117.449569702148
2018-08-02,CAT,117.00025177002
2018-08-03,CAT,117.424133300781
2018-08-06,CAT,118.24649810791
2018-08-07,CAT,120.705017089844
2018-08-08,CAT,118.441452026367
2018-08-09,CAT,117.4326171875
2018-08-10,CAT,115.228454589844
2018-08-13,CAT,114.465446472168
2018-08-14,CAT,114.38069152832
2018-08-15,CAT,111.922157287598
2018-08-16,CAT,115.516670227051
2018-08-17,CAT,118.127807617188
2018-08-20,CAT,117.559814453125
2018-08-21,CAT,118.678886413574
2018-08-22,CAT,118.373657226563
2018-08-23,CAT,115.965995788574
2018-08-24,CAT,117.169822692871
2018-08-27,CAT,120.416770935059
2018-08-28,CAT,120.382881164551
2018-08-29,CAT,120.264175415039
2018-08-30,CAT,117.890411376953
2018-08-31,CAT,117.712417602539
2018-09-04,CAT,117.195259094238
2018-09-05,CAT,119.187507629395
2018-09-06,CAT,120.018287658691
2018-09-07,CAT,119.80638885498
2018-09-10,CAT,120.425270080566
2018-09-11,CAT,120.408302307129
2018-09-12,CAT,122.315780639648
2018-09-13,CAT,123.383934020996
2018-09-14,CAT,122.841354370117
2018-09-17,CAT,123.960418701172
2018-09-18,CAT,126.376564025879
2018-09-19,CAT,129.504837036133
2018-09-20,CAT,132.25163269043
2018-09-21,CAT,132.573745727539
2018-09-24,CAT,130.556060791016
2018-09-25,CAT,130.63232421875
2018-09-26,CAT,129.852386474609
2018-09-27,CAT,129.258987426758
2018-09-28,CAT,129.275939941406
2018-10-01,CAT,129.097885131836
2018-10-02,CAT,131.251205444336
2018-10-03,CAT,134.13362121582
2018-10-04,CAT,132.887420654297
2018-10-05,CAT,129.971099853516
2018-10-08,CAT,130.005035400391
2018-10-09,CAT,126.707183837891
2018-10-10,CAT,121.841026306152
2018-10-11,CAT,119.509666442871
2018-10-12,CAT,120.442199707031
2018-10-15,CAT,120.213333129883
2018-10-16,CAT,121.832527160645
2018-10-17,CAT,119.823348999023
2018-10-18,CAT,115.126708984375
2018-10-19,CAT,112.038238525391
2018-10-22,CAT,109.811454772949
2018-10-23,CAT,101.510101318359
2018-10-24,CAT,95.8450622558594
2018-10-25,CAT,98.6520004272461
2018-10-26,CAT,98.1571578979492
2018-10-29,CAT,97.244270324707
2018-10-30,CAT,100.213310241699
2018-10-31,CAT,103.506530761719
2018-11-01,CAT,106.390251159668
2018-11-02,CAT,107.320205688477
2018-11-05,CAT,107.849182128906
2018-11-06,CAT,110.340423583984
2018-11-07,CAT,115.263214111328
2018-11-08,CAT,112.097969055176
2018-11-09,CAT,108.275756835938
2018-11-12,CAT,106.646194458008
2018-11-13,CAT,107.465240478516
2018-11-14,CAT,106.731513977051
2018-11-15,CAT,110.417213439941
2018-11-16,CAT,110.877906799316
2018-11-19,CAT,107.482292175293
2018-11-20,CAT,104.317039489746
2018-11-21,CAT,105.682113647461
2018-11-23,CAT,104.35969543457
2018-11-26,CAT,106.475555419922
2018-11-27,CAT,106.304931640625
2018-11-28,CAT,111.568984985352
2018-11-29,CAT,111.108245849609
2018-11-30,CAT,115.749504089355
2018-12-03,CAT,118.547897338867
2018-12-04,CAT,110.331909179688
2018-12-06,CAT,109.521369934082
2018-12-07,CAT,105.409103393555
2018-12-10,CAT,105.272605895996
2018-12-11,CAT,105.14461517334
2018-12-12,CAT,106.961891174316
2018-12-13,CAT,107.414070129395
2018-12-14,CAT,108.156303405762
2018-12-17,CAT,106.194007873535
2018-12-18,CAT,106.023399353027
2018-12-19,CAT,104.36824798584
2018-12-20,CAT,103.702781677246
2018-12-21,CAT,102.440071105957
2018-12-24,CAT,99.778190612793
2018-12-26,CAT,106.441436767578
2018-12-27,CAT,108.070999145508
2018-12-28,CAT,107.166641235352
2018-12-31,CAT,108.412261962891
2019-01-02,CAT,107.823554992676
2019-01-03,CAT,103.668647766113
2019-01-04,CAT,109.333686828613
2019-01-07,CAT,109.401924133301
2019-01-08,CAT,110.715805053711
2019-01-09,CAT,111.14241027832
2019-01-10,CAT,113.43741607666
2019-01-11,CAT,112.703712463379
2019-01-14,CAT,112.447776794434
2019-01-15,CAT,111.500732421875
2019-01-16,CAT,112.328323364258
2019-01-17,CAT,114.785400390625
2019-01-18,CAT,117.29273223877
2019-01-22,CAT,113.548988342285
2019-01-23,CAT,113.188354492188
2019-01-24,CAT,113.969718933105
2019-01-25,CAT,117.515960693359
2019-01-28,CAT,106.79133605957
2019-01-29,CAT,108.646041870117
2019-01-30,CAT,111.720039367676
2019-01-31,CAT,114.338935852051
2019-02-01,CAT,112.406944274902
2019-02-04,CAT,112.381195068359
2019-02-05,CAT,113.342903137207
2019-02-06,CAT,112.089218139648
2019-02-07,CAT,110.578048706055
2019-02-08,CAT,110.423461914063
2019-02-11,CAT,110.706809997559
2019-02-12,CAT,113.918190002441
2019-02-13,CAT,114.287422180176
2019-02-14,CAT,113.87525177002
2019-02-15,CAT,116.949279785156
2019-02-19,CAT,116.60578918457
2019-02-20,CAT,120.47834777832
2019-02-21,CAT,119.250465393066
2019-02-22,CAT,119.078742980957
2019-02-25,CAT,121.422859191895
2019-02-26,CAT,118.477653503418
2019-02-27,CAT,119.851539611816
2019-02-28,CAT,117.928108215332
2019-03-01,CAT,118.039703369141
2019-03-04,CAT,118.795379638672
2019-03-05,CAT,117.756416320801
2019-03-06,CAT,115.772903442383
2019-03-07,CAT,114.029838562012
2019-03-08,CAT,112.784767150879
2019-03-11,CAT,114.296005249023
2019-03-12,CAT,113.755020141602
2019-03-13,CAT,114.630882263184
2019-03-14,CAT,114.794044494629
2019-03-15,CAT,113.918190002441
2019-03-18,CAT,115.146095275879
2019-03-19,CAT,115.189010620117
2019-03-20,CAT,114.210151672363
2019-03-21,CAT,115.111717224121
2019-03-22,CAT,111.428085327148
2019-03-25,CAT,112.810516357422
2019-03-26,CAT,113.205497741699
2019-03-27,CAT,112.655960083008
2019-03-28,CAT,113.660591125488
2019-03-29,CAT,116.339622497559
2019-04-01,CAT,120.426864624023
2019-04-02,CAT,120.375297546387
2019-04-03,CAT,119.576713562012
2019-04-04,CAT,120.323791503906
2019-04-05,CAT,120.521270751953
2019-04-08,CAT,120.057601928711
2019-04-09,CAT,117.078071594238
2019-04-10,CAT,118.091293334961
2019-04-11,CAT,119.241874694824
2019-04-12,CAT,121.242553710938
2019-04-15,CAT,120.426864624023
2019-04-16,CAT,121.955268859863
2019-04-17,CAT,122.564865112305
2019-04-18,CAT,123.843406677246
2019-04-22,CAT,122.99683380127
2019-04-23,CAT,122.694496154785
2019-04-24,CAT,118.97989654541
2019-04-25,CAT,117.597663879395
2019-04-26,CAT,120.102882385254
2019-04-29,CAT,120.094200134277
2019-04-30,CAT,120.439788818359
2019-05-01,CAT,119.342651367188
2019-05-02,CAT,116.768341064453
2019-05-03,CAT,120.128807067871
2019-05-06,CAT,118.141914367676
2019-05-07,CAT,115.472564697266
2019-05-08,CAT,113.986740112305
2019-05-09,CAT,113.338836669922
2019-05-10,CAT,113.459747314453
2019-05-13,CAT,108.242034912109
2019-05-14,CAT,110.11661529541
2019-05-15,CAT,109.969772338867
2019-05-16,CAT,109.37370300293
2019-05-17,CAT,106.047821044922
2019-05-20,CAT,105.762748718262
2019-05-21,CAT,107.939682006836
2019-05-22,CAT,106.738914489746
2019-05-23,CAT,105.615882873535
2019-05-24,CAT,106.168754577637
2019-05-28,CAT,105.037124633789
2019-05-29,CAT,104.942092895508
2019-05-30,CAT,105.253082275391
2019-05-31,CAT,103.499435424805
2019-06-03,CAT,104.225090026855
2019-06-04,CAT,105.460411071777
2019-06-05,CAT,106.358840942383
2019-06-06,CAT,106.592056274414
2019-06-07,CAT,107.516403198242
2019-06-10,CAT,108.622131347656
2019-06-11,CAT,109.952491760254
2019-06-12,CAT,109.796981811523
2019-06-13,CAT,109.857460021973
2019-06-14,CAT,109.909286499023
2019-06-17,CAT,109.987022399902
2019-06-18,CAT,112.587287902832
2019-06-19,CAT,112.829147338867
2019-06-20,CAT,115.438056945801
2019-06-21,CAT,115.662612915039
2019-06-24,CAT,116.077278137207
2019-06-25,CAT,115.507133483887
2019-06-26,CAT,116.751068115234
2019-06-27,CAT,117.053443908691
2019-06-28,CAT,117.735885620117
2019-07-01,CAT,118.003707885742
2019-07-02,CAT,117.355766296387
2019-07-03,CAT,117.131202697754
2019-07-05,CAT,117.044799804688
2019-07-08,CAT,116.483276367188
2019-07-09,CAT,116.008148193359
2019-07-10,CAT,114.582786560059
2019-07-11,CAT,115.723091125488
2019-07-12,CAT,119.524108886719
2019-07-15,CAT,120.629821777344
2019-07-16,CAT,120.15470123291
2019-07-17,CAT,117.252136230469
2019-07-18,CAT,116.526489257813
2019-07-19,CAT,118.58960723877
2019-07-22,CAT,117.727783203125
2019-07-23,CAT,120.21745300293
2019-07-24,CAT,114.829002380371
2019-07-25,CAT,117.266426086426
2019-07-26,CAT,115.708198547363
2019-07-29,CAT,117.048782348633
2019-07-30,CAT,115.734336853027
2019-07-31,CAT,114.620079040527
2019-08-01,CAT,110.371978759766
2019-08-02,CAT,108.413330078125
2019-08-05,CAT,105.89754486084
2019-08-06,CAT,106.271881103516
2019-08-07,CAT,105.140197753906
2019-08-08,CAT,106.219657897949
2019-08-09,CAT,103.921485900879
2019-08-12,CAT,101.605918884277
2019-08-13,CAT,103.599418640137
2019-08-14,CAT,100.291481018066
2019-08-15,CAT,100.326309204102
2019-08-16,CAT,101.353485107422
2019-08-19,CAT,102.163070678711
2019-08-20,CAT,101.562408447266
2019-08-21,CAT,102.441635131836
2019-08-22,CAT,102.62442779541
2019-08-23,CAT,99.2903823852539
2019-08-26,CAT,99.603759765625
2019-08-27,CAT,98.6984481811523
2019-08-28,CAT,99.9867706298828
2019-08-29,CAT,102.519973754883
2019-08-30,CAT,103.590705871582
2019-09-03,CAT,101.875778198242
2019-09-04,CAT,103.677757263184
2019-09-05,CAT,107.064033508301
2019-09-06,CAT,106.811599731445
2019-09-09,CAT,110.772407531738
2019-09-10,CAT,113.418769836426
2019-09-11,CAT,115.856201171875
2019-09-12,CAT,114.689712524414
2019-09-13,CAT,116.456825256348
2019-09-16,CAT,115.908401489258
2019-09-17,CAT,115.055305480957
2019-09-18,CAT,114.097763061523
2019-09-19,CAT,113.270767211914
2019-09-20,CAT,111.564590454102
2019-09-23,CAT,111.790901184082
2019-09-24,CAT,109.675552368164
2019-09-25,CAT,110.215286254883
2019-09-26,CAT,110.023780822754
2019-09-27,CAT,110.197845458984
2019-09-30,CAT,109.954124450684
2019-10-01,CAT,106.524345397949
2019-10-02,CAT,104.426399230957
2019-10-03,CAT,104.496047973633
2019-10-04,CAT,105.366523742676
2019-10-07,CAT,104.678825378418
2019-10-08,CAT,102.694068908691
2019-10-09,CAT,103.973724365234
2019-10-10,CAT,106.802886962891
2019-10-11,CAT,111.773490905762
2019-10-14,CAT,111.756080627441
2019-10-15,CAT,114.062911987305
2019-10-16,CAT,113.331718444824
2019-10-17,CAT,114.968276977539
2019-10-18,CAT,114.678726196289
2019-10-21,CAT,116.012329101563
2019-10-22,CAT,117.293251037598
2019-10-23,CAT,118.740867614746
2019-10-24,CAT,117.433624267578
2019-10-25,CAT,122.592460632324
2019-10-28,CAT,122.881980895996
2019-10-29,CAT,123.996238708496
2019-10-30,CAT,123.127647399902
2019-10-31,CAT,120.899192810059
2019-11-01,CAT,126.768676757813
2019-11-04,CAT,128.900619506836
2019-11-05,CAT,128.418090820313
2019-11-06,CAT,127.645965576172
2019-11-07,CAT,128.979583740234
2019-11-08,CAT,129.988540649414
2019-11-11,CAT,129.848190307617
2019-11-12,CAT,128.391754150391
2019-11-13,CAT,126.768676757813
2019-11-14,CAT,125.847457885742
2019-11-15,CAT,127.48811340332
2019-11-18,CAT,125.979034423828
2019-11-19,CAT,125.619338989258
2019-11-20,CAT,124.162925720215
2019-11-21,CAT,125.777275085449
2019-11-22,CAT,126.233474731445
2019-11-25,CAT,128.461929321289
2019-11-26,CAT,128.172424316406
2019-11-27,CAT,127.821479797363
2019-11-29,CAT,126.979217529297
2019-12-02,CAT,125.426322937012
2019-12-03,CAT,122.881980895996
2019-12-04,CAT,122.934631347656
2019-12-05,CAT,123.750595092773
2019-12-06,CAT,125.215751647949
2019-12-09,CAT,125.312255859375
2019-12-10,CAT,125.347305297852
2019-12-11,CAT,126.338752746582
2019-12-12,CAT,128.777786254883
2019-12-13,CAT,127.681091308594
2019-12-16,CAT,127.531982421875
2019-12-17,CAT,128.418090820313
2019-12-18,CAT,129.076110839844
2019-12-19,CAT,127.233688354492
2019-12-20,CAT,129.470886230469
2019-12-23,CAT,130.286865234375
2019-12-24,CAT,129.391952514648
2019-12-26,CAT,130.041152954102
2019-12-27,CAT,130.093811035156
2019-12-30,CAT,129.427032470703
2019-12-31,CAT,129.567398071289
2020-01-02,CAT,132.067840576172
2020-01-03,CAT,130.234222412109
2020-01-06,CAT,130.146469116211
2020-01-07,CAT,128.426849365234
2020-01-08,CAT,129.567398071289
2020-01-09,CAT,129.242782592773
2020-01-10,CAT,128.207565307617
2020-01-13,CAT,128.812896728516
2020-01-14,CAT,128.690032958984
2020-01-15,CAT,127.716194152832
2020-01-16,CAT,129.734085083008
2020-01-17,CAT,130.564636230469
2020-01-21,CAT,128.859451293945
2020-01-22,CAT,126.014518737793
2020-01-23,CAT,126.120567321777
2020-01-24,CAT,124.026679992676
2020-01-27,CAT,119.918334960938
2020-01-28,CAT,120.810684204102
2020-01-29,CAT,119.962524414063
2020-01-30,CAT,119.600273132324
2020-01-31,CAT,116.048622131348
2020-02-03,CAT,114.65266418457
2020-02-04,CAT,117.956970214844
2020-02-05,CAT,121.429153442383
2020-02-06,CAT,121.261283874512
2020-02-07,CAT,117.833274841309
2020-02-10,CAT,118.672607421875
2020-02-11,CAT,120.324768066406
2020-02-12,CAT,123.328666687012
2020-02-13,CAT,123.443550109863
2020-02-14,CAT,121.915069580078
2020-02-18,CAT,120.66934967041
2020-02-19,CAT,120.916732788086
2020-02-20,CAT,120.978561401367
2020-02-21,CAT,121.225975036621
2020-02-24,CAT,116.773048400879
2020-02-25,CAT,113.972343444824
2020-02-26,CAT,113.309745788574
2020-02-27,CAT,108.909851074219
2020-02-28,CAT,109.766876220703
2020-03-02,CAT,112.735450744629
2020-03-03,CAT,109.890563964844
2020-03-04,CAT,112.558731079102
2020-03-05,CAT,107.761329650879
2020-03-06,CAT,107.266540527344
2020-03-09,CAT,91.9465484619141
2020-03-10,CAT,94.0846405029297
2020-03-11,CAT,88.9603042602539
2020-03-12,CAT,81.5123138427734
2020-03-13,CAT,88.0326080322266
2020-03-16,CAT,82.5283432006836
2020-03-17,CAT,88.5273590087891
2020-03-18,CAT,88.4566879272461
2020-03-19,CAT,91.0100173950195
2020-03-20,CAT,84.374885559082
2020-03-23,CAT,81.1500854492188
2020-03-24,CAT,89.5345611572266
2020-03-25,CAT,92.4766464233398
2020-03-26,CAT,97.6275100708008
2020-03-27,CAT,93.1569213867188
2020-03-30,CAT,98.6965255737305
2020-03-31,CAT,102.522102355957
2020-04-01,CAT,98.3784637451172
2020-04-02,CAT,103.140563964844
2020-04-03,CAT,101.31169128418
2020-04-06,CAT,106.40071105957
2020-04-07,CAT,107.717140197754
2020-04-08,CAT,112.558731079102
2020-04-09,CAT,110.464828491211
2020-04-13,CAT,100.843460083008
2020-04-14,CAT,102.910873413086
2020-04-15,CAT,98.537467956543
2020-04-16,CAT,100.030624389648
2020-04-17,CAT,103.695152282715
2020-04-20,CAT,102.179397583008
2020-04-21,CAT,97.9442367553711
2020-04-22,CAT,98.6486053466797
2020-04-23,CAT,100.672607421875
2020-04-24,CAT,101.680114746094
2020-04-27,CAT,102.714393615723
2020-04-28,CAT,102.94620513916
2020-04-29,CAT,107.047653198242
2020-04-30,CAT,103.766502380371
2020-05-01,CAT,98.8625946044922
2020-05-04,CAT,96.0450820922852
2020-05-05,CAT,97.1061325073242
2020-05-06,CAT,96.0005035400391
2020-05-07,CAT,95.6616897583008
2020-05-08,CAT,99.9592971801758
2020-05-11,CAT,96.8386383056641
2020-05-12,CAT,93.6198959350586
2020-05-13,CAT,93.15625
2020-05-14,CAT,94.6809158325195
2020-05-15,CAT,96.2234039306641
2020-05-18,CAT,102.553894042969
2020-05-19,CAT,99.9325408935547
2020-05-20,CAT,103.151268005371
2020-05-21,CAT,101.697944641113
2020-05-22,CAT,100.280265808105
2020-05-26,CAT,104.684883117676
2020-05-27,CAT,109.151847839355
2020-05-28,CAT,107.653953552246
2020-05-29,CAT,107.110076904297
2020-06-01,CAT,107.439971923828
2020-06-02,CAT,109.954322814941
2020-06-03,CAT,113.315711975098
2020-06-04,CAT,114.983055114746
2020-06-05,CAT,120.475402832031
2020-06-08,CAT,122.793632507324
2020-06-09,CAT,119.646186828613
2020-06-10,CAT,118.085906982422
2020-06-11,CAT,108.376182556152
2020-06-12,CAT,109.802749633789
2020-06-15,CAT,110.212882995605
2020-06-16,CAT,116.008407592773
2020-06-17,CAT,114.332176208496
2020-06-18,CAT,113.761535644531
2020-06-19,CAT,113.645614624023
2020-06-22,CAT,112.156639099121
2020-06-23,CAT,112.566787719727
2020-06-24,CAT,108.830871582031
2020-06-25,CAT,111.19367980957
2020-06-26,CAT,109.125122070313
2020-06-29,CAT,111.675140380859
2020-06-30,CAT,112.789672851563
2020-07-01,CAT,112.397369384766
2020-07-02,CAT,113.877449035645
2020-07-06,CAT,115.40210723877
2020-07-07,CAT,113.413803100586
2020-07-08,CAT,114.243003845215
2020-07-09,CAT,112.103134155273
2020-07-10,CAT,114.136009216309
2020-07-13,CAT,116.418571472168
2020-07-14,CAT,122.04468536377
2020-07-15,CAT,123.364250183105
2020-07-16,CAT,123.542594909668
2020-07-17,CAT,122.976669311523
2020-07-20,CAT,120.937545776367
2020-07-21,CAT,122.051383972168
2020-07-22,CAT,123.048515319824
2020-07-23,CAT,122.707191467285
2020-07-24,CAT,123.58748626709
2020-07-27,CAT,125.662551879883
2020-07-28,CAT,123.991729736328
2020-07-29,CAT,126.237487792969
2020-07-30,CAT,122.823951721191
2020-07-31,CAT,119.365524291992
2020-08-03,CAT,118.377388000488
2020-08-04,CAT,118.143844604492
2020-08-05,CAT,121.242958068848
2020-08-06,CAT,120.721939086914
2020-08-07,CAT,121.198028564453
2020-08-10,CAT,127.575927734375
2020-08-11,CAT,128.034042358398
2020-08-12,CAT,128.070007324219
2020-08-13,CAT,126.363227844238
2020-08-14,CAT,125.725471496582
2020-08-17,CAT,124.61157989502
2020-08-18,CAT,124.297164916992
2020-08-19,CAT,123.982757568359
2020-08-20,CAT,123.497680664063
2020-08-21,CAT,124.351058959961
2020-08-24,CAT,127.270492553711
2020-08-25,CAT,126.794387817383
2020-08-26,CAT,127.405258178711
2020-08-27,CAT,128.788635253906
2020-08-28,CAT,129.022232055664
2020-08-31,CAT,127.83642578125
2020-09-01,CAT,131.196044921875
2020-09-02,CAT,134.08854675293
2020-09-03,CAT,131.833831787109
2020-09-04,CAT,133.109420776367
2020-09-08,CAT,133.414825439453
2020-09-09,CAT,137.160766601563
2020-09-10,CAT,134.618576049805
2020-09-11,CAT,138.184814453125
2020-09-14,CAT,137.897323608398
2020-09-15,CAT,133.486724853516
2020-09-16,CAT,135.741409301758
2020-09-17,CAT,138.220703125
2020-09-18,CAT,136.891235351563
2020-09-21,CAT,130.549285888672
2020-09-22,CAT,132.184158325195
2020-09-23,CAT,129.695907592773
2020-09-24,CAT,130.378631591797
2020-09-25,CAT,131.070281982422
2020-09-28,CAT,132.660247802734
2020-09-29,CAT,132.417770385742
2020-09-30,CAT,133.980773925781
2020-10-01,CAT,131.788986206055
2020-10-02,CAT,134.690414428711
2020-10-05,CAT,137.879379272461
2020-10-06,CAT,136.118713378906
2020-10-07,CAT,139.029220581055
2020-10-08,CAT,140.726989746094
2020-10-09,CAT,142.775100708008
2020-10-12,CAT,146.071807861328
2020-10-13,CAT,145.631622314453
2020-10-14,CAT,146.970169067383
2020-10-15,CAT,148.254684448242
2020-10-16,CAT,151.587356567383
2020-10-19,CAT,150.491409301758
2020-10-20,CAT,151.802963256836
2020-10-21,CAT,150.37467956543
2020-10-22,CAT,152.40478515625
2020-10-23,CAT,152.368667602539
2020-10-26,CAT,147.497268676758
2020-10-27,CAT,142.716262817383
2020-10-28,CAT,136.615753173828
2020-10-29,CAT,139.788009643555
2020-10-30,CAT,141.939071655273
2020-11-02,CAT,147.560577392578
2020-11-03,CAT,151.555282592773
2020-11-04,CAT,140.294128417969
2020-11-05,CAT,147.397857666016
2020-11-06,CAT,145.771041870117
2020-11-09,CAT,154.38410949707
2020-11-10,CAT,155.721710205078
2020-11-11,CAT,153.154983520508
2020-11-12,CAT,152.856719970703
2020-11-13,CAT,155.1884765625
2020-11-16,CAT,156.526092529297
2020-11-17,CAT,155.369247436523
2020-11-18,CAT,156.119369506836
2020-11-19,CAT,156.263961791992
2020-11-20,CAT,155.658432006836
2020-11-23,CAT,157.963104248047
2020-11-24,CAT,159.879135131836
2020-11-25,CAT,157.827529907227
2020-11-27,CAT,158.23420715332
2020-11-30,CAT,156.887588500977
2020-12-01,CAT,156.589294433594
2020-12-02,CAT,157.140640258789
2020-12-03,CAT,157.827529907227
2020-12-04,CAT,164.678176879883
2020-12-07,CAT,161.514953613281
2020-12-08,CAT,161.632415771484
2020-12-09,CAT,162.744110107422
2020-12-10,CAT,161.641494750977
2020-12-11,CAT,162.039138793945
2020-12-14,CAT,160.918472290039
2020-12-15,CAT,164.253433227539
2020-12-16,CAT,162.228942871094
2020-12-17,CAT,161.930679321289
2020-12-18,CAT,163.548446655273
2020-12-21,CAT,162.825469970703
2020-12-22,CAT,159.589859008789
2020-12-23,CAT,161.252868652344
2020-12-24,CAT,162.283126831055
2020-12-28,CAT,161.207672119141
2020-12-29,CAT,159.653182983398
2020-12-30,CAT,162.71696472168
2020-12-31,CAT,164.506439208984
2021-01-04,CAT,164.623947143555
2021-01-05,CAT,165.970550537109
2021-01-06,CAT,175.207214355469
2021-01-07,CAT,175.541656494141
2021-01-08,CAT,175.568740844727
2021-01-11,CAT,175.207214355469
2021-01-12,CAT,178.533142089844
2021-01-13,CAT,177.041915893555
2021-01-14,CAT,178.406616210938
2021-01-15,CAT,175.894149780273
2021-01-19,CAT,176.321151733398
2021-01-20,CAT,174.758361816406
2021-01-21,CAT,174.622055053711
2021-01-22,CAT,174.394958496094
2021-01-25,CAT,170.215423583984
2021-01-26,CAT,170.097305297852
2021-01-27,CAT,164.118789672852
2021-01-28,CAT,167.489654541016
2021-01-29,CAT,166.126770019531
2021-02-01,CAT,167.834930419922
2021-02-02,CAT,174.903762817383
2021-02-03,CAT,173.949768066406
2021-02-04,CAT,174.131439208984
2021-02-05,CAT,175.35807800293
2021-02-08,CAT,179.401260375977
2021-02-09,CAT,179.246841430664
2021-02-10,CAT,179.646591186523
2021-02-11,CAT,180.219009399414
2021-02-12,CAT,179.891906738281
2021-02-16,CAT,183.880661010742
2021-02-17,CAT,183.807968139648
2021-02-18,CAT,181.645492553711
2021-02-19,CAT,190.722351074219
2021-02-22,CAT,198.127319335938
2021-02-23,CAT,200.053573608398
2021-02-24,CAT,202.134246826172
2021-02-25,CAT,201.543670654297
2021-02-26,CAT,196.146636962891
2021-03-01,CAT,199.671920776367
2021-03-02,CAT,196.092086791992
2021-03-03,CAT,195.26530456543
2021-03-04,CAT,193.320892333984
2021-03-05,CAT,200.035400390625
2021-03-08,CAT,201.325576782227
2021-03-09,CAT,196.982513427734
2021-03-10,CAT,200.853118896484
2021-03-11,CAT,199.671920776367
2021-03-12,CAT,208.067291259766
2021-03-15,CAT,209.64826965332
2021-03-16,CAT,205.759521484375
2021-03-17,CAT,212.27409362793
2021-03-18,CAT,209.593765258789
2021-03-19,CAT,204.69645690918
2021-03-22,CAT,205.359680175781
2021-03-23,CAT,198.299987792969
2021-03-24,CAT,201.007598876953
2021-03-25,CAT,203.751525878906
2021-03-26,CAT,208.521621704102
2021-03-29,CAT,209.175811767578
2021-03-30,CAT,211.774383544922
2021-03-31,CAT,210.674987792969
2021-04-01,CAT,211.465469360352
2021-04-05,CAT,212.346771240234
2021-04-06,CAT,209.557418823242
2021-04-07,CAT,209.348419189453
2021-04-08,CAT,209.412078857422
2021-04-09,CAT,209.657409667969
2021-04-12,CAT,209.820907592773
2021-04-13,CAT,208.385345458984
2021-04-14,CAT,211.320083618164
2021-04-15,CAT,211.265548706055
2021-04-16,CAT,212.02880859375
2021-04-19,CAT,211.1474609375
2021-04-20,CAT,206.822570800781
2021-04-21,CAT,211.211029052734
2021-04-22,CAT,207.967361450195
2021-04-23,CAT,210.020904541016
2021-04-26,CAT,210.431640625
2021-04-27,CAT,210.230850219727
2021-04-28,CAT,212.019790649414
2021-04-29,CAT,207.611434936523
2021-04-30,CAT,208.195587158203
2021-05-03,CAT,208.250289916992
2021-05-04,CAT,213.032836914063
2021-05-05,CAT,217.112655639648
2021-05-06,CAT,216.373306274414
2021-05-07,CAT,219.951110839844
2021-05-10,CAT,221.429672241211
2021-05-11,CAT,218.408645629883
2021-05-12,CAT,216.601501464844
2021-05-13,CAT,219.111404418945
2021-05-14,CAT,221.082870483398
2021-05-17,CAT,223.419372558594
2021-05-18,CAT,218.563812255859
2021-05-19,CAT,216.190765380859
2021-05-20,CAT,214.47492980957
2021-05-21,CAT,216.528503417969
2021-05-24,CAT,218.180480957031
2021-05-25,CAT,216.464584350586
2021-05-26,CAT,216.957443237305
2021-05-27,CAT,220.215774536133
2021-05-28,CAT,220.033248901367
2021-06-01,CAT,221.566619873047
2021-06-02,CAT,222.205505371094
2021-06-03,CAT,222.552276611328
2021-06-04,CAT,222.716567993164
2021-06-07,CAT,218.828491210938
2021-06-08,CAT,219.193572998047
2021-06-09,CAT,214.164581298828
2021-06-10,CAT,206.023300170898
2021-06-11,CAT,201.432403564453
2021-06-14,CAT,199.889984130859
2021-06-15,CAT,200.300704956055
2021-06-16,CAT,198.201522827148
2021-06-17,CAT,191.164611816406
2021-06-18,CAT,190.626113891602
2021-06-21,CAT,194.59635925293
2021-06-22,CAT,194.523345947266
2021-06-23,CAT,195.125686645508
2021-06-24,CAT,200.191177368164
2021-06-25,CAT,197.425674438477
2021-06-28,CAT,197.389190673828
2021-06-29,CAT,196.321395874023
2021-06-30,CAT,198.630508422852
2021-07-01,CAT,197.790786743164
2021-07-02,CAT,198.749145507813
2021-07-06,CAT,194.879302978516
2021-07-07,CAT,195.94709777832
2021-07-08,CAT,193.592361450195
2021-07-09,CAT,198.438827514648
2021-07-12,CAT,199.497512817383
2021-07-13,CAT,196.40348815918
2021-07-14,CAT,193.16340637207
2021-07-15,CAT,192.953506469727
2021-07-16,CAT,189.795516967773
2021-07-19,CAT,186.345397949219
2021-07-20,CAT,190.823272705078
2021-07-21,CAT,193.364990234375
2021-07-22,CAT,191.924377441406
2021-07-23,CAT,192.263916015625
2021-07-26,CAT,193.640289306641
2021-07-27,CAT,192.603408813477
2021-07-28,CAT,194.016525268555
2021-07-29,CAT,195.044189453125
2021-07-30,CAT,189.712997436523
2021-08-02,CAT,188.254013061523
2021-08-03,CAT,191.318771362305
2021-08-04,CAT,187.666748046875
2021-08-05,CAT,190.116729736328
2021-08-06,CAT,191.181167602539
2021-08-09,CAT,191.676651000977
2021-08-10,CAT,196.429809570313
2021-08-11,CAT,203.394317626953
2021-08-12,CAT,202.091354370117
2021-08-13,CAT,200.558990478516
2021-08-16,CAT,199.76985168457
2021-08-17,CAT,195.851699829102
2021-08-18,CAT,192.52082824707
2021-08-19,CAT,187.602493286133
2021-08-20,CAT,188.052124023438
2021-08-23,CAT,191.906036376953
2021-08-24,CAT,195.071731567383
2021-08-25,CAT,197.062927246094
2021-08-26,CAT,193.8330078125
2021-08-27,CAT,195.291961669922
2021-08-30,CAT,194.025680541992
2021-08-31,CAT,193.493469238281
2021-09-01,CAT,190.823272705078
2021-09-02,CAT,194.328491210938
2021-09-03,CAT,193.03466796875
2021-09-07,CAT,191.071044921875
2021-09-08,CAT,189.731353759766
2021-09-09,CAT,188.492614746094
2021-09-10,CAT,188.116348266602
2021-09-13,CAT,189.208297729492
2021-09-14,CAT,185.657241821289
2021-09-15,CAT,188.777053833008
2021-09-16,CAT,186.822540283203
2021-09-17,CAT,183.289840698242
2021-09-20,CAT,175.095672607422
2021-09-21,CAT,174.196426391602
2021-09-22,CAT,175.582015991211
2021-09-23,CAT,180.417724609375
2021-09-24,CAT,180.601226806641
2021-09-27,CAT,183.51921081543
2021-09-28,CAT,184.023895263672
2021-09-29,CAT,181.564712524414
2021-09-30,CAT,176.150939941406
2021-10-01,CAT,178.316482543945
2021-10-04,CAT,177.215316772461
2021-10-05,CAT,176.637237548828
2021-10-06,CAT,176.04997253418
2021-10-07,CAT,179.619445800781
2021-10-08,CAT,179.078033447266
2021-10-11,CAT,176.995086669922
2021-10-12,CAT,174.269805908203
2021-10-13,CAT,173.370574951172
2021-10-14,CAT,178.316482543945
2021-10-15,CAT,182.620010375977
2021-10-18,CAT,181.849212646484
2021-10-19,CAT,184.565246582031
2021-10-20,CAT,187.36393737793
2021-10-21,CAT,185.482864379883
2021-10-22,CAT,185.132263183594
2021-10-25,CAT,186.57160949707
2021-10-26,CAT,184.200378417969
2021-10-27,CAT,180.961837768555
2021-10-28,CAT,188.306198120117
2021-10-29,CAT,188.232421875
2021-11-01,CAT,189.496475219727
2021-11-02,CAT,191.10188293457
2021-11-03,CAT,187.807968139648
2021-11-04,CAT,187.844924926758
2021-11-05,CAT,189.957778930664
2021-11-08,CAT,197.680480957031
2021-11-09,CAT,193.583847045898
2021-11-10,CAT,190.686676025391
2021-11-11,CAT,192.40283203125
2021-11-12,CAT,193.085601806641
2021-11-15,CAT,191.646255493164
2021-11-16,CAT,189.542556762695
2021-11-17,CAT,187.282073974609
2021-11-18,CAT,185.842712402344
2021-11-19,CAT,184.938522338867
2021-11-22,CAT,186.728500366211
2021-11-23,CAT,189.450302124023
2021-11-24,CAT,191.055755615234
2021-11-26,CAT,183.360717773438
2021-11-29,CAT,180.768051147461
2021-11-30,CAT,178.396835327148
2021-12-01,CAT,176.662216186523
2021-12-02,CAT,181.570785522461
2021-12-03,CAT,182.502670288086
2021-12-06,CAT,185.713516235352
2021-12-07,CAT,188.675262451172
2021-12-08,CAT,188.398483276367
2021-12-09,CAT,188.343109130859
2021-12-10,CAT,187.724945068359
2021-12-13,CAT,185.685836791992
2021-12-14,CAT,186.045684814453
2021-12-15,CAT,186.885299682617
2021-12-16,CAT,190.225372314453
2021-12-17,CAT,185.79655456543
2021-12-20,CAT,180.343612670898
2021-12-21,CAT,182.973205566406
2021-12-22,CAT,186.516220092773
2021-12-23,CAT,190.253021240234
2021-12-27,CAT,190.419143676758
2021-12-28,CAT,190.640579223633
2021-12-29,CAT,191.295623779297
2021-12-30,CAT,190.142333984375
2021-12-31,CAT,190.751266479492
2022-01-03,CAT,190.991165161133
2022-01-04,CAT,201.214279174805
2022-01-05,CAT,202.755126953125
2022-01-06,CAT,204.821853637695
2022-01-07,CAT,206.851715087891
2022-01-10,CAT,204.498916625977
2022-01-11,CAT,202.939666748047
2022-01-12,CAT,205.200180053711
2022-01-13,CAT,209.444412231445
2022-01-14,CAT,211.234390258789
2022-01-18,CAT,212.092437744141
2022-01-19,CAT,205.509765625
2022-01-20,CAT,200.846252441406
2022-01-21,CAT,198.491333007813
2022-01-24,CAT,198.713851928711
2022-01-25,CAT,198.695266723633
2022-01-26,CAT,198.676742553711
2022-01-27,CAT,196.711227416992
2022-01-28,CAT,186.503387451172
2022-01-31,CAT,186.874267578125
2022-02-01,CAT,190.388107299805
2022-02-02,CAT,190.008010864258
2022-02-03,CAT,185.974899291992
2022-02-04,CAT,183.95378112793
2022-02-07,CAT,185.261016845703
2022-02-08,CAT,186.818618774414
2022-02-09,CAT,188.765655517578
2022-02-10,CAT,188.274215698242
2022-02-11,CAT,186.577575683594
2022-02-14,CAT,185.325927734375
2022-02-15,CAT,188.589477539063
2022-02-16,CAT,188.802703857422
2022-02-17,CAT,180.551162719727
2022-02-18,CAT,177.964447021484
2022-02-22,CAT,177.278350830078
2022-02-23,CAT,173.069137573242
2022-02-24,CAT,171.233428955078
2022-02-25,CAT,173.430755615234
2022-02-28,CAT,173.912841796875
2022-03-01,CAT,169.508926391602
2022-03-02,CAT,178.576370239258
2022-03-03,CAT,180.653182983398
2022-03-04,CAT,181.404159545898
2022-03-07,CAT,182.36833190918
2022-03-08,CAT,194.699325561523
2022-03-09,CAT,194.495330810547
2022-03-10,CAT,196.35888671875
2022-03-11,CAT,199.177383422852
2022-03-14,CAT,199.742965698242
2022-03-15,CAT,200.688659667969
2022-03-16,CAT,200.336334228516
2022-03-17,CAT,205.546859741211
2022-03-18,CAT,204.814437866211
2022-03-21,CAT,207.410446166992
2022-03-22,CAT,206.48323059082
2022-03-23,CAT,205.98258972168
2022-03-24,CAT,206.019729614258
2022-03-25,CAT,207.085876464844
2022-03-28,CAT,205.685943603516
2022-03-29,CAT,204.934921264648
2022-03-30,CAT,206.826309204102
2022-03-31,CAT,206.585250854492
2022-04-01,CAT,203.757446289063
2022-04-04,CAT,204.7216796875
2022-04-05,CAT,200.280685424805
2022-04-06,CAT,200.456848144531
2022-04-07,CAT,200.169448852539
2022-04-08,CAT,201.217102050781
2022-04-11,CAT,200.308502197266
2022-04-12,CAT,200.911148071289
2022-04-13,CAT,202.366760253906
2022-04-14,CAT,211.211654663086
2022-04-18,CAT,213.167907714844
2022-04-19,CAT,215.244735717773
2022-04-20,CAT,217.951965332031
2022-04-21,CAT,215.624877929688
2022-04-22,CAT,201.502014160156
2022-04-25,CAT,201.874618530273
2022-04-26,CAT,195.912506103516
2022-04-27,CAT,199.322128295898
2022-04-28,CAT,197.906097412109
2022-04-29,CAT,196.136077880859
2022-05-02,CAT,197.561401367188
2022-05-03,CAT,199.00537109375
2022-05-04,CAT,207.361694335938
2022-05-05,CAT,201.157348632813
2022-05-06,CAT,199.964904785156
2022-05-09,CAT,192.176849365234
2022-05-10,CAT,189.102600097656
2022-05-11,CAT,191.170745849609
2022-05-12,CAT,189.139892578125
2022-05-13,CAT,190.350936889648
2022-05-16,CAT,193.015274047852
2022-05-17,CAT,198.511642456055
2022-05-18,CAT,193.713973999023
2022-05-19,CAT,192.614715576172
2022-05-20,CAT,184.286346435547
2022-05-23,CAT,190.18327331543
2022-05-24,CAT,191.580627441406
2022-05-25,CAT,194.990249633789
2022-05-26,CAT,198.418518066406
2022-05-27,CAT,202.284591674805
2022-05-31,CAT,201.082809448242
2022-06-01,CAT,202.685195922852
2022-06-02,CAT,204.94889831543
2022-06-03,CAT,207.650482177734
2022-06-06,CAT,208.330551147461
2022-06-07,CAT,211.563140869141
2022-06-08,CAT,214.07844543457
2022-06-09,CAT,208.367813110352
2022-06-10,CAT,200.458648681641
2022-06-13,CAT,192.726470947266
2022-06-14,CAT,192.549499511719
2022-06-15,CAT,191.906707763672
2022-06-16,CAT,181.463623046875
2022-06-17,CAT,179.460662841797
2022-06-21,CAT,182.935516357422
2022-06-22,CAT,174.979766845703
2022-06-23,CAT,166.44645690918
2022-06-24,CAT,172.799865722656
2022-06-27,CAT,174.756225585938
2022-06-28,CAT,174.616470336914
2022-06-29,CAT,170.927352905273
2022-06-30,CAT,166.530303955078
2022-07-01,CAT,166.092437744141
2022-07-05,CAT,161.872329711914
2022-07-06,CAT,160.521560668945
2022-07-07,CAT,167.946319580078
2022-07-08,CAT,166.847045898438
2022-07-11,CAT,163.046157836914
2022-07-12,CAT,162.55241394043
2022-07-13,CAT,161.974822998047
2022-07-14,CAT,158.313674926758
2022-07-15,CAT,161.518371582031
2022-07-18,CAT,161.620803833008
2022-07-19,CAT,168.374954223633
2022-07-20,CAT,168.825210571289
2022-07-21,CAT,169.782104492188
2022-07-22,CAT,167.558822631836
2022-07-25,CAT,170.551284790039
2022-07-26,CAT,170.007217407227
2022-07-27,CAT,173.778259277344
2022-07-28,CAT,176.207901000977
2022-07-29,CAT,185.973251342773
2022-08-01,CAT,182.793197631836
2022-08-02,CAT,172.14599609375
2022-08-03,CAT,171.545669555664
2022-08-04,CAT,172.267944335938
2022-08-05,CAT,173.909622192383
2022-08-08,CAT,174.303588867188
2022-08-09,CAT,174.509979248047
2022-08-10,CAT,178.909545898438
2022-08-11,CAT,181.986434936523
2022-08-12,CAT,184.65055847168
2022-08-15,CAT,183.815673828125
2022-08-16,CAT,185.288452148438
2022-08-17,CAT,183.796905517578
2022-08-18,CAT,185.128997802734
2022-08-19,CAT,183.487350463867
2022-08-22,CAT,179.88508605957
2022-08-23,CAT,184.997650146484
2022-08-24,CAT,182.136520385742
2022-08-25,CAT,186.564224243164
2022-08-26,CAT,180.035217285156
2022-08-29,CAT,179.903915405273
2022-08-30,CAT,175.363647460938
2022-08-31,CAT,173.271743774414
2022-09-01,CAT,171.142303466797
2022-09-02,CAT,169.631988525391
2022-09-06,CAT,169.472503662109
2022-09-07,CAT,169.660110473633
2022-09-08,CAT,171.808288574219
2022-09-09,CAT,177.755706787109
2022-09-12,CAT,180.485473632813
2022-09-13,CAT,172.896469116211
2022-09-14,CAT,173.215408325195
2022-09-15,CAT,171.189208984375
2022-09-16,CAT,168.356216430664
2022-09-19,CAT,170.832702636719
2022-09-20,CAT,166.967849731445
2022-09-21,CAT,161.301879882813
2022-09-22,CAT,159.988555908203
2022-09-23,CAT,154.0693359375
2022-09-26,CAT,152.549652099609
2022-09-27,CAT,152.380813598633
2022-09-28,CAT,157.371368408203
2022-09-29,CAT,155.626541137695
2022-09-30,CAT,153.919235229492
2022-10-03,CAT,160.626480102539
2022-10-04,CAT,168.506301879883
2022-10-05,CAT,167.333724975586
2022-10-06,CAT,167.737075805664
2022-10-07,CAT,166.555099487305
2022-10-10,CAT,167.605743408203
2022-10-11,CAT,168.618881225586
2022-10-12,CAT,168.384353637695
2022-10-13,CAT,171.798934936523
2022-10-14,CAT,167.155456542969
2022-10-17,CAT,169.60383605957
2022-10-18,CAT,172.183532714844
2022-10-19,CAT,172.990295410156
2022-10-20,CAT,169.359939575195
2022-10-21,CAT,179.634506225586
2022-10-24,CAT,180.654403686523
2022-10-25,CAT,183.997375488281
2022-10-26,CAT,185.999420166016
2022-10-27,CAT,200.334686279297
2022-10-28,CAT,207.133987426758
2022-10-31,CAT,204.414276123047
2022-11-01,CAT,206.340744018555
2022-11-02,CAT,202.601089477539
2022-11-03,CAT,207.058441162109
2022-11-04,CAT,215.17041015625
2022-11-07,CAT,215.888137817383
2022-11-08,CAT,217.021347045898
2022-11-09,CAT,212.988952636719
2022-11-10,CAT,219.514434814453
2022-11-11,CAT,223.329605102539
2022-11-14,CAT,223.339080810547
2022-11-15,CAT,221.535339355469
2022-11-16,CAT,219.486099243164
2022-11-17,CAT,217.616317749023
2022-11-18,CAT,218.551193237305
2022-11-21,CAT,219.25
2022-11-22,CAT,224.056777954102
2022-11-23,CAT,223.735687255859
2022-11-25,CAT,222.583541870117
2022-11-28,CAT,219.372817993164
2022-11-29,CAT,222.035873413086
2022-11-30,CAT,223.254058837891
2022-12-01,CAT,222.574127197266
2022-12-02,CAT,222.989639282227
2022-12-05,CAT,219.627777099609
2022-12-06,CAT,215.585891723633
2022-12-07,CAT,216.237564086914
2022-12-08,CAT,218.069580078125
2022-12-09,CAT,214.641586303711
2022-12-12,CAT,220.090515136719
2022-12-13,CAT,222.385269165039
2022-12-14,CAT,221.431442260742
2022-12-15,CAT,217.824066162109
2022-12-16,CAT,219.769424438477
2022-12-19,CAT,219.363327026367
2022-12-20,CAT,222.054718017578
2022-12-21,CAT,228.278015136719
2022-12-22,CAT,224.321166992188
2022-12-23,CAT,226.521530151367
2022-12-27,CAT,229.60954284668
2022-12-28,CAT,226.058776855469
2022-12-29,CAT,226.833160400391
2022-12-30,CAT,226.228790283203
2023-01-03,CAT,225.586608886719
2023-01-04,CAT,227.928588867188
2023-01-05,CAT,226.90869140625
2023-01-06,CAT,235.01123046875
2023-01-09,CAT,232.895889282227
2023-01-10,CAT,236.569381713867
2023-01-11,CAT,236.777160644531
2023-01-12,CAT,240.875671386719
2023-01-13,CAT,244.076995849609
2023-01-17,CAT,241.999450683594
2023-01-18,CAT,238.750900268555
2023-01-19,CAT,233.181106567383
2023-01-20,CAT,236.938568115234
2023-01-23,CAT,239.775619506836
2023-01-24,CAT,244.434509277344
2023-01-25,CAT,245.222076416016
2023-01-26,CAT,248.713806152344
2023-01-27,CAT,251.01008605957
2023-01-30,CAT,248.125564575195
2023-01-31,CAT,239.386627197266
2023-02-01,CAT,236.777267456055
2023-02-02,CAT,232.374588012695
2023-02-03,CAT,235.088302612305
2023-02-06,CAT,238.561065673828
2023-02-07,CAT,236.891128540039
2023-02-08,CAT,236.141525268555
2023-02-09,CAT,233.683990478516
2023-02-10,CAT,235.002883911133
2023-02-13,CAT,235.458343505859
2023-02-14,CAT,231.862182617188
2023-02-15,CAT,235.980224609375
2023-02-16,CAT,233.911727905273
2023-02-17,CAT,235.116744995117
2023-02-21,CAT,228.398895263672
2023-02-22,CAT,225.723083496094
2023-02-23,CAT,225.780029296875
2023-02-24,CAT,224.091064453125
2023-02-27,CAT,227.706176757813
2023-02-28,CAT,227.298202514648
2023-03-01,CAT,235.951751708984
2023-03-02,CAT,239.2822265625
2023-03-03,CAT,242.252151489258
2023-03-06,CAT,240.990142822266
2023-03-07,CAT,233.551147460938
2023-03-08,CAT,235.99919128418
2023-03-09,CAT,228.636108398438
2023-03-10,CAT,215.399551391602
2023-03-13,CAT,213.207702636719
2023-03-14,CAT,214.128067016602
2023-03-15,CAT,206.148193359375
2023-03-16,CAT,207.524078369141
2023-03-17,CAT,204.013275146484
2023-03-20,CAT,209.042205810547
2023-03-21,CAT,213.416458129883
2023-03-22,CAT,208.700622558594
2023-03-23,CAT,208.216705322266
2023-03-24,CAT,205.911010742188
2023-03-27,CAT,206.850372314453
2023-03-28,CAT,208.899887084961
2023-03-29,CAT,211.594619750977
2023-03-30,CAT,213.055862426758
2023-03-31,CAT,217.135940551758
2023-04-03,CAT,218.113265991211
2023-04-04,CAT,206.328491210938
2023-04-05,CAT,202.608993530273
2023-04-06,CAT,198.471984863281
2023-04-10,CAT,204.506683349609
2023-04-11,CAT,209.3173828125
2023-04-12,CAT,209.222503662109
2023-04-13,CAT,210.332672119141
2023-04-14,CAT,212.239868164063
2023-04-17,CAT,213.720077514648
2023-04-18,CAT,213.68212890625
2023-04-19,CAT,213.160247802734
2023-04-20,CAT,210.901992797852
2023-04-21,CAT,210.138763427734
2023-04-24,CAT,213.153411865234
2023-04-25,CAT,208.574203491211
2023-04-26,CAT,206.246429443359
2023-04-27,CAT,204.471984863281
2023-04-28,CAT,208.736389160156
2023-05-01,CAT,207.276763916016
2023-05-02,CAT,205.254272460938
2023-05-03,CAT,205.721725463867
2023-05-04,CAT,200.703659057617
2023-05-05,CAT,205.196990966797
2023-05-08,CAT,204.910827636719
2023-05-09,CAT,203.670623779297
2023-05-10,CAT,203.365356445313
2023-05-11,CAT,200.369750976563
2023-05-12,CAT,199.902282714844
2023-05-15,CAT,201.571807861328
2023-05-16,CAT,197.669921875
2023-05-17,CAT,202.344543457031
2023-05-18,CAT,204.844055175781
2023-05-19,CAT,204.901290893555
2023-05-22,CAT,204.405197143555
2023-05-23,CAT,202.926498413086
2023-05-24,CAT,200.054901123047
2023-05-25,CAT,200.322052001953
2023-05-26,CAT,202.058349609375
2023-05-30,CAT,200.245727539063
2023-05-31,CAT,196.28662109375
2023-06-01,CAT,199.453903198242
2023-06-02,CAT,216.206253051758
2023-06-05,CAT,212.237594604492
2023-06-06,CAT,216.253936767578
2023-06-07,CAT,224.715927124023
2023-06-08,CAT,223.666564941406
2023-06-09,CAT,224.219909667969
2023-06-12,CAT,226.957885742188
2023-06-13,CAT,234.151062011719
2023-06-14,CAT,232.12858581543
2023-06-15,CAT,236.278503417969
2023-06-16,CAT,233.988891601563
2023-06-20,CAT,230.058395385742
2023-06-21,CAT,230.37321472168
2023-06-22,CAT,226.42366027832
2023-06-23,CAT,223.657012939453
2023-06-26,CAT,226.051559448242
2023-06-27,CAT,229.619522094727
2023-06-28,CAT,230.74528503418
2023-06-29,CAT,233.006271362305
2023-06-30,CAT,234.733032226563
2023-07-03,CAT,235.954177856445
2023-07-05,CAT,233.569152832031
2023-07-06,CAT,229.514633178711
2023-07-07,CAT,233.903015136719
2023-07-10,CAT,237.366073608398
2023-07-11,CAT,241.220260620117
2023-07-12,CAT,241.935775756836
2023-07-13,CAT,244.091827392578
2023-07-14,CAT,243.862838745117
2023-07-17,CAT,245.618194580078
2023-07-18,CAT,251.676162719727
2023-07-19,CAT,251.906265258789
2023-07-20,CAT,250.314788818359
2023-07-21,CAT,247.016754150391
2023-07-24,CAT,248.665771484375
2023-07-25,CAT,251.244735717773
2023-07-26,CAT,247.659118652344
2023-07-27,CAT,247.639923095703
2023-07-28,CAT,249.682006835938
2023-07-31,CAT,254.226455688477
2023-08-01,CAT,276.7373046875
2023-08-02,CAT,275.701904296875
2023-08-03,CAT,269.834503173828
2023-08-04,CAT,265.031311035156
2023-08-07,CAT,270.026275634766
2023-08-08,CAT,271.215087890625
2023-08-09,CAT,272.787414550781
2023-08-10,CAT,272.106719970703
2023-08-11,CAT,273.448883056641
2023-08-14,CAT,272.796966552734
2023-08-15,CAT,265.922882080078
2023-08-16,CAT,263.180969238281
2023-08-17,CAT,263.813659667969
2023-08-18,CAT,262.500274658203
2023-08-21,CAT,261.493530273438
2023-08-22,CAT,259.048797607422
2023-08-23,CAT,261.761993408203
2023-08-24,CAT,258.185974121094
2023-08-25,CAT,261.311401367188
2023-08-28,CAT,263.449371337891
2023-08-29,CAT,268.473114013672
2023-08-30,CAT,270.678161621094
2023-08-31,CAT,269.527709960938
2023-09-01,CAT,274.436401367188
2023-09-05,CAT,270.007080078125
2023-09-06,CAT,271.224639892578
2023-09-07,CAT,269.815368652344
2023-09-08,CAT,270.630279541016
2023-09-11,CAT,270.409729003906
2023-09-12,CAT,270.179656982422
2023-09-13,CAT,264.532745361328
2023-09-14,CAT,270.898681640625
2023-09-15,CAT,267.629455566406
2023-09-18,CAT,269.345489501953
2023-09-19,CAT,268.127990722656
2023-09-20,CAT,267.111724853516
2023-09-21,CAT,260.803283691406
2023-09-22,CAT,261.790740966797
2023-09-25,CAT,262.950805664063
2023-09-26,CAT,258.396850585938
2023-09-27,CAT,261.455230712891
2023-09-28,CAT,264.839508056641
2023-09-29,CAT,261.733245849609
2023-10-02,CAT,260.506103515625
2023-10-03,CAT,257.869537353516
2023-10-04,CAT,254.092224121094
2023-10-05,CAT,250.036743164063
2023-10-06,CAT,255.060501098633
2023-10-09,CAT,260.103393554688
2023-10-10,CAT,261.934600830078
2023-10-11,CAT,261.570220947266
2023-10-12,CAT,258.483184814453
2023-10-13,CAT,256.882049560547
2023-10-16,CAT,259.614501953125
2023-10-17,CAT,261.397674560547
2023-10-18,CAT,248.521987915039
2023-10-19,CAT,242.453186035156
2023-10-20,CAT,240.149978637695
2023-10-23,CAT,238.338272094727
2023-10-24,CAT,240.487274169922
2023-10-25,CAT,236.044692993164
2023-10-26,CAT,233.625854492188
2023-10-27,CAT,229.896423339844
2023-10-30,CAT,233.365646362305
2023-10-31,CAT,217.840728759766
2023-11-01,CAT,223.410781860352
2023-11-02,CAT,230.436019897461
2023-11-03,CAT,232.006881713867
2023-11-06,CAT,229.626571655273
2023-11-07,CAT,226.388580322266
2023-11-08,CAT,226.292236328125
2023-11-09,CAT,225.646545410156
2023-11-10,CAT,230.975723266602
2023-11-13,CAT,232.893447875977
2023-11-14,CAT,238.858673095703
2023-11-15,CAT,241.971343994141
2023-11-16,CAT,239.195953369141
2023-11-17,CAT,243.879455566406
2023-11-20,CAT,241.354598999023
2023-11-21,CAT,240.35237121582
2023-11-22,CAT,237.075836181641
2023-11-24,CAT,238.376831054688
2023-11-27,CAT,238.405715942383
2023-11-28,CAT,238.51171875
2023-11-29,CAT,240.390899658203
2023-11-30,CAT,241.614776611328
2023-12-01,CAT,247.435455322266
2023-12-04,CAT,245.498443603516
2023-12-05,CAT,245.922454833984
2023-12-06,CAT,246.674133300781
2023-12-07,CAT,248.061813354492
2023-12-08,CAT,250.075897216797
2023-12-11,CAT,251.444396972656
2023-12-12,CAT,251.935836791992
2023-12-13,CAT,258.238311767578
2023-12-14,CAT,274.813690185547
2023-12-15,CAT,275.362976074219
2023-12-18,CAT,275.334106445313
2023-12-19,CAT,282.320770263672
2023-12-20,CAT,279.188812255859
2023-12-21,CAT,279.535766601563
2023-12-22,CAT,279.815216064453
2023-12-26,CAT,284.893768310547
2023-12-27,CAT,287.293365478516
2023-12-28,CAT,286.098449707031
2023-12-29,CAT,284.932434082031
2024-01-02,CAT,282.079864501953
2024-01-03,CAT,273.975280761719
2024-01-04,CAT,275.709930419922
2024-01-05,CAT,278.437133789063
2024-01-08,CAT,281.636566162109
2024-01-09,CAT,281.675201416016
2024-01-10,CAT,282.696624755859
2024-01-11,CAT,281.453460693359
2024-01-12,CAT,279.863403320313
2024-01-16,CAT,276.798919677734
2024-01-17,CAT,268.51123046875
2024-01-18,CAT,271.662414550781
2024-01-19,CAT,276.193359375
2024-01-22,CAT,279.475402832031
2024-01-23,CAT,279.630279541016
2024-01-24,CAT,281.42138671875
2024-01-25,CAT,291.189971923828
2024-01-26,CAT,289.892669677734
2024-01-29,CAT,293.591033935547
2024-01-30,CAT,295.052886962891
2024-01-31,CAT,290.74462890625
2024-02-01,CAT,297.889587402344
2024-02-02,CAT,305.053894042969
2024-02-05,CAT,311.162872314453
2024-02-06,CAT,312.440856933594
2024-02-07,CAT,313.283111572266
2024-02-08,CAT,311.743774414063
2024-02-09,CAT,307.057983398438
2024-02-12,CAT,311.385589599609
2024-02-13,CAT,302.875518798828
2024-02-14,CAT,306.622283935547
2024-02-15,CAT,312.779693603516
2024-02-16,CAT,311.656677246094
2024-02-20,CAT,303.746887207031
2024-02-21,CAT,307.03857421875
2024-02-22,CAT,311.830932617188
2024-02-23,CAT,313.563903808594
2024-02-26,CAT,315.016143798828
2024-02-27,CAT,317.194488525391
2024-02-28,CAT,319.063018798828
2024-02-29,CAT,323.322814941406
2024-03-01,CAT,325.9755859375
2024-03-04,CAT,327.863464355469
2024-03-05,CAT,322.906555175781
2024-03-06,CAT,324.939636230469
2024-03-07,CAT,329.383422851563
2024-03-08,CAT,328.386260986328
2024-03-11,CAT,324.300720214844
2024-03-12,CAT,326.498413085938
2024-03-13,CAT,330.642059326172
2024-03-14,CAT,331.029266357422
2024-03-15,CAT,335.91845703125
2024-03-18,CAT,340.69140625
2024-03-19,CAT,342.627746582031
2024-03-20,CAT,345.096496582031
2024-03-21,CAT,352.948181152344
2024-03-22,CAT,346.70361328125
2024-03-25,CAT,344.612457275391
2024-03-26,CAT,345.038391113281
2024-03-27,CAT,353.035308837891
2024-03-28,CAT,354.758636474609
2024-04-01,CAT,352.154327392578
2024-04-02,CAT,353.209594726563
2024-04-03,CAT,363.820526123047
2024-04-04,CAT,358.011596679688
2024-04-05,CAT,367.218719482422
2024-04-08,CAT,361.574401855469
2024-04-09,CAT,360.054351806641
2024-04-10,CAT,360.219024658203
2024-04-11,CAT,360.1318359375
2024-04-12,CAT,353.984100341797
2024-04-15,CAT,352.31884765625
2024-04-16,CAT,348.417205810547
2024-04-17,CAT,346.906982421875
2024-04-18,CAT,346.529418945313
2024-04-19,CAT,344.615173339844
2024-04-22,CAT,347.481597900391
2024-04-23,CAT,352.961853027344
2024-04-24,CAT,353.224212646484
2024-04-25,CAT,328.427001953125
2024-04-26,CAT,333.654602050781
2024-04-29,CAT,339.892791748047
2024-04-30,CAT,325.094177246094
2024-05-01,CAT,321.693328857422
2024-05-02,CAT,325.939544677734
2024-05-03,CAT,327.212432861328
2024-05-06,CAT,332.410949707031
2024-05-07,CAT,335.228759765625
2024-05-08,CAT,334.742919921875
2024-05-09,CAT,341.816802978516
2024-05-10,CAT,344.741485595703
2024-05-13,CAT,346.577941894531
2024-05-14,CAT,348.035491943359
2024-05-15,CAT,349.842803955078
2024-05-16,CAT,340.786743164063
2024-05-17,CAT,346.179534912109
2024-05-20,CAT,352.476043701172
2024-05-21,CAT,348.900238037109
2024-05-22,CAT,345.858947753906
2024-05-23,CAT,340.767333984375
2024-05-24,CAT,339.018280029297
2024-05-28,CAT,336.657104492188
2024-05-29,CAT,328.533935546875
2024-05-30,CAT,329.6416015625
2024-05-31,CAT,328.932281494141
2024-06-03,CAT,321.975036621094
2024-06-04,CAT,318.292449951172
2024-06-05,CAT,320.119201660156
2024-06-06,CAT,318.992065429688
2024-06-07,CAT,319.623565673828
2024-06-10,CAT,320.274597167969
2024-06-11,CAT,318.039794921875
2024-06-12,CAT,319.419586181641
2024-06-13,CAT,317.116668701172
2024-06-14,CAT,312.365173339844
2024-06-17,CAT,313.268829345703
2024-06-18,CAT,315.931274414063
2024-06-20,CAT,319.808258056641
2024-06-21,CAT,318.554748535156
2024-06-24,CAT,320.653625488281
2024-06-25,CAT,318.127227783203
2024-06-26,CAT,317.476226806641
2024-06-27,CAT,318.185546875
2024-06-28,CAT,323.665802001953
2024-07-01,CAT,319.759674072266
2024-07-02,CAT,318.47705078125
2024-07-03,CAT,321.246276855469
2024-07-05,CAT,319.050354003906
2024-07-08,CAT,319.740203857422
2024-07-09,CAT,316.825164794922
2024-07-10,CAT,319.176635742188
2024-07-11,CAT,321.751586914063
2024-07-12,CAT,326.085296630859
2024-07-15,CAT,335.976959228516
2024-07-16,CAT,350.367492675781
2024-07-17,CAT,347.666229248047
2024-07-18,CAT,345.946319580078
2024-07-19,CAT,337.784240722656
2024-07-22,CAT,339.394073486328
2024-07-23,CAT,335.784210205078
2024-07-24,CAT,327.852294921875
2024-07-25,CAT,335.911010742188
2024-07-26,CAT,341.940460205078
2024-07-29,CAT,336.135437011719
2024-07-30,CAT,333.393890380859
2024-07-31,CAT,337.764770507813
2024-08-01,CAT,323.442443847656
2024-08-02,CAT,313.051940917969
2024-08-05,CAT,309.081115722656
2024-08-06,CAT,318.486267089844
2024-08-07,CAT,317.861755371094
2024-08-08,CAT,327.969390869141
2024-08-09,CAT,330.018218994141
2024-08-12,CAT,327.842529296875
2024-08-13,CAT,330.545013427734
2024-08-14,CAT,329.364501953125
2024-08-15,CAT,337.218414306641
2024-08-16,CAT,335.111053466797
2024-08-19,CAT,336.252532958984
2024-08-20,CAT,334.935455322266
2024-08-21,CAT,334.613464355469
2024-08-22,CAT,334.018280029297
2024-08-23,CAT,339.920928955078
2024-08-26,CAT,342.603881835938
2024-08-27,CAT,342.564880371094
2024-08-28,CAT,339.716003417969
2024-08-29,CAT,343.072265625
2024-08-30,CAT,347.423553466797
2024-09-03,CAT,331.950012207031
2024-09-04,CAT,328.545013427734
2024-09-05,CAT,325.432769775391
2024-09-06,CAT,321.335021972656
2024-09-09,CAT,325.901062011719
2024-09-10,CAT,326.018127441406
2024-09-11,CAT,326.837646484375
2024-09-12,CAT,331.306030273438
2024-09-13,CAT,336.896423339844
2024-09-16,CAT,339.481872558594
2024-09-17,CAT,345.072265625
2024-09-18,CAT,346.467376708984
2024-09-19,CAT,364.214202880859
2024-09-20,CAT,359.833587646484
2024-09-23,CAT,362.126403808594
2024-09-24,CAT,376.526702880859
2024-09-25,CAT,369.033813476563
2024-09-26,CAT,381.434143066406
2024-09-27,CAT,381.551239013672
2024-09-30,CAT,381.590270996094
2024-10-01,CAT,382.829376220703
2024-10-02,CAT,384.448852539063
2024-10-03,CAT,381.561004638672
2024-10-04,CAT,387.414764404297
2024-10-07,CAT,388.546569824219
2024-10-08,CAT,378.50732421875
2024-10-09,CAT,386.536712646484
2024-10-10,CAT,386.975830078125
2024-10-11,CAT,392.224731445313
2024-10-14,CAT,384.351348876953
2024-10-15,CAT,378.536560058594
2024-10-16,CAT,384.029357910156
2024-10-17,CAT,384.878173828125
2024-10-18,CAT,384.263488769531
2024-10-21,CAT,382.334625244141
2024-10-22,CAT,380.356719970703
2024-10-23,CAT,377.683685302734
2024-10-24,CAT,378.985900878906
2024-10-25,CAT,377.918731689453
2024-10-28,CAT,382.4619140625
2024-10-29,CAT,379.426574707031
2024-10-30,CAT,371.329071044922
2024-10-31,CAT,368.352478027344
2024-11-01,CAT,371.7109375
2024-11-04,CAT,368.665832519531
2024-11-05,CAT,375.372924804688
2024-11-06,CAT,408.183929443359
2024-11-07,CAT,399.694793701172
2024-11-08,CAT,385.164337158203
2024-11-11,CAT,388.268188476563
2024-11-12,CAT,384.811859130859
2024-11-13,CAT,378.995788574219
2024-11-14,CAT,379.279693603516
2024-11-15,CAT,376.058319091797
2024-11-18,CAT,376.440185546875
2024-11-19,CAT,374.354614257813
2024-11-20,CAT,373.541931152344
2024-11-21,CAT,381.463195800781
2024-11-22,CAT,389.198425292969
2024-11-25,CAT,397.188140869141
2024-11-26,CAT,399.322692871094
2024-11-27,CAT,395.278839111328
2024-11-29,CAT,397.638519287109
2024-12-02,CAT,394.113677978516
2024-12-03,CAT,390.931488037109
2024-12-04,CAT,391.176208496094
2024-12-05,CAT,386.740783691406
2024-12-06,CAT,386.789672851563
2024-12-09,CAT,390.931488037109
2024-12-10,CAT,380.288208007813
2024-12-11,CAT,380.758209228516
2024-12-12,CAT,372.836944580078
2024-12-13,CAT,372.572570800781
2024-12-16,CAT,371.015808105469
2024-12-17,CAT,367.960845947266
2024-12-18,CAT,356.299346923828
2024-12-19,CAT,352.852691650391
2024-12-20,CAT,358.404418945313
2024-12-23,CAT,357.768005371094
2024-12-24,CAT,359.902496337891
2024-12-26,CAT,359.4619140625
2024-12-27,CAT,357.2490234375
2024-12-30,CAT,355.437652587891
2024-12-31,CAT,355.192840576172
2025-01-02,CAT,352.265228271484
2025-01-03,CAT,356.201385498047
2025-01-06,CAT,356.602844238281
2025-01-07,CAT,355.427856445313
2025-01-08,CAT,353.5380859375
2025-01-10,CAT,343.678192138672
2025-01-13,CAT,354.938262939453
2025-01-14,CAT,363.819091796875
2025-01-15,CAT,367.06982421875
2025-01-16,CAT,372.611724853516
2025-01-17,CAT,377.967620849609
2025-01-21,CAT,391.480133056641
2025-01-22,CAT,390.743072509766
2025-01-23,CAT,399.381256103516
2025-01-24,CAT,400.590087890625
2025-01-27,CAT,388.158569335938
2025-01-28,CAT,383.549530029297
2025-01-29,CAT,386.438781738281
2025-01-30,CAT,368.503967285156
2025-01-31,CAT,365.025085449219
2025-02-03,CAT,355.305908203125
2025-02-04,CAT,355.698944091797
2025-02-05,CAT,352.652557373047
2025-02-06,CAT,359.138519287109
2025-02-07,CAT,357.595642089844
2025-02-10,CAT,356.947052001953
2025-02-11,CAT,355.974182128906
2025-02-12,CAT,345.960144042969
2025-02-13,CAT,347.591491699219
2025-02-14,CAT,347.218017578125
2025-02-18,CAT,347.886260986328
2025-02-19,CAT,346.903564453125
2025-02-20,CAT,343.120025634766
2025-02-21,CAT,334.167388916016
2025-02-24,CAT,333.066741943359
2025-02-25,CAT,336.447296142578
2025-02-26,CAT,336.663513183594
2025-02-27,CAT,334.128082275391
2025-02-28,CAT,338.009857177734
2025-03-03,CAT,326.305572509766
2025-03-04,CAT,321.106872558594
2025-03-05,CAT,332.644104003906
2025-03-06,CAT,335.12060546875
2025-03-07,CAT,344.250183105469
2025-03-10,CAT,339.248046875
2025-03-11,CAT,333.902038574219
2025-03-12,CAT,332.290374755859
2025-03-13,CAT,327.553619384766
2025-03-14,CAT,333.774353027344
2025-03-17,CAT,336.722473144531
2025-03-18,CAT,330.894897460938
2025-03-19,CAT,332.771911621094
2025-03-20,CAT,330.442810058594
2025-03-21,CAT,329.98095703125
2025-03-24,CAT,335.769256591797
2025-03-25,CAT,336.702850341797
2025-03-26,CAT,335.218872070313
2025-03-27,CAT,333.440185546875
2025-03-28,CAT,323.996154785156
2025-03-31,CAT,324.104187011719
2025-04-01,CAT,324.860961914063
2025-04-02,CAT,328.880310058594
2025-04-03,CAT,300.479431152344
2025-04-04,CAT,283.104736328125
2025-04-07,CAT,275.223266601563
2025-04-08,CAT,269.208953857422
2025-04-09,CAT,295.811431884766
2025-04-10,CAT,284.166107177734
2025-04-11,CAT,288.382049560547
2025-04-14,CAT,292.971313476563
2025-04-15,CAT,288.362335205078
2025-04-16,CAT,285.129211425781
2025-04-17,CAT,289.168182373047
2025-04-21,CAT,281.169738769531
2025-04-22,CAT,287.519165039063
2025-04-23,CAT,292.061431884766
2025-04-24,CAT,303.012420654297
2025-04-25,CAT,302.607543945313
2025-04-28,CAT,303.209899902344
2025-04-29,CAT,303.545623779297
2025-04-30,CAT,305.392150878906
2025-05-01,CAT,310.023376464844
2025-05-02,CAT,319.621459960938
2025-05-05,CAT,319.058654785156
2025-05-06,CAT,316.866516113281
2025-05-07,CAT,316.274017333984
2025-05-08,CAT,320.184356689453
2025-05-09,CAT,321.537170410156
2025-05-12,CAT,338.2548828125
2025-05-13,CAT,348.119659423828
2025-05-14,CAT,345.275726318359
2025-05-15,CAT,345.423858642578
2025-05-16,CAT,349.146575927734
2025-05-19,CAT,348.149291992188
2025-05-20,CAT,345.107879638672
2025-05-21,CAT,338.215393066406
2025-05-22,CAT,340.86181640625
2025-05-23,CAT,339.084411621094
2025-05-27,CAT,347.102600097656
2025-05-28,CAT,345.107879638672
2025-05-29,CAT,347.379058837891
2025-05-30,CAT,343.666198730469
2025-06-02,CAT,340.348327636719
2025-06-03,CAT,345.019012451172
2025-06-04,CAT,344.949859619141
2025-06-05,CAT,344.584564208984
2025-06-06,CAT,348.919494628906
2025-06-09,CAT,353.580322265625
2025-06-10,CAT,354.074035644531
2025-06-11,CAT,358.586761474609
2025-06-12,CAT,356.434051513672
2025-06-13,CAT,352.573059082031
2025-06-16,CAT,357.8955078125
2025-06-17,CAT,353.195159912109
2025-06-18,CAT,355.288604736328
2025-06-20,CAT,355.999572753906
2025-06-23,CAT,361.638000488281
2025-06-24,CAT,368.342803955078
2025-06-25,CAT,366.920867919922
2025-06-26,CAT,377.091766357422
2025-06-27,CAT,379.886260986328
2025-06-30,CAT,383.342346191406
2025-07-01,CAT,386.018402099609
2025-07-02,CAT,393.434234619141
2025-07-03,CAT,392.871368408203
2025-07-07,CAT,386.601013183594
2025-07-08,CAT,389.346130371094
2025-07-09,CAT,397.13720703125
2025-07-10,CAT,403.210113525391
2025-07-11,CAT,400.830322265625
2025-07-14,CAT,400.682159423828
2025-07-15,CAT,399.56640625
2025-07-16,CAT,407.703063964844
2025-07-17,CAT,412.828002929688
2025-07-18,CAT,408.522644042969
2025-07-21,CAT,406.411651611328
2025-07-22,CAT,413.468139648438
2025-07-23,CAT,423.775329589844
2025-07-24,CAT,425.688140869141
2025-07-25,CAT,429.880401611328
2025-07-28,CAT,429.077606201172
2025-07-29,CAT,426.21337890625
2025-07-30,CAT,430.2470703125
2025-07-31,CAT,434.1123046875
2025-08-01,CAT,424.865539550781
2025-08-04,CAT,429.830841064453
2025-08-05,CAT,430.356140136719
2025-08-06,CAT,423.904205322266
2025-08-07,CAT,413.398712158203
2025-08-08,CAT,412.804107666016
2025-08-11,CAT,404.895294189453
2025-08-12,CAT,409.028106689453
2025-08-13,CAT,410.009307861328
2025-08-14,CAT,413.775360107422
2025-08-15,CAT,404.151977539063
2025-08-18,CAT,408.958740234375
2025-08-19,CAT,412.377960205078
2025-08-20,CAT,416.837799072266
2025-08-21,CAT,414.161895751953
2025-08-22,CAT,431.783294677734
2025-08-25,CAT,428.443328857422
2025-08-26,CAT,427.412628173828
2025-08-27,CAT,428.81005859375
2025-08-28,CAT,431.030059814453
2025-08-29,CAT,415.301605224609
2025-09-02,CAT,412.338287353516
2025-09-03,CAT,411.416595458984
2025-09-04,CAT,416.471099853516
2025-09-05,CAT,419.305572509766
2025-09-08,CAT,419.008270263672
2025-09-09,CAT,414.360076904297
2025-09-10,CAT,419.137084960938
2025-09-11,CAT,427.531555175781
2025-09-12,CAT,427.670288085938
2025-09-15,CAT,432.050872802734
2025-09-16,CAT,436.738677978516
2025-09-17,CAT,446.639556884766
2025-09-18,CAT,462.794097900391
2025-09-19,CAT,462.377868652344
2025-09-22,CAT,467.888275146484
2025-09-23,CAT,467.055755615234
2025-09-24,CAT,465.598876953125
2025-09-25,CAT,459.583038330078
2025-09-26,CAT,461.604827880859
2025-09-29,CAT,467.402587890625
2025-09-30,CAT,472.893218994141
2025-10-01,CAT,476.530456542969
2025-10-02,CAT,486.193481445313
2025-10-03,CAT,493.408508300781
2025-10-06,CAT,490.960601806641
2025-10-07,CAT,482.367919921875
2025-10-08,CAT,497.640472412109
2025-10-09,CAT,495.896118164063
2025-10-10,CAT,486.916961669922
2025-10-13,CAT,500.256896972656
2025-10-14,CAT,522.764282226563
2025-10-15,CAT,529.285583496094
2025-10-16,CAT,536.133972167969
2025-10-17,CAT,522.377807617188
2025-10-20,CAT,527.953674316406
2025-10-21,CAT,521.463317871094
2025-10-22,CAT,510.78857421875
2025-10-23,CAT,517.338562011719
2025-10-24,CAT,519.554992675781
2025-10-27,CAT,523.86865234375
2025-10-28,CAT,521.284423828125
2025-10-29,CAT,581.933776855469
2025-10-30,CAT,579.608093261719
2025-10-31,CAT,573.753784179688
2025-11-03,CAT,567.124328613281
2025-11-04,CAT,544.254089355469
2025-11-05,CAT,565.693054199219
2025-11-06,CAT,566.319213867188
2025-11-07,CAT,559.679809570313
2025-11-10,CAT,567.382690429688
2025-11-11,CAT,564.48046875
2025-11-12,CAT,569.53955078125
2025-11-13,CAT,550.187805175781
2025-11-14,CAT,550.664978027344
2025-11-17,CAT,548.696899414063
2025-11-18,CAT,543.558349609375
2025-11-19,CAT,549.75048828125
2025-11-20,CAT,542.812927246094
2025-11-21,CAT,547.086730957031
2025-11-24,CAT,556.201110839844
2025-11-25,CAT,563.16845703125
2025-11-26,CAT,570.245239257813
2025-11-28,CAT,572.262939453125
2025-12-01,CAT,564.609680175781
2025-12-02,CAT,578.93212890625
2025-12-03,CAT,587.897338867188
2025-12-04,CAT,595.510864257813
2025-12-05,CAT,599.506408691406
2025-12-08,CAT,592.876953125
2025-12-09,CAT,590.749877929688
2025-12-10,CAT,611.612426757813
2025-12-11,CAT,621.810119628906
2025-12-12,CAT,594.258544921875
2025-12-15,CAT,586.177917480469
2025-12-16,CAT,585.352966308594
2025-12-17,CAT,558.477172851563
2025-12-18,CAT,562.393249511719
2025-12-19,CAT,572.720153808594
2025-12-22,CAT,578.872497558594
2025-12-23,CAT,578.882446289063
2025-12-24,CAT,580.21435546875
2025-12-26,CAT,579.458923339844
2025-12-29,CAT,575.095642089844
2025-12-30,CAT,573.882995605469
2025-12-31,CAT,569.390502929688
2026-01-02,CAT,594.775329589844
2026-01-05,CAT,612.357849121094
2026-01-06,CAT,619.305480957031
2026-01-07,CAT,592.896850585938
2026-01-08,CAT,604.436340332031
2026-01-09,CAT,613.86865234375
2026-01-12,CAT,625.944885253906
2026-01-13,CAT,632.663818359375
2026-01-14,CAT,634.870361328125
2026-01-15,CAT,643.249145507813
2026-01-16,CAT,642.9609375
2026-01-20,CAT,626.642272949219
2026-01-21,CAT,642.9609375
2026-01-22,CAT,645.979553222656
2026-01-23,CAT,624.271240234375
2026-01-26,CAT,633.536376953125
2026-01-27,CAT,636.51513671875
2026-01-28,CAT,640.868774414063
2026-01-29,CAT,662.746459960938
2026-01-30,CAT,654.895935058594
2026-02-02,CAT,688.320190429688
2026-02-03,CAT,700.25537109375
2026-02-04,CAT,689.226867675781
2026-02-05,CAT,675.767456054688
2026-02-06,CAT,723.477966308594
2026-02-09,CAT,739.338256835938
2026-02-10,CAT,739.587341308594
2026-02-11,CAT,772.095031738281
2026-02-12,CAT,755.447631835938
2026-02-13,CAT,771.298034667969
2026-02-17,CAT,761.893432617188
2026-02-18,CAT,749.151306152344
2026-02-19,CAT,757.679260253906
2026-02-20,CAT,756.892211914063
2026-02-23,CAT,753.634460449219
2026-02-24,CAT,765.350402832031
2026-02-25,CAT,763.736450195313
2026-02-26,CAT,750.107788085938
2026-02-27,CAT,740.045593261719
2026-03-02,CAT,749.500061035156
2026-03-03,CAT,719.473022460938
2026-03-04,CAT,729.226318359375
2026-03-05,CAT,703.433349609375
2026-03-06,CAT,678.347778320313
2026-03-09,CAT,702.178100585938
2026-03-10,CAT,713.993591308594
2026-03-11,CAT,704.937744140625
2026-03-12,CAT,698.063598632813
2026-03-13,CAT,691.388671875
2026-03-16,CAT,697.156982421875
2026-03-17,CAT,699.36865234375
2026-03-18,CAT,691.020080566406
2026-03-19,CAT,686.068725585938
2026-03-20,CAT,678.327880859375
2026-03-23,CAT,699.06982421875
2026-03-24,CAT,713.94384765625
2026-03-25,CAT,716.344787597656
2026-03-26,CAT,700.55419921875
2026-03-27,CAT,692.793395996094
2026-03-30,CAT,664.928283691406
2026-03-31,CAT,705.804443359375
2026-04-01,CAT,727.58251953125
2026-04-02,CAT,714.531555175781
2026-04-06,CAT,718.536499023438
2026-04-07,CAT,721.724548339844
2026-04-08,CAT,768.687866210938
2026-04-09,CAT,784.119812011719
2026-04-10,CAT,787.6962890625
2026-04-13,CAT,788.762329101563
2026-04-14,CAT,791.272888183594
2026-04-15,CAT,767.283142089844
2026-04-16,CAT,769.763732910156
2026-04-17,CAT,791.67138671875
2026-04-20,CAT,796.921630859375
2026-04-21,CAT,798.967834472656
2026-04-22,CAT,807.372253417969
2026-04-23,CAT,833.693420410156
2026-04-24,CAT,829.251647949219
2026-04-27,CAT,827.255310058594
2026-04-28,CAT,816.355590820313
2026-04-29,CAT,808.550048828125
2026-04-30,CAT,888.461791992188
2026-05-01,CAT,888.022583007813
2026-05-04,CAT,873.160217285156
2026-05-05,CAT,902.9150390625
2026-05-06,CAT,925.213623046875
2026-05-07,CAT,894.031494140625
2026-05-08,CAT,895.788208007813
2026-05-11,CAT,925.073852539063
2026-05-12,CAT,910.451049804688
2026-05-13,CAT,900.629211425781
2026-05-14,CAT,918.515991210938
2026-05-15,CAT,886.665161132813
2026-05-18,CAT,862.350280761719
2026-05-19,CAT,858.557312011719
2026-05-20,CAT,870.944274902344
2026-05-21,CAT,864.346557617188
2026-05-22,CAT,878.2607421875
2026-05-26,CAT,906.86767578125
2026-05-27,CAT,908.2451171875
2026-05-28,CAT,886.026306152344
2026-05-29,CAT,874.248168945313
2026-06-01,CAT,863.757629394531
2026-06-02,CAT,908.125305175781
2026-06-03,CAT,924.465026855469
2026-06-04,CAT,938.738525390625
2026-06-05,CAT,902.605590820313
2026-06-08,CAT,913.944519042969
2026-06-09,CAT,913.006286621094
2026-06-10,CAT,854.574645996094
2026-06-11,CAT,895.967895507813
2026-06-12,CAT,908.883911132813
2026-06-15,CAT,932.20068359375
2026-06-16,CAT,943.709350585938
2026-06-17,CAT,954.14990234375
2026-06-18,CAT,983.994567871094
2026-06-22,CAT,1020.38708496094
2026-06-23,CAT,982.41748046875
2026-06-24,CAT,992.608581542969
2026-06-25,CAT,1055.052734375
2026-06-26,CAT,995.622985839844
2026-06-29,CAT,1031.27685546875
2026-06-30,CAT,1062.92822265625
2026-07-01,CAT,989.57421875
2026-07-02,CAT,961.745910644531
2026-07-06,CAT,968.1240234375
2026-07-07,CAT,938.379211425781
2026-07-08,CAT,946.324462890625
2026-07-09,CAT,936.652404785156
2026-07-10,CAT,950.646423339844
2026-07-13,CAT,929.745178222656
2026-07-14,CAT,931.611755371094
2026-07-15,CAT,912.606994628906
2026-07-16,CAT,875.545776367188
2026-07-17,CAT,878.650024414063
2026-07-20,CAT,864.299987792969
2026-07-21,CAT,889.969970703125
2026-07-22,CAT,889.309997558594
2026-07-23,CAT,894.539978027344
2026-07-24,CAT,888.72998046875
2026-07-27,CAT,873.280029296875
2026-07-28,CAT,840.849975585938
2016-07-29,UNH,121.417861938477
2016-08-01,UNH,121.680702209473
2016-08-02,UNH,121.392440795898
2016-08-03,UNH,121.146614074707
2016-08-04,UNH,121.002410888672
2016-08-05,UNH,121.239837646484
2016-08-08,UNH,120.510627746582
2016-08-09,UNH,120.247787475586
2016-08-10,UNH,120.561515808105
2016-08-11,UNH,120.934585571289
2016-08-12,UNH,121.146614074707
2016-08-15,UNH,120.078216552734
2016-08-16,UNH,119.620361328125
2016-08-17,UNH,120.15454864502
2016-08-18,UNH,120.544578552246
2016-08-19,UNH,120.434288024902
2016-08-22,UNH,120.476768493652
2016-08-23,UNH,120.408905029297
2016-08-24,UNH,118.594398498535
2016-08-25,UNH,116.415351867676
2016-08-26,UNH,115.838790893555
2016-08-29,UNH,116.389877319336
2016-08-30,UNH,116.050750732422
2016-08-31,UNH,115.355484008789
2016-09-01,UNH,115.092620849609
2016-09-02,UNH,115.830261230469
2016-09-06,UNH,115.287643432617
2016-09-07,UNH,114.985237121582
2016-09-08,UNH,115.368553161621
2016-09-09,UNH,113.81827545166
2016-09-12,UNH,115.445198059082
2016-09-13,UNH,114.09937286377
2016-09-14,UNH,113.877914428711
2016-09-15,UNH,115.513366699219
2016-09-16,UNH,117.94953918457
2016-09-19,UNH,117.276580810547
2016-09-20,UNH,117.097717285156
2016-09-21,UNH,119.176155090332
2016-09-22,UNH,120.138664245605
2016-09-23,UNH,119.68724822998
2016-09-26,UNH,119.014274597168
2016-09-27,UNH,119.925720214844
2016-09-28,UNH,119.602005004883
2016-09-29,UNH,117.821769714355
2016-09-30,UNH,119.252830505371
2016-10-03,UNH,117.966583251953
2016-10-04,UNH,117.685424804688
2016-10-05,UNH,117.208465576172
2016-10-06,UNH,116.245895385742
2016-10-07,UNH,116.407745361328
2016-10-10,UNH,117.617309570313
2016-10-11,UNH,114.780830383301
2016-10-12,UNH,115.078918457031
2016-10-13,UNH,114.303810119629
2016-10-14,UNH,114.073791503906
2016-10-17,UNH,114.252700805664
2016-10-18,UNH,122.140380859375
2016-10-19,UNH,122.975189208984
2016-10-20,UNH,123.571426391602
2016-10-21,UNH,123.82698059082
2016-10-24,UNH,123.24772644043
2016-10-25,UNH,122.472625732422
2016-10-26,UNH,121.15234375
2016-10-27,UNH,120.905281066895
2016-10-28,UNH,119.550895690918
2016-10-31,UNH,120.385704040527
2016-11-01,UNH,118.767234802246
2016-11-02,UNH,118.383949279785
2016-11-03,UNH,117.404365539551
2016-11-04,UNH,117.302139282227
2016-11-07,UNH,120.896781921387
2016-11-08,UNH,121.723045349121
2016-11-09,UNH,120.87117767334
2016-11-10,UNH,124.47435760498
2016-11-11,UNH,124.721374511719
2016-11-14,UNH,129.712951660156
2016-11-15,UNH,129.670394897461
2016-11-16,UNH,129.048553466797
2016-11-17,UNH,128.426696777344
2016-11-18,UNH,127.302368164063
2016-11-21,UNH,128.120086669922
2016-11-22,UNH,129.695938110352
2016-11-23,UNH,130.786193847656
2016-11-25,UNH,130.164413452148
2016-11-28,UNH,129.568206787109
2016-11-29,UNH,134.236022949219
2016-11-30,UNH,135.394882202148
2016-12-01,UNH,137.635452270508
2016-12-02,UNH,137.455902099609
2016-12-05,UNH,134.804748535156
2016-12-06,UNH,134.539672851563
2016-12-07,UNH,136.318496704102
2016-12-08,UNH,136.250061035156
2016-12-09,UNH,136.934204101563
2016-12-12,UNH,136.395431518555
2016-12-13,UNH,137.293380737305
2016-12-14,UNH,136.711868286133
2016-12-15,UNH,137.361785888672
2016-12-16,UNH,140.201034545898
2016-12-19,UNH,138.148590087891
2016-12-20,UNH,138.191299438477
2016-12-21,UNH,137.968978881836
2016-12-22,UNH,138.182800292969
2016-12-23,UNH,139.422836303711
2016-12-27,UNH,139.089279174805
2016-12-28,UNH,138.063110351563
2016-12-29,UNH,137.720993041992
2016-12-30,UNH,136.865753173828
2017-01-03,UNH,138.071578979492
2017-01-04,UNH,138.464981079102
2017-01-05,UNH,138.695877075195
2017-01-06,UNH,138.892623901367
2017-01-09,UNH,138.49919128418
2017-01-10,UNH,138.182800292969
2017-01-11,UNH,138.447891235352
2017-01-12,UNH,138.849838256836
2017-01-13,UNH,138.370941162109
2017-01-17,UNH,137.395980834961
2017-01-18,UNH,134.898834228516
2017-01-19,UNH,135.719848632813
2017-01-20,UNH,135.685592651367
2017-01-23,UNH,136.036239624023
2017-01-24,UNH,137.199325561523
2017-01-25,UNH,137.891998291016
2017-01-26,UNH,139.183349609375
2017-01-27,UNH,139.388626098633
2017-01-30,UNH,138.618896484375
2017-01-31,UNH,138.627456665039
2017-02-01,UNH,139.149169921875
2017-02-02,UNH,137.481491088867
2017-02-03,UNH,138.430801391602
2017-02-06,UNH,137.26774597168
2017-02-07,UNH,137.284805297852
2017-02-08,UNH,137.0966796875
2017-02-09,UNH,137.207824707031
2017-02-10,UNH,137.47297668457
2017-02-13,UNH,138.533432006836
2017-02-14,UNH,139.508377075195
2017-02-15,UNH,140.500381469727
2017-02-16,UNH,139.953002929688
2017-02-17,UNH,134.796234130859
2017-02-21,UNH,137.319000244141
2017-02-22,UNH,137.319000244141
2017-02-23,UNH,139.055068969727
2017-02-24,UNH,139.448486328125
2017-02-27,UNH,141.432556152344
2017-02-28,UNH,141.432556152344
2017-03-01,UNH,143.621871948242
2017-03-02,UNH,143.083053588867
2017-03-03,UNH,143.844192504883
2017-03-06,UNH,144.271743774414
2017-03-07,UNH,143.929733276367
2017-03-08,UNH,144.131439208984
2017-03-09,UNH,144.217239379883
2017-03-10,UNH,145.908248901367
2017-03-13,UNH,146.105728149414
2017-03-14,UNH,145.118576049805
2017-03-15,UNH,147.453384399414
2017-03-16,UNH,147.041366577148
2017-03-17,UNH,145.66796875
2017-03-20,UNH,144.20866394043
2017-03-21,UNH,143.951187133789
2017-03-22,UNH,143.376083374023
2017-03-23,UNH,141.882446289063
2017-03-24,UNH,141.633560180664
2017-03-27,UNH,141.290176391602
2017-03-28,UNH,141.933959960938
2017-03-29,UNH,140.294448852539
2017-03-30,UNH,141.624954223633
2017-03-31,UNH,140.783660888672
2017-04-03,UNH,142.139923095703
2017-04-04,UNH,141.607788085938
2017-04-05,UNH,141.951171875
2017-04-06,UNH,141.925415039063
2017-04-07,UNH,142.509078979492
2017-04-10,UNH,142.045593261719
2017-04-11,UNH,142.346008300781
2017-04-12,UNH,142.114227294922
2017-04-13,UNH,141.599212646484
2017-04-17,UNH,143.504837036133
2017-04-18,UNH,144.715133666992
2017-04-19,UNH,145.281677246094
2017-04-20,UNH,147.24739074707
2017-04-21,UNH,146.921203613281
2017-04-24,UNH,147.92546081543
2017-04-25,UNH,149.393356323242
2017-04-26,UNH,149.685165405273
2017-04-27,UNH,149.89973449707
2017-04-28,UNH,150.114379882813
2017-05-01,UNH,149.865447998047
2017-05-02,UNH,149.479187011719
2017-05-03,UNH,148.105728149414
2017-05-04,UNH,149.376190185547
2017-05-05,UNH,149.462005615234
2017-05-08,UNH,149.736694335938
2017-05-09,UNH,148.706634521484
2017-05-10,UNH,148.835372924805
2017-05-11,UNH,148.775329589844
2017-05-12,UNH,147.479125976563
2017-05-15,UNH,147.238784790039
2017-05-16,UNH,144.311721801758
2017-05-17,UNH,144.946868896484
2017-05-18,UNH,147.170120239258
2017-05-19,UNH,148.148635864258
2017-05-22,UNH,149.959884643555
2017-05-23,UNH,150.406204223633
2017-05-24,UNH,150.723815917969
2017-05-25,UNH,152.835479736328
2017-05-26,UNH,152.363342285156
2017-05-30,UNH,151.582153320313
2017-05-31,UNH,150.371887207031
2017-06-01,UNH,154.148834228516
2017-06-02,UNH,153.985733032227
2017-06-05,UNH,153.968536376953
2017-06-06,UNH,155.213226318359
2017-06-07,UNH,157.264724731445
2017-06-08,UNH,155.960006713867
2017-06-09,UNH,155.76252746582
2017-06-12,UNH,153.865539550781
2017-06-13,UNH,155.410629272461
2017-06-14,UNH,156.535125732422
2017-06-15,UNH,155.47492980957
2017-06-16,UNH,156.552337646484
2017-06-19,UNH,157.750350952148
2017-06-20,UNH,157.965896606445
2017-06-21,UNH,159.388092041016
2017-06-22,UNH,160.749923706055
2017-06-23,UNH,159.672470092773
2017-06-26,UNH,159.560440063477
2017-06-27,UNH,159.112289428711
2017-06-28,UNH,160.060409545898
2017-06-29,UNH,159.689758300781
2017-06-30,UNH,159.819046020508
2017-07-03,UNH,160.879196166992
2017-07-05,UNH,162.258316040039
2017-07-06,UNH,161.129165649414
2017-07-07,UNH,162.008361816406
2017-07-10,UNH,161.137817382813
2017-07-11,UNH,160.275909423828
2017-07-12,UNH,160.913681030273
2017-07-13,UNH,159.870727539063
2017-07-14,UNH,161.094696044922
2017-07-17,UNH,160.620651245117
2017-07-18,UNH,161.051605224609
2017-07-19,UNH,163.068496704102
2017-07-20,UNH,165.059555053711
2017-07-21,UNH,165.300888061523
2017-07-24,UNH,164.533798217773
2017-07-25,UNH,164.111419677734
2017-07-26,UNH,164.413131713867
2017-07-27,UNH,162.844451904297
2017-07-28,UNH,164.757934570313
2017-07-31,UNH,165.326782226563
2017-08-01,UNH,165.688735961914
2017-08-02,UNH,166.3525390625
2017-08-03,UNH,167.878067016602
2017-08-04,UNH,167.972885131836
2017-08-07,UNH,167.886703491211
2017-08-08,UNH,167.990158081055
2017-08-09,UNH,167.929794311523
2017-08-10,UNH,165.981811523438
2017-08-11,UNH,166.369689941406
2017-08-14,UNH,166.964462280273
2017-08-15,UNH,167.645431518555
2017-08-16,UNH,167.016159057617
2017-08-17,UNH,166.09391784668
2017-08-18,UNH,164.473480224609
2017-08-21,UNH,165.516418457031
2017-08-22,UNH,167.895324707031
2017-08-23,UNH,167.421279907227
2017-08-24,UNH,167.860824584961
2017-08-25,UNH,167.52473449707
2017-08-28,UNH,168.153900146484
2017-08-29,UNH,169.567520141602
2017-08-30,UNH,168.834854125977
2017-08-31,UNH,171.437850952148
2017-09-01,UNH,172.170516967773
2017-09-05,UNH,171.791259765625
2017-09-06,UNH,170.989685058594
2017-09-07,UNH,171.45686340332
2017-09-08,UNH,171.093460083008
2017-09-11,UNH,172.676788330078
2017-09-12,UNH,170.851196289063
2017-09-13,UNH,171.595260620117
2017-09-14,UNH,171.076187133789
2017-09-15,UNH,171.465515136719
2017-09-18,UNH,171.474197387695
2017-09-19,UNH,168.411361694336
2017-09-20,UNH,169.363082885742
2017-09-21,UNH,168.895874023438
2017-09-22,UNH,167.009750366211
2017-09-25,UNH,165.902297973633
2017-09-26,UNH,166.724227905273
2017-09-27,UNH,168.272933959961
2017-09-28,UNH,169.665893554688
2017-09-29,UNH,169.449584960938
2017-10-02,UNH,170.825225830078
2017-10-03,UNH,171.854873657227
2017-10-04,UNH,173.455474853516
2017-10-05,UNH,171.223220825195
2017-10-06,UNH,171.361679077148
2017-10-09,UNH,169.838912963867
2017-10-10,UNH,168.43733215332
2017-10-11,UNH,168.939147949219
2017-10-12,UNH,166.91455078125
2017-10-13,UNH,166.568466186523
2017-10-16,UNH,167.156829833984
2017-10-17,UNH,176.405807495117
2017-10-18,UNH,177.565216064453
2017-10-19,UNH,175.852096557617
2017-10-20,UNH,179.520568847656
2017-10-23,UNH,179.105255126953
2017-10-24,UNH,180.091598510742
2017-10-25,UNH,179.581085205078
2017-10-26,UNH,180.956756591797
2017-10-27,UNH,183.94172668457
2017-10-30,UNH,181.164428710938
2017-10-31,UNH,181.882553100586
2017-11-01,UNH,181.285583496094
2017-11-02,UNH,182.643920898438
2017-11-03,UNH,184.175323486328
2017-11-06,UNH,183.526412963867
2017-11-07,UNH,184.028228759766
2017-11-08,UNH,182.358428955078
2017-11-09,UNH,183.041931152344
2017-11-10,UNH,182.617919921875
2017-11-13,UNH,183.993637084961
2017-11-14,UNH,183.171722412109
2017-11-15,UNH,181.571029663086
2017-11-16,UNH,182.669906616211
2017-11-17,UNH,181.605651855469
2017-11-20,UNH,181.908462524414
2017-11-21,UNH,183.94172668457
2017-11-22,UNH,182.747741699219
2017-11-24,UNH,183.863845825195
2017-11-27,UNH,183.768646240234
2017-11-28,UNH,187.004531860352
2017-11-29,UNH,192.835983276367
2017-11-30,UNH,198.079452514648
2017-12-01,UNH,196.872787475586
2017-12-04,UNH,192.219665527344
2017-12-05,UNH,191.064987182617
2017-12-06,UNH,190.934799194336
2017-12-07,UNH,191.117095947266
2017-12-08,UNH,194.381210327148
2017-12-11,UNH,193.391555786133
2017-12-12,UNH,193.148468017578
2017-12-13,UNH,194.763214111328
2017-12-14,UNH,192.072067260742
2017-12-15,UNH,192.566833496094
2017-12-18,UNH,193.304763793945
2017-12-19,UNH,192.7578125
2017-12-20,UNH,193.052993774414
2017-12-21,UNH,192.454040527344
2017-12-22,UNH,190.986907958984
2017-12-26,UNH,190.639617919922
2017-12-27,UNH,191.351486206055
2017-12-28,UNH,193.391555786133
2017-12-29,UNH,191.386260986328
2018-01-02,UNH,191.993911743164
2018-01-03,UNH,194.007949829102
2018-01-04,UNH,194.850036621094
2018-01-05,UNH,198.565567016602
2018-01-08,UNH,195.119155883789
2018-01-09,UNH,196.091430664063
2018-01-10,UNH,194.633010864258
2018-01-11,UNH,195.666061401367
2018-01-12,UNH,198.487457275391
2018-01-16,UNH,202.185638427734
2018-01-17,UNH,206.986389160156
2018-01-18,UNH,211.092590332031
2018-01-19,UNH,211.257537841797
2018-01-22,UNH,211.439788818359
2018-01-23,UNH,212.872253417969
2018-01-24,UNH,212.559722900391
2018-01-25,UNH,212.846176147461
2018-01-26,UNH,215.70231628418
2018-01-29,UNH,214.782119750977
2018-01-30,UNH,205.441116333008
2018-01-31,UNH,205.553970336914
2018-02-01,UNH,204.19970703125
2018-02-02,UNH,201.300155639648
2018-02-05,UNH,191.004257202148
2018-02-06,UNH,195.48371887207
2018-02-07,UNH,196.039367675781
2018-02-08,UNH,187.913711547852
2018-02-09,UNH,191.820297241211
2018-02-12,UNH,195.926483154297
2018-02-13,UNH,196.751190185547
2018-02-14,UNH,198.608963012695
2018-02-15,UNH,196.212966918945
2018-02-16,UNH,199.121185302734
2018-02-20,UNH,196.768569946289
2018-02-21,UNH,195.440353393555
2018-02-22,UNH,197.141860961914
2018-02-23,UNH,199.807052612305
2018-02-26,UNH,203.19270324707
2018-02-27,UNH,201.855773925781
2018-02-28,UNH,196.334518432617
2018-03-01,UNH,194.850036621094
2018-03-02,UNH,195.492431640625
2018-03-05,UNH,198.261764526367
2018-03-06,UNH,196.351852416992
2018-03-07,UNH,197.298126220703
2018-03-08,UNH,195.739059448242
2018-03-09,UNH,196.348739624023
2018-03-12,UNH,194.031860351563
2018-03-13,UNH,197.663879394531
2018-03-14,UNH,196.30517578125
2018-03-15,UNH,199.876281738281
2018-03-16,UNH,198.465270996094
2018-03-19,UNH,196.017791748047
2018-03-20,UNH,197.524612426758
2018-03-21,UNH,194.075469970703
2018-03-22,UNH,187.447128295898
2018-03-23,UNH,185.130294799805
2018-03-26,UNH,190.809204101563
2018-03-27,UNH,189.842422485352
2018-03-28,UNH,190.312713623047
2018-03-29,UNH,186.393203735352
2018-04-02,UNH,189.180404663086
2018-04-03,UNH,195.608367919922
2018-04-04,UNH,199.275283813477
2018-04-05,UNH,199.519165039063
2018-04-06,UNH,195.068359375
2018-04-09,UNH,193.997100830078
2018-04-10,UNH,197.533264160156
2018-04-11,UNH,193.27409362793
2018-04-12,UNH,195.312225341797
2018-04-13,UNH,195.347061157227
2018-04-16,UNH,200.607894897461
2018-04-17,UNH,207.77619934082
2018-04-18,UNH,205.903564453125
2018-04-19,UNH,205.346115112305
2018-04-20,UNH,204.736404418945
2018-04-23,UNH,204.109298706055
2018-04-24,UNH,204.004791259766
2018-04-25,UNH,204.597076416016
2018-04-26,UNH,206.452331542969
2018-04-27,UNH,209.195892333984
2018-04-30,UNH,205.903564453125
2018-05-01,UNH,206.295547485352
2018-05-02,UNH,203.342819213867
2018-05-03,UNH,203.943801879883
2018-05-04,UNH,205.46809387207
2018-05-07,UNH,203.621566772461
2018-05-08,UNH,202.097305297852
2018-05-09,UNH,199.641128540039
2018-05-10,UNH,203.560592651367
2018-05-11,UNH,207.541030883789
2018-05-14,UNH,211.565017700195
2018-05-15,UNH,208.603668212891
2018-05-16,UNH,210.537246704102
2018-05-17,UNH,211.617324829102
2018-05-18,UNH,213.08056640625
2018-05-21,UNH,215.920013427734
2018-05-22,UNH,213.550903320313
2018-05-23,UNH,212.749588012695
2018-05-24,UNH,211.416961669922
2018-05-25,UNH,213.350555419922
2018-05-29,UNH,210.929214477539
2018-05-30,UNH,213.341873168945
2018-05-31,UNH,210.35432434082
2018-06-01,UNH,211.957000732422
2018-06-04,UNH,213.071884155273
2018-06-05,UNH,212.89762878418
2018-06-06,UNH,216.573257446289
2018-06-07,UNH,216.860687255859
2018-06-08,UNH,218.341400146484
2018-06-11,UNH,221.041458129883
2018-06-12,UNH,220.867263793945
2018-06-13,UNH,220.248886108398
2018-06-14,UNH,222.391540527344
2018-06-15,UNH,223.746383666992
2018-06-18,UNH,222.776123046875
2018-06-19,UNH,221.159072875977
2018-06-20,UNH,220.975540161133
2018-06-21,UNH,220.171340942383
2018-06-22,UNH,222.339080810547
2018-06-25,UNH,219.139938354492
2018-06-26,UNH,218.318328857422
2018-06-27,UNH,216.919815063477
2018-06-28,UNH,214.061584472656
2018-06-29,UNH,214.446136474609
2018-07-02,UNH,216.316680908203
2018-07-03,UNH,215.879653930664
2018-07-05,UNH,218.956405639648
2018-07-06,UNH,219.183639526367
2018-07-09,UNH,221.727233886719
2018-07-10,UNH,223.361724853516
2018-07-11,UNH,222.531356811523
2018-07-12,UNH,223.807525634766
2018-07-13,UNH,226.123886108398
2018-07-16,UNH,224.620468139648
2018-07-17,UNH,218.772842407227
2018-07-18,UNH,223.256866455078
2018-07-19,UNH,221.080429077148
2018-07-20,UNH,220.879364013672
2018-07-23,UNH,220.914306640625
2018-07-24,UNH,221.805877685547
2018-07-25,UNH,222.767395019531
2018-07-26,UNH,224.637924194336
2018-07-27,UNH,223.720138549805
2018-07-30,UNH,221.875823974609
2018-07-31,UNH,221.333862304688
2018-08-01,UNH,221.465042114258
2018-08-02,UNH,223.833724975586
2018-08-03,UNH,224.830230712891
2018-08-06,UNH,224.428176879883
2018-08-07,UNH,225.206024169922
2018-08-08,UNH,226.219985961914
2018-08-09,UNH,228.64990234375
2018-08-10,UNH,227.574859619141
2018-08-13,UNH,228.055526733398
2018-08-14,UNH,230.30192565918
2018-08-15,UNH,227.793304443359
2018-08-16,UNH,229.969741821289
2018-08-17,UNH,229.296676635742
2018-08-20,UNH,229.357971191406
2018-08-21,UNH,228.737319946289
2018-08-22,UNH,227.906967163086
2018-08-23,UNH,228.501358032227
2018-08-24,UNH,231.001174926758
2018-08-27,UNH,233.448608398438
2018-08-28,UNH,234.698577880859
2018-08-29,UNH,235.126800537109
2018-08-30,UNH,234.593627929688
2018-08-31,UNH,234.654830932617
2018-09-04,UNH,234.698577880859
2018-09-05,UNH,233.938095092773
2018-09-06,UNH,236.490234375
2018-09-07,UNH,235.288726806641
2018-09-10,UNH,227.790161132813
2018-09-11,UNH,228.939041137695
2018-09-12,UNH,230.368621826172
2018-09-13,UNH,232.841796875
2018-09-14,UNH,232.683944702148
2018-09-17,UNH,231.420989990234
2018-09-18,UNH,230.912384033203
2018-09-19,UNH,232.701461791992
2018-09-20,UNH,233.631103515625
2018-09-21,UNH,233.87663269043
2018-09-24,UNH,234.481796264648
2018-09-25,UNH,231.105270385742
2018-09-26,UNH,230.579010009766
2018-09-27,UNH,232.105026245117
2018-09-28,UNH,233.324188232422
2018-10-01,UNH,236.007919311523
2018-10-02,UNH,237.349716186523
2018-10-03,UNH,237.586563110352
2018-10-04,UNH,235.323806762695
2018-10-05,UNH,236.095611572266
2018-10-08,UNH,235.928955078125
2018-10-09,UNH,236.893600463867
2018-10-10,UNH,230.72819519043
2018-10-11,UNH,225.501068115234
2018-10-12,UNH,227.68489074707
2018-10-15,UNH,228.246124267578
2018-10-16,UNH,239.051177978516
2018-10-17,UNH,234.429214477539
2018-10-18,UNH,233.999496459961
2018-10-19,UNH,232.675140380859
2018-10-22,UNH,229.947616577148
2018-10-23,UNH,232.289291381836
2018-10-24,UNH,224.799453735352
2018-10-25,UNH,231.745513916016
2018-10-26,UNH,226.430786132813
2018-10-29,UNH,224.974853515625
2018-10-30,UNH,226.518447875977
2018-10-31,UNH,229.210922241211
2018-11-01,UNH,228.842544555664
2018-11-02,UNH,228.912750244141
2018-11-05,UNH,228.912750244141
2018-11-06,UNH,231.131591796875
2018-11-07,UNH,240.857864379883
2018-11-08,UNH,242.629409790039
2018-11-09,UNH,242.541656494141
2018-11-12,UNH,238.884521484375
2018-11-13,UNH,236.113143920898
2018-11-14,UNH,232.376953125
2018-11-15,UNH,232.359405517578
2018-11-16,UNH,237.77067565918
2018-11-19,UNH,233.332916259766
2018-11-20,UNH,229.342468261719
2018-11-21,UNH,228.50927734375
2018-11-23,UNH,229.447723388672
2018-11-26,UNH,233.429443359375
2018-11-27,UNH,237.805786132813
2018-11-28,UNH,246.400588989258
2018-11-29,UNH,247.803817749023
2018-11-30,UNH,247.548706054688
2018-12-03,UNH,251.921493530273
2018-12-04,UNH,245.076431274414
2018-12-06,UNH,243.580703735352
2018-12-07,UNH,236.832382202148
2018-12-10,UNH,234.500839233398
2018-12-11,UNH,235.10791015625
2018-12-12,UNH,238.116928100586
2018-12-13,UNH,239.44548034668
2018-12-14,UNH,233.172317504883
2018-12-17,UNH,227.057556152344
2018-12-18,UNH,222.570373535156
2018-12-19,UNH,220.230010986328
2018-12-20,UNH,213.305770874023
2018-12-21,UNH,209.698501586914
2018-12-24,UNH,204.947387695313
2018-12-26,UNH,214.1064453125
2018-12-27,UNH,216.411529541016
2018-12-28,UNH,216.649108886719
2018-12-31,UNH,219.183059692383
2019-01-02,UNH,214.229598999023
2019-01-03,UNH,208.387542724609
2019-01-04,UNH,210.824630737305
2019-01-07,UNH,211.229400634766
2019-01-08,UNH,214.053619384766
2019-01-09,UNH,214.361587524414
2019-01-10,UNH,215.443740844727
2019-01-11,UNH,217.907257080078
2019-01-14,UNH,218.250442504883
2019-01-15,UNH,226.001693725586
2019-01-16,UNH,230.040100097656
2019-01-17,UNH,228.553237915039
2019-01-18,UNH,233.594635009766
2019-01-22,UNH,233.761825561523
2019-01-23,UNH,234.931991577148
2019-01-24,UNH,234.14892578125
2019-01-25,UNH,235.838165283203
2019-01-28,UNH,234.712005615234
2019-01-29,UNH,235.213531494141
2019-01-30,UNH,237.87939453125
2019-01-31,UNH,237.729797363281
2019-02-01,UNH,236.427719116211
2019-02-04,UNH,235.978927612305
2019-02-05,UNH,234.307342529297
2019-02-06,UNH,237.113952636719
2019-02-07,UNH,236.67399597168
2019-02-08,UNH,230.427261352539
2019-02-11,UNH,226.239273071289
2019-02-12,UNH,231.834976196289
2019-02-13,UNH,232.098937988281
2019-02-14,UNH,233.445037841797
2019-02-15,UNH,238.548095703125
2019-02-19,UNH,237.91455078125
2019-02-20,UNH,237.122741699219
2019-02-21,UNH,234.386489868164
2019-02-22,UNH,235.011093139648
2019-02-25,UNH,232.802764892578
2019-02-26,UNH,231.377410888672
2019-02-27,UNH,220.027679443359
2019-02-28,UNH,213.112197875977
2019-03-01,UNH,216.569961547852
2019-03-04,UNH,207.657272338867
2019-03-05,UNH,212.417144775391
2019-03-06,UNH,210.340744018555
2019-03-07,UNH,208.255569458008
2019-03-08,UNH,209.571472167969
2019-03-11,UNH,214.747024536133
2019-03-12,UNH,217.158111572266
2019-03-13,UNH,222.784027099609
2019-03-14,UNH,223.684829711914
2019-03-15,UNH,222.033279418945
2019-03-18,UNH,225.212768554688
2019-03-19,UNH,227.093948364258
2019-03-20,UNH,221.238418579102
2019-03-21,UNH,222.580825805664
2019-03-22,UNH,218.226776123047
2019-03-25,UNH,218.02360534668
2019-03-26,UNH,214.958969116211
2019-03-27,UNH,213.475158691406
2019-03-28,UNH,213.934432983398
2019-03-29,UNH,218.376861572266
2019-04-01,UNH,216.857757568359
2019-04-02,UNH,215.859817504883
2019-04-03,UNH,217.122741699219
2019-04-04,UNH,218.491714477539
2019-04-05,UNH,219.719314575195
2019-04-08,UNH,219.692855834961
2019-04-09,UNH,219.728164672852
2019-04-10,UNH,217.290603637695
2019-04-11,UNH,207.919952392578
2019-04-12,UNH,197.145050048828
2019-04-15,UNH,203.309707641602
2019-04-16,UNH,195.149047851563
2019-04-17,UNH,191.510284423828
2019-04-18,UNH,195.846786499023
2019-04-22,UNH,200.580642700195
2019-04-23,UNH,203.645294189453
2019-04-24,UNH,203.442184448242
2019-04-25,UNH,203.830825805664
2019-04-26,UNH,209.315383911133
2019-04-29,UNH,209.712768554688
2019-04-30,UNH,205.84440612793
2019-05-01,UNH,204.855255126953
2019-05-02,UNH,205.296920776367
2019-05-03,UNH,204.855255126953
2019-05-06,UNH,212.40657043457
2019-05-07,UNH,210.242721557617
2019-05-08,UNH,211.214248657227
2019-05-09,UNH,210.172073364258
2019-05-10,UNH,212.486053466797
2019-05-13,UNH,211.567520141602
2019-05-14,UNH,208.811996459961
2019-05-15,UNH,208.502792358398
2019-05-16,UNH,209.129913330078
2019-05-17,UNH,213.183746337891
2019-05-20,UNH,217.255218505859
2019-05-21,UNH,220.74382019043
2019-05-22,UNH,220.213882446289
2019-05-23,UNH,217.705642700195
2019-05-24,UNH,218.703674316406
2019-05-28,UNH,213.784362792969
2019-05-29,UNH,214.084564208984
2019-05-30,UNH,215.056106567383
2019-05-31,UNH,213.5546875
2019-06-03,UNH,208.926788330078
2019-06-04,UNH,212.636199951172
2019-06-05,UNH,214.411392211914
2019-06-06,UNH,213.572357177734
2019-06-07,UNH,217.944107055664
2019-06-10,UNH,219.154067993164
2019-06-11,UNH,217.149291992188
2019-06-12,UNH,215.939300537109
2019-06-13,UNH,216.345581054688
2019-06-14,UNH,217.667358398438
2019-06-17,UNH,218.199630737305
2019-06-18,UNH,217.960037231445
2019-06-19,UNH,221.943145751953
2019-06-20,UNH,219.787490844727
2019-06-21,UNH,223.797149658203
2019-06-24,UNH,221.455261230469
2019-06-25,UNH,219.698760986328
2019-06-26,UNH,215.981826782227
2019-06-27,UNH,218.527816772461
2019-06-28,UNH,216.460845947266
2019-07-01,UNH,215.245544433594
2019-07-02,UNH,216.425430297852
2019-07-03,UNH,217.525405883789
2019-07-05,UNH,219.104415893555
2019-07-08,UNH,219.858489990234
2019-07-09,UNH,218.226211547852
2019-07-10,UNH,219.539108276367
2019-07-11,UNH,231.674606323242
2019-07-12,UNH,235.879486083984
2019-07-15,UNH,235.932708740234
2019-07-16,UNH,234.779479980469
2019-07-17,UNH,236.544769287109
2019-07-18,UNH,231.177871704102
2019-07-19,UNH,227.673843383789
2019-07-22,UNH,226.493988037109
2019-07-23,UNH,226.218963623047
2019-07-24,UNH,222.77702331543
2019-07-25,UNH,220.621337890625
2019-07-26,UNH,224.382659912109
2019-07-29,UNH,225.163284301758
2019-07-30,UNH,226.147994995117
2019-07-31,UNH,220.896362304688
2019-08-01,UNH,221.109222412109
2019-08-02,UNH,221.818954467773
2019-08-05,UNH,217.392349243164
2019-08-06,UNH,220.248794555664
2019-08-07,UNH,218.625396728516
2019-08-08,UNH,219.663330078125
2019-08-09,UNH,220.55924987793
2019-08-12,UNH,215.742309570313
2019-08-13,UNH,221.082641601563
2019-08-14,UNH,215.742309570313
2019-08-15,UNH,216.673782348633
2019-08-16,UNH,217.951217651367
2019-08-19,UNH,217.081832885742
2019-08-20,UNH,213.045516967773
2019-08-21,UNH,213.214111328125
2019-08-22,UNH,206.640670776367
2019-08-23,UNH,204.618148803711
2019-08-26,UNH,204.990707397461
2019-08-27,UNH,197.760864257813
2019-08-28,UNH,201.68180847168
2019-08-29,UNH,204.582611083984
2019-08-30,UNH,207.581039428711
2019-09-03,UNH,204.582611083984
2019-09-04,UNH,201.131820678711
2019-09-05,UNH,203.668914794922
2019-09-06,UNH,203.145538330078
2019-09-09,UNH,204.635894775391
2019-09-10,UNH,206.214889526367
2019-09-11,UNH,207.767288208008
2019-09-12,UNH,204.121322631836
2019-09-13,UNH,208.212341308594
2019-09-16,UNH,208.94319152832
2019-09-17,UNH,207.240814208984
2019-09-18,UNH,205.538452148438
2019-09-19,UNH,207.534957885742
2019-09-20,UNH,207.570587158203
2019-09-23,UNH,203.898559570313
2019-09-24,UNH,200.538391113281
2019-09-25,UNH,198.016052246094
2019-09-26,UNH,192.053344726563
2019-09-27,UNH,191.857315063477
2019-09-30,UNH,193.693374633789
2019-10-01,UNH,193.595275878906
2019-10-02,UNH,193.185302734375
2019-10-03,UNH,191.94645690918
2019-10-04,UNH,195.903747558594
2019-10-07,UNH,197.187164306641
2019-10-08,UNH,196.180068969727
2019-10-09,UNH,197.935852050781
2019-10-10,UNH,199.406478881836
2019-10-11,UNH,197.926956176758
2019-10-14,UNH,196.607803344727
2019-10-15,UNH,212.65087890625
2019-10-16,UNH,211.224868774414
2019-10-17,UNH,217.178634643555
2019-10-18,UNH,218.667053222656
2019-10-21,UNH,217.401473999023
2019-10-22,UNH,222.356964111328
2019-10-23,UNH,220.859619140625
2019-10-24,UNH,217.927276611328
2019-10-25,UNH,218.28385925293
2019-10-28,UNH,220.191162109375
2019-10-29,UNH,224.861465454102
2019-10-30,UNH,227.098617553711
2019-10-31,UNH,225.226913452148
2019-11-01,UNH,224.790191650391
2019-11-04,UNH,223.934555053711
2019-11-05,UNH,223.087844848633
2019-11-06,UNH,223.283889770508
2019-11-07,UNH,228.578125
2019-11-08,UNH,229.032669067383
2019-11-11,UNH,226.465759277344
2019-11-12,UNH,227.499694824219
2019-11-13,UNH,226.002349853516
2019-11-14,UNH,228.016586303711
2019-11-15,UNH,240.111251831055
2019-11-18,UNH,243.257461547852
2019-11-19,UNH,244.416198730469
2019-11-20,UNH,245.601654052734
2019-11-21,UNH,246.483947753906
2019-11-22,UNH,246.742416381836
2019-11-25,UNH,251.938598632813
2019-11-26,UNH,250.806671142578
2019-11-27,UNH,250.156051635742
2019-11-29,UNH,249.443023681641
2019-12-02,UNH,249.255874633789
2019-12-03,UNH,246.795944213867
2019-12-04,UNH,248.952850341797
2019-12-05,UNH,251.341522216797
2019-12-06,UNH,250.688293457031
2019-12-09,UNH,248.317413330078
2019-12-10,UNH,250.0888671875
2019-12-11,UNH,250.965637207031
2019-12-12,UNH,253.748123168945
2019-12-13,UNH,255.421340942383
2019-12-16,UNH,261.281646728516
2019-12-17,UNH,259.885894775391
2019-12-18,UNH,262.060089111328
2019-12-19,UNH,263.598937988281
2019-12-20,UNH,261.782653808594
2019-12-23,UNH,264.01953125
2019-12-24,UNH,263.527374267578
2019-12-26,UNH,264.520538330078
2019-12-27,UNH,264.806732177734
2019-12-30,UNH,262.910064697266
2019-12-31,UNH,263.026306152344
2020-01-02,UNH,261.702209472656
2020-01-03,UNH,259.053894042969
2020-01-06,UNH,260.852142333984
2020-01-07,UNH,259.277465820313
2020-01-08,UNH,264.744232177734
2020-01-09,UNH,263.241027832031
2020-01-10,UNH,264.055236816406
2020-01-13,UNH,255.752304077148
2020-01-14,UNH,257.890686035156
2020-01-15,UNH,265.200500488281
2020-01-16,UNH,269.074554443359
2020-01-17,UNH,267.043518066406
2020-01-21,UNH,268.886657714844
2020-01-22,UNH,268.940399169922
2020-01-23,UNH,267.929290771484
2020-01-24,UNH,261.9794921875
2020-01-27,UNH,254.177673339844
2020-01-28,UNH,255.770217895508
2020-01-29,UNH,253.113021850586
2020-01-30,UNH,251.395172119141
2020-01-31,UNH,243.763290405273
2020-02-03,UNH,245.167984008789
2020-02-04,UNH,251.269836425781
2020-02-05,UNH,264.592041015625
2020-02-06,UNH,261.666412353516
2020-02-07,UNH,258.767578125
2020-02-10,UNH,256.808135986328
2020-02-11,UNH,260.172241210938
2020-02-12,UNH,271.526123046875
2020-02-13,UNH,270.380889892578
2020-02-14,UNH,267.320953369141
2020-02-18,UNH,270.327239990234
2020-02-19,UNH,273.163360595703
2020-02-20,UNH,270.318237304688
2020-02-21,UNH,269.69189453125
2020-02-24,UNH,248.541015625
2020-02-25,UNH,235.657241821289
2020-02-26,UNH,235.308258056641
2020-02-27,UNH,227.184295654297
2020-02-28,UNH,228.114837646484
2020-03-02,UNH,244.353729248047
2020-03-03,UNH,233.876708984375
2020-03-04,UNH,258.946502685547
2020-03-05,UNH,253.166641235352
2020-03-06,UNH,253.980804443359
2020-03-09,UNH,244.649047851563
2020-03-10,UNH,250.518341064453
2020-03-11,UNH,248.532043457031
2020-03-12,UNH,224.043884277344
2020-03-13,UNH,244.450698852539
2020-03-16,UNH,202.217269897461
2020-03-17,UNH,219.452163696289
2020-03-18,UNH,195.046585083008
2020-03-19,UNH,197.508712768555
2020-03-20,UNH,185.638458251953
2020-03-23,UNH,175.098007202148
2020-03-24,UNH,197.508712768555
2020-03-25,UNH,210.708892822266
2020-03-26,UNH,229.489334106445
2020-03-27,UNH,217.861663818359
2020-03-30,UNH,225.796157836914
2020-03-31,UNH,224.088806152344
2020-04-01,UNH,213.251937866211
2020-04-02,UNH,216.05549621582
2020-04-03,UNH,206.21598815918
2020-04-06,UNH,223.154312133789
2020-04-07,UNH,222.884704589844
2020-04-08,UNH,240.667724609375
2020-04-09,UNH,237.342971801758
2020-04-13,UNH,236.785797119141
2020-04-14,UNH,243.067001342773
2020-04-15,UNH,253.113143920898
2020-04-16,UNH,268.164306640625
2020-04-17,UNH,261.092468261719
2020-04-20,UNH,253.526504516602
2020-04-21,UNH,246.382751464844
2020-04-22,UNH,248.925689697266
2020-04-23,UNH,256.392883300781
2020-04-24,UNH,261.748382568359
2020-04-27,UNH,264.165649414063
2020-04-28,UNH,259.115661621094
2020-04-29,UNH,258.477569580078
2020-04-30,UNH,262.808868408203
2020-05-01,UNH,255.656127929688
2020-05-04,UNH,258.378723144531
2020-05-05,UNH,263.321014404297
2020-05-06,UNH,259.484039306641
2020-05-07,UNH,256.096435546875
2020-05-08,UNH,257.893615722656
2020-05-11,UNH,259.412139892578
2020-05-12,UNH,258.522613525391
2020-05-13,UNH,249.806289672852
2020-05-14,UNH,261.137359619141
2020-05-15,UNH,261.451873779297
2020-05-18,UNH,263.608520507813
2020-05-19,UNH,259.735656738281
2020-05-20,UNH,258.783172607422
2020-05-21,UNH,257.812683105469
2020-05-22,UNH,260.535400390625
2020-05-26,UNH,264.983489990234
2020-05-27,UNH,272.962768554688
2020-05-28,UNH,273.142547607422
2020-05-29,UNH,273.933258056641
2020-06-01,UNH,274.903869628906
2020-06-02,UNH,275.245208740234
2020-06-03,UNH,274.382537841797
2020-06-04,UNH,267.849853515625
2020-06-05,UNH,280.223419189453
2020-06-08,UNH,278.093719482422
2020-06-09,UNH,277.851043701172
2020-06-10,UNH,274.742034912109
2020-06-11,UNH,254.95524597168
2020-06-12,UNH,256.231170654297
2020-06-15,UNH,257.24658203125
2020-06-16,UNH,263.285064697266
2020-06-17,UNH,262.925598144531
2020-06-18,UNH,261.919189453125
2020-06-19,UNH,262.830627441406
2020-06-22,UNH,264.121276855469
2020-06-23,UNH,268.570251464844
2020-06-24,UNH,260.971618652344
2020-06-25,UNH,267.324920654297
2020-06-26,UNH,258.896026611328
2020-06-29,UNH,261.495025634766
2020-06-30,UNH,266.178802490234
2020-07-01,UNH,268.687561035156
2020-07-02,UNH,269.165924072266
2020-07-06,UNH,273.272033691406
2020-07-07,UNH,267.712890625
2020-07-08,UNH,269.256225585938
2020-07-09,UNH,262.758514404297
2020-07-10,UNH,262.821655273438
2020-07-13,UNH,270.474395751953
2020-07-14,UNH,278.425109863281
2020-07-15,UNH,274.409118652344
2020-07-16,UNH,277.188812255859
2020-07-17,UNH,276.629180908203
2020-07-20,UNH,273.858703613281
2020-07-21,UNH,275.34765625
2020-07-22,UNH,276.791625976563
2020-07-23,UNH,273.416442871094
2020-07-24,UNH,271.449066162109
2020-07-27,UNH,269.472778320313
2020-07-28,UNH,270.672943115234
2020-07-29,UNH,276.764617919922
2020-07-30,UNH,275.456024169922
2020-07-31,UNH,273.244995117188
2020-08-03,UNH,273.994079589844
2020-08-04,UNH,274.797210693359
2020-08-05,UNH,281.989776611328
2020-08-06,UNH,283.424591064453
2020-08-07,UNH,286.10498046875
2020-08-10,UNH,287.973022460938
2020-08-11,UNH,284.769348144531
2020-08-12,UNH,290.833831787109
2020-08-13,UNH,290.157012939453
2020-08-14,UNH,292.124328613281
2020-08-17,UNH,289.245544433594
2020-08-18,UNH,285.906433105469
2020-08-19,UNH,284.633941650391
2020-08-20,UNH,282.765899658203
2020-08-21,UNH,283.496826171875
2020-08-24,UNH,278.713836669922
2020-08-25,UNH,281.764099121094
2020-08-26,UNH,278.695770263672
2020-08-27,UNH,281.267822265625
2020-08-28,UNH,283.704498291016
2020-08-31,UNH,282.061889648438
2020-09-01,UNH,282.314605712891
2020-09-02,UNH,289.001892089844
2020-09-03,UNH,285.383026123047
2020-09-04,UNH,281.565673828125
2020-09-08,UNH,277.278961181641
2020-09-09,UNH,281.583709716797
2020-09-10,UNH,274.887542724609
2020-09-11,UNH,273.192962646484
2020-09-14,UNH,279.617614746094
2020-09-15,UNH,278.403442382813
2020-09-16,UNH,277.759948730469
2020-09-17,UNH,276.364532470703
2020-09-18,UNH,279.119262695313
2020-09-21,UNH,271.117950439453
2020-09-22,UNH,266.650329589844
2020-09-23,UNH,264.729278564453
2020-09-24,UNH,265.200469970703
2020-09-25,UNH,274.117218017578
2020-09-28,UNH,274.77880859375
2020-09-29,UNH,275.612396240234
2020-09-30,UNH,282.517425537109
2020-10-01,UNH,283.695404052734
2020-10-02,UNH,282.707763671875
2020-10-05,UNH,288.298706054688
2020-10-06,UNH,284.945983886719
2020-10-07,UNH,292.847778320313
2020-10-08,UNH,292.159088134766
2020-10-09,UNH,297.07958984375
2020-10-12,UNH,299.009796142578
2020-10-13,UNH,300.323791503906
2020-10-14,UNH,291.651641845703
2020-10-15,UNH,294.116424560547
2020-10-16,UNH,298.946319580078
2020-10-19,UNH,293.799285888672
2020-10-20,UNH,293.065307617188
2020-10-21,UNH,292.503479003906
2020-10-22,UNH,295.167602539063
2020-10-23,UNH,299.580627441406
2020-10-26,UNH,292.748199462891
2020-10-27,UNH,290.437408447266
2020-10-28,UNH,279.101165771484
2020-10-29,UNH,275.1865234375
2020-10-30,UNH,276.509521484375
2020-11-02,UNH,282.816497802734
2020-11-03,UNH,291.198577880859
2020-11-04,UNH,321.292602539063
2020-11-05,UNH,321.147583007813
2020-11-06,UNH,314.858764648438
2020-11-09,UNH,317.160369873047
2020-11-10,UNH,320.504180908203
2020-11-11,UNH,318.700866699219
2020-11-12,UNH,321.156646728516
2020-11-13,UNH,322.298370361328
2020-11-16,UNH,323.340484619141
2020-11-17,UNH,319.063354492188
2020-11-18,UNH,312.185577392578
2020-11-19,UNH,305.380126953125
2020-11-20,UNH,303.295959472656
2020-11-23,UNH,303.622161865234
2020-11-24,UNH,304.483001708984
2020-11-25,UNH,301.927642822266
2020-11-27,UNH,306.232025146484
2020-11-30,UNH,304.782073974609
2020-12-01,UNH,309.177001953125
2020-12-02,UNH,314.949340820313
2020-12-03,UNH,315.964233398438
2020-12-04,UNH,318.201538085938
2020-12-07,UNH,316.355316162109
2020-12-08,UNH,316.355316162109
2020-12-09,UNH,313.217712402344
2020-12-10,UNH,308.888854980469
2020-12-11,UNH,306.542541503906
2020-12-14,UNH,305.687652587891
2020-12-15,UNH,308.907073974609
2020-12-16,UNH,308.606994628906
2020-12-17,UNH,310.725982666016
2020-12-18,UNH,307.73388671875
2020-12-21,UNH,305.642242431641
2020-12-22,UNH,304.669128417969
2020-12-23,UNH,307.015441894531
2020-12-24,UNH,309.925659179688
2020-12-28,UNH,314.618255615234
2020-12-29,UNH,315.891448974609
2020-12-30,UNH,313.745208740234
2020-12-31,UNH,318.919891357422
2021-01-04,UNH,317.846832275391
2021-01-05,UNH,313.572448730469
2021-01-06,UNH,326.731903076172
2021-01-07,UNH,331.970275878906
2021-01-08,UNH,330.478851318359
2021-01-11,UNH,328.077941894531
2021-01-12,UNH,325.003997802734
2021-01-13,UNH,322.884948730469
2021-01-14,UNH,318.783416748047
2021-01-15,UNH,319.483764648438
2021-01-19,UNH,320.293090820313
2021-01-20,UNH,319.065460205078
2021-01-21,UNH,322.848693847656
2021-01-22,UNH,316.073333740234
2021-01-25,UNH,316.309906005859
2021-01-26,UNH,312.035522460938
2021-01-27,UNH,302.83203125
2021-01-28,UNH,307.524719238281
2021-01-29,UNH,303.368560791016
2021-02-01,UNH,303.750518798828
2021-02-02,UNH,308.043182373047
2021-02-03,UNH,307.288330078125
2021-02-04,UNH,299.494415283203
2021-02-05,UNH,295.120056152344
2021-02-08,UNH,294.965454101563
2021-02-09,UNH,299.7763671875
2021-02-10,UNH,303.204956054688
2021-02-11,UNH,302.904846191406
2021-02-12,UNH,298.512237548828
2021-02-16,UNH,295.220092773438
2021-02-17,UNH,297.257171630859
2021-02-18,UNH,298.666809082031
2021-02-19,UNH,295.183654785156
2021-02-22,UNH,297.966613769531
2021-02-23,UNH,299.667205810547
2021-02-24,UNH,302.122680664063
2021-02-25,UNH,299.085205078125
2021-02-26,UNH,302.131774902344
2021-03-01,UNH,304.341674804688
2021-03-02,UNH,304.332611083984
2021-03-03,UNH,302.722900390625
2021-03-04,UNH,303.577728271484
2021-03-05,UNH,315.664154052734
2021-03-08,UNH,318.456146240234
2021-03-09,UNH,320.102172851563
2021-03-10,UNH,317.937805175781
2021-03-11,UNH,321.120758056641
2021-03-12,UNH,324.926574707031
2021-03-15,UNH,322.973449707031
2021-03-16,UNH,323.630554199219
2021-03-17,UNH,321.421905517578
2021-03-18,UNH,330.429901123047
2021-03-19,UNH,333.651611328125
2021-03-22,UNH,334.819885253906
2021-03-23,UNH,336.316558837891
2021-03-24,UNH,338.233276367188
2021-03-25,UNH,338.680450439453
2021-03-26,UNH,343.599639892578
2021-03-29,UNH,345.954315185547
2021-03-30,UNH,340.934692382813
2021-03-31,UNH,339.574798583984
2021-04-01,UNH,335.011505126953
2021-04-05,UNH,337.849884033203
2021-04-06,UNH,332.547302246094
2021-04-07,UNH,333.706359863281
2021-04-08,UNH,333.021881103516
2021-04-09,UNH,343.435424804688
2021-04-12,UNH,343.417083740234
2021-04-13,UNH,341.792633056641
2021-04-14,UNH,342.823852539063
2021-04-15,UNH,355.948028564453
2021-04-16,UNH,356.860656738281
2021-04-19,UNH,355.792755126953
2021-04-20,UNH,361.898590087891
2021-04-21,UNH,363.979431152344
2021-04-22,UNH,361.907684326172
2021-04-23,UNH,365.348358154297
2021-04-26,UNH,361.287109375
2021-04-27,UNH,360.045837402344
2021-04-28,UNH,360.128021240234
2021-04-29,UNH,366.480133056641
2021-04-30,UNH,363.970367431641
2021-05-03,UNH,370.450225830078
2021-05-04,UNH,375.415130615234
2021-05-05,UNH,376.473785400391
2021-05-06,UNH,378.728057861328
2021-05-07,UNH,381.174072265625
2021-05-10,UNH,384.131103515625
2021-05-11,UNH,375.743682861328
2021-05-12,UNH,369.966491699219
2021-05-13,UNH,372.877899169922
2021-05-14,UNH,374.009582519531
2021-05-17,UNH,372.941833496094
2021-05-18,UNH,374.538909912109
2021-05-19,UNH,373.73583984375
2021-05-20,UNH,372.950927734375
2021-05-21,UNH,375.679779052734
2021-05-24,UNH,375.059173583984
2021-05-25,UNH,376.975769042969
2021-05-26,UNH,377.121826171875
2021-05-27,UNH,376.656402587891
2021-05-28,UNH,375.944458007813
2021-06-01,UNH,371.198669433594
2021-06-02,UNH,370.404602050781
2021-06-03,UNH,372.330291748047
2021-06-04,UNH,370.212951660156
2021-06-07,UNH,365.293701171875
2021-06-08,UNH,366.653503417969
2021-06-09,UNH,366.0693359375
2021-06-10,UNH,366.425354003906
2021-06-11,UNH,363.139801025391
2021-06-14,UNH,364.298858642578
2021-06-15,UNH,365.321044921875
2021-06-16,UNH,362.555694580078
2021-06-17,UNH,362.646942138672
2021-06-18,UNH,356.665405273438
2021-06-21,UNH,364.634674072266
2021-06-22,UNH,365.202606201172
2021-06-23,UNH,362.335510253906
2021-06-24,UNH,365.367462158203
2021-06-25,UNH,370.936798095703
2021-06-28,UNH,367.739929199219
2021-06-29,UNH,364.662170410156
2021-06-30,UNH,366.805603027344
2021-07-01,UNH,370.881866455078
2021-07-02,UNH,374.976348876953
2021-07-06,UNH,375.80078125
2021-07-07,UNH,377.083221435547
2021-07-08,UNH,375.516906738281
2021-07-09,UNH,377.495391845703
2021-07-12,UNH,381.095336914063
2021-07-13,UNH,383.385345458984
2021-07-14,UNH,379.904449462891
2021-07-15,UNH,384.768524169922
2021-07-16,UNH,384.447906494141
2021-07-19,UNH,374.701629638672
2021-07-20,UNH,378.283203125
2021-07-21,UNH,379.812866210938
2021-07-22,UNH,380.848022460938
2021-07-23,UNH,382.615905761719
2021-07-26,UNH,378.805328369141
2021-07-27,UNH,380.234313964844
2021-07-28,UNH,374.802398681641
2021-07-29,UNH,377.467926025391
2021-07-30,UNH,377.59619140625
2021-08-02,UNH,380.664855957031
2021-08-03,UNH,386.463134765625
2021-08-04,UNH,386.13330078125
2021-08-05,UNH,376.652679443359
2021-08-06,UNH,380.252563476563
2021-08-09,UNH,376.359588623047
2021-08-10,UNH,377.193145751953
2021-08-11,UNH,373.492401123047
2021-08-12,UNH,371.861968994141
2021-08-13,UNH,375.260406494141
2021-08-16,UNH,382.167053222656
2021-08-17,UNH,386.353210449219
2021-08-18,UNH,382.267852783203
2021-08-19,UNH,391.950012207031
2021-08-20,UNH,393.617065429688
2021-08-23,UNH,389.632507324219
2021-08-24,UNH,387.846282958984
2021-08-25,UNH,384.484527587891
2021-08-26,UNH,381.837280273438
2021-08-27,UNH,383.586853027344
2021-08-30,UNH,383.165496826172
2021-08-31,UNH,381.305938720703
2021-09-01,UNH,382.295227050781
2021-09-02,UNH,388.121063232422
2021-09-03,UNH,387.342407226563
2021-09-07,UNH,385.858551025391
2021-09-08,UNH,380.499908447266
2021-09-09,UNH,379.730438232422
2021-09-10,UNH,371.282836914063
2021-09-13,UNH,381.035705566406
2021-09-14,UNH,379.215667724609
2021-09-15,UNH,383.793426513672
2021-09-16,UNH,383.168304443359
2021-09-17,UNH,386.22021484375
2021-09-20,UNH,379.362823486328
2021-09-21,UNH,379.031890869141
2021-09-22,UNH,375.685913085938
2021-09-23,UNH,375.070068359375
2021-09-24,UNH,374.196746826172
2021-09-27,UNH,372.532958984375
2021-09-28,UNH,366.420166015625
2021-09-29,UNH,368.065521240234
2021-09-30,UNH,359.176635742188
2021-10-01,UNH,360.730194091797
2021-10-04,UNH,355.748016357422
2021-10-05,UNH,361.649383544922
2021-10-06,UNH,362.403167724609
2021-10-07,UNH,372.009002685547
2021-10-08,UNH,375.465270996094
2021-10-11,UNH,372.275573730469
2021-10-12,UNH,370.666870117188
2021-10-13,UNH,370.951843261719
2021-10-14,UNH,386.404022216797
2021-10-15,UNH,393.491119384766
2021-10-18,UNH,390.319915771484
2021-10-19,UNH,390.099304199219
2021-10-20,UNH,399.944152832031
2021-10-21,UNH,406.553405761719
2021-10-22,UNH,412.877593994141
2021-10-25,UNH,413.180938720703
2021-10-26,UNH,417.914916992188
2021-10-27,UNH,416.8486328125
2021-10-28,UNH,418.650268554688
2021-10-29,UNH,423.274017333984
2021-11-01,UNH,417.427734375
2021-11-02,UNH,415.525024414063
2021-11-03,UNH,420.387634277344
2021-11-04,UNH,419.863677978516
2021-11-05,UNH,418.990356445313
2021-11-08,UNH,425.250274658203
2021-11-09,UNH,426.840545654297
2021-11-10,UNH,422.750061035156
2021-11-11,UNH,420.442810058594
2021-11-12,UNH,421.91357421875
2021-11-15,UNH,414.385101318359
2021-11-16,UNH,413.300445556641
2021-11-17,UNH,412.6845703125
2021-11-18,UNH,413.162536621094
2021-11-19,UNH,404.457580566406
2021-11-22,UNH,402.196258544922
2021-11-23,UNH,411.011688232422
2021-11-24,UNH,413.796875
2021-11-26,UNH,404.374816894531
2021-11-29,UNH,415.48828125
2021-11-30,UNH,408.336700439453
2021-12-01,UNH,408.447021484375
2021-12-02,UNH,409.991271972656
2021-12-03,UNH,414.371795654297
2021-12-06,UNH,424.322479248047
2021-12-07,UNH,428.583160400391
2021-12-08,UNH,432.391998291016
2021-12-09,UNH,436.505035400391
2021-12-10,UNH,441.033233642578
2021-12-13,UNH,440.950256347656
2021-12-14,UNH,442.167510986328
2021-12-15,UNH,455.927032470703
2021-12-16,UNH,454.525177001953
2021-12-17,UNH,449.231628417969
2021-12-20,UNH,446.105377197266
2021-12-21,UNH,449.314697265625
2021-12-22,UNH,455.696472167969
2021-12-23,UNH,456.849304199219
2021-12-27,UNH,460.648742675781
2021-12-28,UNH,463.821228027344
2021-12-29,UNH,466.255828857422
2021-12-30,UNH,465.1953125
2021-12-31,UNH,463.083404541016
2022-01-03,UNH,463.212493896484
2022-01-04,UNH,452.717651367188
2022-01-05,UNH,451.601806640625
2022-01-06,UNH,433.120422363281
2022-01-07,UNH,422.929962158203
2022-01-10,UNH,428.832214355469
2022-01-11,UNH,432.521026611328
2022-01-12,UNH,436.873931884766
2022-01-13,UNH,431.0732421875
2022-01-14,UNH,432.235076904297
2022-01-18,UNH,425.134124755859
2022-01-19,UNH,426.545135498047
2022-01-20,UNH,426.98779296875
2022-01-21,UNH,425.300109863281
2022-01-24,UNH,426.314514160156
2022-01-25,UNH,421.306915283203
2022-01-26,UNH,422.773101806641
2022-01-27,UNH,425.696685791016
2022-01-28,UNH,429.809692382813
2022-01-31,UNH,435.813354492188
2022-02-01,UNH,431.976989746094
2022-02-02,UNH,442.462615966797
2022-02-03,UNH,450.753356933594
2022-02-04,UNH,445.588958740234
2022-02-07,UNH,446.077697753906
2022-02-08,UNH,455.032531738281
2022-02-09,UNH,459.357696533203
2022-02-10,UNH,448.86279296875
2022-02-11,UNH,440.940979003906
2022-02-14,UNH,437.501068115234
2022-02-15,UNH,441.033233642578
2022-02-16,UNH,442.711639404297
2022-02-17,UNH,433.756774902344
2022-02-18,UNH,431.423645019531
2022-02-22,UNH,426.535919189453
2022-02-23,UNH,423.87060546875
2022-02-24,UNH,420.430786132813
2022-02-25,UNH,438.74609375
2022-02-28,UNH,438.856719970703
2022-03-01,UNH,439.207092285156
2022-03-02,UNH,447.627044677734
2022-03-03,UNH,448.742950439453
2022-03-04,UNH,459.864868164063
2022-03-07,UNH,449.001159667969
2022-03-08,UNH,436.634216308594
2022-03-09,UNH,447.802276611328
2022-03-10,UNH,453.215698242188
2022-03-11,UNH,446.630096435547
2022-03-14,UNH,451.301025390625
2022-03-15,UNH,460.541320800781
2022-03-16,UNH,460.864990234375
2022-03-17,UNH,468.967559814453
2022-03-18,UNH,468.135101318359
2022-03-21,UNH,469.559539794922
2022-03-22,UNH,467.395172119141
2022-03-23,UNH,465.461975097656
2022-03-24,UNH,474.924224853516
2022-03-25,UNH,474.526519775391
2022-03-28,UNH,474.683746337891
2022-03-29,UNH,472.399108886719
2022-03-30,UNH,481.731781005859
2022-03-31,UNH,471.696105957031
2022-04-01,UNH,474.119506835938
2022-04-04,UNH,471.742370605469
2022-04-05,UNH,478.901550292969
2022-04-06,UNH,491.841461181641
2022-04-07,UNH,496.651245117188
2022-04-08,UNH,504.985168457031
2022-04-11,UNH,497.1044921875
2022-04-12,UNH,493.654357910156
2022-04-13,UNH,496.697509765625
2022-04-14,UNH,494.68115234375
2022-04-18,UNH,493.996704101563
2022-04-19,UNH,497.344970703125
2022-04-20,UNH,505.031280517578
2022-04-21,UNH,497.1044921875
2022-04-22,UNH,481.8427734375
2022-04-25,UNH,484.922943115234
2022-04-26,UNH,475.220275878906
2022-04-27,UNH,475.247985839844
2022-04-28,UNH,485.061676025391
2022-04-29,UNH,470.382720947266
2022-05-02,UNH,463.538116455078
2022-05-03,UNH,462.122955322266
2022-05-04,UNH,469.522491455078
2022-05-05,UNH,457.590637207031
2022-05-06,UNH,462.122955322266
2022-05-09,UNH,449.913696289063
2022-05-10,UNH,451.38427734375
2022-05-11,UNH,449.663848876953
2022-05-12,UNH,442.865478515625
2022-05-13,UNH,448.970153808594
2022-05-16,UNH,452.503509521484
2022-05-17,UNH,455.565032958984
2022-05-18,UNH,436.002410888672
2022-05-19,UNH,442.634307861328
2022-05-20,UNH,449.275390625
2022-05-23,UNH,455.148834228516
2022-05-24,UNH,460.217559814453
2022-05-25,UNH,460.707855224609
2022-05-26,UNH,464.537017822266
2022-05-27,UNH,469.050811767578
2022-05-31,UNH,459.496063232422
2022-06-01,UNH,455.583526611328
2022-06-02,UNH,455.315368652344
2022-06-03,UNH,449.164367675781
2022-06-06,UNH,453.391387939453
2022-06-07,UNH,459.792083740234
2022-06-08,UNH,456.489959716797
2022-06-09,UNH,452.697692871094
2022-06-10,UNH,448.257995605469
2022-06-13,UNH,434.448425292969
2022-06-14,UNH,427.095184326172
2022-06-15,UNH,429.481475830078
2022-06-16,UNH,423.364318847656
2022-06-17,UNH,419.623474121094
2022-06-21,UNH,445.855773925781
2022-06-22,UNH,454.544128417969
2022-06-23,UNH,463.947296142578
2022-06-24,UNH,460.076507568359
2022-06-27,UNH,469.377532958984
2022-06-28,UNH,471.958099365234
2022-06-29,UNH,478.706481933594
2022-06-30,UNH,476.775695800781
2022-07-01,UNH,480.275207519531
2022-07-05,UNH,468.987640380859
2022-07-06,UNH,478.316619873047
2022-07-07,UNH,477.471954345703
2022-07-08,UNH,481.416961669922
2022-07-11,UNH,479.857421875
2022-07-12,UNH,477.509002685547
2022-07-13,UNH,465.274749755859
2022-07-14,UNH,466.379333496094
2022-07-15,UNH,491.739013671875
2022-07-18,UNH,482.103820800781
2022-07-19,UNH,495.173492431641
2022-07-20,UNH,482.196716308594
2022-07-21,UNH,484.972137451172
2022-07-22,UNH,483.997436523438
2022-07-25,UNH,491.479034423828
2022-07-26,UNH,493.447052001953
2022-07-27,UNH,496.250335693359
2022-07-28,UNH,502.636627197266
2022-07-29,UNH,503.425720214844
2022-08-01,UNH,496.965118408203
2022-08-02,UNH,497.039337158203
2022-08-03,UNH,501.857055664063
2022-08-04,UNH,495.451995849609
2022-08-05,UNH,496.66796875
2022-08-08,UNH,498.097442626953
2022-08-09,UNH,498.710174560547
2022-08-10,UNH,499.137084960938
2022-08-11,UNH,494.625946044922
2022-08-12,UNH,504.688049316406
2022-08-15,UNH,505.560638427734
2022-08-16,UNH,506.934387207031
2022-08-17,UNH,505.894866943359
2022-08-18,UNH,506.098999023438
2022-08-19,UNH,508.976593017578
2022-08-22,UNH,505.495697021484
2022-08-23,UNH,497.354919433594
2022-08-24,UNH,497.967651367188
2022-08-25,UNH,502.710968017578
2022-08-26,UNH,491.274963378906
2022-08-29,UNH,491.757659912109
2022-08-30,UNH,485.324890136719
2022-08-31,UNH,482.066680908203
2022-09-01,UNH,486.401641845703
2022-09-02,UNH,479.300537109375
2022-09-06,UNH,480.535125732422
2022-09-07,UNH,484.248168945313
2022-09-08,UNH,489.659729003906
2022-09-09,UNH,488.244445800781
2022-09-12,UNH,494.6787109375
2022-09-13,UNH,478.579071044922
2022-09-14,UNH,474.677429199219
2022-09-15,UNH,486.912872314453
2022-09-16,UNH,485.153015136719
2022-09-19,UNH,487.508758544922
2022-09-20,UNH,486.810485839844
2022-09-21,UNH,476.828399658203
2022-09-22,UNH,481.838012695313
2022-09-23,UNH,478.253021240234
2022-09-26,UNH,473.364501953125
2022-09-27,UNH,473.373840332031
2022-09-28,UNH,478.560363769531
2022-09-29,UNH,473.802154541016
2022-09-30,UNH,470.273040771484
2022-10-03,UNH,480.022338867188
2022-10-04,UNH,487.154937744141
2022-10-05,UNH,490.786407470703
2022-10-06,UNH,483.39306640625
2022-10-07,UNH,470.096130371094
2022-10-10,UNH,464.518432617188
2022-10-11,UNH,465.403045654297
2022-10-12,UNH,465.542724609375
2022-10-13,UNH,474.807739257813
2022-10-14,UNH,477.806121826172
2022-10-17,UNH,485.953826904297
2022-10-18,UNH,486.261108398438
2022-10-19,UNH,484.501098632813
2022-10-20,UNH,485.022613525391
2022-10-21,UNH,496.987915039063
2022-10-24,UNH,504.316253662109
2022-10-25,UNH,503.03125
2022-10-26,UNH,505.778045654297
2022-10-27,UNH,504.502532958984
2022-10-28,UNH,513.292663574219
2022-10-31,UNH,516.933471679688
2022-11-01,UNH,509.633178710938
2022-11-02,UNH,506.020233154297
2022-11-03,UNH,506.18798828125
2022-11-04,UNH,501.122314453125
2022-11-07,UNH,507.500854492188
2022-11-08,UNH,514.977966308594
2022-11-09,UNH,503.440948486328
2022-11-10,UNH,506.709320068359
2022-11-11,UNH,486.140045166016
2022-11-14,UNH,478.383422851563
2022-11-15,UNH,468.382751464844
2022-11-16,UNH,476.306915283203
2022-11-17,UNH,479.836090087891
2022-11-18,UNH,493.514739990234
2022-11-21,UNH,481.586669921875
2022-11-22,UNH,487.080505371094
2022-11-23,UNH,493.244689941406
2022-11-25,UNH,500.610198974609
2022-11-28,UNH,495.628540039063
2022-11-29,UNH,491.652465820313
2022-11-30,UNH,510.052124023438
2022-12-01,UNH,499.949035644531
2022-12-02,UNH,500.789703369141
2022-12-05,UNH,499.743621826172
2022-12-06,UNH,503.741271972656
2022-12-07,UNH,507.094512939453
2022-12-08,UNH,511.77392578125
2022-12-09,UNH,503.629180908203
2022-12-12,UNH,509.849884033203
2022-12-13,UNH,502.713745117188
2022-12-14,UNH,502.844696044922
2022-12-15,UNH,492.869140625
2022-12-16,UNH,489.151763916016
2022-12-19,UNH,489.058258056641
2022-12-20,UNH,485.891967773438
2022-12-21,UNH,492.738311767578
2022-12-22,UNH,492.318084716797
2022-12-23,UNH,496.259643554688
2022-12-27,UNH,496.894836425781
2022-12-28,UNH,493.588409423828
2022-12-29,UNH,494.924041748047
2022-12-30,UNH,495.204284667969
2023-01-03,UNH,484.425567626953
2023-01-04,UNH,471.218353271484
2023-01-05,UNH,457.637481689453
2023-01-06,UNH,457.674926757813
2023-01-09,UNH,457.730926513672
2023-01-10,UNH,453.938842773438
2023-01-11,UNH,460.8505859375
2023-01-12,UNH,462.970794677734
2023-01-13,UNH,457.273254394531
2023-01-17,UNH,453.079437255859
2023-01-18,UNH,444.822570800781
2023-01-19,UNH,452.406921386719
2023-01-20,UNH,454.611267089844
2023-01-23,UNH,453.761291503906
2023-01-24,UNH,459.169372558594
2023-01-25,UNH,460.009979248047
2023-01-26,UNH,459.991302490234
2023-01-27,UNH,453.985443115234
2023-01-30,UNH,453.742614746094
2023-01-31,UNH,466.258605957031
2023-02-01,UNH,464.213104248047
2023-02-02,UNH,439.769500732422
2023-02-03,UNH,440.881011962891
2023-02-06,UNH,443.888519287109
2023-02-07,UNH,445.420379638672
2023-02-08,UNH,451.342193603516
2023-02-09,UNH,453.686584472656
2023-02-10,UNH,461.644561767578
2023-02-13,UNH,462.671997070313
2023-02-14,UNH,460.318145751953
2023-02-15,UNH,458.842437744141
2023-02-16,UNH,455.199737548828
2023-02-17,UNH,466.155883789063
2023-02-21,UNH,458.898498535156
2023-02-22,UNH,456.638122558594
2023-02-23,UNH,459.25341796875
2023-02-24,UNH,452.378845214844
2023-02-27,UNH,451.435577392578
2023-02-28,UNH,444.542388916016
2023-03-01,UNH,443.869964599609
2023-03-02,UNH,446.186340332031
2023-03-03,UNH,446.989624023438
2023-03-06,UNH,449.063110351563
2023-03-07,UNH,442.618377685547
2023-03-08,UNH,439.5546875
2023-03-09,UNH,434.240020751953
2023-03-10,UNH,431.493560791016
2023-03-13,UNH,434.633819580078
2023-03-14,UNH,435.477386474609
2023-03-15,UNH,436.274108886719
2023-03-16,UNH,442.451324462891
2023-03-17,UNH,440.089172363281
2023-03-20,UNH,447.081848144531
2023-03-21,UNH,450.025146484375
2023-03-22,UNH,445.732025146484
2023-03-23,UNH,440.473510742188
2023-03-24,UNH,446.172576904297
2023-03-27,UNH,451.71240234375
2023-03-28,UNH,442.976196289063
2023-03-29,UNH,437.361450195313
2023-03-30,UNH,440.614135742188
2023-03-31,UNH,442.985626220703
2023-04-03,UNH,463.232482910156
2023-04-04,UNH,462.351409912109
2023-04-05,UNH,477.330383300781
2023-04-06,UNH,480.686157226563
2023-04-10,UNH,482.907653808594
2023-04-11,UNH,488.334899902344
2023-04-12,UNH,488.541198730469
2023-04-13,UNH,493.265411376953
2023-04-14,UNH,479.730041503906
2023-04-17,UNH,473.693450927734
2023-04-18,UNH,472.877990722656
2023-04-19,UNH,455.743103027344
2023-04-20,UNH,456.924102783203
2023-04-21,UNH,453.51220703125
2023-04-24,UNH,458.311431884766
2023-04-25,UNH,461.104705810547
2023-04-26,UNH,452.696655273438
2023-04-27,UNH,459.745574951172
2023-04-28,UNH,461.264038085938
2023-05-01,UNH,464.64794921875
2023-05-02,UNH,462.482696533203
2023-05-03,UNH,458.780090332031
2023-05-04,UNH,456.75537109375
2023-05-05,UNH,463.316925048828
2023-05-08,UNH,461.760864257813
2023-05-09,UNH,459.661254882813
2023-05-10,UNH,459.370666503906
2023-05-11,UNH,458.142730712891
2023-05-12,UNH,460.457946777344
2023-05-15,UNH,456.361663818359
2023-05-16,UNH,449.668975830078
2023-05-17,UNH,454.440155029297
2023-05-18,UNH,449.209716796875
2023-05-19,UNH,448.825378417969
2023-05-22,UNH,450.512664794922
2023-05-23,UNH,449.406494140625
2023-05-24,UNH,450.709381103516
2023-05-25,UNH,447.775512695313
2023-05-26,UNH,451.356170654297
2023-05-30,UNH,449.790863037109
2023-05-31,UNH,456.717864990234
2023-06-01,UNH,462.707611083984
2023-06-02,UNH,468.284881591797
2023-06-05,UNH,466.981964111328
2023-06-06,UNH,457.027252197266
2023-06-07,UNH,451.928070068359
2023-06-08,UNH,459.520629882813
2023-06-09,UNH,462.698211669922
2023-06-12,UNH,461.732757568359
2023-06-13,UNH,460.532958984375
2023-06-14,UNH,431.053070068359
2023-06-15,UNH,438.498046875
2023-06-16,UNH,431.533081054688
2023-06-20,UNH,441.792205810547
2023-06-21,UNH,448.719451904297
2023-06-22,UNH,450.88427734375
2023-06-23,UNH,448.954833984375
2023-06-26,UNH,450.893615722656
2023-06-27,UNH,454.187866210938
2023-06-28,UNH,446.5546875
2023-06-29,UNH,448.427764892578
2023-06-30,UNH,452.380798339844
2023-07-03,UNH,449.783081054688
2023-07-05,UNH,443.5146484375
2023-07-06,UNH,441.763977050781
2023-07-07,UNH,434.441375732422
2023-07-10,UNH,435.825012207031
2023-07-11,UNH,435.674377441406
2023-07-12,UNH,425.142303466797
2023-07-13,UNH,421.424560546875
2023-07-14,UNH,451.938385009766
2023-07-17,UNH,455.618499755859
2023-07-18,UNH,470.6025390625
2023-07-19,UNH,474.0849609375
2023-07-20,UNH,474.593231201172
2023-07-21,UNH,476.748596191406
2023-07-24,UNH,478.772125244141
2023-07-25,UNH,480.889862060547
2023-07-26,UNH,478.132171630859
2023-07-27,UNH,475.524993896484
2023-07-28,UNH,473.341430664063
2023-07-31,UNH,476.597991943359
2023-08-01,UNH,475.063751220703
2023-08-02,UNH,475.120269775391
2023-08-03,UNH,475.176788330078
2023-08-04,UNH,473.172027587891
2023-08-07,UNH,480.711090087891
2023-08-08,UNH,476.117950439453
2023-08-09,UNH,472.588439941406
2023-08-10,UNH,473.877899169922
2023-08-11,UNH,478.141510009766
2023-08-14,UNH,480.889862060547
2023-08-15,UNH,476.899200439453
2023-08-16,UNH,473.953186035156
2023-08-17,UNH,464.917663574219
2023-08-18,UNH,469.13427734375
2023-08-21,UNH,468.418884277344
2023-08-22,UNH,463.392852783203
2023-08-23,UNH,460.663360595703
2023-08-24,UNH,459.402160644531
2023-08-25,UNH,460.362213134766
2023-08-28,UNH,462.395233154297
2023-08-29,UNH,463.85400390625
2023-08-30,UNH,462.630462646484
2023-08-31,UNH,448.559448242188
2023-09-01,UNH,448.239440917969
2023-09-05,UNH,452.540771484375
2023-09-06,UNH,448.898284912109
2023-09-07,UNH,456.305633544922
2023-09-08,UNH,454.264678955078
2023-09-11,UNH,452.951324462891
2023-09-12,UNH,453.442657470703
2023-09-13,UNH,453.385955810547
2023-09-14,UNH,456.938690185547
2023-09-15,UNH,459.867767333984
2023-09-18,UNH,459.263000488281
2023-09-19,UNH,454.160705566406
2023-09-20,UNH,464.998443603516
2023-09-21,UNH,473.511627197266
2023-09-22,UNH,478.198272705078
2023-09-25,UNH,482.147796630859
2023-09-26,UNH,477.584075927734
2023-09-27,UNH,475.958862304688
2023-09-28,UNH,481.977722167969
2023-09-29,UNH,476.393524169922
2023-10-02,UNH,486.201293945313
2023-10-03,UNH,481.382415771484
2023-10-04,UNH,482.469055175781
2023-10-05,UNH,487.769683837891
2023-10-06,UNH,495.876739501953
2023-10-09,UNH,497.483032226563
2023-10-10,UNH,495.338104248047
2023-10-11,UNH,495.234252929688
2023-10-12,UNH,496.56640625
2023-10-13,UNH,509.662292480469
2023-10-16,UNH,508.368011474609
2023-10-17,UNH,507.064025878906
2023-10-18,UNH,506.506530761719
2023-10-19,UNH,502.320770263672
2023-10-20,UNH,497.974426269531
2023-10-23,UNH,492.815338134766
2023-10-24,UNH,496.056274414063
2023-10-25,UNH,500.979064941406
2023-10-26,UNH,499.231079101563
2023-10-27,UNH,495.734924316406
2023-10-30,UNH,500.771087646484
2023-10-31,UNH,506.034027099609
2023-11-01,UNH,502.292327880859
2023-11-02,UNH,506.572631835938
2023-11-03,UNH,501.630981445313
2023-11-06,UNH,504.049774169922
2023-11-07,UNH,508.178924560547
2023-11-08,UNH,507.139526367188
2023-11-09,UNH,509.284362792969
2023-11-10,UNH,511.372619628906
2023-11-13,UNH,512.657531738281
2023-11-14,UNH,510.664031982422
2023-11-15,UNH,508.726959228516
2023-11-16,UNH,510.059234619141
2023-11-17,UNH,506.723815917969
2023-11-20,UNH,505.599456787109
2023-11-21,UNH,509.841857910156
2023-11-22,UNH,513.781982421875
2023-11-24,UNH,516.937866210938
2023-11-27,UNH,513.621398925781
2023-11-28,UNH,510.730010986328
2023-11-29,UNH,505.486053466797
2023-11-30,UNH,522.484191894531
2023-12-01,UNH,518.758178710938
2023-12-04,UNH,519.820129394531
2023-12-05,UNH,521.697326660156
2023-12-06,UNH,521.005187988281
2023-12-07,UNH,519.810607910156
2023-12-08,UNH,521.232788085938
2023-12-11,UNH,515.458923339844
2023-12-12,UNH,517.393005371094
2023-12-13,UNH,520.512329101563
2023-12-14,UNH,506.508880615234
2023-12-15,UNH,503.550720214844
2023-12-18,UNH,499.218017578125
2023-12-19,UNH,496.838348388672
2023-12-20,UNH,489.149230957031
2023-12-21,UNH,492.894317626953
2023-12-22,UNH,493.301971435547
2023-12-26,UNH,493.036499023438
2023-12-27,UNH,495.653228759766
2023-12-28,UNH,497.653747558594
2023-12-29,UNH,499.142150878906
2024-01-02,UNH,511.344116210938
2024-01-03,UNH,513.894592285156
2024-01-04,UNH,517.108581542969
2024-01-05,UNH,509.485900878906
2024-01-08,UNH,508.670532226563
2024-01-09,UNH,510.424407958984
2024-01-10,UNH,509.732482910156
2024-01-11,UNH,511.666473388672
2024-01-12,UNH,494.439666748047
2024-01-16,UNH,492.202178955078
2024-01-17,UNH,497.691589355469
2024-01-18,UNH,489.538055419922
2024-01-19,UNH,477.421417236328
2024-01-22,UNH,486.361907958984
2024-01-23,UNH,488.760620117188
2024-01-24,UNH,486.589416503906
2024-01-25,UNH,467.788757324219
2024-01-26,UNH,477.080108642578
2024-01-29,UNH,478.350555419922
2024-01-30,UNH,477.468811035156
2024-01-31,UNH,485.176788330078
2024-02-01,UNH,480.815612792969
2024-02-02,UNH,483.745208740234
2024-02-05,UNH,476.852569580078
2024-02-06,UNH,484.162384033203
2024-02-07,UNH,492.429718017578
2024-02-08,UNH,493.093353271484
2024-02-09,UNH,491.320404052734
2024-02-12,UNH,490.770538330078
2024-02-13,UNH,490.021514892578
2024-02-14,UNH,490.106903076172
2024-02-15,UNH,493.842376708984
2024-02-16,UNH,494.477600097656
2024-02-20,UNH,494.013031005859
2024-02-21,UNH,494.875701904297
2024-02-22,UNH,499.170715332031
2024-02-23,UNH,499.872283935547
2024-02-26,UNH,498.051879882813
2024-02-27,UNH,486.769561767578
2024-02-28,UNH,472.41552734375
2024-02-29,UNH,467.978424072266
2024-03-01,UNH,464.119689941406
2024-03-04,UNH,456.857299804688
2024-03-05,UNH,448.589904785156
2024-03-06,UNH,448.068511962891
2024-03-07,UNH,453.927673339844
2024-03-08,UNH,453.613586425781
2024-03-11,UNH,465.587585449219
2024-03-12,UNH,465.777954101563
2024-03-13,UNH,464.493011474609
2024-03-14,UNH,465.44482421875
2024-03-15,UNH,467.177154541016
2024-03-18,UNH,463.588745117188
2024-03-19,UNH,469.556671142578
2024-03-20,UNH,470.422912597656
2024-03-21,UNH,468.005249023438
2024-03-22,UNH,466.463287353516
2024-03-25,UNH,462.475128173828
2024-03-26,UNH,468.595397949219
2024-03-27,UNH,469.347320556641
2024-03-28,UNH,470.870239257813
2024-04-01,UNH,466.111114501953
2024-04-02,UNH,436.071319580078
2024-04-03,UNH,437.594299316406
2024-04-04,UNH,433.444305419922
2024-04-05,UNH,433.786926269531
2024-04-08,UNH,434.034423828125
2024-04-09,UNH,437.575225830078
2024-04-10,UNH,428.371063232422
2024-04-11,UNH,420.442291259766
2024-04-12,UNH,418.043701171875
2024-04-15,UNH,424.163940429688
2024-04-16,UNH,446.303497314453
2024-04-17,UNH,455.917022705078
2024-04-18,UNH,469.423461914063
2024-04-19,UNH,476.990539550781
2024-04-22,UNH,467.567413330078
2024-04-23,UNH,462.760650634766
2024-04-24,UNH,463.826721191406
2024-04-25,UNH,470.070739746094
2024-04-26,UNH,471.488952636719
2024-04-29,UNH,465.473358154297
2024-04-30,UNH,460.400115966797
2024-05-01,UNH,460.790344238281
2024-05-02,UNH,469.223602294922
2024-05-03,UNH,468.728698730469
2024-05-06,UNH,470.565673828125
2024-05-07,UNH,476.828704833984
2024-05-08,UNH,478.970306396484
2024-05-09,UNH,482.606323242188
2024-05-10,UNH,488.107879638672
2024-05-13,UNH,487.089416503906
2024-05-14,UNH,489.126373291016
2024-05-15,UNH,492.619567871094
2024-05-16,UNH,496.160369873047
2024-05-17,UNH,499.358520507813
2024-05-20,UNH,492.314971923828
2024-05-21,UNH,498.330505371094
2024-05-22,UNH,496.236541748047
2024-05-23,UNH,491.934265136719
2024-05-24,UNH,483.69140625
2024-05-28,UNH,479.417663574219
2024-05-29,UNH,461.370971679688
2024-05-30,UNH,458.448852539063
2024-05-31,UNH,471.507965087891
2024-06-03,UNH,473.478271484375
2024-06-04,UNH,481.140533447266
2024-06-05,UNH,478.884613037109
2024-06-06,UNH,477.742492675781
2024-06-07,UNH,467.053436279297
2024-06-10,UNH,471.155792236328
2024-06-11,UNH,472.317047119141
2024-06-12,UNH,469.318786621094
2024-06-13,UNH,473.344970703125
2024-06-14,UNH,473.173706054688
2024-06-17,UNH,467.639190673828
2024-06-18,UNH,459.820190429688
2024-06-20,UNH,463.137054443359
2024-06-21,UNH,461.292266845703
2024-06-24,UNH,468.356109619141
2024-06-25,UNH,463.117980957031
2024-06-26,UNH,462.678283691406
2024-06-27,UNH,464.972351074219
2024-06-28,UNH,486.785247802734
2024-07-01,UNH,472.820007324219
2024-07-02,UNH,476.251556396484
2024-07-03,UNH,468.270080566406
2024-07-05,UNH,466.473052978516
2024-07-08,UNH,467.744354248047
2024-07-09,UNH,470.39208984375
2024-07-10,UNH,478.822875976563
2024-07-11,UNH,482.101501464844
2024-07-12,UNH,488.955078125
2024-07-15,UNH,492.625579833984
2024-07-16,UNH,524.647216796875
2024-07-17,UNH,547.979919433594
2024-07-18,UNH,539.4345703125
2024-07-19,UNH,540.380737304688
2024-07-22,UNH,533.880859375
2024-07-23,UNH,530.219970703125
2024-07-24,UNH,535.046997070313
2024-07-25,UNH,534.980041503906
2024-07-26,UNH,544.576904296875
2024-07-29,UNH,541.738098144531
2024-07-30,UNH,550.895324707031
2024-07-31,UNH,550.732788085938
2024-08-01,UNH,547.492492675781
2024-08-02,UNH,563.799499511719
2024-08-05,UNH,544.806396484375
2024-08-06,UNH,543.267578125
2024-08-07,UNH,541.097717285156
2024-08-08,UNH,541.250549316406
2024-08-09,UNH,534.100708007813
2024-08-12,UNH,540.342468261719
2024-08-13,UNH,548.897521972656
2024-08-14,UNH,554.087951660156
2024-08-15,UNH,554.030578613281
2024-08-16,UNH,552.185668945313
2024-08-19,UNH,553.237121582031
2024-08-20,UNH,555.024780273438
2024-08-21,UNH,552.558532714844
2024-08-22,UNH,553.179809570313
2024-08-23,UNH,558.714294433594
2024-08-26,UNH,561.218688964844
2024-08-27,UNH,561.428955078125
2024-08-28,UNH,562.56640625
2024-08-29,UNH,565.462768554688
2024-08-30,UNH,564.153198242188
2024-09-03,UNH,572.258972167969
2024-09-04,UNH,577.516235351563
2024-09-05,UNH,569.209655761719
2024-09-06,UNH,570.538391113281
2024-09-09,UNH,567.881042480469
2024-09-10,UNH,572.593566894531
2024-09-11,UNH,563.723083496094
2024-09-12,UNH,562.451721191406
2024-09-13,UNH,568.091369628906
2024-09-16,UNH,565.136840820313
2024-09-17,UNH,554.412353515625
2024-09-18,UNH,556.992858886719
2024-09-19,UNH,553.558654785156
2024-09-20,UNH,551.572998046875
2024-09-23,UNH,550.047729492188
2024-09-24,UNH,551.755187988281
2024-09-25,UNH,552.82958984375
2024-09-26,UNH,551.390686035156
2024-09-27,UNH,558.143920898438
2024-09-30,UNH,560.858520507813
2024-10-01,UNH,559.534729003906
2024-10-02,UNH,568.177612304688
2024-10-03,UNH,568.599670410156
2024-10-04,UNH,567.112854003906
2024-10-07,UNH,559.784240722656
2024-10-08,UNH,557.884826660156
2024-10-09,UNH,567.132019042969
2024-10-10,UNH,573.348022460938
2024-10-11,UNH,573.683776855469
2024-10-14,UNH,580.734375
2024-10-15,UNH,533.625305175781
2024-10-16,UNH,548.062072753906
2024-10-17,UNH,542.968444824219
2024-10-18,UNH,546.402526855469
2024-10-21,UNH,548.186767578125
2024-10-22,UNH,546.642333984375
2024-10-23,UNH,541.635009765625
2024-10-24,UNH,537.960998535156
2024-10-25,UNH,541.558349609375
2024-10-28,UNH,542.210571289063
2024-10-29,UNH,539.227294921875
2024-10-30,UNH,540.023498535156
2024-10-31,UNH,541.500732421875
2024-11-01,UNH,544.43603515625
2024-11-04,UNH,535.044860839844
2024-11-05,UNH,543.927734375
2024-11-06,UNH,572.379211425781
2024-11-07,UNH,580.782287597656
2024-11-08,UNH,590.720275878906
2024-11-11,UNH,599.775634765625
2024-11-12,UNH,589.626647949219
2024-11-13,UNH,581.185302734375
2024-11-14,UNH,568.983581542969
2024-11-15,UNH,568.100952148438
2024-11-18,UNH,565.626159667969
2024-11-19,UNH,553.491516113281
2024-11-20,UNH,576.033996582031
2024-11-21,UNH,573.146606445313
2024-11-22,UNH,566.79638671875
2024-11-25,UNH,581.146911621094
2024-11-26,UNH,582.067687988281
2024-11-27,UNH,583.592956542969
2024-11-29,UNH,585.3388671875
2024-12-02,UNH,583.727233886719
2024-12-03,UNH,580.5712890625
2024-12-04,UNH,585.90478515625
2024-12-05,UNH,555.381164550781
2024-12-06,UNH,527.226989746094
2024-12-09,UNH,539.841491699219
2024-12-10,UNH,544.242126464844
2024-12-11,UNH,513.755554199219
2024-12-12,UNH,496.644134521484
2024-12-13,UNH,501.189117431641
2024-12-16,UNH,480.023834228516
2024-12-17,UNH,467.52490234375
2024-12-18,UNH,481.198608398438
2024-12-19,UNH,471.116638183594
2024-12-20,UNH,481.593414306641
2024-12-23,UNH,487.5732421875
2024-12-24,UNH,487.342193603516
2024-12-26,UNH,492.205017089844
2024-12-27,UNH,491.088012695313
2024-12-30,UNH,488.979156494141
2024-12-31,UNH,487.111022949219
2025-01-02,UNH,485.811126708984
2025-01-03,UNH,493.986450195313
2025-01-06,UNH,494.631561279297
2025-01-07,UNH,495.190155029297
2025-01-08,UNH,505.079467773438
2025-01-10,UNH,501.391448974609
2025-01-13,UNH,521.08349609375
2025-01-14,UNH,523.587158203125
2025-01-15,UNH,523.278930664063
2025-01-16,UNH,491.665771484375
2025-01-17,UNH,490.866485595703
2025-01-21,UNH,505.532073974609
2025-01-22,UNH,500.457305908203
2025-01-23,UNH,510.134979248047
2025-01-24,UNH,512.7734375
2025-01-27,UNH,523.375244140625
2025-01-28,UNH,522.373718261719
2025-01-29,UNH,518.156127929688
2025-01-30,UNH,525.349365234375
2025-01-31,UNH,522.383422851563
2025-02-03,UNH,527.862548828125
2025-02-04,UNH,525.233764648438
2025-02-05,UNH,519.802795410156
2025-02-06,UNH,510.394897460938
2025-02-07,UNH,507.496490478516
2025-02-10,UNH,513.601440429688
2025-02-11,UNH,514.131042480469
2025-02-12,UNH,507.852722167969
2025-02-13,UNH,511.492584228516
2025-02-14,UNH,504.106903076172
2025-02-18,UNH,482.171203613281
2025-02-19,UNH,492.099090576172
2025-02-20,UNH,483.798553466797
2025-02-21,UNH,449.132904052734
2025-02-24,UNH,444.414459228516
2025-02-25,UNH,452.946105957031
2025-02-26,UNH,446.407745361328
2025-02-27,UNH,451.193542480469
2025-02-28,UNH,457.356353759766
2025-03-03,UNH,449.739501953125
2025-03-04,UNH,457.019317626953
2025-03-05,UNH,458.338562011719
2025-03-06,UNH,469.643432617188
2025-03-07,UNH,475.18994140625
2025-03-10,UNH,464.397613525391
2025-03-11,UNH,470.025848388672
2025-03-12,UNH,465.258270263672
2025-03-13,UNH,465.654754638672
2025-03-14,UNH,472.549835205078
2025-03-17,UNH,482.578186035156
2025-03-18,UNH,487.20068359375
2025-03-19,UNH,486.620483398438
2025-03-20,UNH,494.453552246094
2025-03-21,UNH,499.820648193359
2025-03-24,UNH,499.482269287109
2025-03-25,UNH,496.513397216797
2025-03-26,UNH,501.126281738281
2025-03-27,UNH,498.727905273438
2025-03-28,UNH,499.037384033203
2025-03-31,UNH,506.493316650391
2025-04-01,UNH,505.884124755859
2025-04-02,UNH,505.961517333984
2025-04-03,UNH,522.633483886719
2025-04-04,UNH,507.75048828125
2025-04-07,UNH,507.412078857422
2025-04-08,UNH,534.857055664063
2025-04-09,UNH,559.439453125
2025-04-10,UNH,574.815612792969
2025-04-11,UNH,579.718505859375
2025-04-14,UNH,567.717407226563
2025-04-15,UNH,564.361755371094
2025-04-16,UNH,565.764038085938
2025-04-17,UNH,439.147888183594
2025-04-21,UNH,411.316101074219
2025-04-22,UNH,413.105133056641
2025-04-23,UNH,413.859466552734
2025-04-24,UNH,410.271728515625
2025-04-25,UNH,404.846588134766
2025-04-28,UNH,406.161773681641
2025-04-29,UNH,395.746612548828
2025-04-30,UNH,397.8837890625
2025-05-01,UNH,387.478302001953
2025-05-02,UNH,386.743377685547
2025-05-05,UNH,391.472229003906
2025-05-06,UNH,381.511596679688
2025-05-07,UNH,378.175231933594
2025-05-08,UNH,372.846801757813
2025-05-09,UNH,368.098602294922
2025-05-12,UNH,366.270843505859
2025-05-13,UNH,301.120544433594
2025-05-14,UNH,297.861633300781
2025-05-15,UNH,265.310638427734
2025-05-16,UNH,282.292053222656
2025-05-19,UNH,305.481964111328
2025-05-20,UNH,310.984466552734
2025-05-21,UNH,292.997375488281
2025-05-22,UNH,286.895263671875
2025-05-23,UNH,285.831512451172
2025-05-27,UNH,285.2802734375
2025-05-28,UNH,288.287780761719
2025-05-29,UNH,288.345825195313
2025-05-30,UNH,291.962585449219
2025-06-02,UNH,294.680023193359
2025-06-03,UNH,291.295318603516
2025-06-04,UNH,290.483001708984
2025-06-05,UNH,286.092590332031
2025-06-06,UNH,293.229461669922
2025-06-09,UNH,293.200469970703
2025-06-10,UNH,293.780639648438
2025-06-11,UNH,300.327606201172
2025-06-12,UNH,308.006011962891
2025-06-13,UNH,303.199737548828
2025-06-16,UNH,299.635192871094
2025-06-17,UNH,300.813659667969
2025-06-18,UNH,299.187194824219
2025-06-20,UNH,294.132568359375
2025-06-23,UNH,292.837280273438
2025-06-24,UNH,297.648406982422
2025-06-25,UNH,294.142303466797
2025-06-26,UNH,294.726684570313
2025-06-27,UNH,301.047393798828
2025-06-30,UNH,303.832794189453
2025-07-01,UNH,317.633178710938
2025-07-02,UNH,299.537811279297
2025-07-03,UNH,300.501983642578
2025-07-07,UNH,295.788208007813
2025-07-08,UNH,299.674163818359
2025-07-09,UNH,295.009124755859
2025-07-10,UNH,291.697814941406
2025-07-11,UNH,296.168090820313
2025-07-14,UNH,292.739868164063
2025-07-15,UNH,284.101226806641
2025-07-16,UNH,284.860900878906
2025-07-17,UNH,280.556213378906
2025-07-18,UNH,275.277557373047
2025-07-21,UNH,274.780853271484
2025-07-22,UNH,277.69287109375
2025-07-23,UNH,284.880401611328
2025-07-24,UNH,271.313720703125
2025-07-25,UNH,273.729034423828
2025-07-28,UNH,274.761383056641
2025-07-29,UNH,254.260437011719
2025-07-30,UNH,259.100799560547
2025-07-31,UNH,243.050659179688
2025-08-01,UNH,231.56819152832
2025-08-04,UNH,234.694442749023
2025-08-05,UNH,244.453094482422
2025-08-06,UNH,239.369247436523
2025-08-07,UNH,238.288208007813
2025-08-08,UNH,244.345962524414
2025-08-11,UNH,245.787353515625
2025-08-12,UNH,254.747421264648
2025-08-13,UNH,264.720306396484
2025-08-14,UNH,264.408630371094
2025-08-15,UNH,296.080413818359
2025-08-18,UNH,300.443542480469
2025-08-19,UNH,296.304412841797
2025-08-20,UNH,292.019195556641
2025-08-21,UNH,295.437652587891
2025-08-22,UNH,299.401458740234
2025-08-25,UNH,296.908233642578
2025-08-26,UNH,292.593780517578
2025-08-27,UNH,295.953826904297
2025-08-28,UNH,294.4052734375
2025-08-29,UNH,301.787567138672
2025-09-02,UNH,300.745483398438
2025-09-03,UNH,299.849487304688
2025-09-04,UNH,302.284271240234
2025-09-05,UNH,307.163635253906
2025-09-08,UNH,311.896820068359
2025-09-09,UNH,338.845123291016
2025-09-10,UNH,337.734832763672
2025-09-11,UNH,344.386688232422
2025-09-12,UNH,343.315368652344
2025-09-15,UNH,340.953460693359
2025-09-16,UNH,333.005126953125
2025-09-17,UNH,334.798645019531
2025-09-18,UNH,328.14404296875
2025-09-19,UNH,329.976745605469
2025-09-22,UNH,334.494812011719
2025-09-23,UNH,340.757415771484
2025-09-24,UNH,344.795288085938
2025-09-25,UNH,338.669891357422
2025-09-26,UNH,337.219360351563
2025-09-29,UNH,338.297485351563
2025-09-30,UNH,338.415069580078
2025-10-01,UNH,341.355255126953
2025-10-02,UNH,346.667205810547
2025-10-03,UNH,353.018005371094
2025-10-06,UNH,351.616485595703
2025-10-07,UNH,356.408996582031
2025-10-08,UNH,362.544189453125
2025-10-09,UNH,360.358642578125
2025-10-10,UNH,347.431640625
2025-10-13,UNH,351.508666992188
2025-10-14,UNH,352.753356933594
2025-10-15,UNH,353.949035644531
2025-10-16,UNH,349.558380126953
2025-10-17,UNH,349.489776611328
2025-10-20,UNH,357.212677001953
2025-10-21,UNH,358.084869384766
2025-10-22,UNH,354.282257080078
2025-10-23,UNH,353.263031005859
2025-10-24,UNH,355.272125244141
2025-10-27,UNH,358.682769775391
2025-10-28,UNH,360.505645751953
2025-10-29,UNH,348.176513671875
2025-10-30,UNH,337.876068115234
2025-10-31,UNH,334.749664306641
2025-11-03,UNH,327.134582519531
2025-11-04,UNH,324.233581542969
2025-11-05,UNH,321.205200195313
2025-11-06,UNH,315.1484375
2025-11-07,UNH,317.745574951172
2025-11-10,UNH,315.167999267578
2025-11-11,UNH,320.921020507813
2025-11-12,UNH,332.299499511719
2025-11-13,UNH,325.889892578125
2025-11-14,UNH,315.442443847656
2025-11-17,UNH,314.129150390625
2025-11-18,UNH,307.327545166016
2025-11-19,UNH,302.927062988281
2025-11-20,UNH,305.328216552734
2025-11-21,UNH,313.590148925781
2025-11-24,UNH,312.6884765625
2025-11-25,UNH,319.774322509766
2025-11-26,UNH,323.135894775391
2025-11-28,UNH,323.194702148438
2025-12-01,UNH,316.765533447266
2025-12-02,UNH,318.069030761719
2025-12-03,UNH,332.936553955078
2025-12-04,UNH,326.840545654297
2025-12-05,UNH,324.311981201172
2025-12-08,UNH,319.2998046875
2025-12-09,UNH,319.280090332031
2025-12-10,UNH,323.986419677734
2025-12-11,UNH,332.234802246094
2025-12-12,UNH,337.276611328125
2025-12-15,UNH,336.546478271484
2025-12-16,UNH,329.738616943359
2025-12-17,UNH,327.202911376953
2025-12-18,UNH,323.759521484375
2025-12-19,UNH,323.049102783203
2025-12-22,UNH,320.819274902344
2025-12-23,UNH,320.464050292969
2025-12-24,UNH,323.206939697266
2025-12-26,UNH,327.400207519531
2025-12-29,UNH,324.548797607422
2025-12-30,UNH,327.725830078125
2025-12-31,UNH,325.703186035156
2026-01-02,UNH,331.909210205078
2026-01-05,UNH,337.454193115234
2026-01-06,UNH,344.311401367188
2026-01-07,UNH,337.138488769531
2026-01-08,UNH,342.2197265625
2026-01-09,UNH,339.388061523438
2026-01-12,UNH,335.96435546875
2026-01-13,UNH,329.47216796875
2026-01-14,UNH,330.488433837891
2026-01-15,UNH,334.43505859375
2026-01-16,UNH,326.601043701172
2026-01-20,UNH,333.912109375
2026-01-21,UNH,343.107696533203
2026-01-22,UNH,349.738006591797
2026-01-23,UNH,351.504089355469
2026-01-26,UNH,346.945770263672
2026-01-27,UNH,278.926086425781
2026-01-28,UNH,290.094970703125
2026-01-29,UNH,288.388061523438
2026-01-30,UNH,283.099609375
2026-02-02,UNH,281.777526855469
2026-02-03,UNH,280.386322021484
2026-02-04,UNH,272.236602783203
2026-02-05,UNH,264.964965820313
2026-02-06,UNH,272.956848144531
2026-02-09,UNH,272.019561767578
2026-02-10,UNH,269.572662353516
2026-02-11,UNH,275.186676025391
2026-02-12,UNH,280.573791503906
2026-02-13,UNH,289.276031494141
2026-02-17,UNH,285.230773925781
2026-02-18,UNH,284.352691650391
2026-02-19,UNH,286.0595703125
2026-02-20,UNH,286.128631591797
2026-02-23,UNH,278.570892333984
2026-02-24,UNH,270.292907714844
2026-02-25,UNH,280.406066894531
2026-02-26,UNH,282.833221435547
2026-02-27,UNH,289.354949951172
2026-03-02,UNH,290.992828369141
2026-03-03,UNH,285.349182128906
2026-03-04,UNH,288.062438964844
2026-03-05,UNH,284.9150390625
2026-03-06,UNH,282.655639648438
2026-03-09,UNH,283.550537109375
2026-03-10,UNH,280.736572265625
2026-03-11,UNH,283.630065917969
2026-03-12,UNH,275.476623535156
2026-03-13,UNH,280.488006591797
2026-03-16,UNH,283.868682861328
2026-03-17,UNH,285.936889648438
2026-03-18,UNH,282.715270996094
2026-03-19,UNH,278.847381591797
2026-03-20,UNH,274.024932861328
2026-03-23,UNH,268.00927734375
2026-03-24,UNH,270.733703613281
2026-03-25,UNH,269.013519287109
2026-03-26,UNH,266.527740478516
2026-03-27,UNH,257.549011230469
2026-03-30,UNH,260.303314208984
2026-03-31,UNH,269.053314208984
2026-04-01,UNH,272.424072265625
2026-04-02,UNH,275.685455322266
2026-04-06,UNH,279.762145996094
2026-04-07,UNH,305.982421875
2026-04-08,UNH,304.242340087891
2026-04-09,UNH,305.167053222656
2026-04-10,UNH,302.601684570313
2026-04-13,UNH,311.222473144531
2026-04-14,UNH,312.405700683594
2026-04-15,UNH,312.266479492188
2026-04-16,UNH,314.603149414063
2026-04-17,UNH,322.786437988281
2026-04-20,UNH,321.642974853516
2026-04-21,UNH,344.045013427734
2026-04-22,UNH,351.512359619141
2026-04-23,UNH,352.546447753906
2026-04-24,UNH,352.904418945313
2026-04-27,UNH,352.675720214844
2026-04-28,UNH,364.687103271484
2026-04-29,UNH,368.634552001953
2026-04-30,UNH,368.376037597656
2026-05-01,UNH,366.685699462891
2026-05-04,UNH,368.644500732422
2026-05-05,UNH,361.803558349609
2026-05-06,UNH,365.194213867188
2026-05-07,UNH,367.640228271484
2026-05-08,UNH,377.822113037109
2026-05-11,UNH,382.256774902344
2026-05-12,UNH,394.138916015625
2026-05-13,UNH,398.881805419922
2026-05-14,UNH,396.823547363281
2026-05-15,UNH,391.613342285156
2026-05-18,UNH,388.908782958984
2026-05-19,UNH,387.029479980469
2026-05-20,UNH,381.123229980469
2026-05-21,UNH,380.307891845703
2026-05-22,UNH,386.263885498047
2026-05-26,UNH,374.719787597656
2026-05-27,UNH,381.829223632813
2026-05-28,UNH,380.357604980469
2026-05-29,UNH,378.150207519531
2026-06-01,UNH,377.702758789063
2026-06-02,UNH,375.773803710938
2026-06-03,UNH,374.859008789063
2026-06-04,UNH,394.218444824219
2026-06-05,UNH,397.201416015625
2026-06-08,UNH,404.261077880859
2026-06-09,UNH,410.654571533203
2026-06-10,UNH,405.146026611328
2026-06-11,UNH,403.246856689453
2026-06-12,UNH,406.200012207031
2026-06-15,UNH,411.040008544922
2026-06-16,UNH,407.649993896484
2026-06-17,UNH,399.529998779297
2026-06-18,UNH,400.959991455078
2026-06-22,UNH,406.679992675781
2026-06-23,UNH,409.25
2026-06-24,UNH,405.799987792969
2026-06-25,UNH,415.529998779297
2026-06-26,UNH,427.890014648438
2026-06-29,UNH,419.820007324219
2026-06-30,UNH,415.630004882813
2026-07-01,UNH,426.540008544922
2026-07-02,UNH,425.359985351563
2026-07-06,UNH,417.989990234375
2026-07-07,UNH,428.190002441406
2026-07-08,UNH,425.600006103516
2026-07-09,UNH,431.679992675781
2026-07-10,UNH,424.619995117188
2026-07-13,UNH,429.089996337891
2026-07-14,UNH,425.190002441406
2026-07-15,UNH,418.519989013672
2026-07-16,UNH,423.380004882813
2026-07-17,UNH,426.089996337891
2026-07-20,UNH,421.549987792969
2026-07-21,UNH,436.350006103516
2026-07-22,UNH,431.309997558594
2026-07-23,UNH,423.559997558594
2026-07-24,UNH,420.739990234375
2026-07-27,UNH,417.640014648438
2026-07-28,UNH,428.790008544922
2016-07-29,TRV,93.6868209838867
2016-08-01,TRV,94.1624374389648
2016-08-02,TRV,94.3397750854492
2016-08-03,TRV,95.1055755615234
2016-08-04,TRV,95.0249710083008
2016-08-05,TRV,95.5892639160156
2016-08-08,TRV,95.2426376342773
2016-08-09,TRV,95.2668151855469
2016-08-10,TRV,95.30712890625
2016-08-11,TRV,95.6054000854492
2016-08-12,TRV,95.532829284668
2016-08-15,TRV,95.4038772583008
2016-08-16,TRV,94.2994842529297
2016-08-17,TRV,94.6541595458984
2016-08-18,TRV,94.9766159057617
2016-08-19,TRV,94.694465637207
2016-08-22,TRV,94.2752914428711
2016-08-23,TRV,94.017333984375
2016-08-24,TRV,94.4042739868164
2016-08-25,TRV,94.9202041625977
2016-08-26,TRV,94.4284591674805
2016-08-29,TRV,95.5086822509766
2016-08-30,TRV,95.5005950927734
2016-08-31,TRV,95.6940612792969
2016-09-01,TRV,95.4038772583008
2016-09-02,TRV,95.7988662719727
2016-09-06,TRV,96.1615905761719
2016-09-07,TRV,96.2102432250977
2016-09-08,TRV,94.7672500610352
2016-09-09,TRV,92.7730178833008
2016-09-12,TRV,93.6485443115234
2016-09-13,TRV,92.6270904541016
2016-09-14,TRV,92.1812057495117
2016-09-15,TRV,93.1783447265625
2016-09-16,TRV,92.9594650268555
2016-09-19,TRV,93.2999420166016
2016-09-20,TRV,93.0567626953125
2016-09-21,TRV,93.9809112548828
2016-09-22,TRV,94.6294403076172
2016-09-23,TRV,93.4783172607422
2016-09-26,TRV,92.3676605224609
2016-09-27,TRV,92.7487030029297
2016-09-28,TRV,93.2350997924805
2016-09-29,TRV,92.3109436035156
2016-09-30,TRV,92.862174987793
2016-10-03,TRV,91.6056747436523
2016-10-04,TRV,91.0543823242188
2016-10-05,TRV,91.6867141723633
2016-10-06,TRV,91.7515716552734
2016-10-07,TRV,92.8459701538086
2016-10-10,TRV,93.3404846191406
2016-10-11,TRV,92.4163284301758
2016-10-12,TRV,93.5107269287109
2016-10-13,TRV,93.2756118774414
2016-10-14,TRV,93.2918395996094
2016-10-17,TRV,93.2107620239258
2016-10-18,TRV,93.3729019165039
2016-10-19,TRV,94.2241058349609
2016-10-20,TRV,88.7845077514648
2016-10-21,TRV,87.8360290527344
2016-10-24,TRV,88.4197311401367
2016-10-25,TRV,88.3872756958008
2016-10-26,TRV,88.2170257568359
2016-10-27,TRV,87.5685424804688
2016-10-28,TRV,87.9009094238281
2016-10-31,TRV,87.6982040405273
2016-11-01,TRV,86.1255187988281
2016-11-02,TRV,85.622917175293
2016-11-03,TRV,85.703971862793
2016-11-04,TRV,84.8527755737305
2016-11-07,TRV,85.4121398925781
2016-11-08,TRV,87.5604019165039
2016-11-09,TRV,86.693000793457
2016-11-10,TRV,88.8655853271484
2016-11-11,TRV,89.400634765625
2016-11-14,TRV,90.9409027099609
2016-11-15,TRV,90.6733627319336
2016-11-16,TRV,90.2680435180664
2016-11-17,TRV,90.1302261352539
2016-11-18,TRV,90.6490325927734
2016-11-21,TRV,90.665283203125
2016-11-22,TRV,91.119255065918
2016-11-23,TRV,91.6623916625977
2016-11-25,TRV,91.970458984375
2016-11-28,TRV,92.2622833251953
2016-11-29,TRV,92.1731109619141
2016-11-30,TRV,91.8893966674805
2016-12-01,TRV,93.5593643188477
2016-12-02,TRV,93.75390625
2016-12-05,TRV,93.9322891235352
2016-12-06,TRV,94.7105102539063
2016-12-07,TRV,96.2025756835938
2016-12-08,TRV,96.5205535888672
2016-12-09,TRV,97.1809997558594
2016-12-12,TRV,98.5834045410156
2016-12-13,TRV,99.0073699951172
2016-12-14,TRV,98.1431045532227
2016-12-15,TRV,98.1675720214844
2016-12-16,TRV,99.1459732055664
2016-12-19,TRV,99.2682876586914
2016-12-20,TRV,99.8308792114258
2016-12-21,TRV,99.9368667602539
2016-12-22,TRV,99.5699691772461
2016-12-23,TRV,99.5699691772461
2016-12-27,TRV,99.4558258056641
2016-12-28,TRV,99.5373687744141
2016-12-29,TRV,99.7085647583008
2016-12-30,TRV,99.814582824707
2017-01-03,TRV,98.5752487182617
2017-01-04,TRV,98.045280456543
2017-01-05,TRV,96.479850769043
2017-01-06,TRV,96.4308776855469
2017-01-09,TRV,95.6563034057617
2017-01-10,TRV,95.5421752929688
2017-01-11,TRV,95.9253768920898
2017-01-12,TRV,95.1915512084961
2017-01-13,TRV,95.436149597168
2017-01-17,TRV,95.7704620361328
2017-01-18,TRV,96.6510391235352
2017-01-19,TRV,96.2025756835938
2017-01-20,TRV,96.2270584106445
2017-01-23,TRV,96.2433471679688
2017-01-24,TRV,95.2649459838867
2017-01-25,TRV,95.9416732788086
2017-01-26,TRV,96.3167343139648
2017-01-27,TRV,96.2922897338867
2017-01-30,TRV,95.8112030029297
2017-01-31,TRV,96.031379699707
2017-02-01,TRV,95.0203628540039
2017-02-02,TRV,95.909065246582
2017-02-03,TRV,96.031379699707
2017-02-06,TRV,95.9416732788086
2017-02-07,TRV,96.0150527954102
2017-02-08,TRV,96.0558166503906
2017-02-09,TRV,96.8467254638672
2017-02-10,TRV,97.6212615966797
2017-02-13,TRV,97.6049652099609
2017-02-14,TRV,98.0371246337891
2017-02-15,TRV,98.6404724121094
2017-02-16,TRV,99.3009262084961
2017-02-17,TRV,99.4313583374023
2017-02-21,TRV,99.1052322387695
2017-02-22,TRV,99.3906097412109
2017-02-23,TRV,99.7656478881836
2017-02-24,TRV,99.692268371582
2017-02-27,TRV,99.504753112793
2017-02-28,TRV,99.6678009033203
2017-03-01,TRV,101.910003662109
2017-03-02,TRV,101.526779174805
2017-03-03,TRV,101.20881652832
2017-03-06,TRV,99.7330551147461
2017-03-07,TRV,99.5862808227539
2017-03-08,TRV,99.397705078125
2017-03-09,TRV,99.9388198852539
2017-03-10,TRV,100.70125579834
2017-03-13,TRV,100.143768310547
2017-03-14,TRV,100.529090881348
2017-03-15,TRV,100.83243560791
2017-03-16,TRV,100.627464294434
2017-03-17,TRV,100.955421447754
2017-03-20,TRV,100.315925598145
2017-03-21,TRV,99.7666549682617
2017-03-22,TRV,100.045372009277
2017-03-23,TRV,99.4387283325195
2017-03-24,TRV,99.0123977661133
2017-03-27,TRV,99.2091598510742
2017-03-28,TRV,99.8568115234375
2017-03-29,TRV,98.8156356811523
2017-03-30,TRV,99.2255477905273
2017-03-31,TRV,98.823844909668
2017-04-03,TRV,98.6926422119141
2017-04-04,TRV,98.8812408447266
2017-04-05,TRV,99.1271896362305
2017-04-06,TRV,98.823844909668
2017-04-07,TRV,98.5040893554688
2017-04-10,TRV,99.2911605834961
2017-04-11,TRV,99.3567352294922
2017-04-12,TRV,99.5780639648438
2017-04-13,TRV,98.8156356811523
2017-04-17,TRV,99.955207824707
2017-04-18,TRV,98.9959869384766
2017-04-19,TRV,98.7090301513672
2017-04-20,TRV,97.462890625
2017-04-21,TRV,97.6432418823242
2017-04-24,TRV,98.8484191894531
2017-04-25,TRV,99.4633178710938
2017-04-26,TRV,100.028991699219
2017-04-27,TRV,100.151977539063
2017-04-28,TRV,99.7420654296875
2017-05-01,TRV,99.3485412597656
2017-05-02,TRV,98.6762542724609
2017-05-03,TRV,99.0451736450195
2017-05-04,TRV,99.0451736450195
2017-05-05,TRV,99.4469223022461
2017-05-08,TRV,99.2091598510742
2017-05-09,TRV,98.3401107788086
2017-05-10,TRV,98.9468078613281
2017-05-11,TRV,98.823844909668
2017-05-12,TRV,98.8648223876953
2017-05-15,TRV,98.586067199707
2017-05-16,TRV,98.3237228393555
2017-05-17,TRV,98.586067199707
2017-05-18,TRV,99.1025619506836
2017-05-19,TRV,99.0287704467773
2017-05-22,TRV,99.7338333129883
2017-05-23,TRV,99.7420654296875
2017-05-24,TRV,100.06177520752
2017-05-25,TRV,101.430946350098
2017-05-26,TRV,101.381721496582
2017-05-30,TRV,101.439140319824
2017-05-31,TRV,102.357330322266
2017-06-01,TRV,102.80827331543
2017-06-02,TRV,102.603302001953
2017-06-05,TRV,102.791854858398
2017-06-06,TRV,101.685073852539
2017-06-07,TRV,101.841751098633
2017-06-08,TRV,102.072662353516
2017-06-09,TRV,103.268356323242
2017-06-12,TRV,103.631202697754
2017-06-13,TRV,103.985794067383
2017-06-14,TRV,105.519599914551
2017-06-15,TRV,106.39372253418
2017-06-16,TRV,106.740043640137
2017-06-19,TRV,105.775238037109
2017-06-20,TRV,106.17106628418
2017-06-21,TRV,106.030868530273
2017-06-22,TRV,105.808235168457
2017-06-23,TRV,105.27220916748
2017-06-26,TRV,105.511367797852
2017-06-27,TRV,105.041320800781
2017-06-28,TRV,105.371162414551
2017-06-29,TRV,104.224937438965
2017-06-30,TRV,104.340385437012
2017-07-03,TRV,105.008338928223
2017-07-05,TRV,104.208435058594
2017-07-06,TRV,104.051788330078
2017-07-07,TRV,104.8681640625
2017-07-10,TRV,103.713668823242
2017-07-11,TRV,103.119934082031
2017-07-12,TRV,103.284858703613
2017-07-13,TRV,103.433296203613
2017-07-14,TRV,103.672431945801
2017-07-17,TRV,104.093017578125
2017-07-18,TRV,103.515762329102
2017-07-19,TRV,104.282669067383
2017-07-20,TRV,102.724113464355
2017-07-21,TRV,103.202377319336
2017-07-24,TRV,104.216697692871
2017-07-25,TRV,105.107307434082
2017-07-26,TRV,103.903327941895
2017-07-27,TRV,103.804382324219
2017-07-28,TRV,104.90113067627
2017-07-31,TRV,105.626800537109
2017-08-01,TRV,106.550407409668
2017-08-02,TRV,106.154563903809
2017-08-03,TRV,106.839027404785
2017-08-04,TRV,106.94620513916
2017-08-07,TRV,106.212295532227
2017-08-08,TRV,106.006118774414
2017-08-09,TRV,107.325546264648
2017-08-10,TRV,106.94620513916
2017-08-11,TRV,105.701034545898
2017-08-14,TRV,106.204048156738
2017-08-15,TRV,106.418464660645
2017-08-16,TRV,106.764808654785
2017-08-17,TRV,105.709289550781
2017-08-18,TRV,105.461875915527
2017-08-21,TRV,105.099029541016
2017-08-22,TRV,105.362907409668
2017-08-23,TRV,104.859901428223
2017-08-24,TRV,103.54874420166
2017-08-25,TRV,104.290893554688
2017-08-28,TRV,101.619102478027
2017-08-29,TRV,101.437705993652
2017-08-30,TRV,100.448120117188
2017-08-31,TRV,99.9286117553711
2017-09-01,TRV,98.8730850219727
2017-09-05,TRV,95.1869888305664
2017-09-06,TRV,97.0836410522461
2017-09-07,TRV,95.5652923583984
2017-09-08,TRV,99.3653182983398
2017-09-11,TRV,101.688507080078
2017-09-12,TRV,101.622138977051
2017-09-13,TRV,100.81729888916
2017-09-14,TRV,99.5312805175781
2017-09-15,TRV,100.145248413086
2017-09-18,TRV,100.161849975586
2017-09-19,TRV,100.045684814453
2017-09-20,TRV,101.149192810059
2017-09-21,TRV,100.800720214844
2017-09-22,TRV,101.257057189941
2017-09-25,TRV,101.779762268066
2017-09-26,TRV,101.696792602539
2017-09-27,TRV,101.713371276855
2017-09-28,TRV,101.887641906738
2017-09-29,TRV,101.655319213867
2017-10-02,TRV,102.319061279297
2017-10-03,TRV,102.634353637695
2017-10-04,TRV,102.800308227539
2017-10-05,TRV,103.248352050781
2017-10-06,TRV,103.771057128906
2017-10-09,TRV,103.671478271484
2017-10-10,TRV,104.492889404297
2017-10-11,TRV,104.219093322754
2017-10-12,TRV,104.501197814941
2017-10-13,TRV,105.098579406738
2017-10-16,TRV,106.882453918457
2017-10-17,TRV,106.741394042969
2017-10-18,TRV,107.878089904785
2017-10-19,TRV,110.491661071777
2017-10-20,TRV,110.616119384766
2017-10-23,TRV,111.553688049316
2017-10-24,TRV,110.508247375488
2017-10-25,TRV,109.338371276855
2017-10-26,TRV,109.471130371094
2017-10-27,TRV,108.74097442627
2017-10-30,TRV,110.035308837891
2017-10-31,TRV,109.894287109375
2017-11-01,TRV,110.740577697754
2017-11-02,TRV,111.752807617188
2017-11-03,TRV,110.616119384766
2017-11-06,TRV,110.715682983398
2017-11-07,TRV,110.94799041748
2017-11-08,TRV,110.782043457031
2017-11-09,TRV,111.620056152344
2017-11-10,TRV,112.458030700684
2017-11-13,TRV,110.616119384766
2017-11-14,TRV,111.064125061035
2017-11-15,TRV,110.939712524414
2017-11-16,TRV,108.533576965332
2017-11-17,TRV,107.79508972168
2017-11-20,TRV,107.670654296875
2017-11-21,TRV,108.384208679199
2017-11-22,TRV,107.869781494141
2017-11-24,TRV,107.720458984375
2017-11-27,TRV,108.259727478027
2017-11-28,TRV,110.358894348145
2017-11-29,TRV,111.620056152344
2017-11-30,TRV,112.482948303223
2017-12-01,TRV,113.013938903809
2017-12-04,TRV,113.13842010498
2017-12-05,TRV,112.275505065918
2017-12-06,TRV,112.308723449707
2017-12-07,TRV,111.354537963867
2017-12-08,TRV,111.571403503418
2017-12-11,TRV,111.07926940918
2017-12-12,TRV,112.07194519043
2017-12-13,TRV,111.412940979004
2017-12-14,TRV,110.595436096191
2017-12-15,TRV,112.522384643555
2017-12-18,TRV,112.789344787598
2017-12-19,TRV,113.064598083496
2017-12-20,TRV,112.831031799316
2017-12-21,TRV,112.14705657959
2017-12-22,TRV,112.105331420898
2017-12-26,TRV,112.430648803711
2017-12-27,TRV,112.422317504883
2017-12-28,TRV,113.164695739746
2017-12-29,TRV,113.148063659668
2018-01-02,TRV,110.094932556152
2018-01-03,TRV,110.445320129395
2018-01-04,TRV,110.445320129395
2018-01-05,TRV,110.245101928711
2018-01-08,TRV,109.652824401855
2018-01-09,TRV,110.503700256348
2018-01-10,TRV,110.20337677002
2018-01-11,TRV,110.395240783691
2018-01-12,TRV,112.388938903809
2018-01-16,TRV,113.047920227051
2018-01-17,TRV,114.165702819824
2018-01-18,TRV,114.566123962402
2018-01-19,TRV,114.991584777832
2018-01-22,TRV,116.242828369141
2018-01-23,TRV,122.007011413574
2018-01-24,TRV,123.141502380371
2018-01-25,TRV,123.850540161133
2018-01-26,TRV,124.643013000488
2018-01-29,TRV,124.259346008301
2018-01-30,TRV,124.059097290039
2018-01-31,TRV,125.060111999512
2018-02-01,TRV,125.126861572266
2018-02-02,TRV,123.416793823242
2018-02-05,TRV,118.053031921387
2018-02-06,TRV,117.494110107422
2018-02-07,TRV,118.570175170898
2018-02-08,TRV,112.622489929199
2018-02-09,TRV,114.349250793457
2018-02-12,TRV,115.233505249023
2018-02-13,TRV,115.600540161133
2018-02-14,TRV,117.285530090332
2018-02-15,TRV,117.519172668457
2018-02-16,TRV,117.752716064453
2018-02-20,TRV,116.00927734375
2018-02-21,TRV,115.567176818848
2018-02-22,TRV,114.816368103027
2018-02-23,TRV,116.568214416504
2018-02-26,TRV,118.937217712402
2018-02-27,TRV,118.069702148438
2018-02-28,TRV,115.950874328613
2018-03-01,TRV,115.925857543945
2018-03-02,TRV,115.016616821289
2018-03-05,TRV,116.434684753418
2018-03-06,TRV,117.94458770752
2018-03-07,TRV,115.850814819336
2018-03-08,TRV,117.116943359375
2018-03-09,TRV,119.322296142578
2018-03-12,TRV,118.643074035645
2018-03-13,TRV,117.972236633301
2018-03-14,TRV,116.991149902344
2018-03-15,TRV,117.78776550293
2018-03-16,TRV,118.500549316406
2018-03-19,TRV,117.410438537598
2018-03-20,TRV,118.634696960449
2018-03-21,TRV,118.316070556641
2018-03-22,TRV,115.842376708984
2018-03-23,TRV,113.1171875
2018-03-26,TRV,115.901077270508
2018-03-27,TRV,114.66845703125
2018-03-28,TRV,116.379043579102
2018-03-29,TRV,116.437759399414
2018-04-02,TRV,113.066902160645
2018-04-03,TRV,114.869705200195
2018-04-04,TRV,116.244911193848
2018-04-05,TRV,116.798301696777
2018-04-06,TRV,115.087699890137
2018-04-09,TRV,115.070930480957
2018-04-10,TRV,115.599227905273
2018-04-11,TRV,114.53426361084
2018-04-12,TRV,115.12126159668
2018-04-13,TRV,114.282737731934
2018-04-16,TRV,115.339294433594
2018-04-17,TRV,115.163177490234
2018-04-18,TRV,114.43367767334
2018-04-19,TRV,114.53426361084
2018-04-20,TRV,114.74390411377
2018-04-23,TRV,115.070930480957
2018-04-24,TRV,111.423400878906
2018-04-25,TRV,110.86994934082
2018-04-26,TRV,111.482048034668
2018-04-27,TRV,111.683296203613
2018-04-30,TRV,110.350059509277
2018-05-01,TRV,109.922378540039
2018-05-02,TRV,107.599662780762
2018-05-03,TRV,106.752754211426
2018-05-04,TRV,108.765213012695
2018-05-07,TRV,108.161483764648
2018-05-08,TRV,107.884773254395
2018-05-09,TRV,108.798782348633
2018-05-10,TRV,109.746292114258
2018-05-11,TRV,110.056549072266
2018-05-14,TRV,109.008399963379
2018-05-15,TRV,108.891006469727
2018-05-16,TRV,109.134185791016
2018-05-17,TRV,109.612129211426
2018-05-18,TRV,108.882637023926
2018-05-21,TRV,109.964286804199
2018-05-22,TRV,110.199104309082
2018-05-23,TRV,109.763046264648
2018-05-24,TRV,109.553428649902
2018-05-25,TRV,109.872062683105
2018-05-29,TRV,107.507431030273
2018-05-30,TRV,109.150955200195
2018-05-31,TRV,107.767395019531
2018-06-01,TRV,108.413055419922
2018-06-04,TRV,108.773597717285
2018-06-05,TRV,108.31241607666
2018-06-06,TRV,107.977020263672
2018-06-07,TRV,109.470153808594
2018-06-08,TRV,110.777679443359
2018-06-11,TRV,110.0859375
2018-06-12,TRV,109.309867858887
2018-06-13,TRV,109.427947998047
2018-06-14,TRV,108.702491760254
2018-06-15,TRV,109.132713317871
2018-06-18,TRV,107.631149291992
2018-06-19,TRV,108.111999511719
2018-06-20,TRV,105.437873840332
2018-06-21,TRV,104.138763427734
2018-06-22,TRV,104.948600769043
2018-06-25,TRV,104.36653137207
2018-06-26,TRV,103.438606262207
2018-06-27,TRV,102.358825683594
2018-06-28,TRV,103.295188903809
2018-06-29,TRV,103.202392578125
2018-07-02,TRV,103.244583129883
2018-07-03,TRV,103.565147399902
2018-07-05,TRV,103.421737670898
2018-07-06,TRV,103.911018371582
2018-07-09,TRV,105.783737182617
2018-07-10,TRV,106.180213928223
2018-07-11,TRV,105.488487243652
2018-07-12,TRV,106.306739807129
2018-07-13,TRV,106.821304321289
2018-07-16,TRV,108.137306213379
2018-07-17,TRV,108.643440246582
2018-07-18,TRV,109.664154052734
2018-07-19,TRV,105.598129272461
2018-07-20,TRV,105.615020751953
2018-07-23,TRV,104.805198669434
2018-07-24,TRV,105.235420227051
2018-07-25,TRV,106.526062011719
2018-07-26,TRV,109.233955383301
2018-07-27,TRV,110.279975891113
2018-07-30,TRV,110.592079162598
2018-07-31,TRV,109.782241821289
2018-08-01,TRV,108.786865234375
2018-08-02,TRV,108.255378723145
2018-08-03,TRV,109.411087036133
2018-08-06,TRV,109.664154052734
2018-08-07,TRV,109.613548278809
2018-08-08,TRV,108.997756958008
2018-08-09,TRV,109.292961120605
2018-08-10,TRV,108.710914611816
2018-08-13,TRV,108.019187927246
2018-08-14,TRV,107.588981628418
2018-08-15,TRV,108.626564025879
2018-08-16,TRV,109.950965881348
2018-08-17,TRV,110.01847076416
2018-08-20,TRV,110.861999511719
2018-08-21,TRV,111.106666564941
2018-08-22,TRV,109.166450500488
2018-08-23,TRV,109.259246826172
2018-08-24,TRV,110.094375610352
2018-08-27,TRV,111.258491516113
2018-08-28,TRV,111.587501525879
2018-08-29,TRV,111.90803527832
2018-08-30,TRV,111.056030273438
2018-08-31,TRV,111.013870239258
2018-09-04,TRV,111.460952758789
2018-09-05,TRV,111.848999023438
2018-09-06,TRV,111.832130432129
2018-09-07,TRV,110.381202697754
2018-09-10,TRV,108.268432617188
2018-09-11,TRV,108.480567932129
2018-09-12,TRV,107.666000366211
2018-09-13,TRV,109.312088012695
2018-09-14,TRV,110.31330871582
2018-09-17,TRV,110.211494445801
2018-09-18,TRV,111.467262268066
2018-09-19,TRV,112.42610168457
2018-09-20,TRV,113.826110839844
2018-09-21,TRV,114.07218170166
2018-09-24,TRV,112.706100463867
2018-09-25,TRV,111.399391174316
2018-09-26,TRV,109.880569458008
2018-09-27,TRV,109.558166503906
2018-09-28,TRV,110.058776855469
2018-10-01,TRV,109.430862426758
2018-10-02,TRV,109.889045715332
2018-10-03,TRV,109.914505004883
2018-10-04,TRV,110.975120544434
2018-10-05,TRV,110.415153503418
2018-10-08,TRV,111.713333129883
2018-10-09,TRV,111.653923034668
2018-10-10,TRV,108.752059936523
2018-10-11,TRV,105.476860046387
2018-10-12,TRV,104.916862487793
2018-10-15,TRV,104.696243286133
2018-10-16,TRV,105.850219726563
2018-10-17,TRV,107.284172058105
2018-10-18,TRV,106.181121826172
2018-10-19,TRV,106.970222473145
2018-10-22,TRV,105.273231506348
2018-10-23,TRV,105.044136047363
2018-10-24,TRV,103.143508911133
2018-10-25,TRV,102.871971130371
2018-10-26,TRV,102.914421081543
2018-10-29,TRV,103.788352966309
2018-10-30,TRV,106.800537109375
2018-10-31,TRV,106.172637939453
2018-11-01,TRV,106.232048034668
2018-11-02,TRV,105.977485656738
2018-11-05,TRV,107.360534667969
2018-11-06,TRV,109.11695098877
2018-11-07,TRV,110.54239654541
2018-11-08,TRV,111.14485168457
2018-11-09,TRV,111.178787231445
2018-11-12,TRV,107.793273925781
2018-11-13,TRV,107.598121643066
2018-11-14,TRV,104.399284362793
2018-11-15,TRV,106.562957763672
2018-11-16,TRV,109.261169433594
2018-11-19,TRV,110.746063232422
2018-11-20,TRV,108.92179107666
2018-11-21,TRV,108.404197692871
2018-11-23,TRV,107.419921875
2018-11-26,TRV,110.593315124512
2018-11-27,TRV,109.973899841309
2018-11-28,TRV,110.898803710938
2018-11-29,TRV,110.839393615723
2018-11-30,TRV,110.618766784668
2018-12-03,TRV,110.398162841797
2018-12-04,TRV,107.496299743652
2018-12-06,TRV,106.410224914551
2018-12-07,TRV,105.488159179688
2018-12-10,TRV,105.010078430176
2018-12-11,TRV,103.276985168457
2018-12-12,TRV,104.164894104004
2018-12-13,TRV,103.729476928711
2018-12-14,TRV,102.918441772461
2018-12-17,TRV,102.389106750488
2018-12-18,TRV,101.85124206543
2018-12-19,TRV,101.731735229492
2018-12-20,TRV,100.160842895508
2018-12-21,TRV,99.0851364135742
2018-12-24,TRV,96.1567993164063
2018-12-26,TRV,100.032768249512
2018-12-27,TRV,101.313385009766
2018-12-28,TRV,100.946281433105
2018-12-31,TRV,102.235427856445
2019-01-02,TRV,100.20352935791
2019-01-03,TRV,98.4021377563477
2019-01-04,TRV,101.321937561035
2019-01-07,TRV,100.997520446777
2019-01-08,TRV,100.604774475098
2019-01-09,TRV,101.321937561035
2019-01-10,TRV,102.679374694824
2019-01-11,TRV,102.850128173828
2019-01-14,TRV,102.944038391113
2019-01-15,TRV,104.002670288086
2019-01-16,TRV,104.412460327148
2019-01-17,TRV,104.958854675293
2019-01-18,TRV,105.872383117676
2019-01-22,TRV,104.463706970215
2019-01-23,TRV,105.027168273926
2019-01-24,TRV,106.18822479248
2019-01-25,TRV,106.700508117676
2019-01-28,TRV,106.743186950684
2019-01-29,TRV,106.563903808594
2019-01-30,TRV,107.468841552734
2019-01-31,TRV,107.178588867188
2019-02-01,TRV,107.989624023438
2019-02-04,TRV,107.605453491211
2019-02-05,TRV,107.724990844727
2019-02-06,TRV,107.187126159668
2019-02-07,TRV,108.220169067383
2019-02-08,TRV,107.392021179199
2019-02-11,TRV,107.076133728027
2019-02-12,TRV,108.647033691406
2019-02-13,TRV,109.312942504883
2019-02-14,TRV,108.365272521973
2019-02-15,TRV,109.910575866699
2019-02-19,TRV,110.21794128418
2019-02-20,TRV,110.764320373535
2019-02-21,TRV,110.832626342773
2019-02-22,TRV,111.85710144043
2019-02-25,TRV,113.112083435059
2019-02-26,TRV,113.778030395508
2019-02-27,TRV,113.223068237305
2019-02-28,TRV,113.470642089844
2019-03-01,TRV,113.57307434082
2019-03-04,TRV,112.821815490723
2019-03-05,TRV,113.282836914063
2019-03-06,TRV,112.523010253906
2019-03-07,TRV,112.258377075195
2019-03-08,TRV,112.515998840332
2019-03-11,TRV,113.245933532715
2019-03-12,TRV,113.975875854492
2019-03-13,TRV,114.216339111328
2019-03-14,TRV,114.267837524414
2019-03-15,TRV,115.229690551758
2019-03-18,TRV,115.882347106934
2019-03-19,TRV,114.156219482422
2019-03-20,TRV,112.782203674316
2019-03-21,TRV,115.392868041992
2019-03-22,TRV,115.848030090332
2019-03-25,TRV,115.890937805176
2019-03-26,TRV,115.916694641113
2019-03-27,TRV,117.093246459961
2019-03-28,TRV,117.565528869629
2019-03-29,TRV,117.788833618164
2019-04-01,TRV,118.527381896973
2019-04-02,TRV,117.488250732422
2019-04-03,TRV,117.307960510254
2019-04-04,TRV,117.239227294922
2019-04-05,TRV,117.136169433594
2019-04-08,TRV,116.689605712891
2019-04-09,TRV,116.097061157227
2019-04-10,TRV,116.32893371582
2019-04-11,TRV,117.033103942871
2019-04-12,TRV,118.269729614258
2019-04-15,TRV,117.471076965332
2019-04-16,TRV,118.80216217041
2019-04-17,TRV,116.68098449707
2019-04-18,TRV,119.308853149414
2019-04-22,TRV,117.316497802734
2019-04-23,TRV,118.518798828125
2019-04-24,TRV,119.523506164551
2019-04-25,TRV,119.532150268555
2019-04-26,TRV,120.433868408203
2019-04-29,TRV,121.481536865234
2019-04-30,TRV,123.448112487793
2019-05-01,TRV,122.872756958008
2019-05-02,TRV,122.546409606934
2019-05-03,TRV,123.104621887207
2019-05-06,TRV,123.173278808594
2019-05-07,TRV,121.696220397949
2019-05-08,TRV,121.541656494141
2019-05-09,TRV,121.799308776855
2019-05-10,TRV,123.628463745117
2019-05-13,TRV,123.156143188477
2019-05-14,TRV,125.131324768066
2019-05-15,TRV,125.826934814453
2019-05-16,TRV,126.591201782227
2019-05-17,TRV,126.659912109375
2019-05-20,TRV,127.243896484375
2019-05-21,TRV,126.64274597168
2019-05-22,TRV,127.063529968262
2019-05-23,TRV,126.187576293945
2019-05-24,TRV,127.046340942383
2019-05-28,TRV,125.620788574219
2019-05-29,TRV,124.581665039063
2019-05-30,TRV,125.148490905762
2019-05-31,TRV,125.011039733887
2019-06-03,TRV,126.058746337891
2019-06-04,TRV,126.711448669434
2019-06-05,TRV,128.686645507813
2019-06-06,TRV,127.956619262695
2019-06-07,TRV,129.122406005859
2019-06-10,TRV,128.941070556641
2019-06-11,TRV,128.828842163086
2019-06-12,TRV,129.295120239258
2019-06-13,TRV,129.018783569336
2019-06-14,TRV,129.623229980469
2019-06-17,TRV,129.459182739258
2019-06-18,TRV,129.813262939453
2019-06-19,TRV,130.909881591797
2019-06-20,TRV,131.419357299805
2019-06-21,TRV,130.806274414063
2019-06-24,TRV,131.272567749023
2019-06-25,TRV,132.231109619141
2019-06-26,TRV,128.405700683594
2019-06-27,TRV,128.837478637695
2019-06-28,TRV,129.113784790039
2019-07-01,TRV,130.754455566406
2019-07-02,TRV,131.972045898438
2019-07-03,TRV,133.241439819336
2019-07-05,TRV,133.06005859375
2019-07-08,TRV,132.809631347656
2019-07-09,TRV,132.507385253906
2019-07-10,TRV,132.403778076172
2019-07-11,TRV,131.626617431641
2019-07-12,TRV,132.455612182617
2019-07-15,TRV,133.699066162109
2019-07-16,TRV,133.491851806641
2019-07-17,TRV,131.583419799805
2019-07-18,TRV,131.868408203125
2019-07-19,TRV,129.72688293457
2019-07-22,TRV,129.277847290039
2019-07-23,TRV,127.369445800781
2019-07-24,TRV,128.535202026367
2019-07-25,TRV,128.224319458008
2019-07-26,TRV,129.467834472656
2019-07-29,TRV,128.440231323242
2019-07-30,TRV,127.473106384277
2019-07-31,TRV,126.609588623047
2019-08-01,TRV,125.884231567383
2019-08-02,TRV,126.868606567383
2019-08-05,TRV,124.286666870117
2019-08-06,TRV,126.039672851563
2019-08-07,TRV,127.248550415039
2019-08-08,TRV,127.991195678711
2019-08-09,TRV,128.725173950195
2019-08-12,TRV,126.462738037109
2019-08-13,TRV,127.991195678711
2019-08-14,TRV,123.898063659668
2019-08-15,TRV,125.720100402832
2019-08-16,TRV,126.773620605469
2019-08-19,TRV,127.438575744629
2019-08-20,TRV,126.514602661133
2019-08-21,TRV,126.972198486328
2019-08-22,TRV,127.637115478516
2019-08-23,TRV,124.977478027344
2019-08-26,TRV,127.231285095215
2019-08-27,TRV,127.024078369141
2019-08-28,TRV,126.393669128418
2019-08-29,TRV,126.885871887207
2019-08-30,TRV,126.903198242188
2019-09-03,TRV,127.42992401123
2019-09-04,TRV,129.666442871094
2019-09-05,TRV,131.030792236328
2019-09-06,TRV,131.980667114258
2019-09-09,TRV,129.558441162109
2019-09-10,TRV,127.249061584473
2019-09-11,TRV,126.953910827637
2019-09-12,TRV,128.751068115234
2019-09-13,TRV,127.023376464844
2019-09-16,TRV,127.049392700195
2019-09-17,TRV,127.83943939209
2019-09-18,TRV,127.162269592285
2019-09-19,TRV,127.570358276367
2019-09-20,TRV,126.997337341309
2019-09-23,TRV,127.223022460938
2019-09-24,TRV,127.405372619629
2019-09-25,TRV,127.492179870605
2019-09-26,TRV,128.577407836914
2019-09-27,TRV,128.490600585938
2019-09-30,TRV,129.089645385742
2019-10-01,TRV,126.363525390625
2019-10-02,TRV,123.620094299316
2019-10-03,TRV,123.047080993652
2019-10-04,TRV,125.851318359375
2019-10-07,TRV,124.279899597168
2019-10-08,TRV,122.092079162598
2019-10-09,TRV,122.673797607422
2019-10-10,TRV,122.899520874023
2019-10-11,TRV,123.802436828613
2019-10-14,TRV,124.245216369629
2019-10-15,TRV,124.418830871582
2019-10-16,TRV,123.776397705078
2019-10-17,TRV,121.961837768555
2019-10-18,TRV,122.725845336914
2019-10-21,TRV,123.203338623047
2019-10-22,TRV,112.993583679199
2019-10-23,TRV,114.738624572754
2019-10-24,TRV,114.104835510254
2019-10-25,TRV,113.236671447754
2019-10-28,TRV,112.25562286377
2019-10-29,TRV,111.934379577637
2019-10-30,TRV,112.672332763672
2019-10-31,TRV,113.783599853516
2019-11-01,TRV,113.488433837891
2019-11-04,TRV,113.036964416504
2019-11-05,TRV,113.965950012207
2019-11-06,TRV,114.90355682373
2019-11-07,TRV,115.476539611816
2019-11-08,TRV,115.719657897949
2019-11-11,TRV,115.936721801758
2019-11-12,TRV,115.77172088623
2019-11-13,TRV,116.448959350586
2019-11-14,TRV,116.292671203613
2019-11-15,TRV,115.962768554688
2019-11-18,TRV,116.587829589844
2019-11-19,TRV,117.603622436523
2019-11-20,TRV,117.577560424805
2019-11-21,TRV,116.935127258301
2019-11-22,TRV,117.31713104248
2019-11-25,TRV,117.230285644531
2019-11-26,TRV,118.66276550293
2019-11-27,TRV,118.801681518555
2019-11-29,TRV,118.697547912598
2019-12-02,TRV,117.429969787598
2019-12-03,TRV,116.874320983887
2019-12-04,TRV,117.351852416992
2019-12-05,TRV,116.605209350586
2019-12-06,TRV,117.829345703125
2019-12-09,TRV,118.309753417969
2019-12-10,TRV,118.38835144043
2019-12-11,TRV,117.593482971191
2019-12-12,TRV,118.449493408203
2019-12-13,TRV,118.493156433105
2019-12-16,TRV,118.947341918945
2019-12-17,TRV,119.654861450195
2019-12-18,TRV,118.501907348633
2019-12-19,TRV,119.200660705566
2019-12-20,TRV,119.165710449219
2019-12-23,TRV,118.991058349609
2019-12-24,TRV,118.641662597656
2019-12-26,TRV,119.043441772461
2019-12-27,TRV,119.488891601563
2019-12-30,TRV,119.218124389648
2019-12-31,TRV,119.619911193848
2020-01-02,TRV,120.109085083008
2020-01-03,TRV,119.681053161621
2020-01-06,TRV,119.812057495117
2020-01-07,TRV,118.056427001953
2020-01-08,TRV,119.322952270508
2020-01-09,TRV,120.205123901367
2020-01-10,TRV,118.362129211426
2020-01-13,TRV,119.017265319824
2020-01-14,TRV,119.357879638672
2020-01-15,TRV,120.16145324707
2020-01-16,TRV,121.279502868652
2020-01-17,TRV,122.92155456543
2020-01-21,TRV,123.078811645508
2020-01-22,TRV,123.454376220703
2020-01-23,TRV,117.209182739258
2020-01-24,TRV,117.72452545166
2020-01-27,TRV,116.807388305664
2020-01-28,TRV,117.383911132813
2020-01-29,TRV,116.405609130859
2020-01-30,TRV,117.217903137207
2020-01-31,TRV,114.964370727539
2020-02-03,TRV,116.702583312988
2020-02-04,TRV,115.802909851074
2020-02-05,TRV,119.471420288086
2020-02-06,TRV,119.226890563965
2020-02-07,TRV,118.798873901367
2020-02-10,TRV,118.982292175293
2020-02-11,TRV,119.99552154541
2020-02-12,TRV,118.536834716797
2020-02-13,TRV,119.558784484863
2020-02-14,TRV,120.327423095703
2020-02-18,TRV,118.685317993164
2020-02-19,TRV,117.488662719727
2020-02-20,TRV,117.025772094727
2020-02-21,TRV,118.056427001953
2020-02-24,TRV,117.148002624512
2020-02-25,TRV,114.239402770996
2020-02-26,TRV,112.291618347168
2020-02-27,TRV,108.378532409668
2020-02-28,TRV,104.648864746094
2020-03-02,TRV,111.522964477539
2020-03-03,TRV,109.452880859375
2020-03-04,TRV,114.885780334473
2020-03-05,TRV,111.819969177246
2020-03-06,TRV,109.042343139648
2020-03-09,TRV,102.166770935059
2020-03-10,TRV,105.129776000977
2020-03-11,TRV,99.0015258789063
2020-03-12,TRV,89.8399429321289
2020-03-13,TRV,94.4734954833984
2020-03-16,TRV,74.8226470947266
2020-03-17,TRV,84.7667617797852
2020-03-18,TRV,71.8244857788086
2020-03-19,TRV,75.6755218505859
2020-03-20,TRV,78.7000579833984
2020-03-23,TRV,77.6889266967773
2020-03-24,TRV,82.4192047119141
2020-03-25,TRV,81.0476303100586
2020-03-26,TRV,86.7538375854492
2020-03-27,TRV,87.8792572021484
2020-03-30,TRV,90.2004241943359
2020-03-31,TRV,87.3516998291016
2020-04-01,TRV,83.702880859375
2020-04-02,TRV,85.4525680541992
2020-04-03,TRV,82.5510864257813
2020-04-06,TRV,87.0263900756836
2020-04-07,TRV,88.6089706420898
2020-04-08,TRV,92.2666244506836
2020-04-09,TRV,96.4869232177734
2020-04-13,TRV,93.56787109375
2020-04-14,TRV,94.9746475219727
2020-04-15,TRV,89.8311538696289
2020-04-16,TRV,87.7561569213867
2020-04-17,TRV,92.3808898925781
2020-04-20,TRV,89.4882278442383
2020-04-21,TRV,89.4882278442383
2020-04-22,TRV,89.4970321655273
2020-04-23,TRV,88.3188552856445
2020-04-24,TRV,88.6441879272461
2020-04-27,TRV,90.4641647338867
2020-04-28,TRV,91.6951141357422
2020-04-29,TRV,93.198600769043
2020-04-30,TRV,88.9870910644531
2020-05-01,TRV,84.4502334594727
2020-05-04,TRV,85.2063751220703
2020-05-05,TRV,85.1536254882813
2020-05-06,TRV,82.0235748291016
2020-05-07,TRV,84.2304534912109
2020-05-08,TRV,85.5844421386719
2020-05-11,TRV,83.975456237793
2020-05-12,TRV,82.6126327514648
2020-05-13,TRV,79.0077896118164
2020-05-14,TRV,79.324333190918
2020-05-15,TRV,79.403434753418
2020-05-18,TRV,83.7908248901367
2020-05-19,TRV,82.0059814453125
2020-05-20,TRV,84.001838684082
2020-05-21,TRV,87.1934432983398
2020-05-22,TRV,88.011116027832
2020-05-26,TRV,90.8774261474609
2020-05-27,TRV,93.9195938110352
2020-05-28,TRV,94.5965805053711
2020-05-29,TRV,94.0602493286133
2020-06-01,TRV,95.9681854248047
2020-06-02,TRV,97.5947570800781
2020-06-03,TRV,100.645698547363
2020-06-04,TRV,103.749389648438
2020-06-05,TRV,109.341293334961
2020-06-08,TRV,112.541702270508
2020-06-09,TRV,111.010467529297
2020-06-10,TRV,107.080589294434
2020-06-11,TRV,97.8488693237305
2020-06-12,TRV,100.309501647949
2020-06-15,TRV,101.654853820801
2020-06-16,TRV,102.805488586426
2020-06-17,TRV,101.628288269043
2020-06-18,TRV,102.716972351074
2020-06-19,TRV,103.168395996094
2020-06-22,TRV,102.876335144043
2020-06-23,TRV,102.84090423584
2020-06-24,TRV,99.8934936523438
2020-06-25,TRV,101.451278686523
2020-06-26,TRV,98.247200012207
2020-06-29,TRV,99.9289016723633
2020-06-30,TRV,100.946754455566
2020-07-01,TRV,99.574821472168
2020-07-02,TRV,99.5394592285156
2020-07-06,TRV,101.407012939453
2020-07-07,TRV,99.5571517944336
2020-07-08,TRV,100.176712036133
2020-07-09,TRV,97.3974609375
2020-07-10,TRV,100.760887145996
2020-07-13,TRV,101.114944458008
2020-07-14,TRV,104.92977142334
2020-07-15,TRV,105.451965332031
2020-07-16,TRV,106.655731201172
2020-07-17,TRV,105.469673156738
2020-07-20,TRV,105.124488830566
2020-07-21,TRV,106.584907531738
2020-07-22,TRV,108.195816040039
2020-07-23,TRV,104.982856750488
2020-07-24,TRV,104.690788269043
2020-07-27,TRV,103.230346679688
2020-07-28,TRV,101.814170837402
2020-07-29,TRV,103.425086975098
2020-07-30,TRV,102.610748291016
2020-07-31,TRV,101.274230957031
2020-08-03,TRV,101.256538391113
2020-08-04,TRV,100.105903625488
2020-08-05,TRV,101.858421325684
2020-08-06,TRV,100.67236328125
2020-08-07,TRV,103.876480102539
2020-08-10,TRV,105.434280395508
2020-08-11,TRV,106.14234161377
2020-08-12,TRV,105.204147338867
2020-08-13,TRV,105.567031860352
2020-08-14,TRV,104.974014282227
2020-08-17,TRV,102.593063354492
2020-08-18,TRV,101.725677490234
2020-08-19,TRV,100.19441986084
2020-08-20,TRV,99.6013946533203
2020-08-21,TRV,98.981819152832
2020-08-24,TRV,101.699104309082
2020-08-25,TRV,102.336395263672
2020-08-26,TRV,100.495376586914
2020-08-27,TRV,103.717155456543
2020-08-28,TRV,102.575370788574
2020-08-31,TRV,102.708122253418
2020-09-01,TRV,101.513229370117
2020-09-02,TRV,103.982719421387
2020-09-03,TRV,102.09740447998
2020-09-04,TRV,103.177261352539
2020-09-08,TRV,100.67236328125
2020-09-09,TRV,101.33228302002
2020-09-10,TRV,99.7003326416016
2020-09-11,TRV,101.127182006836
2020-09-14,TRV,102.072456359863
2020-09-15,TRV,100.012474060059
2020-09-16,TRV,100.922080993652
2020-09-17,TRV,100.413757324219
2020-09-18,TRV,99.5309143066406
2020-09-21,TRV,97.6046600341797
2020-09-22,TRV,97.4263305664063
2020-09-23,TRV,95.8567962646484
2020-09-24,TRV,96.1510848999023
2020-09-25,TRV,96.4097061157227
2020-09-28,TRV,98.2913436889648
2020-09-29,TRV,95.8122253417969
2020-09-30,TRV,96.4810485839844
2020-10-01,TRV,96.1421737670898
2020-10-02,TRV,96.8288345336914
2020-10-05,TRV,99.798454284668
2020-10-06,TRV,99.4595642089844
2020-10-07,TRV,101.483901977539
2020-10-08,TRV,103.106941223145
2020-10-09,TRV,103.294189453125
2020-10-12,TRV,103.927360534668
2020-10-13,TRV,100.672355651855
2020-10-14,TRV,99.9054489135742
2020-10-15,TRV,100.44945526123
2020-10-16,TRV,101.05583190918
2020-10-19,TRV,99.7360229492188
2020-10-20,TRV,105.327445983887
2020-10-21,TRV,111.471786499023
2020-10-22,TRV,112.488403320313
2020-10-23,TRV,112.336776733398
2020-10-26,TRV,108.386215209961
2020-10-27,TRV,106.201370239258
2020-10-28,TRV,108.350547790527
2020-10-29,TRV,109.206649780273
2020-10-30,TRV,107.646041870117
2020-11-02,TRV,110.508659362793
2020-11-03,TRV,112.666748046875
2020-11-04,TRV,110.044929504395
2020-11-05,TRV,113.710121154785
2020-11-06,TRV,113.255310058594
2020-11-09,TRV,119.747436523438
2020-11-10,TRV,121.602348327637
2020-11-11,TRV,120.353858947754
2020-11-12,TRV,118.070869445801
2020-11-13,TRV,120.059562683105
2020-11-16,TRV,121.539909362793
2020-11-17,TRV,120.425163269043
2020-11-18,TRV,119.827667236328
2020-11-19,TRV,119.381790161133
2020-11-20,TRV,119.98819732666
2020-11-23,TRV,120.059562683105
2020-11-24,TRV,121.62907409668
2020-11-25,TRV,121.29907989502
2020-11-27,TRV,119.890098571777
2020-11-30,TRV,115.618515014648
2020-12-01,TRV,118.971611022949
2020-12-02,TRV,119.533393859863
2020-12-03,TRV,120.469741821289
2020-12-04,TRV,121.423957824707
2020-12-07,TRV,119.408569335938
2020-12-08,TRV,120.621360778809
2020-12-09,TRV,121.070053100586
2020-12-10,TRV,122.685432434082
2020-12-11,TRV,121.105972290039
2020-12-14,TRV,120.244445800781
2020-12-15,TRV,123.178993225098
2020-12-16,TRV,123.340507507324
2020-12-17,TRV,123.869987487793
2020-12-18,TRV,124.614860534668
2020-12-21,TRV,123.977668762207
2020-12-22,TRV,122.479034423828
2020-12-23,TRV,123.798187255859
2020-12-24,TRV,124.28279876709
2020-12-28,TRV,124.911010742188
2020-12-29,TRV,124.157203674316
2020-12-30,TRV,124.812271118164
2020-12-31,TRV,125.969940185547
2021-01-04,TRV,121.734153747559
2021-01-05,TRV,120.729042053223
2021-01-06,TRV,124.830207824707
2021-01-07,TRV,124.803298950195
2021-01-08,TRV,125.323822021484
2021-01-11,TRV,123.331573486328
2021-01-12,TRV,126.014862060547
2021-01-13,TRV,127.657081604004
2021-01-14,TRV,127.719902038574
2021-01-15,TRV,128.545501708984
2021-01-19,TRV,128.787780761719
2021-01-20,TRV,130.142929077148
2021-01-21,TRV,133.463333129883
2021-01-22,TRV,130.878814697266
2021-01-25,TRV,131.345428466797
2021-01-26,TRV,128.967300415039
2021-01-27,TRV,125.189186096191
2021-01-28,TRV,125.637878417969
2021-01-29,TRV,122.317474365234
2021-02-01,TRV,124.03150177002
2021-02-02,TRV,125.4853515625
2021-02-03,TRV,124.43537902832
2021-02-04,TRV,129.16471862793
2021-02-05,TRV,129.981369018555
2021-02-08,TRV,131.201873779297
2021-02-09,TRV,132.063323974609
2021-02-10,TRV,130.959533691406
2021-02-11,TRV,131.327484130859
2021-02-12,TRV,130.98649597168
2021-02-16,TRV,132.296722412109
2021-02-17,TRV,133.221069335938
2021-02-18,TRV,132.539016723633
2021-02-19,TRV,130.941589355469
2021-02-22,TRV,132.700561523438
2021-02-23,TRV,134.010757446289
2021-02-24,TRV,135.473556518555
2021-02-25,TRV,132.81721496582
2021-02-26,TRV,130.573654174805
2021-03-01,TRV,134.962036132813
2021-03-02,TRV,133.822296142578
2021-03-03,TRV,135.249176025391
2021-03-04,TRV,133.73258972168
2021-03-05,TRV,136.729919433594
2021-03-08,TRV,139.772171020508
2021-03-09,TRV,138.79768371582
2021-03-10,TRV,140.205261230469
2021-03-11,TRV,139.943603515625
2021-03-12,TRV,141.910705566406
2021-03-15,TRV,141.973831176758
2021-03-16,TRV,141.188842773438
2021-03-17,TRV,142.497222900391
2021-03-18,TRV,141.513671875
2021-03-19,TRV,134.719100952148
2021-03-22,TRV,133.176086425781
2021-03-23,TRV,132.64372253418
2021-03-24,TRV,134.70100402832
2021-03-25,TRV,137.859237670898
2021-03-26,TRV,138.635208129883
2021-03-29,TRV,138.824752807617
2021-03-30,TRV,138.987121582031
2021-03-31,TRV,135.711624145508
2021-04-01,TRV,135.910110473633
2021-04-05,TRV,137.18244934082
2021-04-06,TRV,136.929824829102
2021-04-07,TRV,137.417053222656
2021-04-08,TRV,135.675567626953
2021-04-09,TRV,136.839584350586
2021-04-12,TRV,137.011032104492
2021-04-13,TRV,137.34489440918
2021-04-14,TRV,140.250396728516
2021-04-15,TRV,139.284896850586
2021-04-16,TRV,140.719619750977
2021-04-19,TRV,139.302917480469
2021-04-20,TRV,140.521118164063
2021-04-21,TRV,142.009979248047
2021-04-22,TRV,140.647430419922
2021-04-23,TRV,142.425048828125
2021-04-26,TRV,140.521118164063
2021-04-27,TRV,140.042877197266
2021-04-28,TRV,138.770538330078
2021-04-29,TRV,140.494049072266
2021-04-30,TRV,139.555633544922
2021-05-03,TRV,141.297088623047
2021-05-04,TRV,143.047668457031
2021-05-05,TRV,143.733413696289
2021-05-06,TRV,144.825271606445
2021-05-07,TRV,145.104995727539
2021-05-10,TRV,145.88102722168
2021-05-11,TRV,141.387359619141
2021-05-12,TRV,138.73454284668
2021-05-13,TRV,142.352874755859
2021-05-14,TRV,144.834259033203
2021-05-17,TRV,144.599670410156
2021-05-18,TRV,141.928787231445
2021-05-19,TRV,141.667037963867
2021-05-20,TRV,143.300262451172
2021-05-21,TRV,143.5439453125
2021-05-24,TRV,143.228118896484
2021-05-25,TRV,141.261032104492
2021-05-26,TRV,141.793426513672
2021-05-27,TRV,143.787582397461
2021-05-28,TRV,144.103378295898
2021-06-01,TRV,145.177200317383
2021-06-02,TRV,144.554565429688
2021-06-03,TRV,145.276458740234
2021-06-04,TRV,144.374114990234
2021-06-07,TRV,142.352874755859
2021-06-08,TRV,142.154357910156
2021-06-09,TRV,140.412155151367
2021-06-10,TRV,139.758804321289
2021-06-11,TRV,140.176193237305
2021-06-14,TRV,139.060073852539
2021-06-15,TRV,140.30322265625
2021-06-16,TRV,138.642700195313
2021-06-17,TRV,135.085662841797
2021-06-18,TRV,131.356231689453
2021-06-21,TRV,134.885955810547
2021-06-22,TRV,134.568435668945
2021-06-23,TRV,134.205459594727
2021-06-24,TRV,136.083847045898
2021-06-25,TRV,137.671768188477
2021-06-28,TRV,135.611907958984
2021-06-29,TRV,135.675476074219
2021-06-30,TRV,135.847869873047
2021-07-01,TRV,137.771575927734
2021-07-02,TRV,137.227111816406
2021-07-06,TRV,136.873260498047
2021-07-07,TRV,138.098220825195
2021-07-08,TRV,134.768096923828
2021-07-09,TRV,139.132690429688
2021-07-12,TRV,139.822326660156
2021-07-13,TRV,138.824157714844
2021-07-14,TRV,140.221527099609
2021-07-15,TRV,141.174362182617
2021-07-16,TRV,141.909378051758
2021-07-19,TRV,137.254333496094
2021-07-20,TRV,137.100082397461
2021-07-21,TRV,137.780670166016
2021-07-22,TRV,134.078414916992
2021-07-23,TRV,134.178253173828
2021-07-26,TRV,135.040283203125
2021-07-27,TRV,135.548446655273
2021-07-28,TRV,133.225479125977
2021-07-29,TRV,135.094757080078
2021-07-30,TRV,135.131011962891
2021-08-02,TRV,135.158264160156
2021-08-03,TRV,136.464904785156
2021-08-04,TRV,135.675476074219
2021-08-05,TRV,136.637313842773
2021-08-06,TRV,138.669921875
2021-08-09,TRV,139.1689453125
2021-08-10,TRV,139.940277099609
2021-08-11,TRV,141.746032714844
2021-08-12,TRV,142.000076293945
2021-08-13,TRV,141.836761474609
2021-08-16,TRV,143.134338378906
2021-08-17,TRV,144.186904907227
2021-08-18,TRV,144.02360534668
2021-08-19,TRV,144.713241577148
2021-08-20,TRV,145.947296142578
2021-08-23,TRV,145.094345092773
2021-08-24,TRV,145.765838623047
2021-08-25,TRV,147.52619934082
2021-08-26,TRV,145.157897949219
2021-08-27,TRV,147.081558227539
2021-08-30,TRV,144.67692565918
2021-08-31,TRV,144.921951293945
2021-09-01,TRV,144.531768798828
2021-09-02,TRV,145.157897949219
2021-09-03,TRV,144.431930541992
2021-09-07,TRV,143.18879699707
2021-09-08,TRV,144.041748046875
2021-09-09,TRV,144.132995605469
2021-09-10,TRV,142.673065185547
2021-09-13,TRV,144.990707397461
2021-09-14,TRV,142.663940429688
2021-09-15,TRV,143.786270141602
2021-09-16,TRV,142.955917358398
2021-09-17,TRV,142.609161376953
2021-09-20,TRV,139.296936035156
2021-09-21,TRV,139.579833984375
2021-09-22,TRV,140.866363525391
2021-09-23,TRV,142.362838745117
2021-09-24,TRV,142.764282226563
2021-09-27,TRV,142.609161376953
2021-09-28,TRV,140.054290771484
2021-09-29,TRV,141.322616577148
2021-09-30,TRV,138.703857421875
2021-10-01,TRV,139.077926635742
2021-10-04,TRV,138.128982543945
2021-10-05,TRV,140.154663085938
2021-10-06,TRV,141.514205932617
2021-10-07,TRV,143.476028442383
2021-10-08,TRV,143.558120727539
2021-10-11,TRV,142.554428100586
2021-10-12,TRV,142.782577514648
2021-10-13,TRV,142.700454711914
2021-10-14,TRV,142.974197387695
2021-10-15,TRV,142.016082763672
2021-10-18,TRV,139.497650146484
2021-10-19,TRV,141.787963867188
2021-10-20,TRV,144.799118041992
2021-10-21,TRV,146.167831420898
2021-10-22,TRV,148.156982421875
2021-10-25,TRV,147.436111450195
2021-10-26,TRV,146.386749267578
2021-10-27,TRV,145.793685913086
2021-10-28,TRV,147.427001953125
2021-10-29,TRV,146.797439575195
2021-11-01,TRV,146.094787597656
2021-11-02,TRV,144.917755126953
2021-11-03,TRV,146.222549438477
2021-11-04,TRV,142.800811767578
2021-11-05,TRV,145.629455566406
2021-11-08,TRV,144.808212280273
2021-11-09,TRV,143.622024536133
2021-11-10,TRV,144.370269775391
2021-11-11,TRV,144.014358520508
2021-11-12,TRV,143.640274047852
2021-11-15,TRV,144.224227905273
2021-11-16,TRV,145.072845458984
2021-11-17,TRV,142.727767944336
2021-11-18,TRV,142.371948242188
2021-11-19,TRV,139.178329467773
2021-11-22,TRV,143.138412475586
2021-11-23,TRV,146.231689453125
2021-11-24,TRV,145.054580688477
2021-11-26,TRV,140.209396362305
2021-11-29,TRV,139.059661865234
2021-11-30,TRV,134.086761474609
2021-12-01,TRV,132.745422363281
2021-12-02,TRV,137.015762329102
2021-12-03,TRV,136.103271484375
2021-12-06,TRV,138.530456542969
2021-12-07,TRV,139.68928527832
2021-12-08,TRV,140.227645874023
2021-12-09,TRV,140.860900878906
2021-12-10,TRV,141.558364868164
2021-12-13,TRV,140.576370239258
2021-12-14,TRV,143.834274291992
2021-12-15,TRV,145.339309692383
2021-12-16,TRV,148.689025878906
2021-12-17,TRV,145.174163818359
2021-12-20,TRV,140.897583007813
2021-12-21,TRV,142.723846435547
2021-12-22,TRV,141.962158203125
2021-12-23,TRV,141.925384521484
2021-12-27,TRV,143.201049804688
2021-12-28,TRV,144.192199707031
2021-12-29,TRV,144.540939331055
2021-12-30,TRV,143.907730102539
2021-12-31,TRV,143.558959960938
2022-01-03,TRV,142.934921264648
2022-01-04,TRV,145.917495727539
2022-01-05,TRV,146.624145507813
2022-01-06,TRV,148.973510742188
2022-01-07,TRV,152.561798095703
2022-01-10,TRV,150.561218261719
2022-01-11,TRV,149.735214233398
2022-01-12,TRV,149.56086730957
2022-01-13,TRV,149.63427734375
2022-01-14,TRV,149.781158447266
2022-01-18,TRV,150.111511230469
2022-01-19,TRV,146.899490356445
2022-01-20,TRV,151.589019775391
2022-01-21,TRV,149.230514526367
2022-01-24,TRV,154.938735961914
2022-01-25,TRV,154.727630615234
2022-01-26,TRV,154.048522949219
2022-01-27,TRV,152.029510498047
2022-01-28,TRV,153.09407043457
2022-01-31,TRV,152.506729125977
2022-02-01,TRV,154.167831420898
2022-02-02,TRV,158.508636474609
2022-02-03,TRV,157.912124633789
2022-02-04,TRV,157.756103515625
2022-02-07,TRV,157.233016967773
2022-02-08,TRV,158.306716918945
2022-02-09,TRV,158.517791748047
2022-02-10,TRV,158.24250793457
2022-02-11,TRV,157.627593994141
2022-02-14,TRV,156.719039916992
2022-02-15,TRV,157.480804443359
2022-02-16,TRV,158.095657348633
2022-02-17,TRV,156.55387878418
2022-02-18,TRV,156.590606689453
2022-02-22,TRV,157.00358581543
2022-02-23,TRV,156.140899658203
2022-02-24,TRV,152.800384521484
2022-02-25,TRV,159.169403076172
2022-02-28,TRV,157.691879272461
2022-03-01,TRV,154.011795043945
2022-03-02,TRV,159.389617919922
2022-03-03,TRV,159.316223144531
2022-03-04,TRV,159.132659912109
2022-03-07,TRV,155.819717407227
2022-03-08,TRV,154.589935302734
2022-03-09,TRV,158.095596313477
2022-03-10,TRV,158.575332641602
2022-03-11,TRV,160.272796630859
2022-03-14,TRV,163.45556640625
2022-03-15,TRV,166.232406616211
2022-03-16,TRV,165.402130126953
2022-03-17,TRV,167.007354736328
2022-03-18,TRV,166.343139648438
2022-03-21,TRV,168.400390625
2022-03-22,TRV,168.547988891602
2022-03-23,TRV,167.551651000977
2022-03-24,TRV,169.950286865234
2022-03-25,TRV,173.206802368164
2022-03-28,TRV,172.29345703125
2022-03-29,TRV,169.571990966797
2022-03-30,TRV,171.17724609375
2022-03-31,TRV,168.575653076172
2022-04-01,TRV,170.900497436523
2022-04-04,TRV,167.736175537109
2022-04-05,TRV,167.339477539063
2022-04-06,TRV,168.437301635742
2022-04-07,TRV,167.985198974609
2022-04-08,TRV,170.54069519043
2022-04-11,TRV,171.260269165039
2022-04-12,TRV,170.614471435547
2022-04-13,TRV,169.479766845703
2022-04-14,TRV,169.968688964844
2022-04-18,TRV,170.872817993164
2022-04-19,TRV,162.514572143555
2022-04-20,TRV,163.94450378418
2022-04-21,TRV,162.606857299805
2022-04-22,TRV,159.700866699219
2022-04-25,TRV,160.927810668945
2022-04-26,TRV,159.285705566406
2022-04-27,TRV,160.10676574707
2022-04-28,TRV,160.983169555664
2022-04-29,TRV,157.809631347656
2022-05-02,TRV,156.914779663086
2022-05-03,TRV,158.455368041992
2022-05-04,TRV,161.859527587891
2022-05-05,TRV,158.686019897461
2022-05-06,TRV,158.3447265625
2022-05-09,TRV,158.602996826172
2022-05-10,TRV,159.590118408203
2022-05-11,TRV,159.027374267578
2022-05-12,TRV,159.940689086914
2022-05-13,TRV,159.396423339844
2022-05-16,TRV,160.983169555664
2022-05-17,TRV,163.649307250977
2022-05-18,TRV,160.817108154297
2022-05-19,TRV,156.185943603516
2022-05-20,TRV,155.208068847656
2022-05-23,TRV,158.769073486328
2022-05-24,TRV,160.438873291016
2022-05-25,TRV,160.143661499023
2022-05-26,TRV,161.324508666992
2022-05-27,TRV,164.055236816406
2022-05-31,TRV,165.171493530273
2022-06-01,TRV,162.634475708008
2022-06-02,TRV,164.26741027832
2022-06-03,TRV,160.697174072266
2022-06-06,TRV,163.271057128906
2022-06-07,TRV,164.802459716797
2022-06-08,TRV,162.339309692383
2022-06-09,TRV,159.083984375
2022-06-10,TRV,157.015762329102
2022-06-13,TRV,155.541122436523
2022-06-14,TRV,154.242721557617
2022-06-15,TRV,153.528579711914
2022-06-16,TRV,149.670425415039
2022-06-17,TRV,150.134155273438
2022-06-21,TRV,150.82975769043
2022-06-22,TRV,151.311996459961
2022-06-23,TRV,148.177276611328
2022-06-24,TRV,154.622970581055
2022-06-27,TRV,155.337127685547
2022-06-28,TRV,155.318557739258
2022-06-29,TRV,153.769729614258
2022-06-30,TRV,156.858139038086
2022-07-01,TRV,158.759338378906
2022-07-05,TRV,155.068130493164
2022-07-06,TRV,157.572250366211
2022-07-07,TRV,157.321868896484
2022-07-08,TRV,156.737548828125
2022-07-11,TRV,156.292358398438
2022-07-12,TRV,153.287460327148
2022-07-13,TRV,151.469696044922
2022-07-14,TRV,144.384017944336
2022-07-15,TRV,144.847778320313
2022-07-18,TRV,143.744125366211
2022-07-19,TRV,146.860260009766
2022-07-20,TRV,146.72119140625
2022-07-21,TRV,145.450592041016
2022-07-22,TRV,145.070327758789
2022-07-25,TRV,148.372039794922
2022-07-26,TRV,149.188171386719
2022-07-27,TRV,147.426040649414
2022-07-28,TRV,144.439712524414
2022-07-29,TRV,147.184906005859
2022-08-01,TRV,144.931182861328
2022-08-02,TRV,145.339294433594
2022-08-03,TRV,146.646987915039
2022-08-04,TRV,146.257446289063
2022-08-05,TRV,147.426040649414
2022-08-08,TRV,148.372039794922
2022-08-09,TRV,151.098709106445
2022-08-10,TRV,153.037063598633
2022-08-11,TRV,156.561309814453
2022-08-12,TRV,159.111770629883
2022-08-15,TRV,159.668258666992
2022-08-16,TRV,160.929580688477
2022-08-17,TRV,161.337677001953
2022-08-18,TRV,161.476806640625
2022-08-19,TRV,160.11344909668
2022-08-22,TRV,156.867416381836
2022-08-23,TRV,156.079055786133
2022-08-24,TRV,156.264572143555
2022-08-25,TRV,156.718994140625
2022-08-26,TRV,154.734283447266
2022-08-29,TRV,153.361663818359
2022-08-30,TRV,151.599517822266
2022-08-31,TRV,149.911590576172
2022-09-01,TRV,151.451126098633
2022-09-02,TRV,150.894668579102
2022-09-06,TRV,150.134155273438
2022-09-07,TRV,152.118927001953
2022-09-08,TRV,153.443374633789
2022-09-09,TRV,153.107574462891
2022-09-12,TRV,154.208190917969
2022-09-13,TRV,151.307403564453
2022-09-14,TRV,152.258804321289
2022-09-15,TRV,153.116912841797
2022-09-16,TRV,151.410003662109
2022-09-19,TRV,153.238143920898
2022-09-20,TRV,150.122833251953
2022-09-21,TRV,146.494537353516
2022-09-22,TRV,146.438568115234
2022-09-23,TRV,145.02082824707
2022-09-26,TRV,140.469100952148
2022-09-27,TRV,141.066040039063
2022-09-28,TRV,142.633026123047
2022-09-29,TRV,144.274612426758
2022-09-30,TRV,142.894195556641
2022-10-03,TRV,146.503890991211
2022-10-04,TRV,150.607864379883
2022-10-05,TRV,149.740447998047
2022-10-06,TRV,148.481262207031
2022-10-07,TRV,146.326644897461
2022-10-10,TRV,146.886276245117
2022-10-11,TRV,148.733093261719
2022-10-12,TRV,148.453247070313
2022-10-13,TRV,154.376083374023
2022-10-14,TRV,152.31477355957
2022-10-17,TRV,153.713836669922
2022-10-18,TRV,155.551330566406
2022-10-19,TRV,162.453521728516
2022-10-20,TRV,159.375518798828
2022-10-21,TRV,164.374954223633
2022-10-24,TRV,167.69548034668
2022-10-25,TRV,164.244384765625
2022-10-26,TRV,164.533493041992
2022-10-27,TRV,165.652801513672
2022-10-28,TRV,169.719512939453
2022-10-31,TRV,172.051376342773
2022-11-01,TRV,170.484313964844
2022-11-02,TRV,170.045959472656
2022-11-03,TRV,169.588897705078
2022-11-04,TRV,170.745513916016
2022-11-07,TRV,171.743515014648
2022-11-08,TRV,172.461730957031
2022-11-09,TRV,169.896728515625
2022-11-10,TRV,170.969360351563
2022-11-11,TRV,169.504989624023
2022-11-14,TRV,170.409698486328
2022-11-15,TRV,167.42497253418
2022-11-16,TRV,168.954681396484
2022-11-17,TRV,170.624252319336
2022-11-18,TRV,172.144607543945
2022-11-21,TRV,173.067993164063
2022-11-22,TRV,174.541687011719
2022-11-23,TRV,175.362518310547
2022-11-25,TRV,176.20198059082
2022-11-28,TRV,173.786193847656
2022-11-29,TRV,174.616333007813
2022-11-30,TRV,177.041442871094
2022-12-01,TRV,176.41650390625
2022-12-02,TRV,176.789611816406
2022-12-05,TRV,174.616333007813
2022-12-06,TRV,175.819549560547
2022-12-07,TRV,175.399826049805
2022-12-08,TRV,175.962265014648
2022-12-09,TRV,174.021896362305
2022-12-12,TRV,175.390426635742
2022-12-13,TRV,175.334197998047
2022-12-14,TRV,174.949890136719
2022-12-15,TRV,172.072204589844
2022-12-16,TRV,171.350402832031
2022-12-19,TRV,172.01594543457
2022-12-20,TRV,174.153091430664
2022-12-21,TRV,177.555770874023
2022-12-22,TRV,175.474792480469
2022-12-23,TRV,177.611999511719
2022-12-27,TRV,178.549346923828
2022-12-28,TRV,176.346572875977
2022-12-29,TRV,177.574493408203
2022-12-30,TRV,175.746673583984
2023-01-03,TRV,175.399826049805
2023-01-04,TRV,175.5029296875
2023-01-05,TRV,175.802886962891
2023-01-06,TRV,181.727066040039
2023-01-09,TRV,177.274551391602
2023-01-10,TRV,179.24299621582
2023-01-11,TRV,179.627349853516
2023-01-12,TRV,179.964782714844
2023-01-13,TRV,181.77392578125
2023-01-17,TRV,173.412628173828
2023-01-18,TRV,172.128433227539
2023-01-19,TRV,172.512741088867
2023-01-20,TRV,173.721939086914
2023-01-23,TRV,174.687454223633
2023-01-24,TRV,181.145889282227
2023-01-25,TRV,178.793090820313
2023-01-26,TRV,180.077285766602
2023-01-27,TRV,176.937103271484
2023-01-30,TRV,176.140365600586
2023-01-31,TRV,179.149276733398
2023-02-01,TRV,173.628204345703
2023-02-02,TRV,170.366180419922
2023-02-03,TRV,171.312911987305
2023-02-06,TRV,174.340606689453
2023-02-07,TRV,177.171432495117
2023-02-08,TRV,175.652923583984
2023-02-09,TRV,173.750061035156
2023-02-10,TRV,175.053009033203
2023-02-13,TRV,175.849761962891
2023-02-14,TRV,172.597091674805
2023-02-15,TRV,173.618835449219
2023-02-16,TRV,171.594131469727
2023-02-17,TRV,174.115646362305
2023-02-21,TRV,173.646957397461
2023-02-22,TRV,174.462448120117
2023-02-23,TRV,173.853179931641
2023-02-24,TRV,173.721939086914
2023-02-27,TRV,173.721939086914
2023-02-28,TRV,173.525085449219
2023-03-01,TRV,172.522094726563
2023-03-02,TRV,171.715957641602
2023-03-03,TRV,172.090911865234
2023-03-06,TRV,171.865982055664
2023-03-07,TRV,169.072601318359
2023-03-08,TRV,166.635452270508
2023-03-09,TRV,163.883987426758
2023-03-10,TRV,165.542388916016
2023-03-13,TRV,162.28205871582
2023-03-14,TRV,161.848617553711
2023-03-15,TRV,156.882736206055
2023-03-16,TRV,162.272613525391
2023-03-17,TRV,155.506973266602
2023-03-20,TRV,158.974609375
2023-03-21,TRV,161.839202880859
2023-03-22,TRV,157.0146484375
2023-03-23,TRV,154.40446472168
2023-03-24,TRV,155.393905639648
2023-03-27,TRV,156.750793457031
2023-03-28,TRV,156.307907104492
2023-03-29,TRV,160.058227539063
2023-03-30,TRV,160.962829589844
2023-03-31,TRV,161.518829345703
2023-04-03,TRV,162.348037719727
2023-04-04,TRV,158.899230957031
2023-04-05,TRV,160.482269287109
2023-04-06,TRV,161.38688659668
2023-04-10,TRV,162.687225341797
2023-04-11,TRV,163.53532409668
2023-04-12,TRV,163.80859375
2023-04-13,TRV,163.205505371094
2023-04-14,TRV,158.654190063477
2023-04-17,TRV,161.396286010742
2023-04-18,TRV,162.074783325195
2023-04-19,TRV,172.03483581543
2023-04-20,TRV,168.915817260742
2023-04-21,TRV,169.141952514648
2023-04-24,TRV,168.793350219727
2023-04-25,TRV,167.087768554688
2023-04-26,TRV,166.418731689453
2023-04-27,TRV,169.848693847656
2023-04-28,TRV,170.687347412109
2023-05-01,TRV,171.271545410156
2023-05-02,TRV,170.112548828125
2023-05-03,TRV,168.812149047852
2023-05-04,TRV,168.802749633789
2023-05-05,TRV,171.780364990234
2023-05-08,TRV,172.03483581543
2023-05-09,TRV,173.146713256836
2023-05-10,TRV,172.590744018555
2023-05-11,TRV,172.260971069336
2023-05-12,TRV,171.58251953125
2023-05-15,TRV,172.260971069336
2023-05-16,TRV,171.035949707031
2023-05-17,TRV,171.196151733398
2023-05-18,TRV,172.760375976563
2023-05-19,TRV,173.118438720703
2023-05-22,TRV,170.649627685547
2023-05-23,TRV,168.962905883789
2023-05-24,TRV,165.834518432617
2023-05-25,TRV,163.648391723633
2023-05-26,TRV,162.348037719727
2023-05-30,TRV,163.290283203125
2023-05-31,TRV,159.474060058594
2023-06-01,TRV,161.415145874023
2023-06-02,TRV,165.024154663086
2023-06-05,TRV,164.307998657227
2023-06-06,TRV,164.854522705078
2023-06-07,TRV,165.636611938477
2023-06-08,TRV,165.759841918945
2023-06-09,TRV,166.413726806641
2023-06-12,TRV,165.627151489258
2023-06-13,TRV,166.906524658203
2023-06-14,TRV,164.470962524414
2023-06-15,TRV,166.764389038086
2023-06-16,TRV,167.503570556641
2023-06-20,TRV,166.37580871582
2023-06-21,TRV,166.11994934082
2023-06-22,TRV,165.854598999023
2023-06-23,TRV,164.632080078125
2023-06-26,TRV,163.371658325195
2023-06-27,TRV,163.561218261719
2023-06-28,TRV,159.561950683594
2023-06-29,TRV,162.044906616211
2023-06-30,TRV,164.575225830078
2023-07-03,TRV,164.035018920898
2023-07-05,TRV,163.561218261719
2023-07-06,TRV,161.969100952148
2023-07-07,TRV,162.670349121094
2023-07-10,TRV,160.225326538086
2023-07-11,TRV,163.343215942383
2023-07-12,TRV,162.168075561523
2023-07-13,TRV,159.419815063477
2023-07-14,TRV,157.268569946289
2023-07-17,TRV,159.770431518555
2023-07-18,TRV,162.073318481445
2023-07-19,TRV,161.63737487793
2023-07-20,TRV,164.546798706055
2023-07-21,TRV,163.779190063477
2023-07-24,TRV,165.693481445313
2023-07-25,TRV,163.115783691406
2023-07-26,TRV,165.049041748047
2023-07-27,TRV,165.721908569336
2023-07-28,TRV,164.196151733398
2023-07-31,TRV,163.580139160156
2023-08-01,TRV,163.295837402344
2023-08-02,TRV,162.149139404297
2023-08-03,TRV,160.538055419922
2023-08-04,TRV,159.827285766602
2023-08-07,TRV,161.220413208008
2023-08-08,TRV,159.097564697266
2023-08-09,TRV,158.538467407227
2023-08-10,TRV,158.206771850586
2023-08-11,TRV,158.130920410156
2023-08-14,TRV,157.571807861328
2023-08-15,TRV,154.927780151367
2023-08-16,TRV,156.718887329102
2023-08-17,TRV,154.861434936523
2023-08-18,TRV,153.970596313477
2023-08-21,TRV,153.146102905273
2023-08-22,TRV,151.572952270508
2023-08-23,TRV,152.511169433594
2023-08-24,TRV,153.373550415039
2023-08-25,TRV,153.184051513672
2023-08-28,TRV,152.416412353516
2023-08-29,TRV,152.842864990234
2023-08-30,TRV,152.880767822266
2023-08-31,TRV,152.795471191406
2023-09-01,TRV,153.809494018555
2023-09-05,TRV,151.999435424805
2023-09-06,TRV,152.207931518555
2023-09-07,TRV,153.218765258789
2023-09-08,TRV,152.474914550781
2023-09-11,TRV,153.657424926758
2023-09-12,TRV,155.221343994141
2023-09-13,TRV,155.564682006836
2023-09-14,TRV,158.263442993164
2023-09-15,TRV,157.157196044922
2023-09-18,TRV,159.112152099609
2023-09-19,TRV,159.436370849609
2023-09-20,TRV,161.105224609375
2023-09-21,TRV,160.790481567383
2023-09-22,TRV,160.056213378906
2023-09-25,TRV,160.056213378906
2023-09-26,TRV,160.170669555664
2023-09-27,TRV,160.132507324219
2023-09-28,TRV,159.846420288086
2023-09-29,TRV,155.736312866211
2023-10-02,TRV,154.744537353516
2023-10-03,TRV,153.457153320313
2023-10-04,TRV,154.963882446289
2023-10-05,TRV,156.279907226563
2023-10-06,TRV,155.393020629883
2023-10-09,TRV,155.688613891602
2023-10-10,TRV,154.706405639648
2023-10-11,TRV,154.878051757813
2023-10-12,TRV,153.275985717773
2023-10-13,TRV,156.594573974609
2023-10-16,TRV,159.875030517578
2023-10-17,TRV,161.505737304688
2023-10-18,TRV,160.313705444336
2023-10-19,TRV,156.337112426758
2023-10-20,TRV,154.096099853516
2023-10-23,TRV,151.807373046875
2023-10-24,TRV,150.596267700195
2023-10-25,TRV,157.090469360352
2023-10-26,TRV,156.832992553711
2023-10-27,TRV,153.228271484375
2023-10-30,TRV,157.834289550781
2023-10-31,TRV,159.674789428711
2023-11-01,TRV,161.429443359375
2023-11-02,TRV,161.11474609375
2023-11-03,TRV,160.599807739258
2023-11-06,TRV,161.686935424805
2023-11-07,TRV,162.106521606445
2023-11-08,TRV,160.742813110352
2023-11-09,TRV,160.771438598633
2023-11-10,TRV,162.077926635742
2023-11-13,TRV,163.069671630859
2023-11-14,TRV,160.876327514648
2023-11-15,TRV,161.677383422852
2023-11-16,TRV,163.72770690918
2023-11-17,TRV,163.851669311523
2023-11-20,TRV,164.118667602539
2023-11-21,TRV,166.94140625
2023-11-22,TRV,167.914108276367
2023-11-24,TRV,169.306365966797
2023-11-27,TRV,170.326736450195
2023-11-28,TRV,168.638854980469
2023-11-29,TRV,169.211013793945
2023-11-30,TRV,172.243515014648
2023-12-01,TRV,173.540481567383
2023-12-04,TRV,174.694351196289
2023-12-05,TRV,175.142578125
2023-12-06,TRV,174.637161254883
2023-12-07,TRV,174.426193237305
2023-12-08,TRV,173.802932739258
2023-12-11,TRV,174.848098754883
2023-12-12,TRV,176.104187011719
2023-12-13,TRV,177.600036621094
2023-12-14,TRV,175.25080871582
2023-12-15,TRV,175.289184570313
2023-12-18,TRV,175.864486694336
2023-12-19,TRV,178.5205078125
2023-12-20,TRV,176.276794433594
2023-12-21,TRV,177.935638427734
2023-12-22,TRV,178.156143188477
2023-12-26,TRV,179.393081665039
2023-12-27,TRV,180.860137939453
2023-12-28,TRV,181.540939331055
2023-12-29,TRV,182.653198242188
2024-01-02,TRV,183.544937133789
2024-01-03,TRV,183.429901123047
2024-01-04,TRV,184.618865966797
2024-01-05,TRV,185.127075195313
2024-01-08,TRV,184.398330688477
2024-01-09,TRV,184.292831420898
2024-01-10,TRV,185.146240234375
2024-01-11,TRV,186.85302734375
2024-01-12,TRV,187.514633178711
2024-01-16,TRV,188.617324829102
2024-01-17,TRV,189.37483215332
2024-01-18,TRV,190.189849853516
2024-01-19,TRV,202.961853027344
2024-01-22,TRV,205.061767578125
2024-01-23,TRV,202.300247192383
2024-01-24,TRV,202.300247192383
2024-01-25,TRV,202.81803894043
2024-01-26,TRV,202.731750488281
2024-01-29,TRV,202.434494018555
2024-01-30,TRV,204.754913330078
2024-01-31,TRV,202.664611816406
2024-02-01,TRV,203.297454833984
2024-02-02,TRV,205.982299804688
2024-02-05,TRV,204.313873291016
2024-02-06,TRV,204.246734619141
2024-02-07,TRV,205.406967163086
2024-02-08,TRV,205.013809204102
2024-02-09,TRV,205.675445556641
2024-02-12,TRV,205.857604980469
2024-02-13,TRV,207.065795898438
2024-02-14,TRV,207.708236694336
2024-02-15,TRV,210.009521484375
2024-02-16,TRV,208.580764770508
2024-02-20,TRV,211.045059204102
2024-02-21,TRV,210.450561523438
2024-02-22,TRV,213.154571533203
2024-02-23,TRV,211.869674682617
2024-02-26,TRV,211.025863647461
2024-02-27,TRV,212.751800537109
2024-02-28,TRV,211.351867675781
2024-02-29,TRV,211.869674682617
2024-03-01,TRV,209.81770324707
2024-03-04,TRV,210.05744934082
2024-03-05,TRV,210.114990234375
2024-03-06,TRV,211.543670654297
2024-03-07,TRV,211.331756591797
2024-03-08,TRV,210.416656494141
2024-03-11,TRV,210.965759277344
2024-03-12,TRV,212.352783203125
2024-03-13,TRV,215.271347045898
2024-03-14,TRV,213.277496337891
2024-03-15,TRV,212.805480957031
2024-03-18,TRV,213.759063720703
2024-03-19,TRV,215.406204223633
2024-03-20,TRV,216.716186523438
2024-03-21,TRV,217.814270019531
2024-03-22,TRV,216.196029663086
2024-03-25,TRV,217.236312866211
2024-03-26,TRV,217.043655395508
2024-03-27,TRV,220.414978027344
2024-03-28,TRV,221.676803588867
2024-04-01,TRV,219.769607543945
2024-04-02,TRV,219.47102355957
2024-04-03,TRV,220.636520385742
2024-04-04,TRV,220.097106933594
2024-04-05,TRV,222.399200439453
2024-04-08,TRV,222.110260009766
2024-04-09,TRV,215.608459472656
2024-04-10,TRV,216.128616333008
2024-04-11,TRV,212.294967651367
2024-04-12,TRV,212.969268798828
2024-04-15,TRV,212.930694580078
2024-04-16,TRV,214.914947509766
2024-04-17,TRV,198.98323059082
2024-04-18,TRV,202.681991577148
2024-04-19,TRV,206.197769165039
2024-04-22,TRV,206.390396118164
2024-04-23,TRV,206.438583374023
2024-04-24,TRV,205.581298828125
2024-04-25,TRV,206.120712280273
2024-04-26,TRV,205.600555419922
2024-04-29,TRV,205.070770263672
2024-04-30,TRV,204.357971191406
2024-05-01,TRV,205.311569213867
2024-05-02,TRV,206.486709594727
2024-05-03,TRV,205.985855102539
2024-05-06,TRV,207.970123291016
2024-05-07,TRV,208.991134643555
2024-05-08,TRV,209.347518920898
2024-05-09,TRV,211.351013183594
2024-05-10,TRV,210.464828491211
2024-05-13,TRV,208.615447998047
2024-05-14,TRV,209.588317871094
2024-05-15,TRV,206.467468261719
2024-05-16,TRV,211.158355712891
2024-05-17,TRV,211.630355834961
2024-05-20,TRV,207.671493530273
2024-05-21,TRV,208.297607421875
2024-05-22,TRV,208.576919555664
2024-05-23,TRV,204.43505859375
2024-05-24,TRV,205.484970092773
2024-05-28,TRV,202.633819580078
2024-05-29,TRV,202.344879150391
2024-05-30,TRV,204.675872802734
2024-05-31,TRV,207.767807006836
2024-06-03,TRV,202.604949951172
2024-06-04,TRV,201.930648803711
2024-06-05,TRV,200.745895385742
2024-06-06,TRV,201.998107910156
2024-06-07,TRV,205.118957519531
2024-06-10,TRV,206.183746337891
2024-06-11,TRV,202.708633422852
2024-06-12,TRV,200.627410888672
2024-06-13,TRV,200.44352722168
2024-06-14,TRV,199.262542724609
2024-06-17,TRV,201.469589233398
2024-06-18,TRV,201.837417602539
2024-06-20,TRV,205.18669128418
2024-06-21,TRV,203.086166381836
2024-06-24,TRV,204.334869384766
2024-06-25,TRV,202.040725708008
2024-06-26,TRV,199.15608215332
2024-06-27,TRV,200.327362060547
2024-06-28,TRV,196.832885742188
2024-07-01,TRV,196.474716186523
2024-07-02,TRV,197.142639160156
2024-07-03,TRV,197.171676635742
2024-07-05,TRV,195.409927368164
2024-07-08,TRV,197.694412231445
2024-07-09,TRV,196.639282226563
2024-07-10,TRV,200.559661865234
2024-07-11,TRV,202.26335144043
2024-07-12,TRV,204.828536987305
2024-07-15,TRV,206.570938110352
2024-07-16,TRV,210.820449829102
2024-07-17,TRV,213.734130859375
2024-07-18,TRV,213.540557861328
2024-07-19,TRV,196.968399047852
2024-07-22,TRV,198.846298217773
2024-07-23,TRV,201.856811523438
2024-07-24,TRV,201.082397460938
2024-07-25,TRV,202.534393310547
2024-07-26,TRV,207.006561279297
2024-07-29,TRV,207.083969116211
2024-07-30,TRV,213.366287231445
2024-07-31,TRV,209.513671875
2024-08-01,TRV,205.264144897461
2024-08-02,TRV,207.664779663086
2024-08-05,TRV,201.934234619141
2024-08-06,TRV,201.614776611328
2024-08-07,TRV,202.669906616211
2024-08-08,TRV,204.905960083008
2024-08-09,TRV,205.680374145508
2024-08-12,TRV,203.018356323242
2024-08-13,TRV,204.131591796875
2024-08-14,TRV,207.238876342773
2024-08-15,TRV,209.503982543945
2024-08-16,TRV,209.639511108398
2024-08-19,TRV,211.943328857422
2024-08-20,TRV,210.075103759766
2024-08-21,TRV,209.978302001953
2024-08-22,TRV,210.888198852539
2024-08-23,TRV,214.721496582031
2024-08-26,TRV,215.650772094727
2024-08-27,TRV,216.483245849609
2024-08-28,TRV,217.218948364258
2024-08-29,TRV,219.087173461914
2024-08-30,TRV,220.771499633789
2024-09-03,TRV,220.577880859375
2024-09-04,TRV,224.014282226563
2024-09-05,TRV,224.430526733398
2024-09-06,TRV,226.957015991211
2024-09-09,TRV,233.384506225586
2024-09-10,TRV,232.217819213867
2024-09-11,TRV,224.877456665039
2024-09-12,TRV,227.609436035156
2024-09-13,TRV,231.226135253906
2024-09-16,TRV,235.533142089844
2024-09-17,TRV,234.833129882813
2024-09-18,TRV,233.092819213867
2024-09-19,TRV,230.983093261719
2024-09-20,TRV,231.906723022461
2024-09-23,TRV,232.703948974609
2024-09-24,TRV,231.371994018555
2024-09-25,TRV,229.758087158203
2024-09-26,TRV,229.495574951172
2024-09-27,TRV,229.553924560547
2024-09-30,TRV,227.619155883789
2024-10-01,TRV,228.591400146484
2024-10-02,TRV,228.533050537109
2024-10-03,TRV,226.821914672852
2024-10-04,TRV,229.651138305664
2024-10-07,TRV,219.695465087891
2024-10-08,TRV,223.944107055664
2024-10-09,TRV,225.042739868164
2024-10-10,TRV,226.724685668945
2024-10-11,TRV,230.010864257813
2024-10-14,TRV,233.452545166016
2024-10-15,TRV,234.191467285156
2024-10-16,TRV,236.203979492188
2024-10-17,TRV,257.466705322266
2024-10-18,TRV,258.079223632813
2024-10-21,TRV,252.488906860352
2024-10-22,TRV,252.022201538086
2024-10-23,TRV,250.204132080078
2024-10-24,TRV,249.299957275391
2024-10-25,TRV,243.544342041016
2024-10-28,TRV,245.362396240234
2024-10-29,TRV,241.765167236328
2024-10-30,TRV,243.145721435547
2024-10-31,TRV,239.110961914063
2024-11-01,TRV,238.819290161133
2024-11-04,TRV,236.067855834961
2024-11-05,TRV,238.041488647461
2024-11-06,TRV,246.898544311523
2024-11-07,TRV,245.27490234375
2024-11-08,TRV,249.756912231445
2024-11-11,TRV,251.186111450195
2024-11-12,TRV,250.826370239258
2024-11-13,TRV,249.543029785156
2024-11-14,TRV,249.397155761719
2024-11-15,TRV,253.577774047852
2024-11-18,TRV,255.395843505859
2024-11-19,TRV,252.07080078125
2024-11-20,TRV,250.048583984375
2024-11-21,TRV,253.568054199219
2024-11-22,TRV,255.181976318359
2024-11-25,TRV,253.966674804688
2024-11-26,TRV,256.445861816406
2024-11-27,TRV,259.255615234375
2024-11-29,TRV,258.65283203125
2024-12-02,TRV,256.193115234375
2024-12-03,TRV,253.354156494141
2024-12-04,TRV,254.511138916016
2024-12-05,TRV,255.950042724609
2024-12-06,TRV,253.89860534668
2024-12-09,TRV,244.924911499023
2024-12-10,TRV,241.781188964844
2024-12-11,TRV,239.330688476563
2024-12-12,TRV,238.100555419922
2024-12-13,TRV,240.463241577148
2024-12-16,TRV,240.43391418457
2024-12-17,TRV,237.866241455078
2024-12-18,TRV,230.436599731445
2024-12-19,TRV,232.076766967773
2024-12-20,TRV,235.054473876953
2024-12-23,TRV,235.640274047852
2024-12-24,TRV,237.124252319336
2024-12-26,TRV,237.9541015625
2024-12-27,TRV,235.689086914063
2024-12-30,TRV,234.185577392578
2024-12-31,TRV,235.181427001953
2025-01-02,TRV,235.181427001953
2025-01-03,TRV,236.548233032227
2025-01-06,TRV,236.147933959961
2025-01-07,TRV,235.952682495117
2025-01-08,TRV,237.016876220703
2025-01-10,TRV,226.921905517578
2025-01-13,TRV,227.800552368164
2025-01-14,TRV,231.315231323242
2025-01-15,TRV,234.29296875
2025-01-16,TRV,236.626327514648
2025-01-17,TRV,233.843887329102
2025-01-21,TRV,233.492401123047
2025-01-22,TRV,240.873260498047
2025-01-23,TRV,235.786712646484
2025-01-24,TRV,236.128433227539
2025-01-27,TRV,245.061553955078
2025-01-28,TRV,242.542709350586
2025-01-29,TRV,243.606903076172
2025-01-30,TRV,243.187072753906
2025-01-31,TRV,239.369720458984
2025-02-03,TRV,238.803512573242
2025-02-04,TRV,238.276290893555
2025-02-05,TRV,240.502243041992
2025-02-06,TRV,241.771453857422
2025-02-07,TRV,239.379501342773
2025-02-10,TRV,236.675170898438
2025-02-11,TRV,236.606796264648
2025-02-12,TRV,234.95686340332
2025-02-13,TRV,237.251174926758
2025-02-14,TRV,232.652770996094
2025-02-18,TRV,232.750411987305
2025-02-19,TRV,236.606796264648
2025-02-20,TRV,235.52311706543
2025-02-21,TRV,234.341796875
2025-02-24,TRV,242.357208251953
2025-02-25,TRV,246.526031494141
2025-02-26,TRV,242.952774047852
2025-02-27,TRV,248.752014160156
2025-02-28,TRV,252.364303588867
2025-03-03,TRV,254.658630371094
2025-03-04,TRV,249.64045715332
2025-03-05,TRV,251.915222167969
2025-03-06,TRV,249.952865600586
2025-03-07,TRV,251.593078613281
2025-03-10,TRV,251.553833007813
2025-03-11,TRV,249.544235229492
2025-03-12,TRV,247.024871826172
2025-03-13,TRV,250.897033691406
2025-03-14,TRV,255.769119262695
2025-03-17,TRV,259.905975341797
2025-03-18,TRV,255.3671875
2025-03-19,TRV,256.171081542969
2025-03-20,TRV,254.426132202148
2025-03-21,TRV,251.642074584961
2025-03-24,TRV,254.328079223633
2025-03-25,TRV,254.337875366211
2025-03-26,TRV,257.092559814453
2025-03-27,TRV,257.504211425781
2025-03-28,TRV,256.631774902344
2025-03-31,TRV,259.249176025391
2025-04-01,TRV,259.327545166016
2025-04-02,TRV,259.278564453125
2025-04-03,TRV,257.915954589844
2025-04-04,TRV,237.486572265625
2025-04-07,TRV,229.222686767578
2025-04-08,TRV,231.869506835938
2025-04-09,TRV,243.211517333984
2025-04-10,TRV,240.339248657227
2025-04-11,TRV,240.300064086914
2025-04-14,TRV,245.897537231445
2025-04-15,TRV,244.740798950195
2025-04-16,TRV,247.50520324707
2025-04-17,TRV,250.818618774414
2025-04-21,TRV,244.672149658203
2025-04-22,TRV,256.161224365234
2025-04-23,TRV,253.975143432617
2025-04-24,TRV,255.269149780273
2025-04-25,TRV,254.053558349609
2025-04-28,TRV,256.455322265625
2025-04-29,TRV,258.847259521484
2025-04-30,TRV,258.925628662109
2025-05-01,TRV,256.298461914063
2025-05-02,TRV,262.141082763672
2025-05-05,TRV,262.268463134766
2025-05-06,TRV,262.768432617188
2025-05-07,TRV,263.562438964844
2025-05-08,TRV,265.483856201172
2025-05-09,TRV,264.434936523438
2025-05-12,TRV,262.778198242188
2025-05-13,TRV,259.700103759766
2025-05-14,TRV,257.415985107422
2025-05-15,TRV,265.562255859375
2025-05-16,TRV,268.238464355469
2025-05-19,TRV,269.130554199219
2025-05-20,TRV,268.316925048828
2025-05-21,TRV,265.807342529297
2025-05-22,TRV,265.738677978516
2025-05-23,TRV,265.699523925781
2025-05-27,TRV,270.444122314453
2025-05-28,TRV,268.258117675781
2025-05-29,TRV,269.003112792969
2025-05-30,TRV,270.267700195313
2025-06-02,TRV,270.895111083984
2025-06-03,TRV,270.630432128906
2025-06-04,TRV,266.503356933594
2025-06-05,TRV,265.679870605469
2025-06-06,TRV,268.297302246094
2025-06-09,TRV,262.503723144531
2025-06-10,TRV,258.881378173828
2025-06-11,TRV,257.178466796875
2025-06-12,TRV,261.785186767578
2025-06-13,TRV,259.343994140625
2025-06-16,TRV,260.987884521484
2025-06-17,TRV,260.269256591797
2025-06-18,TRV,260.751617431641
2025-06-20,TRV,260.830383300781
2025-06-23,TRV,263.429016113281
2025-06-24,TRV,261.972198486328
2025-06-25,TRV,256.725677490234
2025-06-26,TRV,258.832183837891
2025-06-27,TRV,259.1865234375
2025-06-30,TRV,263.350280761719
2025-07-01,TRV,262.818756103516
2025-07-02,TRV,253.310012817383
2025-07-03,TRV,259.99365234375
2025-07-07,TRV,254.934188842773
2025-07-08,TRV,252.374908447266
2025-07-09,TRV,251.321655273438
2025-07-10,TRV,251.981155395508
2025-07-11,TRV,250.494812011719
2025-07-14,TRV,251.469299316406
2025-07-15,TRV,246.695251464844
2025-07-16,TRV,248.240676879883
2025-07-17,TRV,257.710021972656
2025-07-18,TRV,261.804840087891
2025-07-21,TRV,259.117614746094
2025-07-22,TRV,262.602172851563
2025-07-23,TRV,260.594116210938
2025-07-24,TRV,257.887176513672
2025-07-25,TRV,256.9619140625
2025-07-28,TRV,250.918060302734
2025-07-29,TRV,255.751190185547
2025-07-30,TRV,254.865295410156
2025-07-31,TRV,256.164581298828
2025-08-01,TRV,254.274688720703
2025-08-04,TRV,258.881378173828
2025-08-05,TRV,261.017425537109
2025-08-06,TRV,263.3896484375
2025-08-07,TRV,261.204406738281
2025-08-08,TRV,260.722076416016
2025-08-11,TRV,260.121643066406
2025-08-12,TRV,259.796813964844
2025-08-13,TRV,265.082702636719
2025-08-14,TRV,264.383850097656
2025-08-15,TRV,261.430816650391
2025-08-18,TRV,260.771301269531
2025-08-19,TRV,264.659454345703
2025-08-20,TRV,270.093048095703
2025-08-21,TRV,270.614685058594
2025-08-22,TRV,271.963256835938
2025-08-25,TRV,268.075073242188
2025-08-26,TRV,266.647796630859
2025-08-27,TRV,267.947143554688
2025-08-28,TRV,266.047332763672
2025-08-29,TRV,267.258117675781
2025-09-02,TRV,269.069305419922
2025-09-03,TRV,272.219146728516
2025-09-04,TRV,275.054046630859
2025-09-05,TRV,270.910034179688
2025-09-08,TRV,270.181579589844
2025-09-09,TRV,269.266143798828
2025-09-10,TRV,269.147552490234
2025-09-11,TRV,276.164581298828
2025-09-12,TRV,275.670440673828
2025-09-15,TRV,273.071166992188
2025-09-16,TRV,268.772033691406
2025-09-17,TRV,271.816009521484
2025-09-18,TRV,274.652465820313
2025-09-19,TRV,273.763000488281
2025-09-22,TRV,272.883361816406
2025-09-23,TRV,273.031677246094
2025-09-24,TRV,273.426971435547
2025-09-25,TRV,271.015472412109
2025-09-26,TRV,274.514129638672
2025-09-29,TRV,273.268829345703
2025-09-30,TRV,275.957061767578
2025-10-01,TRV,274.000183105469
2025-10-02,TRV,276.767486572266
2025-10-03,TRV,281.234649658203
2025-10-06,TRV,279.426055908203
2025-10-07,TRV,281.639831542969
2025-10-08,TRV,279.455688476563
2025-10-09,TRV,271.203277587891
2025-10-10,TRV,266.963409423828
2025-10-13,TRV,267.220367431641
2025-10-14,TRV,272.418884277344
2025-10-15,TRV,266.301239013672
2025-10-16,TRV,258.513336181641
2025-10-17,TRV,258.948211669922
2025-10-20,TRV,262.150299072266
2025-10-21,TRV,266.192504882813
2025-10-22,TRV,265.352447509766
2025-10-23,TRV,265.955291748047
2025-10-24,TRV,266.736114501953
2025-10-27,TRV,267.180786132813
2025-10-28,TRV,264.996673583984
2025-10-29,TRV,264.779235839844
2025-10-30,TRV,267.843017578125
2025-10-31,TRV,265.480926513672
2025-11-03,TRV,264.532165527344
2025-11-04,TRV,274.039703369141
2025-11-05,TRV,273.417053222656
2025-11-06,TRV,273.031677246094
2025-11-07,TRV,276.540130615234
2025-11-10,TRV,279.090026855469
2025-11-11,TRV,282.677581787109
2025-11-12,TRV,282.786285400391
2025-11-13,TRV,284.061218261719
2025-11-14,TRV,283.932769775391
2025-11-17,TRV,281.185241699219
2025-11-18,TRV,283.497894287109
2025-11-19,TRV,282.134002685547
2025-11-20,TRV,284.486206054688
2025-11-21,TRV,286.680297851563
2025-11-24,TRV,287.441284179688
2025-11-25,TRV,290.267852783203
2025-11-26,TRV,291.078277587891
2025-11-28,TRV,289.437622070313
2025-12-01,TRV,287.105255126953
2025-12-02,TRV,285.148345947266
2025-12-03,TRV,280.948028564453
2025-12-04,TRV,279.544647216797
2025-12-05,TRV,277.607543945313
2025-12-08,TRV,276.599426269531
2025-12-09,TRV,275.897735595703
2025-12-10,TRV,276.185516357422
2025-12-11,TRV,280.680297851563
2025-12-12,TRV,283.091369628906
2025-12-15,TRV,288.330322265625
2025-12-16,TRV,287.35791015625
2025-12-17,TRV,289.005035400391
2025-12-18,TRV,291.366516113281
2025-12-19,TRV,290.642211914063
2025-12-22,TRV,289.372161865234
2025-12-23,TRV,290.185791015625
2025-12-24,TRV,291.555023193359
2025-12-26,TRV,289.848419189453
2025-12-29,TRV,289.659881591797
2025-12-30,TRV,290.106414794922
2025-12-31,TRV,287.804443359375
2026-01-02,TRV,282.972290039063
2026-01-05,TRV,285.522338867188
2026-01-06,TRV,282.972290039063
2026-01-07,TRV,280.987854003906
2026-01-08,TRV,281.970153808594
2026-01-09,TRV,279.767425537109
2026-01-12,TRV,278.308868408203
2026-01-13,TRV,269.091125488281
2026-01-14,TRV,270.619110107422
2026-01-15,TRV,269.230010986328
2026-01-16,TRV,267.324951171875
2026-01-20,TRV,267.513458251953
2026-01-21,TRV,270.529815673828
2026-01-22,TRV,276.314514160156
2026-01-23,TRV,275.560394287109
2026-01-26,TRV,279.519348144531
2026-01-27,TRV,279.082763671875
2026-01-28,TRV,279.846801757813
2026-01-29,TRV,282.079315185547
2026-01-30,TRV,282.297607421875
2026-02-02,TRV,283.408874511719
2026-02-03,TRV,285.988677978516
2026-02-04,TRV,292.92431640625
2026-02-05,TRV,297.974731445313
2026-02-06,TRV,299.145568847656
2026-02-09,TRV,290.542999267578
2026-02-10,TRV,296.287963867188
2026-02-11,TRV,296.704681396484
2026-02-12,TRV,295.117126464844
2026-02-13,TRV,291.922180175781
2026-02-17,TRV,296.903137207031
2026-02-18,TRV,296.139099121094
2026-02-19,TRV,297.567932128906
2026-02-20,TRV,302.558776855469
2026-02-23,TRV,303.015258789063
2026-02-24,TRV,303.054901123047
2026-02-25,TRV,302.390167236328
2026-02-26,TRV,303.858612060547
2026-02-27,TRV,306.239959716797
2026-03-02,TRV,308.254180908203
2026-03-03,TRV,308.551818847656
2026-03-04,TRV,309.603607177734
2026-03-05,TRV,304.255523681641
2026-03-06,TRV,303.928070068359
2026-03-09,TRV,300.832336425781
2026-03-10,TRV,301.180877685547
2026-03-11,TRV,298.153533935547
2026-03-12,TRV,300.752685546875
2026-03-13,TRV,301.230651855469
2026-03-16,TRV,303.371734619141
2026-03-17,TRV,305.054656982422
2026-03-18,TRV,298.004150390625
2026-03-19,TRV,295.604187011719
2026-03-20,TRV,295.365203857422
2026-03-23,TRV,294.289672851563
2026-03-24,TRV,291.790161132813
2026-03-25,TRV,289.380218505859
2026-03-26,TRV,289.91796875
2026-03-27,TRV,284.082336425781
2026-03-30,TRV,290.605102539063
2026-03-31,TRV,290.465667724609
2026-04-01,TRV,289.320465087891
2026-04-02,TRV,292.766052246094
2026-04-06,TRV,294.319549560547
2026-04-07,TRV,293.821624755859
2026-04-08,TRV,300.334411621094
2026-04-09,TRV,301.967590332031
2026-04-10,TRV,296.0224609375
2026-04-13,TRV,300.055572509766
2026-04-14,TRV,298.342742919922
2026-04-15,TRV,298.083801269531
2026-04-16,TRV,297.595855712891
2026-04-17,TRV,299.557678222656
2026-04-20,TRV,299.527801513672
2026-04-21,TRV,300.165130615234
2026-04-22,TRV,300.424041748047
2026-04-23,TRV,306.050506591797
2026-04-24,TRV,301.469696044922
2026-04-27,TRV,302.475463867188
2026-04-28,TRV,308.729309082031
2026-04-29,TRV,300.991668701172
2026-04-30,TRV,303.869659423828
2026-05-01,TRV,303.451385498047
2026-05-04,TRV,300.274658203125
2026-05-05,TRV,300.095428466797
2026-05-06,TRV,300.334411621094
2026-05-07,TRV,297.695465087891
2026-05-08,TRV,296.799194335938
2026-05-11,TRV,295.893005371094
2026-05-12,TRV,297.018280029297
2026-05-13,TRV,293.791748046875
2026-05-14,TRV,297.048156738281
2026-05-15,TRV,298.512054443359
2026-05-18,TRV,304.716094970703
2026-05-19,TRV,304.248046875
2026-05-20,TRV,305.682067871094
2026-05-21,TRV,305.950958251953
2026-05-22,TRV,305.184143066406
2026-05-26,TRV,303.570892333984
2026-05-27,TRV,298.691284179688
2026-05-28,TRV,293.084716796875
2026-05-29,TRV,290.6748046875
2026-06-01,TRV,287.727111816406
2026-06-02,TRV,290.644897460938
2026-06-03,TRV,288.742889404297
2026-06-04,TRV,292.208374023438
2026-06-05,TRV,301.987518310547
2026-06-08,TRV,295.494659423828
2026-06-09,TRV,299
2026-06-10,TRV,303.359985351563
2026-06-11,TRV,303.899993896484
2026-06-12,TRV,304.459991455078
2026-06-15,TRV,306.470001220703
2026-06-16,TRV,307.510009765625
2026-06-17,TRV,306.070007324219
2026-06-18,TRV,307.809997558594
2026-06-22,TRV,310.609985351563
2026-06-23,TRV,316.959991455078
2026-06-24,TRV,320.739990234375
2026-06-25,TRV,318.290008544922
2026-06-26,TRV,327.369995117188
2026-06-29,TRV,331.880004882813
2026-06-30,TRV,330.119995117188
2026-07-01,TRV,334.619995117188
2026-07-02,TRV,342.309997558594
2026-07-06,TRV,339.170013427734
2026-07-07,TRV,343.730010986328
2026-07-08,TRV,337.940002441406
2026-07-09,TRV,337.480010986328
2026-07-10,TRV,338.920013427734
2026-07-13,TRV,341.510009765625
2026-07-14,TRV,336.829986572266
2026-07-15,TRV,329.190002441406
2026-07-16,TRV,337.820007324219
2026-07-17,TRV,368.980010986328
2026-07-20,TRV,368.5
2026-07-21,TRV,369.630004882813
2026-07-22,TRV,372.079986572266
2026-07-23,TRV,376.369995117188
2026-07-24,TRV,387.260009765625
2026-07-27,TRV,390.350006103516
2026-07-28,TRV,397.220001220703
2016-07-29,MSFT,50.1124038696289
2016-08-01,MSFT,50.0239868164063
2016-08-02,MSFT,50.0239868164063
2016-08-03,MSFT,50.3688049316406
2016-08-04,MSFT,50.7401275634766
2016-08-05,MSFT,51.2440795898438
2016-08-08,MSFT,51.3325080871582
2016-08-09,MSFT,51.4562797546387
2016-08-10,MSFT,51.2971229553223
2016-08-11,MSFT,51.5446891784668
2016-08-12,MSFT,51.2263946533203
2016-08-15,MSFT,51.3855361938477
2016-08-16,MSFT,51.1008567810059
2016-08-17,MSFT,51.2076072692871
2016-08-18,MSFT,51.2431983947754
2016-08-19,MSFT,51.2609786987305
2016-08-22,MSFT,51.3054733276367
2016-08-23,MSFT,51.5011978149414
2016-08-24,MSFT,51.554573059082
2016-08-25,MSFT,51.7502822875977
2016-08-26,MSFT,51.625732421875
2016-08-29,MSFT,51.6880035400391
2016-08-30,MSFT,51.5011978149414
2016-08-31,MSFT,51.1186561584473
2016-09-01,MSFT,51.2342987060547
2016-09-02,MSFT,51.3054733276367
2016-09-06,MSFT,51.2520980834961
2016-09-07,MSFT,51.2965812683106
2016-09-08,MSFT,51.0919532775879
2016-09-09,MSFT,50.0065994262695
2016-09-12,MSFT,50.7538871765137
2016-09-13,MSFT,50.2912826538086
2016-09-14,MSFT,50.0510864257813
2016-09-15,MSFT,50.8784446716309
2016-09-16,MSFT,50.9318389892578
2016-09-19,MSFT,50.647144317627
2016-09-20,MSFT,50.5403785705566
2016-09-21,MSFT,51.3855323791504
2016-09-22,MSFT,51.4389152526856
2016-09-23,MSFT,51.0919532775879
2016-09-26,MSFT,50.6204528808594
2016-09-27,MSFT,51.554573059082
2016-09-28,MSFT,51.625732421875
2016-09-29,MSFT,51.0652770996094
2016-09-30,MSFT,51.2431983947754
2016-10-03,MSFT,51.0830688476563
2016-10-04,MSFT,50.9229278564453
2016-10-05,MSFT,51.2787780761719
2016-10-06,MSFT,51.3677558898926
2016-10-07,MSFT,51.4211235046387
2016-10-10,MSFT,51.634651184082
2016-10-11,MSFT,50.8784446716309
2016-10-12,MSFT,50.8072700500488
2016-10-13,MSFT,50.6382484436035
2016-10-14,MSFT,51.0830688476563
2016-10-17,MSFT,50.9051361083984
2016-10-18,MSFT,51.2965812683106
2016-10-19,MSFT,51.1809158325195
2016-10-20,MSFT,50.9318389892578
2016-10-21,MSFT,53.075855255127
2016-10-24,MSFT,54.2679710388184
2016-10-25,MSFT,54.2590827941895
2016-10-26,MSFT,53.9388008117676
2016-10-27,MSFT,53.4673042297363
2016-10-28,MSFT,53.2626838684082
2016-10-31,MSFT,53.3071556091309
2016-11-01,MSFT,53.2004089355469
2016-11-02,MSFT,52.8712348937988
2016-11-03,MSFT,52.675537109375
2016-11-04,MSFT,52.2306976318359
2016-11-07,MSFT,53.7519836425781
2016-11-08,MSFT,53.7964591979981
2016-11-09,MSFT,53.5295600891113
2016-11-10,MSFT,52.221809387207
2016-11-11,MSFT,52.5064926147461
2016-11-14,MSFT,51.705810546875
2016-11-15,MSFT,52.7268486022949
2016-11-16,MSFT,53.4254570007324
2016-11-17,MSFT,54.3121452331543
2016-11-18,MSFT,54.0524253845215
2016-11-21,MSFT,54.5091934204102
2016-11-22,MSFT,54.7420616149902
2016-11-23,MSFT,54.0971946716309
2016-11-25,MSFT,54.2136154174805
2016-11-28,MSFT,54.2852745056152
2016-11-29,MSFT,54.7151870727539
2016-11-30,MSFT,53.971794128418
2016-12-01,MSFT,53.0224189758301
2016-12-02,MSFT,53.067195892334
2016-12-05,MSFT,53.935977935791
2016-12-06,MSFT,53.694149017334
2016-12-07,MSFT,54.9659690856934
2016-12-08,MSFT,54.6435356140137
2016-12-09,MSFT,55.503360748291
2016-12-12,MSFT,55.6824989318848
2016-12-13,MSFT,56.4079742431641
2016-12-14,MSFT,56.139274597168
2016-12-15,MSFT,56.0497055053711
2016-12-16,MSFT,55.7989196777344
2016-12-19,MSFT,56.9811820983887
2016-12-20,MSFT,56.9095268249512
2016-12-21,MSFT,56.9095268249512
2016-12-22,MSFT,56.9184951782227
2016-12-23,MSFT,56.6408386230469
2016-12-27,MSFT,56.6766586303711
2016-12-28,MSFT,56.4169311523438
2016-12-29,MSFT,56.3363151550293
2016-12-30,MSFT,55.6556243896484
2017-01-03,MSFT,56.0497055053711
2017-01-04,MSFT,55.7989196777344
2017-01-05,MSFT,55.7989196777344
2017-01-06,MSFT,56.2825813293457
2017-01-09,MSFT,56.1034507751465
2017-01-10,MSFT,56.0855255126953
2017-01-11,MSFT,56.5960502624512
2017-01-12,MSFT,56.0765838623047
2017-01-13,MSFT,56.1571884155273
2017-01-17,MSFT,56.0049324035645
2017-01-18,MSFT,55.9780616760254
2017-01-19,MSFT,55.7989196777344
2017-01-20,MSFT,56.1930198669434
2017-01-23,MSFT,56.3900566101074
2017-01-24,MSFT,56.8916130065918
2017-01-25,MSFT,57.0349235534668
2017-01-26,MSFT,57.5633544921875
2017-01-27,MSFT,58.9157905578613
2017-01-30,MSFT,58.3336029052734
2017-01-31,MSFT,57.9037055969238
2017-02-01,MSFT,56.9453544616699
2017-02-02,MSFT,56.5781326293945
2017-02-03,MSFT,57.0349235534668
2017-02-06,MSFT,56.9990959167481
2017-02-07,MSFT,56.8110122680664
2017-02-08,MSFT,56.7304000854492
2017-02-09,MSFT,57.3752746582031
2017-02-10,MSFT,57.3215255737305
2017-02-13,MSFT,57.9664039611816
2017-02-14,MSFT,58.1826591491699
2017-02-15,MSFT,58.1466026306152
2017-02-16,MSFT,58.1376037597656
2017-02-17,MSFT,58.227710723877
2017-02-21,MSFT,58.1105613708496
2017-02-22,MSFT,57.9934272766113
2017-02-23,MSFT,58.227710723877
2017-02-24,MSFT,58.227710723877
2017-02-27,MSFT,57.8762893676758
2017-02-28,MSFT,57.6510124206543
2017-03-01,MSFT,58.5160484313965
2017-03-02,MSFT,57.6780548095703
2017-03-03,MSFT,57.8943099975586
2017-03-06,MSFT,57.9123229980469
2017-03-07,MSFT,58.0294799804688
2017-03-08,MSFT,58.5611190795898
2017-03-09,MSFT,58.3268394470215
2017-03-10,MSFT,58.5070610046387
2017-03-13,MSFT,58.3087997436523
2017-03-14,MSFT,58.0384941101074
2017-03-15,MSFT,58.3448448181152
2017-03-16,MSFT,58.2457504272461
2017-03-17,MSFT,58.4529800415039
2017-03-20,MSFT,58.5070610046387
2017-03-21,MSFT,57.8582611083984
2017-03-22,MSFT,58.5971565246582
2017-03-23,MSFT,58.4529800415039
2017-03-24,MSFT,58.5520973205566
2017-03-27,MSFT,58.6602249145508
2017-03-28,MSFT,58.8314399719238
2017-03-29,MSFT,58.9936256408691
2017-03-30,MSFT,59.2098846435547
2017-03-31,MSFT,59.3450431823731
2017-04-03,MSFT,59.0657234191895
2017-04-04,MSFT,59.2279167175293
2017-04-05,MSFT,59.0746955871582
2017-04-06,MSFT,59.2279167175293
2017-04-07,MSFT,59.1828422546387
2017-04-10,MSFT,59.0476875305176
2017-04-11,MSFT,59.0026473999023
2017-04-12,MSFT,58.7773742675781
2017-04-13,MSFT,58.5250511169434
2017-04-17,MSFT,59.0026473999023
2017-04-18,MSFT,58.9215393066406
2017-04-19,MSFT,58.6061477661133
2017-04-20,MSFT,59.0206451416016
2017-04-21,MSFT,59.8316459655762
2017-04-24,MSFT,60.8498649597168
2017-04-25,MSFT,61.2012748718262
2017-04-26,MSFT,61.1201629638672
2017-04-27,MSFT,61.5166549682617
2017-04-28,MSFT,61.6878547668457
2017-05-01,MSFT,62.5438919067383
2017-05-02,MSFT,62.4447746276856
2017-05-03,MSFT,62.246524810791
2017-05-04,MSFT,62.0032272338867
2017-05-05,MSFT,62.1744232177734
2017-05-08,MSFT,62.1203765869141
2017-05-09,MSFT,62.2104759216309
2017-05-10,MSFT,62.453784942627
2017-05-11,MSFT,61.6878547668457
2017-05-12,MSFT,61.6157646179199
2017-05-15,MSFT,61.660831451416
2017-05-16,MSFT,62.9023780822754
2017-05-17,MSFT,61.1533203125
2017-05-18,MSFT,61.3617515563965
2017-05-19,MSFT,61.343635559082
2017-05-22,MSFT,62.0323677062988
2017-05-23,MSFT,62.2408332824707
2017-05-24,MSFT,62.3223762512207
2017-05-25,MSFT,63.0927124023438
2017-05-26,MSFT,63.4008140563965
2017-05-30,MSFT,63.8086204528809
2017-05-31,MSFT,63.2920761108398
2017-06-01,MSFT,63.5276794433594
2017-06-02,MSFT,65.0320892333984
2017-06-05,MSFT,65.5032958984375
2017-06-06,MSFT,65.7207870483398
2017-06-07,MSFT,65.6029739379883
2017-06-08,MSFT,65.204231262207
2017-06-09,MSFT,63.7270889282227
2017-06-12,MSFT,63.2376976013184
2017-06-13,MSFT,64.026123046875
2017-06-14,MSFT,63.6817474365234
2017-06-15,MSFT,63.3464431762695
2017-06-16,MSFT,63.4370422363281
2017-06-19,MSFT,64.2255096435547
2017-06-20,MSFT,63.3554954528809
2017-06-21,MSFT,63.6817474365234
2017-06-22,MSFT,63.6726799011231
2017-06-23,MSFT,64.5336227416992
2017-06-26,MSFT,63.9173812866211
2017-06-27,MSFT,62.7211303710938
2017-06-28,MSFT,63.2558174133301
2017-06-29,MSFT,62.0686302185059
2017-06-30,MSFT,62.4673805236816
2017-07-03,MSFT,61.7786407470703
2017-07-05,MSFT,62.6033058166504
2017-07-06,MSFT,62.1411285400391
2017-07-07,MSFT,62.9476890563965
2017-07-10,MSFT,63.4189643859863
2017-07-11,MSFT,63.4279937744141
2017-07-12,MSFT,64.4792404174805
2017-07-13,MSFT,65.0410842895508
2017-07-14,MSFT,65.956413269043
2017-07-17,MSFT,66.4729919433594
2017-07-18,MSFT,66.4276657104492
2017-07-19,MSFT,66.9351577758789
2017-07-20,MSFT,67.2614212036133
2017-07-21,MSFT,66.8717269897461
2017-07-24,MSFT,66.6995391845703
2017-07-25,MSFT,67.2342071533203
2017-07-26,MSFT,67.1073150634766
2017-07-27,MSFT,66.3008041381836
2017-07-28,MSFT,66.1920471191406
2017-07-31,MSFT,65.883918762207
2017-08-01,MSFT,65.7751541137695
2017-08-02,MSFT,65.4851760864258
2017-08-03,MSFT,65.385498046875
2017-08-04,MSFT,65.8658142089844
2017-08-07,MSFT,65.6120529174805
2017-08-08,MSFT,65.9654693603516
2017-08-09,MSFT,65.6754760742188
2017-08-10,MSFT,64.7148513793945
2017-08-11,MSFT,65.7026672363281
2017-08-14,MSFT,66.6904754638672
2017-08-15,MSFT,66.7086944580078
2017-08-16,MSFT,67.1004486083984
2017-08-17,MSFT,65.9616088867188
2017-08-18,MSFT,66.0435943603516
2017-08-21,MSFT,65.7338714599609
2017-08-22,MSFT,66.6540374755859
2017-08-23,MSFT,66.2531433105469
2017-08-24,MSFT,66.2258148193359
2017-08-25,MSFT,66.3442687988281
2017-08-28,MSFT,66.3533706665039
2017-08-29,MSFT,66.5537948608398
2017-08-30,MSFT,67.4284362792969
2017-08-31,MSFT,68.1208648681641
2017-09-01,MSFT,67.3646697998047
2017-09-05,MSFT,67.0640258789063
2017-09-06,MSFT,66.8727111816406
2017-09-07,MSFT,67.7290954589844
2017-09-08,MSFT,67.4011077880859
2017-09-11,MSFT,68.1117477416992
2017-09-12,MSFT,68.0388793945313
2017-09-13,MSFT,68.5217208862305
2017-09-14,MSFT,68.1208648681641
2017-09-15,MSFT,68.6128463745117
2017-09-18,MSFT,68.4761657714844
2017-09-19,MSFT,68.7312469482422
2017-09-20,MSFT,68.2757415771484
2017-09-21,MSFT,67.6106643676758
2017-09-22,MSFT,67.7928848266602
2017-09-25,MSFT,66.7451400756836
2017-09-26,MSFT,66.7451400756836
2017-09-27,MSFT,67.2826766967773
2017-09-28,MSFT,67.3008880615234
2017-09-29,MSFT,67.8657455444336
2017-10-02,MSFT,67.9750671386719
2017-10-03,MSFT,67.6561965942383
2017-10-04,MSFT,68.0480117797852
2017-10-05,MSFT,69.2141494750977
2017-10-06,MSFT,69.2414703369141
2017-10-09,MSFT,69.5056762695313
2017-10-10,MSFT,69.5056762695313
2017-10-11,MSFT,69.6241149902344
2017-10-12,MSFT,70.2618713378906
2017-10-13,MSFT,70.5989608764648
2017-10-16,MSFT,70.7447509765625
2017-10-17,MSFT,70.6900863647461
2017-10-18,MSFT,70.7082901000977
2017-10-19,MSFT,70.9816360473633
2017-10-20,MSFT,71.8015899658203
2017-10-23,MSFT,71.8198165893555
2017-10-24,MSFT,71.8471603393555
2017-10-25,MSFT,71.6375885009766
2017-10-26,MSFT,71.7560195922852
2017-10-27,MSFT,76.3569564819336
2017-10-30,MSFT,76.4298324584961
2017-10-31,MSFT,75.7829666137695
2017-11-01,MSFT,75.7829666137695
2017-11-02,MSFT,76.5756149291992
2017-11-03,MSFT,76.6576080322266
2017-11-06,MSFT,76.9582290649414
2017-11-07,MSFT,76.7760543823242
2017-11-08,MSFT,77.0402526855469
2017-11-09,MSFT,76.612060546875
2017-11-10,MSFT,76.41162109375
2017-11-13,MSFT,76.4662704467773
2017-11-14,MSFT,76.5756149291992
2017-11-15,MSFT,75.9804534912109
2017-11-16,MSFT,76.1818542480469
2017-11-17,MSFT,75.4493789672852
2017-11-20,MSFT,75.5683975219727
2017-11-21,MSFT,76.6580123901367
2017-11-22,MSFT,76.099479675293
2017-11-24,MSFT,76.23681640625
2017-11-27,MSFT,76.7953720092773
2017-11-28,MSFT,77.7201614379883
2017-11-29,MSFT,76.31005859375
2017-11-30,MSFT,77.0700531005859
2017-12-01,MSFT,77.1524810791016
2017-12-04,MSFT,74.2406921386719
2017-12-05,MSFT,74.7076873779297
2017-12-06,MSFT,75.7973022460938
2017-12-07,MSFT,75.5317611694336
2017-12-08,MSFT,77.0608901977539
2017-12-11,MSFT,78.0406494140625
2017-12-12,MSFT,78.3611068725586
2017-12-13,MSFT,78.150520324707
2017-12-14,MSFT,77.5461883544922
2017-12-15,MSFT,79.5239715576172
2017-12-18,MSFT,79.093635559082
2017-12-19,MSFT,78.5900268554688
2017-12-20,MSFT,78.3061828613281
2017-12-21,MSFT,78.2878570556641
2017-12-22,MSFT,78.2970275878906
2017-12-26,MSFT,78.1963119506836
2017-12-27,MSFT,78.4801483154297
2017-12-28,MSFT,78.4893112182617
2017-12-29,MSFT,78.3244934082031
2018-01-02,MSFT,78.6998977661133
2018-01-03,MSFT,79.0661544799805
2018-01-04,MSFT,79.7620697021484
2018-01-05,MSFT,80.7509765625
2018-01-08,MSFT,80.833366394043
2018-01-09,MSFT,80.778434753418
2018-01-10,MSFT,80.4121780395508
2018-01-11,MSFT,80.6502227783203
2018-01-12,MSFT,82.0420227050781
2018-01-16,MSFT,80.8974304199219
2018-01-17,MSFT,82.5364837646484
2018-01-18,MSFT,82.4998397827148
2018-01-19,MSFT,82.4082717895508
2018-01-22,MSFT,83.8824691772461
2018-01-23,MSFT,84.1480026245117
2018-01-24,MSFT,84.0747604370117
2018-01-25,MSFT,84.5417404174805
2018-01-26,MSFT,86.1258010864258
2018-01-29,MSFT,85.9976119995117
2018-01-30,MSFT,84.9171524047852
2018-01-31,MSFT,86.9956436157227
2018-02-01,MSFT,86.3089447021484
2018-02-02,MSFT,84.0381317138672
2018-02-05,MSFT,80.5769729614258
2018-02-06,MSFT,83.6260986328125
2018-02-07,MSFT,82.0511779785156
2018-02-08,MSFT,77.8392105102539
2018-02-09,MSFT,80.7417831420898
2018-02-12,MSFT,81.6116638183594
2018-02-13,MSFT,82.2526245117188
2018-02-14,MSFT,83.5405349731445
2018-02-15,MSFT,85.2424468994141
2018-02-16,MSFT,84.6352691650391
2018-02-20,MSFT,85.2976531982422
2018-02-21,MSFT,84.1660919189453
2018-02-22,MSFT,84.3868942260742
2018-02-23,MSFT,86.530387878418
2018-02-26,MSFT,87.7815017700195
2018-02-27,MSFT,86.6591796875
2018-02-28,MSFT,86.2635879516602
2018-03-01,MSFT,85.4172439575195
2018-03-02,MSFT,85.6012344360352
2018-03-05,MSFT,86.1440200805664
2018-03-06,MSFT,85.849609375
2018-03-07,MSFT,86.3463973999023
2018-03-08,MSFT,86.8707504272461
2018-03-09,MSFT,88.8118515014648
2018-03-12,MSFT,89.0234451293945
2018-03-13,MSFT,86.8523712158203
2018-03-14,MSFT,86.3371963500977
2018-03-15,MSFT,86.6407699584961
2018-03-16,MSFT,87.0271453857422
2018-03-19,MSFT,85.4540481567383
2018-03-20,MSFT,85.6748275756836
2018-03-21,MSFT,85.0768661499023
2018-03-22,MSFT,82.6022186279297
2018-03-23,MSFT,80.2011260986328
2018-03-26,MSFT,86.2727966308594
2018-03-27,MSFT,82.3078155517578
2018-03-28,MSFT,82.2342300415039
2018-03-29,MSFT,83.9637145996094
2018-04-02,MSFT,81.4338607788086
2018-04-03,MSFT,82.5285949707031
2018-04-04,MSFT,84.9388656616211
2018-04-05,MSFT,84.9848556518555
2018-04-06,MSFT,83.0069732666016
2018-04-09,MSFT,83.5037307739258
2018-04-10,MSFT,85.4448318481445
2018-04-11,MSFT,84.5065078735352
2018-04-12,MSFT,86.0888214111328
2018-04-13,MSFT,85.6288223266602
2018-04-16,MSFT,86.6315765380859
2018-04-17,MSFT,88.3794708251953
2018-04-18,MSFT,88.7198638916016
2018-04-19,MSFT,88.4162750244141
2018-04-20,MSFT,87.395133972168
2018-04-23,MSFT,87.7171173095703
2018-04-24,MSFT,85.6656265258789
2018-04-25,MSFT,84.9204635620117
2018-04-26,MSFT,86.7143936157227
2018-04-27,MSFT,88.1495132446289
2018-04-30,MSFT,86.0335998535156
2018-05-01,MSFT,87.395133972168
2018-05-02,MSFT,86.0244140625
2018-05-03,MSFT,86.5395812988281
2018-05-04,MSFT,87.5423431396484
2018-05-07,MSFT,88.517463684082
2018-05-08,MSFT,88.1402816772461
2018-05-09,MSFT,89.1798477172852
2018-05-10,MSFT,90.0721817016602
2018-05-11,MSFT,89.8789825439453
2018-05-14,MSFT,90.1825790405273
2018-05-15,MSFT,89.529426574707
2018-05-16,MSFT,89.7604064941406
2018-05-17,MSFT,88.8641967773438
2018-05-18,MSFT,89.0305023193359
2018-05-21,MSFT,90.1761474609375
2018-05-22,MSFT,90.0837554931641
2018-05-23,MSFT,91.1555328369141
2018-05-24,MSFT,90.8321762084961
2018-05-25,MSFT,90.8783721923828
2018-05-29,MSFT,90.5549774169922
2018-05-30,MSFT,91.4234848022461
2018-05-31,MSFT,91.3218612670898
2018-06-01,MSFT,93.12353515625
2018-06-04,MSFT,93.9365768432617
2018-06-05,MSFT,94.4170303344727
2018-06-06,MSFT,94.6942291259766
2018-06-07,MSFT,93.206672668457
2018-06-08,MSFT,93.8996505737305
2018-06-11,MSFT,93.3637619018555
2018-06-12,MSFT,93.6039657592773
2018-06-13,MSFT,93.1789627075195
2018-06-14,MSFT,93.7056198120117
2018-06-15,MSFT,92.5137252807617
2018-06-18,MSFT,93.1881942749023
2018-06-19,MSFT,93.1881942749023
2018-06-20,MSFT,94.1213836669922
2018-06-21,MSFT,93.446907043457
2018-06-22,MSFT,92.7724456787109
2018-06-25,MSFT,90.9060668945313
2018-06-26,MSFT,91.5435791015625
2018-06-27,MSFT,90.120719909668
2018-06-28,MSFT,91.127815246582
2018-06-29,MSFT,91.1093521118164
2018-07-02,MSFT,92.4028625488281
2018-07-03,MSFT,91.5158538818359
2018-07-05,MSFT,92.1718978881836
2018-07-06,MSFT,93.4653778076172
2018-07-09,MSFT,94.1028900146484
2018-07-10,MSFT,94.3523712158203
2018-07-11,MSFT,94.223014831543
2018-07-12,MSFT,96.2649230957031
2018-07-13,MSFT,97.4106063842773
2018-07-16,MSFT,96.9301452636719
2018-07-17,MSFT,97.8910369873047
2018-07-18,MSFT,97.1241836547852
2018-07-19,MSFT,96.4589462280273
2018-07-20,MSFT,98.1866989135742
2018-07-23,MSFT,99.7573928833008
2018-07-24,MSFT,99.4709548950195
2018-07-25,MSFT,102.399848937988
2018-07-26,MSFT,101.281875610352
2018-07-27,MSFT,99.4894409179688
2018-07-30,MSFT,97.3551635742188
2018-07-31,MSFT,98.0111465454102
2018-08-01,MSFT,98.1959381103516
2018-08-02,MSFT,99.3878173828125
2018-08-03,MSFT,99.8220520019531
2018-08-06,MSFT,99.9052352905273
2018-08-07,MSFT,100.598175048828
2018-08-08,MSFT,101.161781311035
2018-08-09,MSFT,101.328079223633
2018-08-10,MSFT,100.709037780762
2018-08-13,MSFT,99.9791488647461
2018-08-14,MSFT,101.226463317871
2018-08-15,MSFT,99.8537521362305
2018-08-16,MSFT,99.8352127075195
2018-08-17,MSFT,99.7795562744141
2018-08-20,MSFT,99.1210403442383
2018-08-21,MSFT,98.2955856323242
2018-08-22,MSFT,99.2972412109375
2018-08-23,MSFT,99.7610092163086
2018-08-24,MSFT,100.540107727051
2018-08-27,MSFT,101.653091430664
2018-08-28,MSFT,102.265243530273
2018-08-29,MSFT,103.897621154785
2018-08-30,MSFT,103.832702636719
2018-08-31,MSFT,104.185150146484
2018-09-04,MSFT,103.610107421875
2018-09-05,MSFT,100.623596191406
2018-09-06,MSFT,100.855438232422
2018-09-07,MSFT,100.363883972168
2018-09-10,MSFT,101.449066162109
2018-09-11,MSFT,103.174179077148
2018-09-12,MSFT,103.610107421875
2018-09-13,MSFT,104.723091125488
2018-09-14,MSFT,105.149742126465
2018-09-17,MSFT,104.008918762207
2018-09-18,MSFT,105.001358032227
2018-09-19,MSFT,103.60082244873
2018-09-20,MSFT,105.335235595703
2018-09-21,MSFT,105.975212097168
2018-09-24,MSFT,106.355476379395
2018-09-25,MSFT,106.151428222656
2018-09-26,MSFT,105.715522766113
2018-09-27,MSFT,106.114349365234
2018-09-28,MSFT,106.077224731445
2018-10-01,MSFT,107.227333068848
2018-10-02,MSFT,106.800682067871
2018-10-03,MSFT,106.819206237793
2018-10-04,MSFT,104.611793518066
2018-10-05,MSFT,103.999649047852
2018-10-08,MSFT,102.812454223633
2018-10-09,MSFT,104.120231628418
2018-10-10,MSFT,98.462532043457
2018-10-11,MSFT,98.2306594848633
2018-10-12,MSFT,101.625274658203
2018-10-15,MSFT,99.7981185913086
2018-10-16,MSFT,102.951583862305
2018-10-17,MSFT,102.682624816895
2018-10-18,MSFT,100.632850646973
2018-10-19,MSFT,100.781265258789
2018-10-22,MSFT,101.68090057373
2018-10-23,MSFT,100.261856079102
2018-10-24,MSFT,94.9009628295898
2018-10-25,MSFT,100.447357177734
2018-10-26,MSFT,99.2045135498047
2018-10-29,MSFT,96.3200149536133
2018-10-30,MSFT,96.2087249755859
2018-10-31,MSFT,99.0653839111328
2018-11-01,MSFT,98.2399215698242
2018-11-02,MSFT,98.462532043457
2018-11-05,MSFT,99.7146530151367
2018-11-06,MSFT,99.9094161987305
2018-11-07,MSFT,103.84196472168
2018-11-08,MSFT,103.647201538086
2018-11-09,MSFT,101.625274658203
2018-11-12,MSFT,99.1210403442383
2018-11-13,MSFT,99.1859741210938
2018-11-14,MSFT,97.7794036865234
2018-11-15,MSFT,99.9311599731445
2018-11-16,MSFT,100.871978759766
2018-11-19,MSFT,97.4533767700195
2018-11-20,MSFT,94.7427291870117
2018-11-21,MSFT,96.0468139648438
2018-11-23,MSFT,96.0095596313477
2018-11-26,MSFT,99.1766586303711
2018-11-27,MSFT,99.8007431030273
2018-11-28,MSFT,103.508102416992
2018-11-29,MSFT,102.641830444336
2018-11-30,MSFT,103.293884277344
2018-12-03,MSFT,104.411682128906
2018-12-04,MSFT,101.086219787598
2018-12-06,MSFT,101.710342407227
2018-12-07,MSFT,97.6396713256836
2018-12-10,MSFT,100.219940185547
2018-12-11,MSFT,101.151443481445
2018-12-12,MSFT,101.607856750488
2018-12-13,MSFT,101.952522277832
2018-12-14,MSFT,98.7667694091797
2018-12-17,MSFT,95.8418807983398
2018-12-18,MSFT,96.8479156494141
2018-12-19,MSFT,96.5870895385742
2018-12-20,MSFT,94.5564193725586
2018-12-21,MSFT,91.5011215209961
2018-12-24,MSFT,87.6819610595703
2018-12-26,MSFT,93.6714859008789
2018-12-27,MSFT,94.2490386962891
2018-12-28,MSFT,93.5131378173828
2018-12-31,MSFT,94.6123123168945
2019-01-02,MSFT,94.193115234375
2019-01-03,MSFT,90.7279510498047
2019-01-04,MSFT,94.9476699829102
2019-01-07,MSFT,95.0687713623047
2019-01-08,MSFT,95.758056640625
2019-01-09,MSFT,97.1273727416992
2019-01-10,MSFT,96.5032653808594
2019-01-11,MSFT,95.758056640625
2019-01-14,MSFT,95.0594177246094
2019-01-15,MSFT,97.8166809082031
2019-01-16,MSFT,98.1613082885742
2019-01-17,MSFT,98.8506317138672
2019-01-18,MSFT,100.33171081543
2019-01-22,MSFT,98.4407653808594
2019-01-23,MSFT,99.4002151489258
2019-01-24,MSFT,98.9251403808594
2019-01-25,MSFT,99.8287048339844
2019-01-28,MSFT,97.8819122314453
2019-01-29,MSFT,95.8884506225586
2019-01-30,MSFT,99.0928344726563
2019-01-31,MSFT,97.2764205932617
2019-02-01,MSFT,95.7394180297852
2019-02-04,MSFT,98.4966506958008
2019-02-05,MSFT,99.8753204345703
2019-02-06,MSFT,98.7667694091797
2019-02-07,MSFT,98.0588760375977
2019-02-08,MSFT,98.4314346313477
2019-02-11,MSFT,98.0402297973633
2019-02-12,MSFT,99.5678939819336
2019-02-13,MSFT,99.4933547973633
2019-02-14,MSFT,99.5772171020508
2019-02-15,MSFT,100.806793212891
2019-02-19,MSFT,100.760192871094
2019-02-20,MSFT,100.236328125
2019-02-21,MSFT,102.350517272949
2019-02-22,MSFT,103.809844970703
2019-02-25,MSFT,104.389846801758
2019-02-26,MSFT,105.110153198242
2019-02-27,MSFT,104.93244934082
2019-02-28,MSFT,104.801467895508
2019-03-01,MSFT,105.26921081543
2019-03-04,MSFT,105.016632080078
2019-03-05,MSFT,104.492736816406
2019-03-06,MSFT,104.539520263672
2019-03-07,MSFT,103.267265319824
2019-03-08,MSFT,103.379531860352
2019-03-11,MSFT,105.549850463867
2019-03-12,MSFT,106.28889465332
2019-03-13,MSFT,107.112091064453
2019-03-14,MSFT,107.196273803711
2019-03-15,MSFT,108.431114196777
2019-03-18,MSFT,109.984008789063
2019-03-19,MSFT,110.05884552002
2019-03-20,MSFT,109.937240600586
2019-03-21,MSFT,112.463012695313
2019-03-22,MSFT,109.497566223145
2019-03-25,MSFT,110.068206787109
2019-03-26,MSFT,110.302032470703
2019-03-27,MSFT,109.235633850098
2019-03-28,MSFT,109.385292053223
2019-03-29,MSFT,110.330139160156
2019-04-01,MSFT,111.340438842773
2019-04-02,MSFT,111.499481201172
2019-04-03,MSFT,112.229148864746
2019-04-04,MSFT,111.658500671387
2019-04-05,MSFT,112.154312133789
2019-04-08,MSFT,112.191719055176
2019-04-09,MSFT,111.583656311035
2019-04-10,MSFT,112.434944152832
2019-04-11,MSFT,112.565933227539
2019-04-12,MSFT,113.145896911621
2019-04-15,MSFT,113.239463806152
2019-04-16,MSFT,112.977531433105
2019-04-17,MSFT,113.912979125977
2019-04-18,MSFT,115.409767150879
2019-04-22,MSFT,115.774574279785
2019-04-23,MSFT,117.34619140625
2019-04-24,MSFT,116.943969726563
2019-04-25,MSFT,120.816818237305
2019-04-26,MSFT,121.509094238281
2019-04-29,MSFT,121.396820068359
2019-04-30,MSFT,122.173263549805
2019-05-01,MSFT,119.628761291504
2019-05-02,MSFT,118.066513061523
2019-05-03,MSFT,120.582946777344
2019-05-06,MSFT,119.881332397461
2019-05-07,MSFT,117.421043395996
2019-05-08,MSFT,117.411682128906
2019-05-09,MSFT,117.402328491211
2019-05-10,MSFT,118.927169799805
2019-05-13,MSFT,115.391052246094
2019-05-14,MSFT,116.682022094727
2019-05-15,MSFT,118.325141906738
2019-05-16,MSFT,121.057487487793
2019-05-17,MSFT,120.25
2019-05-20,MSFT,118.512939453125
2019-05-21,MSFT,119.151420593262
2019-05-22,MSFT,119.874404907227
2019-05-23,MSFT,118.475395202637
2019-05-24,MSFT,118.531723022461
2019-05-28,MSFT,118.456642150879
2019-05-29,MSFT,117.311111450195
2019-05-30,MSFT,118.052871704102
2019-05-31,MSFT,116.12801361084
2019-06-03,MSFT,112.522506713867
2019-06-04,MSFT,115.639778137207
2019-06-05,MSFT,118.14673614502
2019-06-06,MSFT,120.015258789063
2019-06-07,MSFT,123.376640319824
2019-06-10,MSFT,124.503440856934
2019-06-11,MSFT,124.033905029297
2019-06-12,MSFT,123.461151123047
2019-06-13,MSFT,124.24048614502
2019-06-14,MSFT,124.36254119873
2019-06-17,MSFT,124.738090515137
2019-06-18,MSFT,126.907119750977
2019-06-19,MSFT,127.404708862305
2019-06-20,MSFT,128.587753295898
2019-06-21,MSFT,128.606582641602
2019-06-24,MSFT,129.367080688477
2019-06-25,MSFT,125.282684326172
2019-06-26,MSFT,125.752197265625
2019-06-27,MSFT,125.95874786377
2019-06-28,MSFT,125.780311584473
2019-07-01,MSFT,127.395347595215
2019-07-02,MSFT,128.240356445313
2019-07-03,MSFT,129.066604614258
2019-07-05,MSFT,128.691070556641
2019-07-08,MSFT,128.597198486328
2019-07-09,MSFT,128.127700805664
2019-07-10,MSFT,129.432815551758
2019-07-11,MSFT,129.949264526367
2019-07-12,MSFT,130.418716430664
2019-07-15,MSFT,130.418716430664
2019-07-16,MSFT,128.709823608398
2019-07-17,MSFT,127.949287414551
2019-07-18,MSFT,128.090133666992
2019-07-19,MSFT,128.277938842773
2019-07-22,MSFT,129.977432250977
2019-07-23,MSFT,130.784866333008
2019-07-24,MSFT,132.127563476563
2019-07-25,MSFT,131.629943847656
2019-07-26,MSFT,132.709701538086
2019-07-29,MSFT,132.41862487793
2019-07-30,MSFT,131.780166625977
2019-07-31,MSFT,127.949287414551
2019-08-01,MSFT,129.629989624023
2019-08-02,MSFT,128.540802001953
2019-08-05,MSFT,124.137168884277
2019-08-06,MSFT,126.46573638916
2019-08-07,MSFT,127.019744873047
2019-08-08,MSFT,130.409301757813
2019-08-09,MSFT,129.301376342773
2019-08-12,MSFT,127.498565673828
2019-08-13,MSFT,130.137023925781
2019-08-14,MSFT,126.217994689941
2019-08-15,MSFT,125.935424804688
2019-08-16,MSFT,128.243469238281
2019-08-19,MSFT,130.391372680664
2019-08-20,MSFT,129.307998657227
2019-08-21,MSFT,130.749359130859
2019-08-22,MSFT,129.797866821289
2019-08-23,MSFT,125.662200927734
2019-08-26,MSFT,127.602844238281
2019-08-27,MSFT,127.876045227051
2019-08-28,MSFT,127.706466674805
2019-08-29,MSFT,130.118179321289
2019-08-30,MSFT,129.873260498047
2019-09-03,MSFT,128.158660888672
2019-09-04,MSFT,129.65657043457
2019-09-05,MSFT,131.936370849609
2019-09-06,MSFT,131.041427612305
2019-09-09,MSFT,129.552963256836
2019-09-10,MSFT,128.196334838867
2019-09-11,MSFT,128.23405456543
2019-09-12,MSFT,129.552963256836
2019-09-13,MSFT,129.364547729492
2019-09-16,MSFT,128.431884765625
2019-09-17,MSFT,129.430480957031
2019-09-18,MSFT,130.495010375977
2019-09-19,MSFT,132.897262573242
2019-09-20,MSFT,131.361740112305
2019-09-23,MSFT,131.0791015625
2019-09-24,MSFT,129.421035766602
2019-09-25,MSFT,131.286315917969
2019-09-26,MSFT,131.45588684082
2019-09-27,MSFT,129.750762939453
2019-09-30,MSFT,130.975463867188
2019-10-01,MSFT,129.129058837891
2019-10-02,MSFT,126.849197387695
2019-10-03,MSFT,128.384826660156
2019-10-04,MSFT,130.118179321289
2019-10-07,MSFT,129.17610168457
2019-10-08,MSFT,127.810111999512
2019-10-09,MSFT,130.231216430664
2019-10-10,MSFT,131.041427612305
2019-10-11,MSFT,131.587799072266
2019-10-14,MSFT,131.465347290039
2019-10-15,MSFT,133.368270874023
2019-10-16,MSFT,132.275527954102
2019-10-17,MSFT,131.597213745117
2019-10-18,MSFT,129.449310302734
2019-10-21,MSFT,130.410217285156
2019-10-22,MSFT,128.469589233398
2019-10-23,MSFT,129.289184570313
2019-10-24,MSFT,131.832733154297
2019-10-25,MSFT,132.576995849609
2019-10-28,MSFT,135.836532592773
2019-10-29,MSFT,134.555328369141
2019-10-30,MSFT,136.232192993164
2019-10-31,MSFT,135.063995361328
2019-11-01,MSFT,135.393753051758
2019-11-04,MSFT,136.175689697266
2019-11-05,MSFT,136.090881347656
2019-11-06,MSFT,135.714080810547
2019-11-07,MSFT,135.902481079102
2019-11-08,MSFT,137.503997802734
2019-11-11,MSFT,137.645248413086
2019-11-12,MSFT,138.549667358398
2019-11-13,MSFT,138.775741577148
2019-11-14,MSFT,139.482299804688
2019-11-15,MSFT,141.281661987305
2019-11-18,MSFT,141.630249023438
2019-11-19,MSFT,141.677307128906
2019-11-20,MSFT,141.431533813477
2019-11-21,MSFT,141.299255371094
2019-11-22,MSFT,141.403213500977
2019-11-25,MSFT,142.95344543457
2019-11-26,MSFT,143.709655761719
2019-11-27,MSFT,143.983810424805
2019-11-29,MSFT,143.095260620117
2019-12-02,MSFT,141.365417480469
2019-12-03,MSFT,141.138519287109
2019-12-04,MSFT,141.649017333984
2019-12-05,MSFT,141.724639892578
2019-12-06,MSFT,143.44499206543
2019-12-09,MSFT,143.07633972168
2019-12-10,MSFT,142.858901977539
2019-12-11,MSFT,143.397720336914
2019-12-12,MSFT,144.853485107422
2019-12-13,MSFT,146.072830200195
2019-12-16,MSFT,147.018127441406
2019-12-17,MSFT,146.224060058594
2019-12-18,MSFT,145.921615600586
2019-12-19,MSFT,147.188232421875
2019-12-20,MSFT,148.795272827148
2019-12-23,MSFT,148.795272827148
2019-12-24,MSFT,148.766845703125
2019-12-26,MSFT,149.986236572266
2019-12-27,MSFT,150.260391235352
2019-12-30,MSFT,148.965347290039
2019-12-31,MSFT,149.069381713867
2020-01-02,MSFT,151.829559326172
2020-01-03,MSFT,149.939010620117
2020-01-06,MSFT,150.326583862305
2020-01-07,MSFT,148.955917358398
2020-01-08,MSFT,151.328536987305
2020-01-09,MSFT,153.219131469727
2020-01-10,MSFT,152.510147094727
2020-01-13,MSFT,154.343994140625
2020-01-14,MSFT,153.256927490234
2020-01-15,MSFT,154.249420166016
2020-01-16,MSFT,157.075820922852
2020-01-17,MSFT,157.954925537109
2020-01-21,MSFT,157.387756347656
2020-01-22,MSFT,156.631530761719
2020-01-23,MSFT,157.595703125
2020-01-24,MSFT,156.007598876953
2020-01-27,MSFT,153.398696899414
2020-01-28,MSFT,156.404708862305
2020-01-29,MSFT,158.843475341797
2020-01-30,MSFT,163.324066162109
2020-01-31,MSFT,160.913604736328
2020-02-03,MSFT,164.836502075195
2020-02-04,MSFT,170.262329101563
2020-02-05,MSFT,170.054382324219
2020-02-06,MSFT,173.58024597168
2020-02-07,MSFT,173.826019287109
2020-02-10,MSFT,178.372787475586
2020-02-11,MSFT,174.345932006836
2020-02-12,MSFT,174.601135253906
2020-02-13,MSFT,173.655899047852
2020-02-14,MSFT,175.206115722656
2020-02-18,MSFT,176.983215332031
2020-02-19,MSFT,177.51399230957
2020-02-20,MSFT,174.803176879883
2020-02-21,MSFT,169.277145385742
2020-02-24,MSFT,161.978729248047
2020-02-25,MSFT,159.305786132813
2020-02-26,MSFT,161.296264648438
2020-02-27,MSFT,149.93147277832
2020-02-28,MSFT,153.561737060547
2020-03-02,MSFT,163.77961730957
2020-03-03,MSFT,155.931396484375
2020-03-04,MSFT,161.656433105469
2020-03-05,MSFT,157.599639892578
2020-03-06,MSFT,153.14469909668
2020-03-09,MSFT,142.765701293945
2020-03-10,MSFT,152.528610229492
2020-03-11,MSFT,145.618759155273
2020-03-12,MSFT,131.808517456055
2020-03-13,MSFT,150.547592163086
2020-03-16,MSFT,128.358337402344
2020-03-17,MSFT,138.92692565918
2020-03-18,MSFT,133.078674316406
2020-03-19,MSFT,135.268264770508
2020-03-20,MSFT,130.187713623047
2020-03-23,MSFT,128.889129638672
2020-03-24,MSFT,140.604614257813
2020-03-25,MSFT,139.258666992188
2020-03-26,MSFT,147.969436645508
2020-03-27,MSFT,141.893707275391
2020-03-30,MSFT,151.874603271484
2020-03-31,MSFT,149.485977172852
2020-04-01,MSFT,144.178009033203
2020-04-02,MSFT,147.163787841797
2020-04-03,MSFT,145.808349609375
2020-04-06,MSFT,156.651779174805
2020-04-07,MSFT,154.964614868164
2020-04-08,MSFT,156.519073486328
2020-04-09,MSFT,156.528549194336
2020-04-13,MSFT,156.87922668457
2020-04-14,MSFT,164.642181396484
2020-04-15,MSFT,162.917083740234
2020-04-16,MSFT,167.807968139648
2020-04-17,MSFT,169.286682128906
2020-04-20,MSFT,165.931304931641
2020-04-21,MSFT,159.068817138672
2020-04-22,MSFT,164.471557617188
2020-04-23,MSFT,162.481079101563
2020-04-24,MSFT,165.447860717773
2020-04-27,MSFT,164.973907470703
2020-04-28,MSFT,160.955001831055
2020-04-29,MSFT,168.177658081055
2020-04-30,MSFT,169.864898681641
2020-05-01,MSFT,165.466842651367
2020-05-04,MSFT,169.514129638672
2020-05-05,MSFT,171.333999633789
2020-05-06,MSFT,173.021224975586
2020-05-07,MSFT,174.026000976563
2020-05-08,MSFT,175.049606323242
2020-05-11,MSFT,177.002166748047
2020-05-12,MSFT,172.992752075195
2020-05-13,MSFT,170.376678466797
2020-05-14,MSFT,171.116027832031
2020-05-15,MSFT,173.608856201172
2020-05-18,MSFT,175.267593383789
2020-05-19,MSFT,174.054351806641
2020-05-20,MSFT,176.468658447266
2020-05-21,MSFT,174.349044799805
2020-05-22,MSFT,174.425079345703
2020-05-26,MSFT,172.581100463867
2020-05-27,MSFT,172.809234619141
2020-05-28,MSFT,172.419494628906
2020-05-29,MSFT,174.177917480469
2020-06-01,MSFT,173.778717041016
2020-06-02,MSFT,175.755737304688
2020-06-03,MSFT,176.183502197266
2020-06-04,MSFT,173.864288330078
2020-06-05,MSFT,177.932388305664
2020-06-08,MSFT,179.034957885742
2020-06-09,MSFT,180.403671264648
2020-06-10,MSFT,187.095153808594
2020-06-11,MSFT,177.048446655273
2020-06-12,MSFT,178.445663452148
2020-06-15,MSFT,179.586273193359
2020-06-16,MSFT,183.987045288086
2020-06-17,MSFT,184.623840332031
2020-06-18,MSFT,186.600921630859
2020-06-19,MSFT,185.488784790039
2020-06-22,MSFT,190.640487670898
2020-06-23,MSFT,191.914169311523
2020-06-24,MSFT,188.045608520508
2020-06-25,MSFT,190.421844482422
2020-06-26,MSFT,186.610366821289
2020-06-29,MSFT,188.615951538086
2020-06-30,MSFT,193.434906005859
2020-07-01,MSFT,194.566040039063
2020-07-02,MSFT,196.048782348633
2020-07-06,MSFT,200.268997192383
2020-07-07,MSFT,197.940292358398
2020-07-08,MSFT,202.293579101563
2020-07-09,MSFT,203.709762573242
2020-07-10,MSFT,203.091934204102
2020-07-13,MSFT,196.818725585938
2020-07-14,MSFT,198.035339355469
2020-07-15,MSFT,197.740676879883
2020-07-16,MSFT,193.824630737305
2020-07-17,MSFT,192.836135864258
2020-07-20,MSFT,201.124435424805
2020-07-21,MSFT,198.41552734375
2020-07-22,MSFT,201.267013549805
2020-07-23,MSFT,192.512954711914
2020-07-24,MSFT,191.334365844727
2020-07-27,MSFT,193.758102416992
2020-07-28,MSFT,192.01872253418
2020-07-29,MSFT,193.957702636719
2020-07-30,MSFT,193.805618286133
2020-07-31,MSFT,194.860717773438
2020-08-03,MSFT,205.819885253906
2020-08-04,MSFT,202.730758666992
2020-08-05,MSFT,202.398101806641
2020-08-06,MSFT,205.639282226563
2020-08-07,MSFT,201.960845947266
2020-08-10,MSFT,197.940292358398
2020-08-11,MSFT,193.311370849609
2020-08-12,MSFT,198.833755493164
2020-08-13,MSFT,198.367980957031
2020-08-14,MSFT,198.558090209961
2020-08-17,MSFT,199.869812011719
2020-08-18,MSFT,201.019882202148
2020-08-19,MSFT,199.800323486328
2020-08-20,MSFT,204.449920654297
2020-08-21,MSFT,202.963562011719
2020-08-24,MSFT,203.601974487305
2020-08-25,MSFT,206.250686645508
2020-08-26,MSFT,210.709777832031
2020-08-27,MSFT,215.883392333984
2020-08-28,MSFT,218.103439331055
2020-08-31,MSFT,214.883026123047
2020-09-01,MSFT,216.54084777832
2020-09-02,MSFT,220.714080810547
2020-09-03,MSFT,207.04150390625
2020-09-04,MSFT,204.135452270508
2020-09-08,MSFT,193.092666625977
2020-09-09,MSFT,201.315216064453
2020-09-10,MSFT,195.674697875977
2020-09-11,MSFT,194.397964477539
2020-09-14,MSFT,195.712860107422
2020-09-15,MSFT,198.923721313477
2020-09-16,MSFT,195.36979675293
2020-09-17,MSFT,193.330871582031
2020-09-18,MSFT,190.929779052734
2020-09-21,MSFT,192.978332519531
2020-09-22,MSFT,197.627899169922
2020-09-23,MSFT,191.120391845703
2020-09-24,MSFT,193.59765625
2020-09-25,MSFT,198.009078979492
2020-09-28,MSFT,199.552581787109
2020-09-29,MSFT,197.475494384766
2020-09-30,MSFT,200.40055847168
2020-10-01,MSFT,202.430023193359
2020-10-02,MSFT,196.456008911133
2020-10-05,MSFT,200.448196411133
2020-10-06,MSFT,196.189208984375
2020-10-07,MSFT,199.924163818359
2020-10-08,MSFT,200.638763427734
2020-10-09,MSFT,205.621871948242
2020-10-12,MSFT,210.947952270508
2020-10-13,MSFT,212.33903503418
2020-10-14,MSFT,210.433441162109
2020-10-15,MSFT,209.290084838867
2020-10-16,MSFT,209.290084838867
2020-10-19,MSFT,204.106918334961
2020-10-20,MSFT,204.5166015625
2020-10-21,MSFT,204.659561157227
2020-10-22,MSFT,204.74528503418
2020-10-23,MSFT,206.022064208984
2020-10-26,MSFT,200.162384033203
2020-10-27,MSFT,203.182708740234
2020-10-28,MSFT,193.111663818359
2020-10-29,MSFT,195.055389404297
2020-10-30,MSFT,192.91162109375
2020-11-02,MSFT,192.778259277344
2020-11-03,MSFT,196.684677124023
2020-11-04,MSFT,206.174499511719
2020-11-05,MSFT,212.748748779297
2020-11-06,MSFT,213.158386230469
2020-11-09,MSFT,208.080047607422
2020-11-10,MSFT,201.048477172852
2020-11-11,MSFT,206.326965332031
2020-11-12,MSFT,205.269332885742
2020-11-13,MSFT,206.288818359375
2020-11-16,MSFT,206.974792480469
2020-11-17,MSFT,204.335632324219
2020-11-18,MSFT,201.641708374023
2020-11-19,MSFT,202.921798706055
2020-11-20,MSFT,200.982543945313
2020-11-23,MSFT,200.715057373047
2020-11-24,MSFT,204.297393798828
2020-11-25,MSFT,204.306915283203
2020-11-27,MSFT,205.606109619141
2020-11-30,MSFT,204.498031616211
2020-12-01,MSFT,206.542327880859
2020-12-02,MSFT,205.739852905273
2020-12-03,MSFT,204.660339355469
2020-12-04,MSFT,204.775009155273
2020-12-07,MSFT,204.708114624023
2020-12-08,MSFT,206.351226806641
2020-12-09,MSFT,202.329513549805
2020-12-10,MSFT,201.106719970703
2020-12-11,MSFT,203.724197387695
2020-12-14,MSFT,204.622177124023
2020-12-15,MSFT,204.555313110352
2020-12-16,MSFT,209.475036621094
2020-12-17,MSFT,209.608734130859
2020-12-18,MSFT,208.815887451172
2020-12-21,MSFT,212.637023925781
2020-12-22,MSFT,213.926620483398
2020-12-23,MSFT,211.137222290039
2020-12-24,MSFT,212.789916992188
2020-12-28,MSFT,214.901062011719
2020-12-29,MSFT,214.12727355957
2020-12-30,MSFT,211.767715454102
2020-12-31,MSFT,212.474624633789
2021-01-04,MSFT,207.956130981445
2021-01-05,MSFT,208.156723022461
2021-01-06,MSFT,202.759384155273
2021-01-07,MSFT,208.529296875
2021-01-08,MSFT,209.7998046875
2021-01-11,MSFT,207.765060424805
2021-01-12,MSFT,205.319549560547
2021-01-13,MSFT,206.666473388672
2021-01-14,MSFT,203.49494934082
2021-01-15,MSFT,203.141464233398
2021-01-19,MSFT,206.761978149414
2021-01-20,MSFT,214.30876159668
2021-01-21,MSFT,214.910598754883
2021-01-22,MSFT,215.846771240234
2021-01-25,MSFT,219.266708374023
2021-01-26,MSFT,221.941497802734
2021-01-27,MSFT,222.485992431641
2021-01-28,MSFT,228.246368408203
2021-01-29,MSFT,221.588104248047
2021-02-01,MSFT,228.934234619141
2021-02-02,MSFT,228.800491333008
2021-02-03,MSFT,232.134399414063
2021-02-04,MSFT,231.188690185547
2021-02-05,MSFT,231.370162963867
2021-02-08,MSFT,231.628082275391
2021-02-09,MSFT,232.869995117188
2021-02-10,MSFT,231.962432861328
2021-02-11,MSFT,233.557815551758
2021-02-12,MSFT,234.035415649414
2021-02-16,MSFT,232.803100585938
2021-02-17,MSFT,233.81803894043
2021-02-18,MSFT,233.425430297852
2021-02-19,MSFT,230.725326538086
2021-02-22,MSFT,224.539962768555
2021-02-23,MSFT,223.352691650391
2021-02-24,MSFT,224.578338623047
2021-02-25,MSFT,219.254684448242
2021-02-26,MSFT,222.500534057617
2021-03-01,MSFT,226.86669921875
2021-03-02,MSFT,223.927215576172
2021-03-03,MSFT,217.885437011719
2021-03-04,MSFT,217.090759277344
2021-03-05,MSFT,221.753768920898
2021-03-08,MSFT,217.722717285156
2021-03-09,MSFT,223.841018676758
2021-03-10,MSFT,222.538848876953
2021-03-11,MSFT,227.048629760742
2021-03-12,MSFT,225.727294921875
2021-03-15,MSFT,224.827255249023
2021-03-16,MSFT,227.603942871094
2021-03-17,MSFT,226.962417602539
2021-03-18,MSFT,220.911117553711
2021-03-19,MSFT,220.556823730469
2021-03-22,MSFT,225.957077026367
2021-03-23,MSFT,227.479461669922
2021-03-24,MSFT,225.449584960938
2021-03-25,MSFT,222.462265014648
2021-03-26,MSFT,226.426254272461
2021-03-29,MSFT,225.238967895508
2021-03-30,MSFT,221.993087768555
2021-03-31,MSFT,225.746429443359
2021-04-01,MSFT,232.046676635742
2021-04-05,MSFT,238.480941772461
2021-04-06,MSFT,237.322448730469
2021-04-07,MSFT,239.275680541992
2021-04-08,MSFT,242.483291625977
2021-04-09,MSFT,244.972778320313
2021-04-12,MSFT,245.030197143555
2021-04-13,MSFT,247.500473022461
2021-04-14,MSFT,244.723770141602
2021-04-15,MSFT,248.467498779297
2021-04-16,MSFT,249.654861450195
2021-04-19,MSFT,247.739837646484
2021-04-20,MSFT,247.280288696289
2021-04-21,MSFT,249.501647949219
2021-04-22,MSFT,246.23664855957
2021-04-23,MSFT,250.047454833984
2021-04-26,MSFT,250.430404663086
2021-04-27,MSFT,250.832595825195
2021-04-28,MSFT,243.737594604492
2021-04-29,MSFT,241.774749755859
2021-04-30,MSFT,241.458770751953
2021-05-03,MSFT,241.152359008789
2021-05-04,MSFT,237.255432128906
2021-05-05,MSFT,235.99153137207
2021-05-06,MSFT,239.112915039063
2021-05-07,MSFT,241.726867675781
2021-05-10,MSFT,236.671325683594
2021-05-11,MSFT,235.76171875
2021-05-12,MSFT,228.839096069336
2021-05-13,MSFT,232.69775390625
2021-05-14,MSFT,237.60009765625
2021-05-17,MSFT,234.756332397461
2021-05-18,MSFT,232.745635986328
2021-05-19,MSFT,233.32145690918
2021-05-20,MSFT,236.546035766602
2021-05-21,MSFT,235.288864135742
2021-05-24,MSFT,240.672729492188
2021-05-25,MSFT,241.574829101563
2021-05-26,MSFT,241.354110717773
2021-05-27,MSFT,239.261962890625
2021-05-28,MSFT,239.617080688477
2021-06-01,MSFT,237.428955078125
2021-06-02,MSFT,237.3330078125
2021-06-03,MSFT,235.807098388672
2021-06-04,MSFT,240.682357788086
2021-06-07,MSFT,243.580596923828
2021-06-08,MSFT,242.390609741211
2021-06-09,MSFT,243.369476318359
2021-06-10,MSFT,246.872360229492
2021-06-11,MSFT,247.496200561523
2021-06-14,MSFT,249.415634155273
2021-06-15,MSFT,247.947219848633
2021-06-16,MSFT,247.006744384766
2021-06-17,MSFT,250.384887695313
2021-06-18,MSFT,248.974136352539
2021-06-21,MSFT,252.045150756836
2021-06-22,MSFT,254.80908203125
2021-06-23,MSFT,254.578735351563
2021-06-24,MSFT,255.941543579102
2021-06-25,MSFT,254.338821411133
2021-06-28,MSFT,257.889801025391
2021-06-29,MSFT,260.461669921875
2021-06-30,MSFT,259.981842041016
2021-07-01,MSFT,260.653625488281
2021-07-02,MSFT,266.459808349609
2021-07-06,MSFT,266.469421386719
2021-07-07,MSFT,268.647918701172
2021-07-08,MSFT,266.239105224609
2021-07-09,MSFT,266.738067626953
2021-07-12,MSFT,266.143005371094
2021-07-13,MSFT,269.655609130859
2021-07-14,MSFT,271.123962402344
2021-07-15,MSFT,269.703552246094
2021-07-16,MSFT,269.434844970703
2021-07-19,MSFT,265.845642089844
2021-07-20,MSFT,268.0625
2021-07-21,MSFT,270.058715820313
2021-07-22,MSFT,274.607604980469
2021-07-23,MSFT,277.995300292969
2021-07-26,MSFT,277.400329589844
2021-07-27,MSFT,274.991485595703
2021-07-28,MSFT,274.684448242188
2021-07-29,MSFT,274.953155517578
2021-07-30,MSFT,273.427215576172
2021-08-02,MSFT,273.340789794922
2021-08-03,MSFT,275.548095703125
2021-08-04,MSFT,274.962677001953
2021-08-05,MSFT,277.851440429688
2021-08-06,MSFT,277.793792724609
2021-08-09,MSFT,276.709411621094
2021-08-10,MSFT,274.895477294922
2021-08-11,MSFT,275.384979248047
2021-08-12,MSFT,278.129760742188
2021-08-13,MSFT,281.047149658203
2021-08-16,MSFT,282.726593017578
2021-08-17,MSFT,281.267944335938
2021-08-18,MSFT,279.546783447266
2021-08-19,MSFT,285.354400634766
2021-08-20,MSFT,292.652526855469
2021-08-23,MSFT,292.931365966797
2021-08-24,MSFT,290.979400634766
2021-08-25,MSFT,290.392852783203
2021-08-26,MSFT,287.585144042969
2021-08-27,MSFT,288.190979003906
2021-08-30,MSFT,291.912109375
2021-08-31,MSFT,290.267913818359
2021-09-01,MSFT,290.219787597656
2021-09-02,MSFT,289.565979003906
2021-09-03,MSFT,289.556335449219
2021-09-07,MSFT,288.63330078125
2021-09-08,MSFT,288.662109375
2021-09-09,MSFT,285.816009521484
2021-09-10,MSFT,284.335205078125
2021-09-13,MSFT,285.565948486328
2021-09-14,MSFT,288.258209228516
2021-09-15,MSFT,293.0947265625
2021-09-16,MSFT,293.479370117188
2021-09-17,MSFT,288.335144042969
2021-09-20,MSFT,282.979431152344
2021-09-21,MSFT,283.460235595703
2021-09-22,MSFT,287.094696044922
2021-09-23,MSFT,288.037048339844
2021-09-24,MSFT,287.835174560547
2021-09-27,MSFT,282.854461669922
2021-09-28,MSFT,272.614105224609
2021-09-29,MSFT,273.075592041016
2021-09-30,MSFT,271.07568359375
2021-10-01,MSFT,277.979461669922
2021-10-04,MSFT,272.219909667969
2021-10-05,MSFT,277.652496337891
2021-10-06,MSFT,281.835205078125
2021-10-07,MSFT,283.508331298828
2021-10-08,MSFT,283.508331298828
2021-10-11,MSFT,282.912139892578
2021-10-12,MSFT,281.614074707031
2021-10-13,MSFT,284.912139892578
2021-10-14,MSFT,291.104370117188
2021-10-15,MSFT,292.508209228516
2021-10-18,MSFT,295.469757080078
2021-10-19,MSFT,296.373596191406
2021-10-20,MSFT,295.585144042969
2021-10-21,MSFT,298.806365966797
2021-10-22,MSFT,297.267883300781
2021-10-25,MSFT,296.277557373047
2021-10-26,MSFT,298.181274414063
2021-10-27,MSFT,310.738952636719
2021-10-28,MSFT,311.873565673828
2021-10-29,MSFT,318.863861083984
2021-11-01,MSFT,316.700469970703
2021-11-02,MSFT,320.315826416016
2021-11-03,MSFT,321.152313232422
2021-11-04,MSFT,323.49853515625
2021-11-05,MSFT,323.133117675781
2021-11-08,MSFT,324.027374267578
2021-11-09,MSFT,323.027282714844
2021-11-10,MSFT,318.075469970703
2021-11-11,MSFT,319.642791748047
2021-11-12,MSFT,323.767700195313
2021-11-15,MSFT,323.142700195313
2021-11-16,MSFT,326.450439453125
2021-11-17,MSFT,326.671936035156
2021-11-18,MSFT,328.743072509766
2021-11-19,MSFT,330.515533447266
2021-11-22,MSFT,327.355926513672
2021-11-23,MSFT,325.284820556641
2021-11-24,MSFT,325.506408691406
2021-11-26,MSFT,317.578460693359
2021-11-29,MSFT,324.273406982422
2021-11-30,MSFT,318.455047607422
2021-12-01,MSFT,317.963775634766
2021-12-02,MSFT,317.395477294922
2021-12-03,MSFT,311.153289794922
2021-12-06,MSFT,314.216583251953
2021-12-07,MSFT,322.626190185547
2021-12-08,MSFT,322.674285888672
2021-12-09,MSFT,320.872955322266
2021-12-10,MSFT,329.966461181641
2021-12-13,MSFT,326.941711425781
2021-12-14,MSFT,316.287689208984
2021-12-15,MSFT,322.365997314453
2021-12-16,MSFT,312.973937988281
2021-12-17,MSFT,311.914306640625
2021-12-20,MSFT,308.167144775391
2021-12-21,MSFT,315.276184082031
2021-12-22,MSFT,320.96923828125
2021-12-23,MSFT,322.404571533203
2021-12-27,MSFT,329.879669189453
2021-12-28,MSFT,328.723724365234
2021-12-29,MSFT,329.398101806641
2021-12-30,MSFT,326.864624023438
2021-12-31,MSFT,323.974761962891
2022-01-03,MSFT,322.462493896484
2022-01-04,MSFT,316.933074951172
2022-01-05,MSFT,304.766662597656
2022-01-06,MSFT,302.358459472656
2022-01-07,MSFT,302.512573242188
2022-01-10,MSFT,302.734130859375
2022-01-11,MSFT,303.417999267578
2022-01-12,MSFT,306.587310791016
2022-01-13,MSFT,293.611663818359
2022-01-14,MSFT,298.8134765625
2022-01-18,MSFT,291.540649414063
2022-01-19,MSFT,292.195648193359
2022-01-20,MSFT,290.529205322266
2022-01-21,MSFT,285.163665771484
2022-01-24,MSFT,285.491180419922
2022-01-25,MSFT,277.900360107422
2022-01-26,MSFT,285.818695068359
2022-01-27,MSFT,288.833831787109
2022-01-28,MSFT,296.944763183594
2022-01-31,MSFT,299.564910888672
2022-02-01,MSFT,297.426452636719
2022-02-02,MSFT,301.953887939453
2022-02-03,MSFT,290.192047119141
2022-02-04,MSFT,294.709899902344
2022-02-07,MSFT,289.903076171875
2022-02-08,MSFT,293.380554199219
2022-02-09,MSFT,299.786437988281
2022-02-10,MSFT,291.280609130859
2022-02-11,MSFT,284.209991455078
2022-02-14,MSFT,284.171478271484
2022-02-15,MSFT,289.440734863281
2022-02-16,MSFT,289.102813720703
2022-02-17,MSFT,280.637268066406
2022-02-18,MSFT,277.934509277344
2022-02-22,MSFT,277.731811523438
2022-02-23,MSFT,270.540405273438
2022-02-24,MSFT,284.36328125
2022-02-25,MSFT,286.988861083984
2022-02-28,MSFT,288.41748046875
2022-03-01,MSFT,284.710815429688
2022-03-02,MSFT,289.768859863281
2022-03-03,MSFT,285.647064208984
2022-03-04,MSFT,279.797454833984
2022-03-07,MSFT,269.227630615234
2022-03-08,MSFT,266.273834228516
2022-03-09,MSFT,278.484680175781
2022-03-10,MSFT,275.675659179688
2022-03-11,MSFT,270.347320556641
2022-03-14,MSFT,266.843353271484
2022-03-15,MSFT,277.181518554688
2022-03-16,MSFT,284.170196533203
2022-03-17,MSFT,284.971466064453
2022-03-18,MSFT,290.00048828125
2022-03-21,MSFT,288.774597167969
2022-03-22,MSFT,293.504486083984
2022-03-23,MSFT,289.093170166016
2022-03-24,MSFT,293.543090820313
2022-03-25,MSFT,293.137664794922
2022-03-28,MSFT,299.914031982422
2022-03-29,MSFT,304.460540771484
2022-03-30,MSFT,302.96435546875
2022-03-31,MSFT,297.606994628906
2022-04-01,MSFT,298.678497314453
2022-04-04,MSFT,304.035827636719
2022-04-05,MSFT,300.087768554688
2022-04-06,MSFT,289.102813720703
2022-04-07,MSFT,290.907897949219
2022-04-08,MSFT,286.66064453125
2022-04-11,MSFT,275.357238769531
2022-04-12,MSFT,272.268249511719
2022-04-13,MSFT,277.63525390625
2022-04-14,MSFT,270.11572265625
2022-04-18,MSFT,270.781799316406
2022-04-19,MSFT,275.395751953125
2022-04-20,MSFT,276.418975830078
2022-04-21,MSFT,271.061706542969
2022-04-22,MSFT,264.517028808594
2022-04-25,MSFT,270.974792480469
2022-04-26,MSFT,260.839263916016
2022-04-27,MSFT,273.388000488281
2022-04-28,MSFT,279.575469970703
2022-04-29,MSFT,267.885894775391
2022-05-02,MSFT,274.594635009766
2022-05-03,MSFT,271.998016357422
2022-05-04,MSFT,279.913299560547
2022-05-05,MSFT,267.721801757813
2022-05-06,MSFT,265.192718505859
2022-05-09,MSFT,255.395080566406
2022-05-10,MSFT,260.144317626953
2022-05-11,MSFT,251.504943847656
2022-05-12,MSFT,246.48551940918
2022-05-13,MSFT,252.055206298828
2022-05-16,MSFT,252.421997070313
2022-05-17,MSFT,257.557342529297
2022-05-18,MSFT,245.830841064453
2022-05-19,MSFT,244.921325683594
2022-05-20,MSFT,244.360153198242
2022-05-23,MSFT,252.187484741211
2022-05-24,MSFT,251.190933227539
2022-05-25,MSFT,253.996810913086
2022-05-26,MSFT,257.267028808594
2022-05-27,MSFT,264.368713378906
2022-05-31,MSFT,263.043273925781
2022-06-01,MSFT,263.575378417969
2022-06-02,MSFT,265.665283203125
2022-06-03,MSFT,261.253295898438
2022-06-06,MSFT,260.024536132813
2022-06-07,MSFT,263.65283203125
2022-06-08,MSFT,261.630645751953
2022-06-09,MSFT,256.193145751953
2022-06-10,MSFT,244.77619934082
2022-06-13,MSFT,234.394577026367
2022-06-14,MSFT,236.552200317383
2022-06-15,MSFT,243.586151123047
2022-06-16,MSFT,237.0166015625
2022-06-17,MSFT,239.609603881836
2022-06-21,MSFT,245.501846313477
2022-06-22,MSFT,244.911712646484
2022-06-23,MSFT,250.455657958984
2022-06-24,MSFT,259.008605957031
2022-06-27,MSFT,256.289886474609
2022-06-28,MSFT,248.152954101563
2022-06-29,MSFT,251.810195922852
2022-06-30,MSFT,248.491516113281
2022-07-01,MSFT,251.152282714844
2022-07-05,MSFT,254.316131591797
2022-07-06,MSFT,257.566955566406
2022-07-07,MSFT,259.685852050781
2022-07-08,MSFT,258.969970703125
2022-07-11,MSFT,255.922210693359
2022-07-12,MSFT,245.434158325195
2022-07-13,MSFT,244.51496887207
2022-07-14,MSFT,245.830841064453
2022-07-15,MSFT,248.385131835938
2022-07-18,MSFT,245.995361328125
2022-07-19,MSFT,251.103881835938
2022-07-20,MSFT,253.754943847656
2022-07-21,MSFT,256.241546630859
2022-07-22,MSFT,251.906982421875
2022-07-25,MSFT,250.426605224609
2022-07-26,MSFT,243.721603393555
2022-07-27,MSFT,260.014892578125
2022-07-28,MSFT,267.435882568359
2022-07-29,MSFT,271.625274658203
2022-08-01,MSFT,268.98388671875
2022-08-02,MSFT,265.897430419922
2022-08-03,MSFT,273.299133300781
2022-08-04,MSFT,274.440765380859
2022-08-05,MSFT,273.724822998047
2022-08-08,MSFT,271.218933105469
2022-08-09,MSFT,273.134613037109
2022-08-10,MSFT,279.771911621094
2022-08-11,MSFT,277.701293945313
2022-08-12,MSFT,282.432556152344
2022-08-15,MSFT,283.941986083984
2022-08-16,MSFT,283.206665039063
2022-08-17,MSFT,282.459991455078
2022-08-18,MSFT,281.345123291016
2022-08-19,MSFT,277.447296142578
2022-08-22,MSFT,269.302764892578
2022-08-23,MSFT,268.032623291016
2022-08-24,MSFT,267.40234375
2022-08-25,MSFT,270.369323730469
2022-08-26,MSFT,259.9365234375
2022-08-29,MSFT,257.16357421875
2022-08-30,MSFT,254.972274780273
2022-08-31,MSFT,253.517868041992
2022-09-01,MSFT,252.480392456055
2022-09-02,MSFT,248.272430419922
2022-09-06,MSFT,245.547866821289
2022-09-07,MSFT,250.240661621094
2022-09-08,MSFT,250.657577514648
2022-09-09,MSFT,256.416961669922
2022-09-12,MSFT,258.540283203125
2022-09-13,MSFT,244.326202392578
2022-09-14,MSFT,244.549224853516
2022-09-15,MSFT,237.917236328125
2022-09-16,MSFT,237.296676635742
2022-09-19,MSFT,237.083389282227
2022-09-20,MSFT,235.076324462891
2022-09-21,MSFT,231.682754516602
2022-09-22,MSFT,233.65104675293
2022-09-23,MSFT,230.684112548828
2022-09-26,MSFT,230.228378295898
2022-09-27,MSFT,229.220031738281
2022-09-28,MSFT,233.738342285156
2022-09-29,MSFT,230.276901245117
2022-09-30,MSFT,225.816787719727
2022-10-03,MSFT,233.418334960938
2022-10-04,MSFT,241.310775756836
2022-10-05,MSFT,241.621047973633
2022-10-06,MSFT,239.284317016602
2022-10-07,MSFT,227.11604309082
2022-10-10,MSFT,222.277801513672
2022-10-11,MSFT,218.554595947266
2022-10-12,MSFT,218.884216308594
2022-10-13,MSFT,227.11604309082
2022-10-14,MSFT,221.608795166016
2022-10-17,MSFT,230.305938720703
2022-10-18,MSFT,231.246459960938
2022-10-19,MSFT,229.28791809082
2022-10-20,MSFT,228.967926025391
2022-10-21,MSFT,234.756393432617
2022-10-24,MSFT,239.730331420898
2022-10-25,MSFT,243.036682128906
2022-10-26,MSFT,224.284820556641
2022-10-27,MSFT,219.853820800781
2022-10-28,MSFT,228.69645690918
2022-10-31,MSFT,225.070190429688
2022-11-01,MSFT,221.230667114258
2022-11-02,MSFT,213.40608215332
2022-11-03,MSFT,207.733963012695
2022-11-04,MSFT,214.656829833984
2022-11-07,MSFT,220.93977355957
2022-11-08,MSFT,221.909332275391
2022-11-09,MSFT,217.681976318359
2022-11-10,MSFT,235.590209960938
2022-11-11,MSFT,239.594619750977
2022-11-14,MSFT,234.203689575195
2022-11-15,MSFT,234.610916137695
2022-11-16,MSFT,235.03874206543
2022-11-17,MSFT,234.990112304688
2022-11-18,MSFT,234.542846679688
2022-11-21,MSFT,235.349884033203
2022-11-22,MSFT,238.24739074707
2022-11-23,MSFT,240.726821899414
2022-11-25,MSFT,240.639297485352
2022-11-28,MSFT,235.067916870117
2022-11-29,MSFT,233.677490234375
2022-11-30,MSFT,248.077545166016
2022-12-01,MSFT,247.640014648438
2022-12-02,MSFT,247.960876464844
2022-12-05,MSFT,243.274276733398
2022-12-06,MSFT,238.334915161133
2022-12-07,MSFT,237.605651855469
2022-12-08,MSFT,240.551803588867
2022-12-09,MSFT,238.626602172852
2022-12-12,MSFT,245.52033996582
2022-12-13,MSFT,249.808288574219
2022-12-14,MSFT,250.099990844727
2022-12-15,MSFT,242.117218017578
2022-12-16,MSFT,237.916809082031
2022-12-19,MSFT,233.794204711914
2022-12-20,MSFT,235.106826782227
2022-12-21,MSFT,237.664001464844
2022-12-22,MSFT,231.596740722656
2022-12-23,MSFT,232.121795654297
2022-12-27,MSFT,230.400802612305
2022-12-28,MSFT,228.038070678711
2022-12-29,MSFT,234.338684082031
2022-12-30,MSFT,233.181640625
2023-01-03,MSFT,232.948272705078
2023-01-04,MSFT,222.758331298828
2023-01-05,MSFT,216.156265258789
2023-01-06,MSFT,218.70378112793
2023-01-09,MSFT,220.833145141602
2023-01-10,MSFT,222.515289306641
2023-01-11,MSFT,229.243728637695
2023-01-12,MSFT,231.907897949219
2023-01-13,MSFT,232.607955932617
2023-01-17,MSFT,233.696960449219
2023-01-18,MSFT,229.282608032227
2023-01-19,MSFT,225.510040283203
2023-01-20,MSFT,233.570571899414
2023-01-23,MSFT,235.865234375
2023-01-24,MSFT,235.340148925781
2023-01-25,MSFT,233.949752807617
2023-01-26,MSFT,241.135192871094
2023-01-27,MSFT,241.290740966797
2023-01-30,MSFT,235.991622924805
2023-01-31,MSFT,240.950454711914
2023-02-01,MSFT,245.753723144531
2023-02-02,MSFT,257.275756835938
2023-02-03,MSFT,251.198715209961
2023-02-06,MSFT,249.66242980957
2023-02-07,MSFT,260.153778076172
2023-02-08,MSFT,259.346771240234
2023-02-09,MSFT,256.32275390625
2023-02-10,MSFT,255.817184448242
2023-02-13,MSFT,263.809692382813
2023-02-14,MSFT,264.636138916016
2023-02-15,MSFT,262.520904541016
2023-02-16,MSFT,255.53190612793
2023-02-17,MSFT,251.545196533203
2023-02-21,MSFT,246.291259765625
2023-02-22,MSFT,245.160537719727
2023-02-23,MSFT,248.338272094727
2023-02-24,MSFT,242.928344726563
2023-02-27,MSFT,243.844650268555
2023-02-28,MSFT,243.123321533203
2023-03-01,MSFT,240.052841186523
2023-03-02,MSFT,244.77067565918
2023-03-03,MSFT,248.845138549805
2023-03-06,MSFT,250.385223388672
2023-03-07,MSFT,247.733917236328
2023-03-08,MSFT,247.295272827148
2023-03-09,MSFT,245.950119018555
2023-03-10,MSFT,242.314254760742
2023-03-13,MSFT,247.509735107422
2023-03-14,MSFT,254.206268310547
2023-03-15,MSFT,258.738891601563
2023-03-16,MSFT,269.227264404297
2023-03-17,MSFT,272.375701904297
2023-03-20,MSFT,265.357482910156
2023-03-21,MSFT,266.868377685547
2023-03-22,MSFT,265.415924072266
2023-03-23,MSFT,270.650421142578
2023-03-24,MSFT,273.486938476563
2023-03-27,MSFT,269.402679443359
2023-03-28,MSFT,268.281799316406
2023-03-29,MSFT,273.428375244141
2023-03-30,MSFT,276.879089355469
2023-03-31,MSFT,281.021759033203
2023-04-03,MSFT,279.978759765625
2023-04-04,MSFT,279.930023193359
2023-04-05,MSFT,277.161743164063
2023-04-06,MSFT,284.238494873047
2023-04-10,MSFT,282.084320068359
2023-04-11,MSFT,275.689849853516
2023-04-12,MSFT,276.333129882813
2023-04-13,MSFT,282.52294921875
2023-04-14,MSFT,278.916320800781
2023-04-17,MSFT,281.509155273438
2023-04-18,MSFT,281.089996337891
2023-04-19,MSFT,281.167999267578
2023-04-20,MSFT,278.887023925781
2023-04-21,MSFT,278.545867919922
2023-04-24,MSFT,274.656646728516
2023-04-25,MSFT,268.466949462891
2023-04-26,MSFT,287.913330078125
2023-04-27,MSFT,297.134521484375
2023-04-28,MSFT,299.503143310547
2023-05-01,MSFT,297.846069335938
2023-05-02,MSFT,297.699890136719
2023-05-03,MSFT,296.715301513672
2023-05-04,MSFT,297.699890136719
2023-05-05,MSFT,302.807525634766
2023-05-08,MSFT,300.858001708984
2023-05-09,MSFT,299.249694824219
2023-05-10,MSFT,304.425628662109
2023-05-11,MSFT,302.281158447266
2023-05-12,MSFT,301.169921875
2023-05-15,MSFT,301.647552490234
2023-05-16,MSFT,303.870056152344
2023-05-17,MSFT,306.742095947266
2023-05-18,MSFT,311.157623291016
2023-05-19,MSFT,310.981781005859
2023-05-22,MSFT,313.756072998047
2023-05-23,MSFT,307.972930908203
2023-05-24,MSFT,306.595550537109
2023-05-25,MSFT,318.386566162109
2023-05-26,MSFT,325.195404052734
2023-05-30,MSFT,323.554290771484
2023-05-31,MSFT,320.799438476563
2023-06-01,MSFT,324.892608642578
2023-06-02,MSFT,327.647399902344
2023-06-05,MSFT,328.174957275391
2023-06-06,MSFT,325.967193603516
2023-06-07,MSFT,315.905212402344
2023-06-08,MSFT,317.741790771484
2023-06-09,MSFT,319.236511230469
2023-06-12,MSFT,324.179504394531
2023-06-13,MSFT,326.563140869141
2023-06-14,MSFT,329.542541503906
2023-06-15,MSFT,340.053833007813
2023-06-16,MSFT,334.417266845703
2023-06-20,MSFT,330.236175537109
2023-06-21,MSFT,325.849945068359
2023-06-22,MSFT,331.857788085938
2023-06-23,MSFT,327.276184082031
2023-06-26,MSFT,321.004577636719
2023-06-27,MSFT,326.836639404297
2023-06-28,MSFT,328.087036132813
2023-06-29,MSFT,327.305511474609
2023-06-30,MSFT,332.668640136719
2023-07-03,MSFT,330.177520751953
2023-07-05,MSFT,330.333862304688
2023-07-06,MSFT,333.381713867188
2023-07-07,MSFT,329.42529296875
2023-07-10,MSFT,324.159881591797
2023-07-11,MSFT,324.785125732422
2023-07-12,MSFT,329.405853271484
2023-07-13,MSFT,334.739654541016
2023-07-14,MSFT,337.259948730469
2023-07-17,MSFT,337.738677978516
2023-07-18,MSFT,351.180572509766
2023-07-19,MSFT,346.872497558594
2023-07-20,MSFT,338.852294921875
2023-07-21,MSFT,335.823883056641
2023-07-24,MSFT,337.132965087891
2023-07-25,MSFT,342.867309570313
2023-07-26,MSFT,329.962677001953
2023-07-27,MSFT,323.075592041016
2023-07-28,MSFT,330.548767089844
2023-07-31,MSFT,328.155364990234
2023-08-01,MSFT,328.565643310547
2023-08-02,MSFT,319.929962158203
2023-08-03,MSFT,319.109405517578
2023-08-04,MSFT,320.203552246094
2023-08-07,MSFT,322.479705810547
2023-08-08,MSFT,318.513519287109
2023-08-09,MSFT,314.781829833984
2023-08-10,MSFT,315.465606689453
2023-08-11,MSFT,313.589996337891
2023-08-14,MSFT,316.550018310547
2023-08-15,MSFT,314.420349121094
2023-08-16,MSFT,313.656799316406
2023-08-17,MSFT,310.210876464844
2023-08-18,MSFT,309.8193359375
2023-08-21,MSFT,315.105743408203
2023-08-22,MSFT,315.673461914063
2023-08-23,MSFT,320.117889404297
2023-08-24,MSFT,313.235870361328
2023-08-25,MSFT,316.182525634766
2023-08-28,MSFT,316.887359619141
2023-08-29,MSFT,321.498229980469
2023-08-30,MSFT,321.870239257813
2023-08-31,MSFT,320.861877441406
2023-09-01,MSFT,321.742980957031
2023-09-05,MSFT,326.530029296875
2023-09-06,MSFT,325.874176025391
2023-09-07,MSFT,322.966644287109
2023-09-08,MSFT,327.234893798828
2023-09-11,MSFT,330.827667236328
2023-09-12,MSFT,324.787506103516
2023-09-13,MSFT,328.987182617188
2023-09-14,MSFT,331.571685791016
2023-09-15,MSFT,323.270141601563
2023-09-18,MSFT,322.134521484375
2023-09-19,MSFT,321.733184814453
2023-09-20,MSFT,314.018981933594
2023-09-21,MSFT,312.805145263672
2023-09-22,MSFT,310.338195800781
2023-09-25,MSFT,310.856964111328
2023-09-26,MSFT,305.570678710938
2023-09-27,MSFT,306.207000732422
2023-09-28,MSFT,307.039154052734
2023-09-29,MSFT,309.104644775391
2023-10-02,MSFT,315.02734375
2023-10-03,MSFT,306.794372558594
2023-10-04,MSFT,312.2470703125
2023-10-05,MSFT,312.638732910156
2023-10-06,MSFT,320.372436523438
2023-10-09,MSFT,322.878540039063
2023-10-10,MSFT,321.478668212891
2023-10-11,MSFT,325.423858642578
2023-10-12,MSFT,324.190307617188
2023-10-13,MSFT,320.83251953125
2023-10-16,MSFT,325.639190673828
2023-10-17,MSFT,325.071411132813
2023-10-18,MSFT,323.162475585938
2023-10-19,MSFT,324.346984863281
2023-10-20,MSFT,319.794952392578
2023-10-23,MSFT,322.389099121094
2023-10-24,MSFT,323.573608398438
2023-10-25,MSFT,333.500183105469
2023-10-26,MSFT,320.989227294922
2023-10-27,MSFT,322.868774414063
2023-10-30,MSFT,330.210876464844
2023-10-31,MSFT,330.994079589844
2023-11-01,MSFT,338.786560058594
2023-11-02,MSFT,340.989227294922
2023-11-03,MSFT,345.374908447266
2023-11-06,MSFT,349.026397705078
2023-11-07,MSFT,352.942230224609
2023-11-08,MSFT,355.556060791016
2023-11-09,MSFT,353.098876953125
2023-11-10,MSFT,361.889892578125
2023-11-13,MSFT,358.962768554688
2023-11-14,MSFT,362.477264404297
2023-11-15,MSFT,362.624359130859
2023-11-16,MSFT,369.000549316406
2023-11-17,MSFT,362.800994873047
2023-11-20,MSFT,370.246276855469
2023-11-21,MSFT,365.959594726563
2023-11-22,MSFT,370.648529052734
2023-11-24,MSFT,370.236480712891
2023-11-27,MSFT,371.393981933594
2023-11-28,MSFT,375.406036376953
2023-11-29,MSFT,371.629425048828
2023-11-30,MSFT,371.688293457031
2023-12-01,MSFT,367.372161865234
2023-12-04,MSFT,362.1044921875
2023-12-05,MSFT,365.420074462891
2023-12-06,MSFT,361.770935058594
2023-12-07,MSFT,363.879974365234
2023-12-08,MSFT,367.097473144531
2023-12-11,MSFT,364.223297119141
2023-12-12,MSFT,367.244598388672
2023-12-13,MSFT,367.234802246094
2023-12-14,MSFT,358.955627441406
2023-12-15,MSFT,363.664184570313
2023-12-18,MSFT,365.547515869141
2023-12-19,MSFT,366.145935058594
2023-12-20,MSFT,363.556274414063
2023-12-21,MSFT,366.420593261719
2023-12-22,MSFT,367.440765380859
2023-12-26,MSFT,367.519287109375
2023-12-27,MSFT,366.940521240234
2023-12-28,MSFT,368.12744140625
2023-12-29,MSFT,368.872985839844
2024-01-02,MSFT,363.801513671875
2024-01-03,MSFT,363.536651611328
2024-01-04,MSFT,360.927337646484
2024-01-05,MSFT,360.741027832031
2024-01-08,MSFT,367.548675537109
2024-01-09,MSFT,368.627746582031
2024-01-10,MSFT,375.474700927734
2024-01-11,MSFT,377.299285888672
2024-01-12,MSFT,381.066070556641
2024-01-16,MSFT,382.831756591797
2024-01-17,MSFT,382.047058105469
2024-01-18,MSFT,386.363159179688
2024-01-19,MSFT,391.071655273438
2024-01-22,MSFT,388.952819824219
2024-01-23,MSFT,391.297241210938
2024-01-24,MSFT,394.887481689453
2024-01-25,MSFT,397.153533935547
2024-01-26,MSFT,396.231414794922
2024-01-29,MSFT,401.911071777344
2024-01-30,MSFT,400.802612304688
2024-01-31,MSFT,390.002410888672
2024-02-01,MSFT,396.084228515625
2024-02-02,MSFT,403.382476806641
2024-02-05,MSFT,397.918640136719
2024-02-06,MSFT,397.761627197266
2024-02-07,MSFT,406.158508300781
2024-02-08,MSFT,406.217346191406
2024-02-09,MSFT,412.534637451172
2024-02-12,MSFT,407.345489501953
2024-02-13,MSFT,398.575927734375
2024-02-14,MSFT,402.428253173828
2024-02-15,MSFT,399.548828125
2024-02-16,MSFT,397.091918945313
2024-02-20,MSFT,395.843780517578
2024-02-21,MSFT,395.244262695313
2024-02-22,MSFT,404.550994873047
2024-02-23,MSFT,403.263580322266
2024-02-26,MSFT,400.511871337891
2024-02-27,MSFT,400.452972412109
2024-02-28,MSFT,400.688842773438
2024-02-29,MSFT,406.506713867188
2024-03-01,MSFT,408.334625244141
2024-03-04,MSFT,407.7646484375
2024-03-05,MSFT,395.706176757813
2024-03-06,MSFT,395.155853271484
2024-03-07,MSFT,402.084289550781
2024-03-08,MSFT,399.214630126953
2024-03-11,MSFT,397.544006347656
2024-03-12,MSFT,408.118377685547
2024-03-13,MSFT,407.941497802734
2024-03-14,MSFT,417.886962890625
2024-03-15,MSFT,409.23876953125
2024-03-18,MSFT,410.123229980469
2024-03-19,MSFT,414.142669677734
2024-03-20,MSFT,417.896850585938
2024-03-21,MSFT,421.965454101563
2024-03-22,MSFT,421.346282958984
2024-03-25,MSFT,415.567687988281
2024-03-26,MSFT,414.378509521484
2024-03-27,MSFT,414.162322998047
2024-03-28,MSFT,413.464599609375
2024-04-01,MSFT,417.248199462891
2024-04-02,MSFT,414.172180175781
2024-04-03,MSFT,413.199249267578
2024-04-04,MSFT,410.673583984375
2024-04-05,MSFT,418.181884765625
2024-04-08,MSFT,417.267822265625
2024-04-09,MSFT,418.928680419922
2024-04-10,MSFT,415.960784912109
2024-04-11,MSFT,420.550231933594
2024-04-12,MSFT,414.624237060547
2024-04-15,MSFT,406.506713867188
2024-04-16,MSFT,407.430511474609
2024-04-17,MSFT,404.737731933594
2024-04-18,MSFT,397.298248291016
2024-04-19,MSFT,392.237091064453
2024-04-22,MSFT,394.045349121094
2024-04-23,MSFT,400.541412353516
2024-04-24,MSFT,402.005676269531
2024-04-25,MSFT,392.158477783203
2024-04-26,MSFT,399.31298828125
2024-04-29,MSFT,395.313110351563
2024-04-30,MSFT,382.615875244141
2024-05-01,MSFT,388.129150390625
2024-05-02,MSFT,390.979156494141
2024-05-03,MSFT,399.647094726563
2024-05-06,MSFT,406.408416748047
2024-05-07,MSFT,402.280822753906
2024-05-08,MSFT,403.460144042969
2024-05-09,MSFT,405.209442138672
2024-05-10,MSFT,407.587707519531
2024-05-13,MSFT,406.585296630859
2024-05-14,MSFT,409.376373291016
2024-05-15,MSFT,416.533843994141
2024-05-16,MSFT,414.476196289063
2024-05-17,MSFT,413.708251953125
2024-05-20,MSFT,418.7587890625
2024-05-21,MSFT,422.401641845703
2024-05-22,MSFT,423.858764648438
2024-05-23,MSFT,420.393218994141
2024-05-24,MSFT,423.504302978516
2024-05-28,MSFT,423.661804199219
2024-05-29,MSFT,422.529632568359
2024-05-30,MSFT,408.253967285156
2024-05-31,MSFT,408.706878662109
2024-06-03,MSFT,407.121765136719
2024-06-04,MSFT,409.632293701172
2024-06-05,MSFT,417.449462890625
2024-06-06,MSFT,417.951538085938
2024-06-07,MSFT,417.291931152344
2024-06-10,MSFT,421.249755859375
2024-06-11,MSFT,425.985321044922
2024-06-12,MSFT,434.235687255859
2024-06-13,MSFT,434.747619628906
2024-06-14,MSFT,435.722320556641
2024-06-17,MSFT,441.432556152344
2024-06-18,MSFT,439.433959960938
2024-06-20,MSFT,438.803833007813
2024-06-21,MSFT,442.820678710938
2024-06-24,MSFT,440.743377685547
2024-06-25,MSFT,443.972625732422
2024-06-26,MSFT,445.163940429688
2024-06-27,MSFT,445.843231201172
2024-06-28,MSFT,440.034515380859
2024-07-01,MSFT,449.663208007813
2024-07-02,MSFT,452.173767089844
2024-07-03,MSFT,453.640625
2024-07-05,MSFT,460.325622558594
2024-07-08,MSFT,459.026062011719
2024-07-09,MSFT,452.429718017578
2024-07-10,MSFT,459.035888671875
2024-07-11,MSFT,447.664611816406
2024-07-12,MSFT,446.532409667969
2024-07-15,MSFT,446.936065673828
2024-07-16,MSFT,442.564727783203
2024-07-17,MSFT,436.657531738281
2024-07-18,MSFT,433.556365966797
2024-07-19,MSFT,430.346801757813
2024-07-22,MSFT,436.086547851563
2024-07-23,MSFT,437.967041015625
2024-07-24,MSFT,422.263793945313
2024-07-25,MSFT,411.92626953125
2024-07-26,MSFT,418.68994140625
2024-07-29,MSFT,420.127410888672
2024-07-30,MSFT,416.376312255859
2024-07-31,MSFT,411.877044677734
2024-08-01,MSFT,410.656158447266
2024-08-02,MSFT,402.169555664063
2024-08-05,MSFT,389.035980224609
2024-08-06,MSFT,393.427032470703
2024-08-07,MSFT,392.265289306641
2024-08-08,MSFT,396.459350585938
2024-08-09,MSFT,399.73779296875
2024-08-12,MSFT,400.515625
2024-08-13,MSFT,407.604187011719
2024-08-14,MSFT,410.410064697266
2024-08-15,MSFT,415.2626953125
2024-08-16,MSFT,412.737762451172
2024-08-19,MSFT,415.755859375
2024-08-20,MSFT,418.981079101563
2024-08-21,MSFT,418.330139160156
2024-08-22,MSFT,409.857757568359
2024-08-23,MSFT,411.080810546875
2024-08-26,MSFT,407.825988769531
2024-08-27,MSFT,408.171203613281
2024-08-28,MSFT,404.9755859375
2024-08-29,MSFT,407.461029052734
2024-08-30,MSFT,411.425994873047
2024-09-03,MSFT,403.831481933594
2024-09-04,MSFT,403.298858642578
2024-09-05,MSFT,402.795806884766
2024-09-06,MSFT,396.197509765625
2024-09-09,MSFT,400.162414550781
2024-09-10,MSFT,408.526306152344
2024-09-11,MSFT,417.245147705078
2024-09-12,MSFT,421.150939941406
2024-09-13,MSFT,424.691741943359
2024-09-16,MSFT,425.431457519531
2024-09-17,MSFT,429.189300537109
2024-09-18,MSFT,424.908752441406
2024-09-19,MSFT,432.680755615234
2024-09-20,MSFT,429.307647705078
2024-09-23,MSFT,427.57177734375
2024-09-24,MSFT,423.291198730469
2024-09-25,MSFT,426.19091796875
2024-09-26,MSFT,425.401885986328
2024-09-27,MSFT,422.156951904297
2024-09-30,MSFT,424.405700683594
2024-10-01,MSFT,414.927368164063
2024-10-02,MSFT,411.416137695313
2024-10-03,MSFT,410.834197998047
2024-10-04,MSFT,410.360778808594
2024-10-07,MSFT,403.930084228516
2024-10-08,MSFT,409.029327392578
2024-10-09,MSFT,411.741546630859
2024-10-10,MSFT,410.143768310547
2024-10-11,MSFT,410.617218017578
2024-10-14,MSFT,413.398620605469
2024-10-15,MSFT,413.004028320313
2024-10-16,MSFT,410.419952392578
2024-10-17,MSFT,411.011749267578
2024-10-18,MSFT,412.431976318359
2024-10-21,MSFT,413.043518066406
2024-10-22,MSFT,421.653930664063
2024-10-23,MSFT,418.783813476563
2024-10-24,MSFT,418.912017822266
2024-10-25,MSFT,422.28515625
2024-10-28,MSFT,420.746520996094
2024-10-29,MSFT,426.033142089844
2024-10-30,MSFT,426.605163574219
2024-10-31,MSFT,400.783782958984
2024-11-01,MSFT,404.748687744141
2024-11-04,MSFT,402.864868164063
2024-11-05,MSFT,405.823760986328
2024-11-06,MSFT,414.424346923828
2024-11-07,MSFT,419.602416992188
2024-11-08,MSFT,416.752014160156
2024-11-11,MSFT,412.284027099609
2024-11-12,MSFT,417.235290527344
2024-11-13,MSFT,419.375579833984
2024-11-14,MSFT,421.042449951172
2024-11-15,MSFT,409.315277099609
2024-11-18,MSFT,410.064910888672
2024-11-19,MSFT,412.067108154297
2024-11-20,MSFT,409.798583984375
2024-11-21,MSFT,408.029571533203
2024-11-22,MSFT,412.111175537109
2024-11-25,MSFT,413.880157470703
2024-11-26,MSFT,422.972290039063
2024-11-27,MSFT,418.030914306641
2024-11-29,MSFT,418.495422363281
2024-12-02,MSFT,425.92724609375
2024-12-03,MSFT,426.144683837891
2024-12-04,MSFT,432.291778564453
2024-12-05,MSFT,437.430786132813
2024-12-06,MSFT,438.369689941406
2024-12-09,MSFT,440.790924072266
2024-12-10,MSFT,438.132446289063
2024-12-11,MSFT,443.726104736328
2024-12-12,MSFT,444.289428710938
2024-12-13,MSFT,442.026214599609
2024-12-16,MSFT,446.295623779297
2024-12-17,MSFT,449.131958007813
2024-12-18,MSFT,432.262145996094
2024-12-19,MSFT,431.906341552734
2024-12-20,MSFT,431.481414794922
2024-12-23,MSFT,430.147216796875
2024-12-24,MSFT,434.179351806641
2024-12-26,MSFT,432.973693847656
2024-12-27,MSFT,425.482543945313
2024-12-30,MSFT,419.849365234375
2024-12-31,MSFT,416.558410644531
2025-01-02,MSFT,413.672607421875
2025-01-03,MSFT,418.386688232422
2025-01-06,MSFT,422.833984375
2025-01-07,MSFT,417.418182373047
2025-01-08,MSFT,419.582580566406
2025-01-10,MSFT,414.038330078125
2025-01-13,MSFT,412.298919677734
2025-01-14,MSFT,410.796783447266
2025-01-15,MSFT,421.31201171875
2025-01-16,MSFT,419.602233886719
2025-01-17,MSFT,424.000122070313
2025-01-21,MSFT,423.476318359375
2025-01-22,MSFT,440.968841552734
2025-01-23,MSFT,441.472839355469
2025-01-24,MSFT,438.853881835938
2025-01-27,MSFT,429.465301513672
2025-01-28,MSFT,441.957092285156
2025-01-29,MSFT,437.144165039063
2025-01-30,MSFT,410.124725341797
2025-01-31,MSFT,410.193908691406
2025-02-03,MSFT,406.102447509766
2025-02-04,MSFT,407.535461425781
2025-02-05,MSFT,408.444671630859
2025-02-06,MSFT,410.944976806641
2025-02-07,MSFT,404.946166992188
2025-02-10,MSFT,407.38720703125
2025-02-11,MSFT,406.616363525391
2025-02-12,MSFT,404.244476318359
2025-02-13,MSFT,405.726867675781
2025-02-14,MSFT,403.641632080078
2025-02-18,MSFT,404.837432861328
2025-02-19,MSFT,409.907287597656
2025-02-20,MSFT,412.075958251953
2025-02-21,MSFT,404.233123779297
2025-02-24,MSFT,400.064117431641
2025-02-25,MSFT,394.023559570313
2025-02-26,MSFT,395.835754394531
2025-02-27,MSFT,388.705871582031
2025-02-28,MSFT,393.122406005859
2025-03-03,MSFT,384.705230712891
2025-03-04,MSFT,384.824035644531
2025-03-05,MSFT,397.113159179688
2025-03-06,MSFT,393.0234375
2025-03-07,MSFT,389.478302001953
2025-03-10,MSFT,376.456390380859
2025-03-11,MSFT,376.743591308594
2025-03-12,MSFT,379.536071777344
2025-03-13,MSFT,375.079925537109
2025-03-14,MSFT,384.774566650391
2025-03-17,MSFT,384.913238525391
2025-03-18,MSFT,379.78369140625
2025-03-19,MSFT,384.041778564453
2025-03-20,MSFT,383.071350097656
2025-03-21,MSFT,387.448272705078
2025-03-24,MSFT,389.250518798828
2025-03-25,MSFT,391.310241699219
2025-03-26,MSFT,386.170837402344
2025-03-27,MSFT,386.774841308594
2025-03-28,MSFT,375.109619140625
2025-03-31,MSFT,371.732879638672
2025-04-01,MSFT,378.466613769531
2025-04-02,MSFT,378.417114257813
2025-04-03,MSFT,369.475036621094
2025-04-04,MSFT,356.334350585938
2025-04-07,MSFT,354.373657226563
2025-04-08,MSFT,351.105834960938
2025-04-09,MSFT,386.685760498047
2025-04-10,MSFT,377.634796142578
2025-04-11,MSFT,384.665649414063
2025-04-14,MSFT,384.031890869141
2025-04-15,MSFT,381.972137451172
2025-04-16,MSFT,367.989654541016
2025-04-17,MSFT,364.196990966797
2025-04-21,MSFT,355.621368408203
2025-04-22,MSFT,363.246368408203
2025-04-23,MSFT,370.742614746094
2025-04-24,MSFT,383.526824951172
2025-04-25,MSFT,388.032531738281
2025-04-28,MSFT,387.349243164063
2025-04-29,MSFT,390.201202392578
2025-04-30,MSFT,391.409301757813
2025-05-01,MSFT,421.255645751953
2025-05-02,MSFT,431.039398193359
2025-05-05,MSFT,431.920745849609
2025-05-06,MSFT,429.088592529297
2025-05-07,MSFT,429.128204345703
2025-05-08,MSFT,433.901275634766
2025-05-09,MSFT,434.455780029297
2025-05-12,MSFT,444.883209228516
2025-05-13,MSFT,444.764404296875
2025-05-14,MSFT,448.527374267578
2025-05-15,MSFT,449.539276123047
2025-05-16,MSFT,450.670196533203
2025-05-19,MSFT,455.233795166016
2025-05-20,MSFT,454.539337158203
2025-05-21,MSFT,448.983734130859
2025-05-22,MSFT,451.255554199219
2025-05-23,MSFT,446.612640380859
2025-05-27,MSFT,457.039367675781
2025-05-28,MSFT,453.735748291016
2025-05-29,MSFT,455.045318603516
2025-05-30,MSFT,456.711975097656
2025-06-02,MSFT,458.309234619141
2025-06-03,MSFT,459.301300048828
2025-06-04,MSFT,460.194152832031
2025-06-05,MSFT,463.973999023438
2025-06-06,MSFT,466.652557373047
2025-06-09,MSFT,469.003814697266
2025-06-10,MSFT,467.188323974609
2025-06-11,MSFT,468.874847412109
2025-06-12,MSFT,475.075286865234
2025-06-13,MSFT,471.1962890625
2025-06-16,MSFT,475.343170166016
2025-06-17,MSFT,474.251892089844
2025-06-18,MSFT,476.434448242188
2025-06-20,MSFT,473.616912841797
2025-06-23,MSFT,482.148803710938
2025-06-24,MSFT,486.226226806641
2025-06-25,MSFT,488.369110107422
2025-06-26,MSFT,493.508056640625
2025-06-27,MSFT,492.010040283203
2025-06-30,MSFT,493.468383789063
2025-07-01,MSFT,488.150817871094
2025-07-02,MSFT,487.198486328125
2025-07-03,MSFT,494.887084960938
2025-07-07,MSFT,493.775909423828
2025-07-08,MSFT,492.684631347656
2025-07-09,MSFT,499.520050048828
2025-07-10,MSFT,497.506134033203
2025-07-11,MSFT,499.331573486328
2025-07-14,MSFT,499.033905029297
2025-07-15,MSFT,501.811767578125
2025-07-16,MSFT,501.613311767578
2025-07-17,MSFT,507.645141601563
2025-07-18,MSFT,506.008209228516
2025-07-21,MSFT,506.018127441406
2025-07-22,MSFT,501.26611328125
2025-07-23,MSFT,501.861328125
2025-07-24,MSFT,506.831634521484
2025-07-25,MSFT,509.639251708984
2025-07-28,MSFT,508.438842773438
2025-07-29,MSFT,508.508270263672
2025-07-30,MSFT,509.172973632813
2025-07-31,MSFT,529.272399902344
2025-08-01,MSFT,519.956848144531
2025-08-04,MSFT,531.395385742188
2025-08-05,MSFT,523.567993164063
2025-08-06,MSFT,520.780212402344
2025-08-07,MSFT,516.712707519531
2025-08-08,MSFT,517.903198242188
2025-08-11,MSFT,517.635375976563
2025-08-12,MSFT,525.046081542969
2025-08-13,MSFT,516.454833984375
2025-08-14,MSFT,518.339660644531
2025-08-15,MSFT,516.047973632813
2025-08-18,MSFT,513.002319335938
2025-08-19,MSFT,505.730438232422
2025-08-20,MSFT,501.712554931641
2025-08-21,MSFT,501.066650390625
2025-08-22,MSFT,504.037811279297
2025-08-25,MSFT,501.086517333984
2025-08-26,MSFT,498.880462646484
2025-08-27,MSFT,503.550903320313
2025-08-28,MSFT,506.432647705078
2025-08-29,MSFT,503.501190185547
2025-09-02,MSFT,501.941070556641
2025-09-03,MSFT,502.169647216797
2025-09-04,MSFT,504.773132324219
2025-09-05,MSFT,491.884765625
2025-09-08,MSFT,495.064636230469
2025-09-09,MSFT,495.273315429688
2025-09-10,MSFT,497.220977783203
2025-09-11,MSFT,497.856964111328
2025-09-12,MSFT,506.691009521484
2025-09-15,MSFT,512.116638183594
2025-09-16,MSFT,505.836456298828
2025-09-17,MSFT,506.810241699219
2025-09-18,MSFT,505.250152587891
2025-09-19,MSFT,514.670532226563
2025-09-22,MSFT,511.21240234375
2025-09-23,MSFT,506.025238037109
2025-09-24,MSFT,506.939422607422
2025-09-25,MSFT,503.839050292969
2025-09-26,MSFT,508.241180419922
2025-09-29,MSFT,511.361358642578
2025-09-30,MSFT,514.690368652344
2025-10-01,MSFT,516.439208984375
2025-10-02,MSFT,512.494262695313
2025-10-03,MSFT,514.094055175781
2025-10-06,MSFT,525.243530273438
2025-10-07,MSFT,520.682373046875
2025-10-08,MSFT,521.546813964844
2025-10-09,MSFT,519.1123046875
2025-10-10,MSFT,507.744323730469
2025-10-13,MSFT,510.814880371094
2025-10-14,MSFT,510.337921142578
2025-10-15,MSFT,510.198791503906
2025-10-16,MSFT,508.390258789063
2025-10-17,MSFT,510.347869873047
2025-10-20,MSFT,513.537658691406
2025-10-21,MSFT,514.402160644531
2025-10-22,MSFT,517.264038085938
2025-10-23,MSFT,517.283874511719
2025-10-24,MSFT,520.314636230469
2025-10-27,MSFT,528.174987792969
2025-10-28,MSFT,538.658508300781
2025-10-29,MSFT,538.141784667969
2025-10-30,MSFT,522.451232910156
2025-10-31,MSFT,514.551208496094
2025-11-03,MSFT,513.776123046875
2025-11-04,MSFT,511.093170166016
2025-11-05,MSFT,503.96826171875
2025-11-06,MSFT,493.971557617188
2025-11-07,MSFT,493.693328857422
2025-11-10,MSFT,502.815551757813
2025-11-11,MSFT,505.478698730469
2025-11-12,MSFT,507.923217773438
2025-11-13,MSFT,500.122619628906
2025-11-14,MSFT,506.96923828125
2025-11-17,MSFT,504.296142578125
2025-11-18,MSFT,490.682403564453
2025-11-19,MSFT,484.054351806641
2025-11-20,MSFT,476.308837890625
2025-11-21,MSFT,470.026824951172
2025-11-24,MSFT,471.898498535156
2025-11-25,MSFT,474.875213623047
2025-11-26,MSFT,483.347534179688
2025-11-28,MSFT,489.828674316406
2025-12-01,MSFT,484.582000732422
2025-12-02,MSFT,487.827575683594
2025-12-03,MSFT,475.611968994141
2025-12-04,MSFT,478.708190917969
2025-12-05,MSFT,481.017883300781
2025-12-08,MSFT,488.843048095703
2025-12-09,MSFT,489.838592529297
2025-12-10,MSFT,476.438293457031
2025-12-11,MSFT,481.326507568359
2025-12-12,MSFT,476.408416748047
2025-12-15,MSFT,472.714874267578
2025-12-16,MSFT,474.277923583984
2025-12-17,MSFT,474.009094238281
2025-12-18,MSFT,481.834259033203
2025-12-19,MSFT,483.765655517578
2025-12-22,MSFT,482.770111083984
2025-12-23,MSFT,484.691528320313
2025-12-24,MSFT,485.856323242188
2025-12-26,MSFT,485.547698974609
2025-12-29,MSFT,484.9404296875
2025-12-30,MSFT,485.318725585938
2025-12-31,MSFT,481.475860595703
2026-01-02,MSFT,470.843200683594
2026-01-05,MSFT,470.753631591797
2026-01-06,MSFT,476.388519287109
2026-01-07,MSFT,481.326507568359
2026-01-08,MSFT,475.990264892578
2026-01-09,MSFT,477.155090332031
2026-01-12,MSFT,475.064392089844
2026-01-13,MSFT,468.583282470703
2026-01-14,MSFT,457.343322753906
2026-01-15,MSFT,454.635375976563
2026-01-16,MSFT,457.821166992188
2026-01-20,MSFT,452.5048828125
2026-01-21,MSFT,442.141021728516
2026-01-22,MSFT,449.139862060547
2026-01-23,MSFT,463.884185791016
2026-01-26,MSFT,468.195007324219
2026-01-27,MSFT,478.449310302734
2026-01-28,MSFT,479.494689941406
2026-01-29,MSFT,431.578063964844
2026-01-30,MSFT,428.38232421875
2026-02-02,MSFT,421.492980957031
2026-02-03,MSFT,409.386871337891
2026-02-04,MSFT,412.353668212891
2026-02-05,MSFT,391.924652099609
2026-02-06,MSFT,399.361541748047
2026-02-09,MSFT,411.766296386719
2026-02-10,MSFT,411.437744140625
2026-02-11,MSFT,402.577209472656
2026-02-12,MSFT,400.058410644531
2026-02-13,MSFT,399.540740966797
2026-02-17,MSFT,395.100494384766
2026-02-18,MSFT,397.828369140625
2026-02-19,MSFT,397.598846435547
2026-02-20,MSFT,396.371520996094
2026-02-23,MSFT,383.639068603516
2026-02-24,MSFT,388.159301757813
2026-02-25,MSFT,399.734222412109
2026-02-26,MSFT,400.851806640625
2026-02-27,MSFT,391.891204833984
2026-03-02,MSFT,397.688629150391
2026-03-03,MSFT,403.057006835938
2026-03-04,MSFT,404.324279785156
2026-03-05,MSFT,409.792419433594
2026-03-06,MSFT,408.076141357422
2026-03-09,MSFT,408.525177001953
2026-03-10,MSFT,404.883087158203
2026-03-11,MSFT,404.004974365234
2026-03-12,MSFT,400.991485595703
2026-03-13,MSFT,394.695129394531
2026-03-16,MSFT,399.085632324219
2026-03-17,MSFT,398.546783447266
2026-03-18,MSFT,390.943267822266
2026-03-19,MSFT,388.179229736328
2026-03-20,MSFT,381.044708251953
2026-03-23,MSFT,382.172271728516
2026-03-24,MSFT,371.934417724609
2026-03-25,MSFT,370.238128662109
2026-03-26,MSFT,365.179077148438
2026-03-27,MSFT,355.998931884766
2026-03-30,MSFT,358.184204101563
2026-03-31,MSFT,369.369995117188
2026-04-01,MSFT,368.571716308594
2026-04-02,MSFT,372.652862548828
2026-04-06,MSFT,372.074127197266
2026-04-07,MSFT,371.485412597656
2026-04-08,MSFT,373.52099609375
2026-04-09,MSFT,372.263732910156
2026-04-10,MSFT,370.068481445313
2026-04-13,MSFT,383.539306640625
2026-04-14,MSFT,392.260406494141
2026-04-15,MSFT,410.331268310547
2026-04-16,MSFT,419.351745605469
2026-04-17,MSFT,421.876281738281
2026-04-20,MSFT,417.166473388672
2026-04-21,MSFT,423.243316650391
2026-04-22,MSFT,431.984375
2026-04-23,MSFT,414.851470947266
2026-04-24,MSFT,423.702301025391
2026-04-27,MSFT,423.901885986328
2026-04-28,MSFT,428.322296142578
2026-04-29,MSFT,423.542633056641
2026-04-30,MSFT,406.898712158203
2026-05-01,MSFT,413.544311523438
2026-05-04,MSFT,412.72607421875
2026-05-05,MSFT,410.490936279297
2026-05-06,MSFT,413.065338134766
2026-05-07,MSFT,419.860626220703
2026-05-08,MSFT,414.222839355469
2026-05-11,MSFT,411.768157958984
2026-05-12,MSFT,406.888702392578
2026-05-13,MSFT,404.334259033203
2026-05-14,MSFT,408.545135498047
2026-05-15,MSFT,421.008148193359
2026-05-18,MSFT,422.624664306641
2026-05-19,MSFT,416.517883300781
2026-05-20,MSFT,420.149993896484
2026-05-21,MSFT,419.089996337891
2026-05-22,MSFT,418.570007324219
2026-05-26,MSFT,416.029998779297
2026-05-27,MSFT,412.670013427734
2026-05-28,MSFT,426.989990234375
2026-05-29,MSFT,450.239990234375
2026-06-01,MSFT,460.519989013672
2026-06-02,MSFT,441.309997558594
2026-06-03,MSFT,427.339996337891
2026-06-04,MSFT,428.049987792969
2026-06-05,MSFT,416.670013427734
2026-06-08,MSFT,411.739990234375
2026-06-09,MSFT,403.410003662109
2026-06-10,MSFT,397.359985351563
2026-06-11,MSFT,390.339996337891
2026-06-12,MSFT,390.739990234375
2026-06-15,MSFT,399.760009765625
2026-06-16,MSFT,393.829986572266
2026-06-17,MSFT,378.910003662109
2026-06-18,MSFT,379.399993896484
2026-06-22,MSFT,367.339996337891
2026-06-23,MSFT,373.940002441406
2026-06-24,MSFT,365.459991455078
2026-06-25,MSFT,352.829986572266
2026-06-26,MSFT,372.970001220703
2026-06-29,MSFT,368.570007324219
2026-06-30,MSFT,373.019989013672
2026-07-01,MSFT,384.279998779297
2026-07-02,MSFT,390.489990234375
2026-07-06,MSFT,386.739990234375
2026-07-07,MSFT,388.839996337891
2026-07-08,MSFT,383.339996337891
2026-07-09,MSFT,384.359985351563
2026-07-10,MSFT,385.100006103516
2026-07-13,MSFT,390.989990234375
2026-07-14,MSFT,384.929992675781
2026-07-15,MSFT,395.630004882813
2026-07-16,MSFT,401.100006103516
2026-07-17,MSFT,393.820007324219
2026-07-20,MSFT,402.290008544922
2026-07-21,MSFT,397.75
2026-07-22,MSFT,390.339996337891
2026-07-23,MSFT,381.579986572266
2026-07-24,MSFT,381.700012207031
2026-07-27,MSFT,389.100006103516
2026-07-28,MSFT,393.350006103516
2016-07-29,AMGN,127.673942565918
2016-08-01,AMGN,129.254776000977
2016-08-02,AMGN,129.247314453125
2016-08-03,AMGN,128.712905883789
2016-08-04,AMGN,128.148941040039
2016-08-05,AMGN,128.883636474609
2016-08-08,AMGN,127.903984069824
2016-08-09,AMGN,127.711029052734
2016-08-10,AMGN,127.080207824707
2016-08-11,AMGN,127.970794677734
2016-08-12,AMGN,128.408676147461
2016-08-15,AMGN,130.319610595703
2016-08-16,AMGN,128.51318359375
2016-08-17,AMGN,130.118118286133
2016-08-18,AMGN,130.446533203125
2016-08-19,AMGN,129.603012084961
2016-08-22,AMGN,130.148010253906
2016-08-23,AMGN,130.185302734375
2016-08-24,AMGN,127.52783203125
2016-08-25,AMGN,127.07250213623
2016-08-26,AMGN,128.371368408203
2016-08-29,AMGN,128.027969360352
2016-08-30,AMGN,127.46809387207
2016-08-31,AMGN,126.945556640625
2016-09-01,AMGN,126.997848510742
2016-09-02,AMGN,126.729156494141
2016-09-06,AMGN,127.52783203125
2016-09-07,AMGN,127.371047973633
2016-09-08,AMGN,127.624877929688
2016-09-09,AMGN,124.325462341309
2016-09-12,AMGN,128.423599243164
2016-09-13,AMGN,126.378242492676
2016-09-14,AMGN,127.005302429199
2016-09-15,AMGN,128.871475219727
2016-09-16,AMGN,129.1103515625
2016-09-19,AMGN,127.930923461914
2016-09-20,AMGN,129.423873901367
2016-09-21,AMGN,129.774780273438
2016-09-22,AMGN,131.095977783203
2016-09-23,AMGN,130.483871459961
2016-09-26,AMGN,129.535842895508
2016-09-27,AMGN,128.117553710938
2016-09-28,AMGN,126.684326171875
2016-09-29,AMGN,123.504318237305
2016-09-30,AMGN,124.519523620605
2016-10-03,AMGN,124.915176391602
2016-10-04,AMGN,125.071968078613
2016-10-05,AMGN,124.840522766113
2016-10-06,AMGN,124.586708068848
2016-10-07,AMGN,125.034652709961
2016-10-10,AMGN,125.639259338379
2016-10-11,AMGN,122.660820007324
2016-10-12,AMGN,122.332405090332
2016-10-13,AMGN,122.638389587402
2016-10-14,AMGN,120.854354858398
2016-10-17,AMGN,121.391815185547
2016-10-18,AMGN,121.526184082031
2016-10-19,AMGN,120.242233276367
2016-10-20,AMGN,120.555740356445
2016-10-21,AMGN,118.323799133301
2016-10-24,AMGN,118.510398864746
2016-10-25,AMGN,117.86841583252
2016-10-26,AMGN,118.682159423828
2016-10-27,AMGN,119.861549377441
2016-10-28,AMGN,108.373260498047
2016-10-31,AMGN,105.372459411621
2016-11-01,AMGN,105.073837280273
2016-11-02,AMGN,103.536094665527
2016-11-03,AMGN,100.938400268555
2016-11-04,AMGN,101.072769165039
2016-11-07,AMGN,103.91682434082
2016-11-08,AMGN,103.349502563477
2016-11-09,AMGN,109.29891204834
2016-11-10,AMGN,113.143257141113
2016-11-11,AMGN,111.25463104248
2016-11-14,AMGN,110.037223815918
2016-11-15,AMGN,110.518173217773
2016-11-16,AMGN,110.645935058594
2016-11-17,AMGN,110.74365234375
2016-11-18,AMGN,109.142913818359
2016-11-21,AMGN,109.38338470459
2016-11-22,AMGN,108.466529846191
2016-11-23,AMGN,108.992630004883
2016-11-25,AMGN,109.293228149414
2016-11-28,AMGN,109.02262878418
2016-11-29,AMGN,109.721580505371
2016-11-30,AMGN,108.271186828613
2016-12-01,AMGN,107.008628845215
2016-12-02,AMGN,108.226066589355
2016-12-05,AMGN,109.187995910645
2016-12-06,AMGN,109.052734375
2016-12-07,AMGN,106.106796264648
2016-12-08,AMGN,105.655883789063
2016-12-09,AMGN,107.805229187012
2016-12-12,AMGN,109.541236877441
2016-12-13,AMGN,111.502655029297
2016-12-14,AMGN,111.743179321289
2016-12-15,AMGN,113.020729064941
2016-12-16,AMGN,112.254196166992
2016-12-19,AMGN,111.029243469238
2016-12-20,AMGN,110.638442993164
2016-12-21,AMGN,109.849311828613
2016-12-22,AMGN,109.992111206055
2016-12-23,AMGN,110.886421203613
2016-12-27,AMGN,111.495170593262
2016-12-28,AMGN,110.976623535156
2016-12-29,AMGN,111.059288024902
2016-12-30,AMGN,109.879409790039
2017-01-03,AMGN,113.276237487793
2017-01-04,AMGN,114.884483337402
2017-01-05,AMGN,114.967140197754
2017-01-06,AMGN,117.82292175293
2017-01-09,AMGN,119.371055603027
2017-01-10,AMGN,119.310935974121
2017-01-11,AMGN,117.702705383301
2017-01-12,AMGN,116.755805969238
2017-01-13,AMGN,117.326942443848
2017-01-17,AMGN,116.334953308105
2017-01-18,AMGN,117.063919067383
2017-01-19,AMGN,115.583374023438
2017-01-20,AMGN,116.237228393555
2017-01-23,AMGN,114.771759033203
2017-01-24,AMGN,114.117965698242
2017-01-25,AMGN,115.808876037598
2017-01-26,AMGN,114.967140197754
2017-01-27,AMGN,118.108543395996
2017-01-30,AMGN,116.05687713623
2017-01-31,AMGN,117.747779846191
2017-02-01,AMGN,119.994804382324
2017-02-02,AMGN,119.927207946777
2017-02-03,AMGN,125.901725769043
2017-02-06,AMGN,125.187812805176
2017-02-07,AMGN,125.368141174316
2017-02-08,AMGN,126.345146179199
2017-02-09,AMGN,125.856666564941
2017-02-10,AMGN,126.172302246094
2017-02-13,AMGN,126.868446350098
2017-02-14,AMGN,127.163551330566
2017-02-15,AMGN,129.99365234375
2017-02-16,AMGN,130.235809326172
2017-02-17,AMGN,131.128692626953
2017-02-21,AMGN,131.015197753906
2017-02-22,AMGN,130.614135742188
2017-02-23,AMGN,131.673538208008
2017-02-24,AMGN,132.089691162109
2017-02-27,AMGN,133.277740478516
2017-02-28,AMGN,133.580413818359
2017-03-01,AMGN,134.87434387207
2017-03-02,AMGN,134.745758056641
2017-03-03,AMGN,136.357467651367
2017-03-06,AMGN,135.797576904297
2017-03-07,AMGN,134.223602294922
2017-03-08,AMGN,134.526245117188
2017-03-09,AMGN,135.388946533203
2017-03-10,AMGN,137.295822143555
2017-03-13,AMGN,137.000686645508
2017-03-14,AMGN,136.296966552734
2017-03-15,AMGN,138.173568725586
2017-03-16,AMGN,136.289398193359
2017-03-17,AMGN,127.587348937988
2017-03-20,AMGN,128.064056396484
2017-03-21,AMGN,126.25553894043
2017-03-22,AMGN,126.709548950195
2017-03-23,AMGN,125.642593383789
2017-03-24,AMGN,125.415634155273
2017-03-27,AMGN,124.787551879883
2017-03-28,AMGN,124.636207580566
2017-03-29,AMGN,123.387603759766
2017-03-30,AMGN,124.386505126953
2017-03-31,AMGN,124.151908874512
2017-04-03,AMGN,124.015670776367
2017-04-04,AMGN,124.371360778809
2017-04-05,AMGN,122.767181396484
2017-04-06,AMGN,122.774681091309
2017-04-07,AMGN,123.62979888916
2017-04-10,AMGN,123.183311462402
2017-04-11,AMGN,123.425476074219
2017-04-12,AMGN,123.380096435547
2017-04-13,AMGN,122.290405273438
2017-04-17,AMGN,122.668746948242
2017-04-18,AMGN,122.018028259277
2017-04-19,AMGN,122.025596618652
2017-04-20,AMGN,122.615776062012
2017-04-21,AMGN,121.38240814209
2017-04-24,AMGN,123.448204040527
2017-04-25,AMGN,124.628639221191
2017-04-26,AMGN,124.560501098633
2017-04-27,AMGN,123.130378723145
2017-04-28,AMGN,123.584373474121
2017-05-01,AMGN,123.039573669434
2017-05-02,AMGN,123.713035583496
2017-05-03,AMGN,123.955177307129
2017-05-04,AMGN,124.318405151367
2017-05-05,AMGN,123.955177307129
2017-05-08,AMGN,123.36498260498
2017-05-09,AMGN,123.508712768555
2017-05-10,AMGN,121.458045959473
2017-05-11,AMGN,121.132637023926
2017-05-12,AMGN,121.238624572754
2017-05-15,AMGN,121.924575805664
2017-05-16,AMGN,121.939811706543
2017-05-17,AMGN,119.706642150879
2017-05-18,AMGN,120.392639160156
2017-05-19,AMGN,119.287460327148
2017-05-22,AMGN,116.627471923828
2017-05-23,AMGN,117.427764892578
2017-05-24,AMGN,117.83171081543
2017-05-25,AMGN,118.464317321777
2017-05-26,AMGN,118.144203186035
2017-05-30,AMGN,117.260101318359
2017-05-31,AMGN,118.319473266602
2017-06-01,AMGN,119.081672668457
2017-06-02,AMGN,121.299613952637
2017-06-05,AMGN,122.115127563477
2017-06-06,AMGN,121.589210510254
2017-06-07,AMGN,123.21263885498
2017-06-08,AMGN,123.967163085938
2017-06-09,AMGN,125.041862487793
2017-06-12,AMGN,125.666839599609
2017-06-13,AMGN,125.323867797852
2017-06-14,AMGN,125.834510803223
2017-06-15,AMGN,125.079940795898
2017-06-16,AMGN,123.791877746582
2017-06-19,AMGN,125.82691192627
2017-06-20,AMGN,126.741516113281
2017-06-21,AMGN,130.598068237305
2017-06-22,AMGN,132.480606079102
2017-06-23,AMGN,131.474594116211
2017-06-26,AMGN,132.366348266602
2017-06-27,AMGN,130.217010498047
2017-06-28,AMGN,132.671203613281
2017-06-29,AMGN,131.543182373047
2017-06-30,AMGN,131.268844604492
2017-07-03,AMGN,131.703216552734
2017-07-05,AMGN,132.815979003906
2017-07-06,AMGN,130.880065917969
2017-07-07,AMGN,130.659042358398
2017-07-10,AMGN,131.24592590332
2017-07-11,AMGN,132.099578857422
2017-07-12,AMGN,132.061431884766
2017-07-13,AMGN,133.410507202148
2017-07-14,AMGN,135.003433227539
2017-07-17,AMGN,135.209213256836
2017-07-18,AMGN,135.270172119141
2017-07-19,AMGN,136.56591796875
2017-07-20,AMGN,136.672576904297
2017-07-21,AMGN,137.350891113281
2017-07-24,AMGN,137.998764038086
2017-07-25,AMGN,137.869155883789
2017-07-26,AMGN,134.058349609375
2017-07-27,AMGN,131.207794189453
2017-07-28,AMGN,133.029403686523
2017-07-31,AMGN,133.00651550293
2017-08-01,AMGN,132.716918945313
2017-08-02,AMGN,132.968460083008
2017-08-03,AMGN,132.755020141602
2017-08-04,AMGN,132.503524780273
2017-08-07,AMGN,133.059875488281
2017-08-08,AMGN,132.381561279297
2017-08-09,AMGN,132.274917602539
2017-08-10,AMGN,128.890823364258
2017-08-11,AMGN,129.134704589844
2017-08-14,AMGN,130.842025756836
2017-08-15,AMGN,130.473617553711
2017-08-16,AMGN,131.509521484375
2017-08-17,AMGN,128.762557983398
2017-08-18,AMGN,128.363540649414
2017-08-21,AMGN,129.031143188477
2017-08-22,AMGN,130.496673583984
2017-08-23,AMGN,129.675628662109
2017-08-24,AMGN,130.40461730957
2017-08-25,AMGN,130.24348449707
2017-08-28,AMGN,131.808776855469
2017-08-29,AMGN,132.154067993164
2017-08-30,AMGN,133.243621826172
2017-08-31,AMGN,136.404968261719
2017-09-01,AMGN,137.126266479492
2017-09-05,AMGN,135.614685058594
2017-09-06,AMGN,136.873062133789
2017-09-07,AMGN,138.660873413086
2017-09-08,AMGN,138.607177734375
2017-09-11,AMGN,143.095947265625
2017-09-12,AMGN,146.556503295898
2017-09-13,AMGN,145.559036254883
2017-09-14,AMGN,145.359497070313
2017-09-15,AMGN,143.847946166992
2017-09-18,AMGN,143.080596923828
2017-09-19,AMGN,142.965530395508
2017-09-20,AMGN,144.385055541992
2017-09-21,AMGN,143.210998535156
2017-09-22,AMGN,142.535827636719
2017-09-25,AMGN,142.942474365234
2017-09-26,AMGN,142.413040161133
2017-09-27,AMGN,141.860580444336
2017-09-28,AMGN,142.305618286133
2017-09-29,AMGN,143.06526184082
2017-10-02,AMGN,143.617706298828
2017-10-03,AMGN,143.663757324219
2017-10-04,AMGN,144.707305908203
2017-10-05,AMGN,143.372146606445
2017-10-06,AMGN,142.58186340332
2017-10-09,AMGN,142.305618286133
2017-10-10,AMGN,142.558807373047
2017-10-11,AMGN,141.300430297852
2017-10-12,AMGN,140.233901977539
2017-10-13,AMGN,140.425704956055
2017-10-16,AMGN,139.573974609375
2017-10-17,AMGN,142.865753173828
2017-10-18,AMGN,142.934829711914
2017-10-19,AMGN,141.277420043945
2017-10-20,AMGN,140.387359619141
2017-10-23,AMGN,138.522735595703
2017-10-24,AMGN,138.400009155273
2017-10-25,AMGN,136.197845458984
2017-10-26,AMGN,135.445831298828
2017-10-27,AMGN,134.494400024414
2017-10-30,AMGN,133.964935302734
2017-10-31,AMGN,134.448333740234
2017-11-01,AMGN,134.601821899414
2017-11-02,AMGN,132.292190551758
2017-11-03,AMGN,133.08251953125
2017-11-06,AMGN,131.056823730469
2017-11-07,AMGN,133.113220214844
2017-11-08,AMGN,133.189910888672
2017-11-09,AMGN,133.512237548828
2017-11-10,AMGN,132.246170043945
2017-11-13,AMGN,131.593933105469
2017-11-14,AMGN,130.542770385742
2017-11-15,AMGN,129.967254638672
2017-11-16,AMGN,131.929550170898
2017-11-17,AMGN,131.334686279297
2017-11-20,AMGN,130.399871826172
2017-11-21,AMGN,131.211029052734
2017-11-22,AMGN,131.303756713867
2017-11-24,AMGN,131.427383422852
2017-11-27,AMGN,131.110641479492
2017-11-28,AMGN,131.535522460938
2017-11-29,AMGN,133.057479858398
2017-11-30,AMGN,135.707336425781
2017-12-01,AMGN,136.897079467773
2017-12-04,AMGN,138.048217773438
2017-12-05,AMGN,138.032745361328
2017-12-06,AMGN,136.139953613281
2017-12-07,AMGN,134.393981933594
2017-12-08,AMGN,135.514175415039
2017-12-11,AMGN,136.611267089844
2017-12-12,AMGN,136.1708984375
2017-12-13,AMGN,137.036102294922
2017-12-14,AMGN,135.135635375977
2017-12-15,AMGN,136.773468017578
2017-12-18,AMGN,136.078201293945
2017-12-19,AMGN,136.642135620117
2017-12-20,AMGN,136.827545166016
2017-12-21,AMGN,136.495346069336
2017-12-22,AMGN,136.294479370117
2017-12-26,AMGN,136.039566040039
2017-12-27,AMGN,136.132263183594
2017-12-28,AMGN,135.390548706055
2017-12-29,AMGN,134.347610473633
2018-01-02,AMGN,136.742568969727
2018-01-03,AMGN,139.322906494141
2018-01-04,AMGN,138.735717773438
2018-01-05,AMGN,139.562377929688
2018-01-08,AMGN,139.523742675781
2018-01-09,AMGN,141.671524047852
2018-01-10,AMGN,141.269729614258
2018-01-11,AMGN,140.574462890625
2018-01-12,AMGN,142.953903198242
2018-01-16,AMGN,143.34016418457
2018-01-17,AMGN,145.24836730957
2018-01-18,AMGN,144.923919677734
2018-01-19,AMGN,146.229553222656
2018-01-22,AMGN,148.585876464844
2018-01-23,AMGN,148.323196411133
2018-01-24,AMGN,147.272537231445
2018-01-25,AMGN,146.847610473633
2018-01-26,AMGN,151.428924560547
2018-01-29,AMGN,152.966262817383
2018-01-30,AMGN,147.766967773438
2018-01-31,AMGN,143.734191894531
2018-02-01,AMGN,143.35563659668
2018-02-02,AMGN,144.475814819336
2018-02-05,AMGN,135.004302978516
2018-02-06,AMGN,136.472152709961
2018-02-07,AMGN,137.105697631836
2018-02-08,AMGN,133.745056152344
2018-02-09,AMGN,134.007720947266
2018-02-12,AMGN,135.097045898438
2018-02-13,AMGN,135.923706054688
2018-02-14,AMGN,139.737838745117
2018-02-15,AMGN,142.913635253906
2018-02-16,AMGN,142.874771118164
2018-02-20,AMGN,142.431045532227
2018-02-21,AMGN,142.002899169922
2018-02-22,AMGN,142.018524169922
2018-02-23,AMGN,145.303359985352
2018-02-26,AMGN,146.727828979492
2018-02-27,AMGN,144.61833190918
2018-02-28,AMGN,143.045959472656
2018-03-01,AMGN,142.672332763672
2018-03-02,AMGN,144.065673828125
2018-03-05,AMGN,147.99658203125
2018-03-06,AMGN,148.167831420898
2018-03-07,AMGN,145.972732543945
2018-03-08,AMGN,145.68473815918
2018-03-09,AMGN,148.751647949219
2018-03-12,AMGN,147.350540161133
2018-03-13,AMGN,147.700775146484
2018-03-14,AMGN,148.339080810547
2018-03-15,AMGN,147.700775146484
2018-03-16,AMGN,146.525405883789
2018-03-19,AMGN,142.096328735352
2018-03-20,AMGN,141.69157409668
2018-03-21,AMGN,141.349060058594
2018-03-22,AMGN,137.060104370117
2018-03-23,AMGN,131.883758544922
2018-03-26,AMGN,136.367309570313
2018-03-27,AMGN,133.222640991211
2018-03-28,AMGN,132.685562133789
2018-03-29,AMGN,132.701095581055
2018-04-02,AMGN,129.25276184082
2018-04-03,AMGN,130.941909790039
2018-04-04,AMGN,135.067428588867
2018-04-05,AMGN,133.884246826172
2018-04-06,AMGN,130.879608154297
2018-04-09,AMGN,132.031661987305
2018-04-10,AMGN,134.763809204102
2018-04-11,AMGN,134.203399658203
2018-04-12,AMGN,133.121444702148
2018-04-13,AMGN,133.479461669922
2018-04-16,AMGN,133.401626586914
2018-04-17,AMGN,136.126037597656
2018-04-18,AMGN,136.30500793457
2018-04-19,AMGN,134.608154296875
2018-04-20,AMGN,133.541763305664
2018-04-23,AMGN,135.954772949219
2018-04-24,AMGN,133.837524414063
2018-04-25,AMGN,136.087112426758
2018-04-26,AMGN,136.507446289063
2018-04-27,AMGN,138.134292602539
2018-04-30,AMGN,135.814666748047
2018-05-01,AMGN,131.767013549805
2018-05-02,AMGN,131.883758544922
2018-05-03,AMGN,129.517425537109
2018-05-04,AMGN,130.755111694336
2018-05-07,AMGN,130.8173828125
2018-05-08,AMGN,131.152038574219
2018-05-09,AMGN,132.047241210938
2018-05-10,AMGN,132.926864624023
2018-05-11,AMGN,135.355422973633
2018-05-14,AMGN,136.966674804688
2018-05-15,AMGN,134.148910522461
2018-05-16,AMGN,136.329528808594
2018-05-17,AMGN,136.996292114258
2018-05-18,AMGN,138.290542602539
2018-05-21,AMGN,138.423919677734
2018-05-22,AMGN,139.906387329102
2018-05-23,AMGN,141.145797729492
2018-05-24,AMGN,139.592666625977
2018-05-25,AMGN,139.812301635742
2018-05-29,AMGN,139.184753417969
2018-05-30,AMGN,141.381088256836
2018-05-31,AMGN,140.894775390625
2018-06-01,AMGN,143.993209838867
2018-06-04,AMGN,145.460037231445
2018-06-05,AMGN,142.549865722656
2018-06-06,AMGN,143.977523803711
2018-06-07,AMGN,143.781341552734
2018-06-08,AMGN,144.565841674805
2018-06-11,AMGN,144.808975219727
2018-06-12,AMGN,145.169769287109
2018-06-13,AMGN,144.079452514648
2018-06-14,AMGN,145.73454284668
2018-06-15,AMGN,145.122711181641
2018-06-18,AMGN,144.291275024414
2018-06-19,AMGN,146.04833984375
2018-06-20,AMGN,146.299362182617
2018-06-21,AMGN,145.89143371582
2018-06-22,AMGN,145.232559204102
2018-06-25,AMGN,145.397262573242
2018-06-26,AMGN,144.793258666992
2018-06-27,AMGN,143.961807250977
2018-06-28,AMGN,143.812744140625
2018-06-29,AMGN,144.793258666992
2018-07-02,AMGN,145.342315673828
2018-07-03,AMGN,145.671844482422
2018-07-05,AMGN,146.966079711914
2018-07-06,AMGN,149.8291015625
2018-07-09,AMGN,152.307876586914
2018-07-10,AMGN,153.50016784668
2018-07-11,AMGN,151.5078125
2018-07-12,AMGN,152.237289428711
2018-07-13,AMGN,153.672744750977
2018-07-16,AMGN,152.864837646484
2018-07-17,AMGN,152.111801147461
2018-07-18,AMGN,151.233276367188
2018-07-19,AMGN,150.417449951172
2018-07-20,AMGN,149.421279907227
2018-07-23,AMGN,149.013427734375
2018-07-24,AMGN,150.135070800781
2018-07-25,AMGN,151.421478271484
2018-07-26,AMGN,152.213775634766
2018-07-27,AMGN,150.950836181641
2018-07-30,AMGN,149.53108215332
2018-07-31,AMGN,154.174758911133
2018-08-01,AMGN,153.617828369141
2018-08-02,AMGN,154.041381835938
2018-08-03,AMGN,155.304306030273
2018-08-06,AMGN,155.006225585938
2018-08-07,AMGN,157.194717407227
2018-08-08,AMGN,153.90022277832
2018-08-09,AMGN,152.15104675293
2018-08-10,AMGN,152.503936767578
2018-08-13,AMGN,153.437423706055
2018-08-14,AMGN,153.555114746094
2018-08-15,AMGN,153.162872314453
2018-08-16,AMGN,155.137268066406
2018-08-17,AMGN,155.911178588867
2018-08-20,AMGN,156.021759033203
2018-08-21,AMGN,155.824279785156
2018-08-22,AMGN,156.242874145508
2018-08-23,AMGN,155.263595581055
2018-08-24,AMGN,155.295211791992
2018-08-27,AMGN,156.843078613281
2018-08-28,AMGN,156.85888671875
2018-08-29,AMGN,157.751281738281
2018-08-30,AMGN,158.225112915039
2018-08-31,AMGN,157.79866027832
2018-09-04,AMGN,155.366241455078
2018-09-05,AMGN,156.171798706055
2018-09-06,AMGN,154.908203125
2018-09-07,AMGN,155.02668762207
2018-09-10,AMGN,159.923126220703
2018-09-11,AMGN,157.530136108398
2018-09-12,AMGN,157.553848266602
2018-09-13,AMGN,160.262649536133
2018-09-14,AMGN,158.406768798828
2018-09-17,AMGN,158.588439941406
2018-09-18,AMGN,159.796691894531
2018-09-19,AMGN,160.475891113281
2018-09-20,AMGN,161.976455688477
2018-09-21,AMGN,161.976455688477
2018-09-24,AMGN,163.642791748047
2018-09-25,AMGN,163.050476074219
2018-09-26,AMGN,163.342666625977
2018-09-27,AMGN,164.969543457031
2018-09-28,AMGN,163.705932617188
2018-10-01,AMGN,163.405853271484
2018-10-02,AMGN,164.006072998047
2018-10-03,AMGN,163.397933959961
2018-10-04,AMGN,160.689102172852
2018-10-05,AMGN,161.12353515625
2018-10-08,AMGN,162.347610473633
2018-10-09,AMGN,162.687225341797
2018-10-10,AMGN,158.896423339844
2018-10-11,AMGN,153.091796875
2018-10-12,AMGN,155.887542724609
2018-10-15,AMGN,154.465972900391
2018-10-16,AMGN,159.796691894531
2018-10-17,AMGN,160.136322021484
2018-10-18,AMGN,160.096801757813
2018-10-19,AMGN,159.37028503418
2018-10-22,AMGN,156.385025024414
2018-10-23,AMGN,156.084945678711
2018-10-24,AMGN,148.377029418945
2018-10-25,AMGN,148.550796508789
2018-10-26,AMGN,146.876510620117
2018-10-29,AMGN,148.621841430664
2018-10-30,AMGN,149.324691772461
2018-10-31,AMGN,152.254684448242
2018-11-01,AMGN,152.341567993164
2018-11-02,AMGN,147.729431152344
2018-11-05,AMGN,149.988128662109
2018-11-06,AMGN,150.643600463867
2018-11-07,AMGN,156.069107055664
2018-11-08,AMGN,154.805557250977
2018-11-09,AMGN,152.546875
2018-11-12,AMGN,151.283294677734
2018-11-13,AMGN,151.275421142578
2018-11-14,AMGN,150.335586547852
2018-11-15,AMGN,153.047424316406
2018-11-16,AMGN,154.423217773438
2018-11-19,AMGN,155.003768920898
2018-11-20,AMGN,156.22053527832
2018-11-21,AMGN,153.301940917969
2018-11-23,AMGN,153.142807006836
2018-11-26,AMGN,154.518661499023
2018-11-27,AMGN,156.745391845703
2018-11-28,AMGN,160.180877685547
2018-11-29,AMGN,160.936416625977
2018-11-30,AMGN,165.61247253418
2018-12-03,AMGN,161.381713867188
2018-12-04,AMGN,157.270233154297
2018-12-06,AMGN,158.26432800293
2018-12-07,AMGN,152.244201660156
2018-12-10,AMGN,154.351638793945
2018-12-11,AMGN,156.013763427734
2018-12-12,AMGN,156.196624755859
2018-12-13,AMGN,157.087356567383
2018-12-14,AMGN,152.745223999023
2018-12-17,AMGN,151.162658691406
2018-12-18,AMGN,148.792770385742
2018-12-19,AMGN,147.512405395508
2018-12-20,AMGN,147.090972900391
2018-12-21,AMGN,143.313461303711
2018-12-24,AMGN,141.874053955078
2018-12-26,AMGN,149.397186279297
2018-12-27,AMGN,151.361511230469
2018-12-28,AMGN,151.679595947266
2018-12-31,AMGN,154.812896728516
2019-01-02,AMGN,152.610015869141
2019-01-03,AMGN,150.287872314453
2019-01-04,AMGN,155.425231933594
2019-01-07,AMGN,157.516784667969
2019-01-08,AMGN,159.536743164063
2019-01-09,AMGN,159.345901489258
2019-01-10,AMGN,161.182922363281
2019-01-11,AMGN,159.496978759766
2019-01-14,AMGN,156.490921020508
2019-01-15,AMGN,158.558578491211
2019-01-16,AMGN,158.168853759766
2019-01-17,AMGN,160.578506469727
2019-01-18,AMGN,162.137237548828
2019-01-22,AMGN,160.626251220703
2019-01-23,AMGN,160.292221069336
2019-01-24,AMGN,159.823013305664
2019-01-25,AMGN,158.073455810547
2019-01-28,AMGN,152.649749755859
2019-01-29,AMGN,152.777069091797
2019-01-30,AMGN,147.01139831543
2019-01-31,AMGN,148.800765991211
2019-02-01,AMGN,148.768920898438
2019-02-04,AMGN,148.061141967773
2019-02-05,AMGN,149.755020141602
2019-02-06,AMGN,151.703475952148
2019-02-07,AMGN,146.510406494141
2019-02-08,AMGN,147.918014526367
2019-02-11,AMGN,147.751007080078
2019-02-12,AMGN,149.850479125977
2019-02-13,AMGN,150.287872314453
2019-02-14,AMGN,149.606689453125
2019-02-15,AMGN,150.937026977539
2019-02-19,AMGN,149.839111328125
2019-02-20,AMGN,149.799011230469
2019-02-21,AMGN,148.660995483398
2019-02-22,AMGN,150.263793945313
2019-02-25,AMGN,152.11506652832
2019-02-26,AMGN,152.331481933594
2019-02-27,AMGN,153.405349731445
2019-02-28,AMGN,152.331481933594
2019-03-01,AMGN,153.197021484375
2019-03-04,AMGN,152.091033935547
2019-03-05,AMGN,151.321670532227
2019-03-06,AMGN,146.777694702148
2019-03-07,AMGN,145.423355102539
2019-03-08,AMGN,144.950500488281
2019-03-11,AMGN,147.57112121582
2019-03-12,AMGN,147.603134155273
2019-03-13,AMGN,150.143661499023
2019-03-14,AMGN,150.472198486328
2019-03-15,AMGN,153.261108398438
2019-03-18,AMGN,153.31721496582
2019-03-19,AMGN,153.461456298828
2019-03-20,AMGN,153.164916992188
2019-03-21,AMGN,153.782012939453
2019-03-22,AMGN,149.622756958008
2019-03-25,AMGN,149.534591674805
2019-03-26,AMGN,150.880889892578
2019-03-27,AMGN,149.31819152832
2019-03-28,AMGN,150.384048461914
2019-03-29,AMGN,152.25129699707
2019-04-01,AMGN,153.685852050781
2019-04-02,AMGN,154.214767456055
2019-04-03,AMGN,154.607498168945
2019-04-04,AMGN,154.134658813477
2019-04-05,AMGN,156.602996826172
2019-04-08,AMGN,156.178237915039
2019-04-09,AMGN,154.655517578125
2019-04-10,AMGN,155.384826660156
2019-04-11,AMGN,153.95832824707
2019-04-12,AMGN,153.405349731445
2019-04-15,AMGN,153.229049682617
2019-04-16,AMGN,150.704605102539
2019-04-17,AMGN,146.232757568359
2019-04-18,AMGN,142.225769042969
2019-04-22,AMGN,141.336181640625
2019-04-23,AMGN,144.060943603516
2019-04-24,AMGN,142.890914916992
2019-04-25,AMGN,144.637954711914
2019-04-26,AMGN,145.431365966797
2019-04-29,AMGN,145.190887451172
2019-04-30,AMGN,143.708312988281
2019-05-01,AMGN,141.159866333008
2019-05-02,AMGN,141.448348999023
2019-05-03,AMGN,142.097534179688
2019-05-06,AMGN,141.897155761719
2019-05-07,AMGN,139.340667724609
2019-05-08,AMGN,137.962219238281
2019-05-09,AMGN,138.539260864258
2019-05-10,AMGN,137.721832275391
2019-05-13,AMGN,134.315841674805
2019-05-14,AMGN,134.484115600586
2019-05-15,AMGN,136.135025024414
2019-05-16,AMGN,137.34748840332
2019-05-17,AMGN,137.339416503906
2019-05-20,AMGN,136.110778808594
2019-05-21,AMGN,137.161575317383
2019-05-22,AMGN,138.462936401367
2019-05-23,AMGN,139.117691040039
2019-05-24,AMGN,138.446792602539
2019-05-28,AMGN,136.482620239258
2019-05-29,AMGN,136.749328613281
2019-05-30,AMGN,136.636199951172
2019-05-31,AMGN,134.744735717773
2019-06-03,AMGN,139.319763183594
2019-06-04,AMGN,141.235458374023
2019-06-05,AMGN,141.089950561523
2019-06-06,AMGN,141.009170532227
2019-06-07,AMGN,141.865936279297
2019-06-10,AMGN,141.922515869141
2019-06-11,AMGN,141.146545410156
2019-06-12,AMGN,141.93864440918
2019-06-13,AMGN,142.835891723633
2019-06-14,AMGN,142.326644897461
2019-06-17,AMGN,144.193786621094
2019-06-18,AMGN,146.796569824219
2019-06-19,AMGN,147.734237670898
2019-06-20,AMGN,148.793121337891
2019-06-21,AMGN,151.242294311523
2019-06-24,AMGN,149.399337768555
2019-06-25,AMGN,149.084167480469
2019-06-26,AMGN,148.057556152344
2019-06-27,AMGN,148.744613647461
2019-06-28,AMGN,148.95475769043
2019-07-01,AMGN,150.627975463867
2019-07-02,AMGN,150.862380981445
2019-07-03,AMGN,152.43049621582
2019-07-05,AMGN,150.296569824219
2019-07-08,AMGN,147.305847167969
2019-07-09,AMGN,146.78044128418
2019-07-10,AMGN,147.330062866211
2019-07-11,AMGN,143.878631591797
2019-07-12,AMGN,141.397109985352
2019-07-15,AMGN,142.358978271484
2019-07-16,AMGN,143.450225830078
2019-07-17,AMGN,143.11882019043
2019-07-18,AMGN,145.123413085938
2019-07-19,AMGN,144.193786621094
2019-07-22,AMGN,142.173080444336
2019-07-23,AMGN,142.270065307617
2019-07-24,AMGN,142.076065063477
2019-07-25,AMGN,140.734283447266
2019-07-26,AMGN,141.728515625
2019-07-29,AMGN,142.326644897461
2019-07-30,AMGN,142.625717163086
2019-07-31,AMGN,150.813888549805
2019-08-01,AMGN,150.345077514648
2019-08-02,AMGN,151.331237792969
2019-08-05,AMGN,146.70768737793
2019-08-06,AMGN,149.100296020508
2019-08-07,AMGN,148.356628417969
2019-08-08,AMGN,149.722671508789
2019-08-09,AMGN,158.630249023438
2019-08-12,AMGN,166.333343505859
2019-08-13,AMGN,166.608169555664
2019-08-14,AMGN,161.886795043945
2019-08-15,AMGN,162.244918823242
2019-08-16,AMGN,166.079071044922
2019-08-19,AMGN,167.690856933594
2019-08-20,AMGN,165.387176513672
2019-08-21,AMGN,166.013931274414
2019-08-22,AMGN,165.590637207031
2019-08-23,AMGN,162.057739257813
2019-08-26,AMGN,167.21061706543
2019-08-27,AMGN,168.089752197266
2019-08-28,AMGN,168.928192138672
2019-08-29,AMGN,168.488586425781
2019-08-30,AMGN,169.823638916016
2019-09-03,AMGN,167.30012512207
2019-09-04,AMGN,167.951385498047
2019-09-05,AMGN,169.034027099609
2019-09-06,AMGN,169.099151611328
2019-09-09,AMGN,164.711502075195
2019-09-10,AMGN,160.258728027344
2019-09-11,AMGN,159.420272827148
2019-09-12,AMGN,157.922454833984
2019-09-13,AMGN,159.119094848633
2019-09-16,AMGN,157.987564086914
2019-09-17,AMGN,160.136627197266
2019-09-18,AMGN,158.769058227539
2019-09-19,AMGN,159.265625
2019-09-20,AMGN,160.31575012207
2019-09-23,AMGN,160.983200073242
2019-09-24,AMGN,159.998229980469
2019-09-25,AMGN,159.599349975586
2019-09-26,AMGN,159.045837402344
2019-09-27,AMGN,158.68766784668
2019-09-30,AMGN,157.523559570313
2019-10-01,AMGN,157.263076782227
2019-10-02,AMGN,154.02326965332
2019-10-03,AMGN,156.799087524414
2019-10-04,AMGN,159.216781616211
2019-10-07,AMGN,160.502914428711
2019-10-08,AMGN,159.615631103516
2019-10-09,AMGN,160.112213134766
2019-10-10,AMGN,161.732147216797
2019-10-11,AMGN,163.457916259766
2019-10-14,AMGN,165.159210205078
2019-10-15,AMGN,166.600036621094
2019-10-16,AMGN,165.419723510742
2019-10-17,AMGN,165.704635620117
2019-10-18,AMGN,165.02082824707
2019-10-21,AMGN,165.191787719727
2019-10-22,AMGN,166.738464355469
2019-10-23,AMGN,165.509262084961
2019-10-24,AMGN,165.297592163086
2019-10-25,AMGN,165.289459228516
2019-10-28,AMGN,166.885009765625
2019-10-29,AMGN,170.124816894531
2019-10-30,AMGN,171.663330078125
2019-10-31,AMGN,173.592636108398
2019-11-01,AMGN,177.418548583984
2019-11-04,AMGN,174.536834716797
2019-11-05,AMGN,175.082275390625
2019-11-06,AMGN,176.156753540039
2019-11-07,AMGN,177.451141357422
2019-11-08,AMGN,179.990905761719
2019-11-11,AMGN,179.657104492188
2019-11-12,AMGN,180.153747558594
2019-11-13,AMGN,178.818649291992
2019-11-14,AMGN,179.048126220703
2019-11-15,AMGN,180.982025146484
2019-11-18,AMGN,180.82633972168
2019-11-19,AMGN,183.964767456055
2019-11-20,AMGN,184.792434692383
2019-11-21,AMGN,186.685348510742
2019-11-22,AMGN,189.078125
2019-11-25,AMGN,192.191986083984
2019-11-26,AMGN,192.069091796875
2019-11-27,AMGN,192.191986083984
2019-11-29,AMGN,192.339492797852
2019-12-02,AMGN,191.323364257813
2019-12-03,AMGN,190.741577148438
2019-12-04,AMGN,191.651138305664
2019-12-05,AMGN,191.266036987305
2019-12-06,AMGN,191.56103515625
2019-12-09,AMGN,190.782501220703
2019-12-10,AMGN,191.618408203125
2019-12-11,AMGN,191.75764465332
2019-12-12,AMGN,193.380157470703
2019-12-13,AMGN,193.994812011719
2019-12-16,AMGN,199.288345336914
2019-12-17,AMGN,198.99333190918
2019-12-18,AMGN,198.255844116211
2019-12-19,AMGN,198.173919677734
2019-12-20,AMGN,199.173629760742
2019-12-23,AMGN,199.149032592773
2019-12-24,AMGN,198.575408935547
2019-12-26,AMGN,198.223052978516
2019-12-27,AMGN,197.919891357422
2019-12-30,AMGN,196.887390136719
2019-12-31,AMGN,197.54296875
2020-01-02,AMGN,196.748077392578
2020-01-03,AMGN,195.412399291992
2020-01-06,AMGN,196.911956787109
2020-01-07,AMGN,195.060028076172
2020-01-08,AMGN,195.207550048828
2020-01-09,AMGN,195.789291381836
2020-01-10,AMGN,195.240341186523
2020-01-13,AMGN,194.142288208008
2020-01-14,AMGN,196.666137695313
2020-01-15,AMGN,198.059188842773
2020-01-16,AMGN,197.075866699219
2020-01-17,AMGN,197.887100219727
2020-01-21,AMGN,194.699508666992
2020-01-22,AMGN,194.002975463867
2020-01-23,AMGN,192.601654052734
2020-01-24,AMGN,184.858016967773
2020-01-27,AMGN,182.694641113281
2020-01-28,AMGN,184.243408203125
2020-01-29,AMGN,186.136337280273
2020-01-30,AMGN,185.316848754883
2020-01-31,AMGN,177.040512084961
2020-02-03,AMGN,177.720657348633
2020-02-04,AMGN,181.760452270508
2020-02-05,AMGN,190.061431884766
2020-02-06,AMGN,189.659881591797
2020-02-07,AMGN,187.922698974609
2020-02-10,AMGN,186.357559204102
2020-02-11,AMGN,187.619476318359
2020-02-12,AMGN,186.013397216797
2020-02-13,AMGN,184.065780639648
2020-02-14,AMGN,184.42887878418
2020-02-18,AMGN,182.951690673828
2020-02-19,AMGN,183.999786376953
2020-02-20,AMGN,183.32307434082
2020-02-21,AMGN,183.859466552734
2020-02-24,AMGN,179.807495117188
2020-02-25,AMGN,173.618026733398
2020-02-26,AMGN,177.05110168457
2020-02-27,AMGN,167.940231323242
2020-02-28,AMGN,164.828979492188
2020-03-02,AMGN,175.119979858398
2020-03-03,AMGN,168.699478149414
2020-03-04,AMGN,177.521499633789
2020-03-05,AMGN,175.053939819336
2020-03-06,AMGN,173.840835571289
2020-03-09,AMGN,163.706649780273
2020-03-10,AMGN,170.663604736328
2020-03-11,AMGN,163.937728881836
2020-03-12,AMGN,150.395233154297
2020-03-13,AMGN,166.784866333008
2020-03-16,AMGN,155.709884643555
2020-03-17,AMGN,171.488876342773
2020-03-18,AMGN,169.0791015625
2020-03-19,AMGN,164.02848815918
2020-03-20,AMGN,155.355041503906
2020-03-23,AMGN,153.440444946289
2020-03-24,AMGN,166.982925415039
2020-03-25,AMGN,159.390563964844
2020-03-26,AMGN,163.805709838867
2020-03-27,AMGN,163.624114990234
2020-03-30,AMGN,172.050018310547
2020-03-31,AMGN,167.304763793945
2020-04-01,AMGN,163.244491577148
2020-04-02,AMGN,172.380111694336
2020-04-03,AMGN,169.516494750977
2020-04-06,AMGN,174.608306884766
2020-04-07,AMGN,172.297546386719
2020-04-08,AMGN,180.888534545898
2020-04-09,AMGN,180.079788208008
2020-04-13,AMGN,180.129302978516
2020-04-14,AMGN,187.168731689453
2020-04-15,AMGN,183.042449951172
2020-04-16,AMGN,190.552307128906
2020-04-17,AMGN,193.911102294922
2020-04-20,AMGN,195.256332397461
2020-04-21,AMGN,190.428497314453
2020-04-22,AMGN,189.223648071289
2020-04-23,AMGN,191.864486694336
2020-04-24,AMGN,194.992218017578
2020-04-27,AMGN,200.067581176758
2020-04-28,AMGN,196.139312744141
2020-04-29,AMGN,194.505310058594
2020-04-30,AMGN,197.41845703125
2020-05-01,AMGN,190.618377685547
2020-05-04,AMGN,190.560592651367
2020-05-05,AMGN,195.058197021484
2020-05-06,AMGN,195.248031616211
2020-05-07,AMGN,192.557708740234
2020-05-08,AMGN,193.787322998047
2020-05-11,AMGN,200.32341003418
2020-05-12,AMGN,195.759704589844
2020-05-13,AMGN,195.446136474609
2020-05-14,AMGN,196.395141601563
2020-05-15,AMGN,199.569000244141
2020-05-18,AMGN,193.744750976563
2020-05-19,AMGN,188.959091186523
2020-05-20,AMGN,189.324661254883
2020-05-21,AMGN,186.757339477539
2020-05-22,AMGN,188.128204345703
2020-05-26,AMGN,184.779937744141
2020-05-27,AMGN,186.782241821289
2020-05-28,AMGN,186.21728515625
2020-05-29,AMGN,190.845108032227
2020-06-01,AMGN,188.527038574219
2020-06-02,AMGN,185.876647949219
2020-06-03,AMGN,183.616744995117
2020-06-04,AMGN,183.517044067383
2020-06-05,AMGN,187.496810913086
2020-06-08,AMGN,187.56330871582
2020-06-09,AMGN,186.857040405273
2020-06-10,AMGN,188.701538085938
2020-06-11,AMGN,181.871963500977
2020-06-12,AMGN,181.041152954102
2020-06-15,AMGN,182.603149414063
2020-06-16,AMGN,188.49382019043
2020-06-17,AMGN,187.74609375
2020-06-18,AMGN,191.360244750977
2020-06-19,AMGN,198.322723388672
2020-06-22,AMGN,194.575622558594
2020-06-23,AMGN,195.871704101563
2020-06-24,AMGN,193.179748535156
2020-06-25,AMGN,195.339950561523
2020-06-26,AMGN,193.453964233398
2020-06-29,AMGN,192.390502929688
2020-06-30,AMGN,195.963104248047
2020-07-01,AMGN,211.965179443359
2020-07-02,AMGN,214.55744934082
2020-07-06,AMGN,212.904037475586
2020-07-07,AMGN,210.328430175781
2020-07-08,AMGN,209.032302856445
2020-07-09,AMGN,209.090438842773
2020-07-10,AMGN,206.913635253906
2020-07-13,AMGN,207.744476318359
2020-07-14,AMGN,210.278579711914
2020-07-15,AMGN,210.461364746094
2020-07-16,AMGN,212.031677246094
2020-07-17,AMGN,214.740173339844
2020-07-20,AMGN,216.809020996094
2020-07-21,AMGN,214.283279418945
2020-07-22,AMGN,213.51057434082
2020-07-23,AMGN,209.572387695313
2020-07-24,AMGN,206.032943725586
2020-07-27,AMGN,210.743804931641
2020-07-28,AMGN,212.089782714844
2020-07-29,AMGN,206.755798339844
2020-07-30,AMGN,204.504211425781
2020-07-31,AMGN,203.28288269043
2020-08-03,AMGN,205.517776489258
2020-08-04,AMGN,202.38557434082
2020-08-05,AMGN,200.624176025391
2020-08-06,AMGN,200.690628051758
2020-08-07,AMGN,199.976089477539
2020-08-10,AMGN,197.88232421875
2020-08-11,AMGN,194.957809448242
2020-08-12,AMGN,200.831848144531
2020-08-13,AMGN,199.785018920898
2020-08-14,AMGN,200.495956420898
2020-08-17,AMGN,203.256103515625
2020-08-18,AMGN,201.993118286133
2020-08-19,AMGN,201.148361206055
2020-08-20,AMGN,199.676254272461
2020-08-21,AMGN,198.764587402344
2020-08-24,AMGN,197.033218383789
2020-08-25,AMGN,207.613784790039
2020-08-26,AMGN,209.253158569336
2020-08-27,AMGN,211.452941894531
2020-08-28,AMGN,211.712203979492
2020-08-31,AMGN,211.879470825195
2020-09-01,AMGN,209.82194519043
2020-09-02,AMGN,215.894271850586
2020-09-03,AMGN,207.354507446289
2020-09-04,AMGN,207.764343261719
2020-09-08,AMGN,201.725463867188
2020-09-09,AMGN,205.397308349609
2020-09-10,AMGN,201.273834228516
2020-09-11,AMGN,203.423370361328
2020-09-14,AMGN,206.384231567383
2020-09-15,AMGN,207.722549438477
2020-09-16,AMGN,207.229064941406
2020-09-17,AMGN,207.496704101563
2020-09-18,AMGN,207.195587158203
2020-09-21,AMGN,203.406661987305
2020-09-22,AMGN,207.011566162109
2020-09-23,AMGN,202.904800415039
2020-09-24,AMGN,201.006195068359
2020-09-25,AMGN,203.933624267578
2020-09-28,AMGN,206.618453979492
2020-09-29,AMGN,207.680725097656
2020-09-30,AMGN,212.582061767578
2020-10-01,AMGN,213.610855102539
2020-10-02,AMGN,205.26350402832
2020-10-05,AMGN,214.129501342773
2020-10-06,AMGN,211.352554321289
2020-10-07,AMGN,215.517852783203
2020-10-08,AMGN,200.81379699707
2020-10-09,AMGN,197.978378295898
2020-10-12,AMGN,200.328689575195
2020-10-13,AMGN,200.186462402344
2020-10-14,AMGN,198.772964477539
2020-10-15,AMGN,196.564819335938
2020-10-16,AMGN,197.158630371094
2020-10-19,AMGN,192.968231201172
2020-10-20,AMGN,193.294464111328
2020-10-21,AMGN,191.512908935547
2020-10-22,AMGN,190.684844970703
2020-10-23,AMGN,189.998977661133
2020-10-26,AMGN,188.100341796875
2020-10-27,AMGN,186.904266357422
2020-10-28,AMGN,180.982498168945
2020-10-29,AMGN,182.186935424805
2020-10-30,AMGN,181.450897216797
2020-11-02,AMGN,184.185928344727
2020-11-03,AMGN,184.060501098633
2020-11-04,AMGN,192.650390625
2020-11-05,AMGN,194.022155761719
2020-11-06,AMGN,193.771209716797
2020-11-09,AMGN,196.556442260742
2020-11-10,AMGN,202.076766967773
2020-11-11,AMGN,201.315643310547
2020-11-12,AMGN,198.34635925293
2020-11-13,AMGN,199.878982543945
2020-11-16,AMGN,199.289535522461
2020-11-17,AMGN,195.735916137695
2020-11-18,AMGN,191.794891357422
2020-11-19,AMGN,189.192840576172
2020-11-20,AMGN,187.929702758789
2020-11-23,AMGN,187.12971496582
2020-11-24,AMGN,185.64762878418
2020-11-25,AMGN,185.521301269531
2020-11-27,AMGN,189.310745239258
2020-11-30,AMGN,186.978134155273
2020-12-01,AMGN,189.538070678711
2020-12-02,AMGN,190.784378051758
2020-12-03,AMGN,191.0791015625
2020-12-04,AMGN,193.015975952148
2020-12-07,AMGN,190.691757202148
2020-12-08,AMGN,192.788558959961
2020-12-09,AMGN,193.554870605469
2020-12-10,AMGN,192.131713867188
2020-12-11,AMGN,191.491714477539
2020-12-14,AMGN,193.226470947266
2020-12-15,AMGN,194.127471923828
2020-12-16,AMGN,192.367523193359
2020-12-17,AMGN,194.725387573242
2020-12-18,AMGN,192.409637451172
2020-12-21,AMGN,191.415969848633
2020-12-22,AMGN,186.093933105469
2020-12-23,AMGN,187.73600769043
2020-12-24,AMGN,187.727569580078
2020-12-28,AMGN,188.333908081055
2020-12-29,AMGN,191.045440673828
2020-12-30,AMGN,191.298049926758
2020-12-31,AMGN,193.613800048828
2021-01-04,AMGN,190.868621826172
2021-01-05,AMGN,191.794891357422
2021-01-06,AMGN,196.41796875
2021-01-07,AMGN,197.066390991211
2021-01-08,AMGN,200.83056640625
2021-01-11,AMGN,200.055847167969
2021-01-12,AMGN,199.230575561523
2021-01-13,AMGN,200.199020385742
2021-01-14,AMGN,203.499969482422
2021-01-15,AMGN,206.725173950195
2021-01-19,AMGN,209.066162109375
2021-01-20,AMGN,212.510345458984
2021-01-21,AMGN,212.232467651367
2021-01-22,AMGN,213.470306396484
2021-01-25,AMGN,216.501907348633
2021-01-26,AMGN,217.765029907227
2021-01-27,AMGN,211.415634155273
2021-01-28,AMGN,208.628326416016
2021-01-29,AMGN,203.306304931641
2021-02-01,AMGN,202.464218139648
2021-02-02,AMGN,202.514755249023
2021-02-03,AMGN,199.643218994141
2021-02-04,AMGN,199.761138916016
2021-02-05,AMGN,199.003204345703
2021-02-08,AMGN,200.055847167969
2021-02-09,AMGN,199.28108215332
2021-02-10,AMGN,200.805282592773
2021-02-11,AMGN,199.397003173828
2021-02-12,AMGN,201.23796081543
2021-02-16,AMGN,197.530654907227
2021-02-17,AMGN,199.880599975586
2021-02-18,AMGN,197.267639160156
2021-02-19,AMGN,196.554992675781
2021-02-22,AMGN,196.368423461914
2021-02-23,AMGN,197.208297729492
2021-02-24,AMGN,195.11279296875
2021-02-25,AMGN,193.01741027832
2021-02-26,AMGN,190.811630249023
2021-03-01,AMGN,192.610168457031
2021-03-02,AMGN,191.464889526367
2021-03-03,AMGN,189.980316162109
2021-03-04,AMGN,188.25813293457
2021-03-05,AMGN,193.195495605469
2021-03-08,AMGN,193.263442993164
2021-03-09,AMGN,194.264465332031
2021-03-10,AMGN,195.087356567383
2021-03-11,AMGN,196.113876342773
2021-03-12,AMGN,195.426712036133
2021-03-15,AMGN,200.177490234375
2021-03-16,AMGN,203.876327514648
2021-03-17,AMGN,207.227340698242
2021-03-18,AMGN,207.354553222656
2021-03-19,AMGN,208.644073486328
2021-03-22,AMGN,211.825393676758
2021-03-23,AMGN,207.880523681641
2021-03-24,AMGN,208.245330810547
2021-03-25,AMGN,208.907043457031
2021-03-26,AMGN,214.514663696289
2021-03-29,AMGN,216.296188354492
2021-03-30,AMGN,211.876266479492
2021-03-31,AMGN,211.078857421875
2021-04-01,AMGN,211.384231567383
2021-04-05,AMGN,213.802062988281
2021-04-06,AMGN,211.324859619141
2021-04-07,AMGN,210.493453979492
2021-04-08,AMGN,209.441513061523
2021-04-09,AMGN,211.197570800781
2021-04-12,AMGN,211.189117431641
2021-04-13,AMGN,212.045944213867
2021-04-14,AMGN,211.766021728516
2021-04-15,AMGN,216.440475463867
2021-04-16,AMGN,216.932510375977
2021-04-19,AMGN,217.153076171875
2021-04-20,AMGN,219.842346191406
2021-04-21,AMGN,219.53694152832
2021-04-22,AMGN,216.37255859375
2021-04-23,AMGN,218.052322387695
2021-04-26,AMGN,216.771270751953
2021-04-27,AMGN,216.440475463867
2021-04-28,AMGN,200.813766479492
2021-04-29,AMGN,199.117050170898
2021-04-30,AMGN,203.299423217773
2021-05-03,AMGN,208.168975830078
2021-05-04,AMGN,209.848693847656
2021-05-05,AMGN,211.53694152832
2021-05-06,AMGN,213.191268920898
2021-05-07,AMGN,215.659957885742
2021-05-10,AMGN,214.311080932617
2021-05-11,AMGN,214.039581298828
2021-05-12,AMGN,212.792526245117
2021-05-13,AMGN,213.844482421875
2021-05-14,AMGN,214.758605957031
2021-05-17,AMGN,215.612915039063
2021-05-18,AMGN,214.314361572266
2021-05-19,AMGN,212.409210205078
2021-05-20,AMGN,215.228485107422
2021-05-21,AMGN,214.442489624023
2021-05-24,AMGN,211.657424926758
2021-05-25,AMGN,206.745101928711
2021-05-26,AMGN,203.79768371582
2021-05-27,AMGN,201.029708862305
2021-05-28,AMGN,203.276550292969
2021-06-01,AMGN,199.551696777344
2021-06-02,AMGN,200.901565551758
2021-06-03,AMGN,201.397033691406
2021-06-04,AMGN,202.345336914063
2021-06-07,AMGN,202.635803222656
2021-06-08,AMGN,202.319717407227
2021-06-09,AMGN,204.626419067383
2021-06-10,AMGN,209.00048828125
2021-06-11,AMGN,207.402893066406
2021-06-14,AMGN,206.053070068359
2021-06-15,AMGN,204.908294677734
2021-06-16,AMGN,204.677642822266
2021-06-17,AMGN,205.685729980469
2021-06-18,AMGN,203.908721923828
2021-06-21,AMGN,205.241500854492
2021-06-22,AMGN,204.959548950195
2021-06-23,AMGN,203.934371948242
2021-06-24,AMGN,205.848068237305
2021-06-25,AMGN,207.326019287109
2021-06-28,AMGN,207.46272277832
2021-06-29,AMGN,207.138092041016
2021-06-30,AMGN,208.240142822266
2021-07-01,AMGN,210.931228637695
2021-07-02,AMGN,212.469009399414
2021-07-06,AMGN,208.154708862305
2021-07-07,AMGN,207.787353515625
2021-07-08,AMGN,208.692962646484
2021-07-09,AMGN,209.478881835938
2021-07-12,AMGN,208.769790649414
2021-07-13,AMGN,209.162811279297
2021-07-14,AMGN,209.051742553711
2021-07-15,AMGN,210.700592041016
2021-07-16,AMGN,211.836822509766
2021-07-19,AMGN,210.786041259766
2021-07-20,AMGN,210.92268371582
2021-07-21,AMGN,209.179901123047
2021-07-22,AMGN,209.085906982422
2021-07-23,AMGN,211.631790161133
2021-07-26,AMGN,209.376434326172
2021-07-27,AMGN,209.034652709961
2021-07-28,AMGN,208.667282104492
2021-07-29,AMGN,207.138092041016
2021-07-30,AMGN,206.352111816406
2021-08-02,AMGN,204.857009887695
2021-08-03,AMGN,208.522048950195
2021-08-04,AMGN,195.049423217773
2021-08-05,AMGN,199.901992797852
2021-08-06,AMGN,196.621383666992
2021-08-09,AMGN,194.690643310547
2021-08-10,AMGN,194.750442504883
2021-08-11,AMGN,194.89567565918
2021-08-12,AMGN,194.91276550293
2021-08-13,AMGN,196.21989440918
2021-08-16,AMGN,198.931793212891
2021-08-17,AMGN,199.043701171875
2021-08-18,AMGN,195.290100097656
2021-08-19,AMGN,193.180877685547
2021-08-20,AMGN,192.440460205078
2021-08-23,AMGN,194.256973266602
2021-08-24,AMGN,193.172256469727
2021-08-25,AMGN,190.770294189453
2021-08-26,AMGN,190.666946411133
2021-08-27,AMGN,191.794784545898
2021-08-30,AMGN,192.957000732422
2021-08-31,AMGN,194.16227722168
2021-09-01,AMGN,192.285461425781
2021-09-02,AMGN,194.532485961914
2021-09-03,AMGN,194.885437011719
2021-09-07,AMGN,190.555038452148
2021-09-08,AMGN,190.150421142578
2021-09-09,AMGN,185.596206665039
2021-09-10,AMGN,184.020706176758
2021-09-13,AMGN,186.57763671875
2021-09-14,AMGN,185.9921875
2021-09-15,AMGN,187.791519165039
2021-09-16,AMGN,187.128616333008
2021-09-17,AMGN,188.86767578125
2021-09-20,AMGN,185.191528320313
2021-09-21,AMGN,185.406784057617
2021-09-22,AMGN,183.925979614258
2021-09-23,AMGN,185.139907836914
2021-09-24,AMGN,183.900192260742
2021-09-27,AMGN,183.4697265625
2021-09-28,AMGN,182.746551513672
2021-09-29,AMGN,185.010772705078
2021-09-30,AMGN,183.073684692383
2021-10-01,AMGN,184.167068481445
2021-10-04,AMGN,182.031982421875
2021-10-05,AMGN,182.393569946289
2021-10-06,AMGN,180.77507019043
2021-10-07,AMGN,180.034652709961
2021-10-08,AMGN,179.888305664063
2021-10-11,AMGN,177.951248168945
2021-10-12,AMGN,173.810241699219
2021-10-13,AMGN,175.291046142578
2021-10-14,AMGN,178.020141601563
2021-10-15,AMGN,178.932678222656
2021-10-18,AMGN,174.877792358398
2021-10-19,AMGN,178.020141601563
2021-10-20,AMGN,180.499542236328
2021-10-21,AMGN,179.922775268555
2021-10-22,AMGN,180.137969970703
2021-10-25,AMGN,178.751907348633
2021-10-26,AMGN,179.655883789063
2021-10-27,AMGN,177.847915649414
2021-10-28,AMGN,178.355880737305
2021-10-29,AMGN,178.183700561523
2021-11-01,AMGN,180.61149597168
2021-11-02,AMGN,184.459762573242
2021-11-03,AMGN,187.791519165039
2021-11-04,AMGN,185.036590576172
2021-11-05,AMGN,184.037933349609
2021-11-08,AMGN,181.971694946289
2021-11-09,AMGN,182.264419555664
2021-11-10,AMGN,183.555816650391
2021-11-11,AMGN,182.135314941406
2021-11-12,AMGN,181.988952636719
2021-11-15,AMGN,180.052978515625
2021-11-16,AMGN,178.308013916016
2021-11-17,AMGN,178.681335449219
2021-11-18,AMGN,177.11865234375
2021-11-19,AMGN,178.907028198242
2021-11-22,AMGN,175.998764038086
2021-11-23,AMGN,177.561386108398
2021-11-24,AMGN,177.075210571289
2021-11-26,AMGN,174.574996948242
2021-11-29,AMGN,176.641189575195
2021-11-30,AMGN,172.656387329102
2021-12-01,AMGN,174.323226928711
2021-12-02,AMGN,174.644424438477
2021-12-03,AMGN,175.746994018555
2021-12-06,AMGN,181.259674072266
2021-12-07,AMGN,183.456100463867
2021-12-08,AMGN,185.374694824219
2021-12-09,AMGN,184.541290283203
2021-12-10,AMGN,183.082809448242
2021-12-13,AMGN,183.516876220703
2021-12-14,AMGN,185.556976318359
2021-12-15,AMGN,190.340484619141
2021-12-16,AMGN,193.231430053711
2021-12-17,AMGN,193.16194152832
2021-12-20,AMGN,190.982925415039
2021-12-21,AMGN,191.790283203125
2021-12-22,AMGN,192.319854736328
2021-12-23,AMGN,194.281860351563
2021-12-27,AMGN,195.479934692383
2021-12-28,AMGN,196.000778198242
2021-12-29,AMGN,197.589477539063
2021-12-30,AMGN,196.608505249023
2021-12-31,AMGN,195.306243896484
2022-01-03,AMGN,196.799468994141
2022-01-04,AMGN,197.797836303711
2022-01-05,AMGN,195.453842163086
2022-01-06,AMGN,195.479934692383
2022-01-07,AMGN,197.320373535156
2022-01-10,AMGN,199.994247436523
2022-01-11,AMGN,201.739196777344
2022-01-12,AMGN,201.200988769531
2022-01-13,AMGN,200.410949707031
2022-01-14,AMGN,204.326278686523
2022-01-18,AMGN,202.998001098633
2022-01-19,AMGN,200.801620483398
2022-01-20,AMGN,198.718032836914
2022-01-21,AMGN,197.693664550781
2022-01-24,AMGN,196.269882202148
2022-01-25,AMGN,195.367034912109
2022-01-26,AMGN,193.196655273438
2022-01-27,AMGN,194.464172363281
2022-01-28,AMGN,198.926422119141
2022-01-31,AMGN,197.190139770508
2022-02-01,AMGN,198.527099609375
2022-02-02,AMGN,198.744125366211
2022-02-03,AMGN,194.498901367188
2022-02-04,AMGN,192.82341003418
2022-02-07,AMGN,194.056137084961
2022-02-08,AMGN,209.23127746582
2022-02-09,AMGN,205.914962768555
2022-02-10,AMGN,198.64860534668
2022-02-11,AMGN,198.110366821289
2022-02-14,AMGN,196.367919921875
2022-02-15,AMGN,196.078994750977
2022-02-16,AMGN,194.958267211914
2022-02-17,AMGN,194.100143432617
2022-02-18,AMGN,193.30339050293
2022-02-22,AMGN,193.863754272461
2022-02-23,AMGN,193.504791259766
2022-02-24,AMGN,191.989990234375
2022-02-25,AMGN,198.784561157227
2022-02-28,AMGN,198.302993774414
2022-03-01,AMGN,197.190994262695
2022-03-02,AMGN,200.150497436523
2022-03-03,AMGN,203.696594238281
2022-03-04,AMGN,203.932998657227
2022-03-07,AMGN,205.202606201172
2022-03-08,AMGN,202.348236083984
2022-03-09,AMGN,202.663421630859
2022-03-10,AMGN,198.714508056641
2022-03-11,AMGN,200.378158569336
2022-03-14,AMGN,200.693359375
2022-03-15,AMGN,202.7509765625
2022-03-16,AMGN,202.847290039063
2022-03-17,AMGN,206.515991210938
2022-03-18,AMGN,206.857467651367
2022-03-21,AMGN,206.918746948242
2022-03-22,AMGN,207.05012512207
2022-03-23,AMGN,205.044998168945
2022-03-24,AMGN,207.400314331055
2022-03-25,AMGN,209.081451416016
2022-03-28,AMGN,210.552444458008
2022-03-29,AMGN,211.489303588867
2022-03-30,AMGN,212.391174316406
2022-03-31,AMGN,211.73454284668
2022-04-01,AMGN,212.872787475586
2022-04-04,AMGN,214.405029296875
2022-04-05,AMGN,214.13362121582
2022-04-06,AMGN,218.835510253906
2022-04-07,AMGN,220.332794189453
2022-04-08,AMGN,220.665496826172
2022-04-11,AMGN,219.658554077148
2022-04-12,AMGN,218.931823730469
2022-04-13,AMGN,221.970077514648
2022-04-14,AMGN,222.416656494141
2022-04-18,AMGN,220.586669921875
2022-04-19,AMGN,221.847564697266
2022-04-20,AMGN,223.607467651367
2022-04-21,AMGN,223.677505493164
2022-04-22,AMGN,219.203262329102
2022-04-25,AMGN,220.796829223633
2022-04-26,AMGN,218.783004760742
2022-04-27,AMGN,217.837310791016
2022-04-28,AMGN,208.503601074219
2022-04-29,AMGN,204.17822265625
2022-05-02,AMGN,202.190612792969
2022-05-03,AMGN,203.302612304688
2022-05-04,AMGN,206.726165771484
2022-05-05,AMGN,205.193878173828
2022-05-06,AMGN,207.076370239258
2022-05-09,AMGN,209.475494384766
2022-05-10,AMGN,210.762619018555
2022-05-11,AMGN,210.701309204102
2022-05-12,AMGN,214.273696899414
2022-05-13,AMGN,213.117904663086
2022-05-16,AMGN,215.244995117188
2022-05-17,AMGN,216.551330566406
2022-05-18,AMGN,215.324478149414
2022-05-19,AMGN,216.039428710938
2022-05-20,AMGN,218.448989868164
2022-05-23,AMGN,219.808212280273
2022-05-24,AMGN,222.323684692383
2022-05-25,AMGN,223.312240600586
2022-05-26,AMGN,223.347534179688
2022-05-27,AMGN,225.298080444336
2022-05-31,AMGN,226.604385375977
2022-06-01,AMGN,223.674072265625
2022-06-02,AMGN,219.137405395508
2022-06-03,AMGN,219.287445068359
2022-06-06,AMGN,216.630783081055
2022-06-07,AMGN,217.486907958984
2022-06-08,AMGN,216.666061401367
2022-06-09,AMGN,213.373916625977
2022-06-10,AMGN,211.838104248047
2022-06-13,AMGN,208.978439331055
2022-06-14,AMGN,208.033996582031
2022-06-15,AMGN,207.928100585938
2022-06-16,AMGN,203.62971496582
2022-06-17,AMGN,207.169067382813
2022-06-21,AMGN,210.425933837891
2022-06-22,AMGN,211.952850341797
2022-06-23,AMGN,214.556594848633
2022-06-24,AMGN,216.568969726563
2022-06-27,AMGN,216.110046386719
2022-06-28,AMGN,214.927291870117
2022-06-29,AMGN,216.621932983398
2022-06-30,AMGN,214.741943359375
2022-07-01,AMGN,216.727844238281
2022-07-05,AMGN,217.769348144531
2022-07-06,AMGN,216.46305847168
2022-07-07,AMGN,218.378356933594
2022-07-08,AMGN,219.313919067383
2022-07-11,AMGN,218.696105957031
2022-07-12,AMGN,217.981170654297
2022-07-13,AMGN,218.087066650391
2022-07-14,AMGN,216.763153076172
2022-07-15,AMGN,219.499298095703
2022-07-18,AMGN,215.218566894531
2022-07-19,AMGN,218.290084838867
2022-07-20,AMGN,217.681076049805
2022-07-21,AMGN,216.930877685547
2022-07-22,AMGN,217.080856323242
2022-07-25,AMGN,219.525741577148
2022-07-26,AMGN,221.661758422852
2022-07-27,AMGN,222.173645019531
2022-07-28,AMGN,220.434844970703
2022-07-29,AMGN,218.422485351563
2022-08-01,AMGN,216.807281494141
2022-08-02,AMGN,215.280334472656
2022-08-03,AMGN,218.131210327148
2022-08-04,AMGN,217.989990234375
2022-08-05,AMGN,217.345687866211
2022-08-08,AMGN,218.263610839844
2022-08-09,AMGN,219.207992553711
2022-08-10,AMGN,222.500198364258
2022-08-11,AMGN,219.199157714844
2022-08-12,AMGN,219.234466552734
2022-08-15,AMGN,221.608734130859
2022-08-16,AMGN,223.435775756836
2022-08-17,AMGN,222.875411987305
2022-08-18,AMGN,222.092712402344
2022-08-19,AMGN,223.124496459961
2022-08-22,AMGN,219.602279663086
2022-08-23,AMGN,217.440963745117
2022-08-24,AMGN,217.458770751953
2022-08-25,AMGN,218.517166137695
2022-08-26,AMGN,214.043319702148
2022-08-29,AMGN,212.913726806641
2022-08-30,AMGN,212.682464599609
2022-08-31,AMGN,213.731994628906
2022-09-01,AMGN,218.357070922852
2022-09-02,AMGN,215.573120117188
2022-09-06,AMGN,215.439727783203
2022-09-07,AMGN,217.725555419922
2022-09-08,AMGN,218.312591552734
2022-09-09,AMGN,220.304946899414
2022-09-12,AMGN,211.34831237793
2022-09-13,AMGN,201.777954101563
2022-09-14,AMGN,202.898635864258
2022-09-15,AMGN,202.489517211914
2022-09-16,AMGN,205.584762573242
2022-09-19,AMGN,205.246765136719
2022-09-20,AMGN,202.533981323242
2022-09-21,AMGN,199.643295288086
2022-09-22,AMGN,202.569549560547
2022-09-23,AMGN,201.87580871582
2022-09-26,AMGN,201.786804199219
2022-09-27,AMGN,201.004135131836
2022-09-28,AMGN,205.442428588867
2022-09-29,AMGN,203.156600952148
2022-09-30,AMGN,200.479370117188
2022-10-03,AMGN,204.962142944336
2022-10-04,AMGN,207.256912231445
2022-10-05,AMGN,207.968475341797
2022-10-06,AMGN,205.406860351563
2022-10-07,AMGN,203.708023071289
2022-10-10,AMGN,206.48307800293
2022-10-11,AMGN,218.303695678711
2022-10-12,AMGN,219.193161010742
2022-10-13,AMGN,223.836013793945
2022-10-14,AMGN,223.551406860352
2022-10-17,AMGN,224.965576171875
2022-10-18,AMGN,224.245178222656
2022-10-19,AMGN,220.749664306641
2022-10-20,AMGN,220.091461181641
2022-10-21,AMGN,224.085067749023
2022-10-24,AMGN,232.427963256836
2022-10-25,AMGN,231.245040893555
2022-10-26,AMGN,237.177581787109
2022-10-27,AMGN,237.684539794922
2022-10-28,AMGN,243.537094116211
2022-10-31,AMGN,240.459594726563
2022-11-01,AMGN,241.980590820313
2022-11-02,AMGN,239.267776489258
2022-11-03,AMGN,236.483825683594
2022-11-04,AMGN,239.294448852539
2022-11-07,AMGN,246.392181396484
2022-11-08,AMGN,260.062835693359
2022-11-09,AMGN,257.625762939453
2022-11-10,AMGN,258.835418701172
2022-11-11,AMGN,253.50764465332
2022-11-14,AMGN,253.756698608398
2022-11-15,AMGN,252.244674682617
2022-11-16,AMGN,254.134323120117
2022-11-17,AMGN,257.295623779297
2022-11-18,AMGN,257.286743164063
2022-11-21,AMGN,258.065856933594
2022-11-22,AMGN,257.071716308594
2022-11-23,AMGN,253.802917480469
2022-11-25,AMGN,254.107421875
2022-11-28,AMGN,253.104385375977
2022-11-29,AMGN,252.540252685547
2022-11-30,AMGN,256.489715576172
2022-12-01,AMGN,256.077728271484
2022-12-02,AMGN,255.692611694336
2022-12-05,AMGN,255.155212402344
2022-12-06,AMGN,253.704452514648
2022-12-07,AMGN,255.916458129883
2022-12-08,AMGN,255.746368408203
2022-12-09,AMGN,249.548980712891
2022-12-12,AMGN,247.87434387207
2022-12-13,AMGN,243.826370239258
2022-12-14,AMGN,242.814422607422
2022-12-15,AMGN,238.345550537109
2022-12-16,AMGN,239.482879638672
2022-12-19,AMGN,237.951522827148
2022-12-20,AMGN,237.100708007813
2022-12-21,AMGN,238.453033447266
2022-12-22,AMGN,237.557418823242
2022-12-23,AMGN,236.357360839844
2022-12-27,AMGN,235.882705688477
2022-12-28,AMGN,234.118499755859
2022-12-29,AMGN,235.676773071289
2022-12-30,AMGN,235.211044311523
2023-01-03,AMGN,234.324417114258
2023-01-04,AMGN,236.778305053711
2023-01-05,AMGN,238.990310668945
2023-01-06,AMGN,246.459320068359
2023-01-09,AMGN,241.909912109375
2023-01-10,AMGN,245.277206420898
2023-01-11,AMGN,244.408493041992
2023-01-12,AMGN,242.626327514648
2023-01-13,AMGN,243.351715087891
2023-01-17,AMGN,241.282974243164
2023-01-18,AMGN,236.778305053711
2023-01-19,AMGN,234.664764404297
2023-01-20,AMGN,235.74836730957
2023-01-23,AMGN,233.715454101563
2023-01-24,AMGN,232.578094482422
2023-01-25,AMGN,229.748092651367
2023-01-26,AMGN,228.261459350586
2023-01-27,AMGN,227.159942626953
2023-01-30,AMGN,225.315063476563
2023-01-31,AMGN,226.040466308594
2023-02-01,AMGN,220.676025390625
2023-02-02,AMGN,220.783508300781
2023-02-03,AMGN,219.565551757813
2023-02-06,AMGN,218.383407592773
2023-02-07,AMGN,218.517730712891
2023-02-08,AMGN,215.114593505859
2023-02-09,AMGN,214.935470581055
2023-02-10,AMGN,217.174392700195
2023-02-13,AMGN,218.213241577148
2023-02-14,AMGN,217.761489868164
2023-02-15,AMGN,216.894180297852
2023-02-16,AMGN,211.608932495117
2023-02-17,AMGN,217.309753417969
2023-02-21,AMGN,215.240875244141
2023-02-22,AMGN,213.361663818359
2023-02-23,AMGN,214.680694580078
2023-02-24,AMGN,211.102951049805
2023-02-27,AMGN,211.816696166992
2023-02-28,AMGN,209.29606628418
2023-03-01,AMGN,213.388717651367
2023-03-02,AMGN,212.078720092773
2023-03-03,AMGN,212.141952514648
2023-03-06,AMGN,212.413009643555
2023-03-07,AMGN,206.639892578125
2023-03-08,AMGN,206.377899169922
2023-03-09,AMGN,203.992721557617
2023-03-10,AMGN,205.871948242188
2023-03-13,AMGN,210.669311523438
2023-03-14,AMGN,208.320297241211
2023-03-15,AMGN,212.223281860352
2023-03-16,AMGN,211.925140380859
2023-03-17,AMGN,207.606567382813
2023-03-20,AMGN,212.060684204102
2023-03-21,AMGN,210.461517333984
2023-03-22,AMGN,207.642700195313
2023-03-23,AMGN,210.597030639648
2023-03-24,AMGN,215.051116943359
2023-03-27,AMGN,213.903717041016
2023-03-28,AMGN,215.457672119141
2023-03-29,AMGN,217.761489868164
2023-03-30,AMGN,218.186096191406
2023-03-31,AMGN,218.411987304688
2023-04-03,AMGN,220.842300415039
2023-04-04,AMGN,223.634017944336
2023-04-05,AMGN,228.910217285156
2023-04-06,AMGN,228.865051269531
2023-04-10,AMGN,226.678665161133
2023-04-11,AMGN,227.157485961914
2023-04-12,AMGN,225.413833618164
2023-04-13,AMGN,227.166519165039
2023-04-14,AMGN,225.86555480957
2023-04-17,AMGN,224.121856689453
2023-04-18,AMGN,222.332992553711
2023-04-19,AMGN,222.441452026367
2023-04-20,AMGN,219.956924438477
2023-04-21,AMGN,220.318283081055
2023-04-24,AMGN,220.851318359375
2023-04-25,AMGN,221.23078918457
2023-04-26,AMGN,215.746810913086
2023-04-27,AMGN,217.138107299805
2023-04-28,AMGN,216.596038818359
2023-05-01,AMGN,215.837112426758
2023-05-02,AMGN,213.189956665039
2023-05-03,AMGN,207.172927856445
2023-05-04,AMGN,209.503845214844
2023-05-05,AMGN,213.695907592773
2023-05-08,AMGN,211.970291137695
2023-05-09,AMGN,211.798629760742
2023-05-10,AMGN,211.509552001953
2023-05-11,AMGN,209.865249633789
2023-05-12,AMGN,210.461517333984
2023-05-15,AMGN,210.985565185547
2023-05-16,AMGN,205.880966186523
2023-05-17,AMGN,205.215240478516
2023-05-18,AMGN,204.494720458984
2023-05-19,AMGN,203.756042480469
2023-05-22,AMGN,204.275894165039
2023-05-23,AMGN,204.686279296875
2023-05-24,AMGN,201.840850830078
2023-05-25,AMGN,198.320602416992
2023-05-26,AMGN,197.837249755859
2023-05-30,AMGN,199.296447753906
2023-05-31,AMGN,201.229827880859
2023-06-01,AMGN,195.411361694336
2023-06-02,AMGN,198.876937866211
2023-06-05,AMGN,202.351608276367
2023-06-06,AMGN,201.74967956543
2023-06-07,AMGN,201.777038574219
2023-06-08,AMGN,201.330154418945
2023-06-09,AMGN,199.50617980957
2023-06-12,AMGN,198.229415893555
2023-06-13,AMGN,202.451919555664
2023-06-14,AMGN,202.716354370117
2023-06-15,AMGN,208.334213256836
2023-06-16,AMGN,209.446853637695
2023-06-20,AMGN,208.47102355957
2023-06-21,AMGN,207.057434082031
2023-06-22,AMGN,209.446853637695
2023-06-23,AMGN,207.121292114258
2023-06-26,AMGN,204.950729370117
2023-06-27,AMGN,203.017364501953
2023-06-28,AMGN,201.831771850586
2023-06-29,AMGN,201.694961547852
2023-06-30,AMGN,202.479278564453
2023-07-03,AMGN,205.206100463867
2023-07-05,AMGN,205.999526977539
2023-07-06,AMGN,203.354797363281
2023-07-07,AMGN,199.405883789063
2023-07-10,AMGN,204.950729370117
2023-07-11,AMGN,204.157333374023
2023-07-12,AMGN,205.817123413086
2023-07-13,AMGN,207.622863769531
2023-07-14,AMGN,207.4130859375
2023-07-17,AMGN,207.787033081055
2023-07-18,AMGN,212.100723266602
2023-07-19,AMGN,211.626495361328
2023-07-20,AMGN,212.702621459961
2023-07-21,AMGN,214.152694702148
2023-07-24,AMGN,214.69987487793
2023-07-25,AMGN,214.599548339844
2023-07-26,AMGN,214.508392333984
2023-07-27,AMGN,215.2744140625
2023-07-28,AMGN,215.566268920898
2023-07-31,AMGN,213.54167175293
2023-08-01,AMGN,211.690322875977
2023-08-02,AMGN,210.130844116211
2023-08-03,AMGN,210.395324707031
2023-08-04,AMGN,221.868103027344
2023-08-07,AMGN,230.67790222168
2023-08-08,AMGN,237.846054077148
2023-08-09,AMGN,236.496368408203
2023-08-10,AMGN,238.995178222656
2023-08-11,AMGN,239.405563354492
2023-08-14,AMGN,238.001129150391
2023-08-15,AMGN,242.597564697266
2023-08-16,AMGN,241.694686889648
2023-08-17,AMGN,242.577285766602
2023-08-18,AMGN,240.710922241211
2023-08-21,AMGN,239.681274414063
2023-08-22,AMGN,236.849548339844
2023-08-23,AMGN,236.61051940918
2023-08-24,AMGN,235.930221557617
2023-08-25,AMGN,235.709548950195
2023-08-28,AMGN,235.865829467773
2023-08-29,AMGN,238.706726074219
2023-08-30,AMGN,237.088607788086
2023-08-31,AMGN,235.672760009766
2023-09-01,AMGN,236.012939453125
2023-09-05,AMGN,233.530639648438
2023-09-06,AMGN,228.93376159668
2023-09-07,AMGN,233.879959106445
2023-09-08,AMGN,238.513656616211
2023-09-11,AMGN,240.619018554688
2023-09-12,AMGN,239.322692871094
2023-09-13,AMGN,236.491027832031
2023-09-14,AMGN,241.152252197266
2023-09-15,AMGN,239.699645996094
2023-09-18,AMGN,241.933715820313
2023-09-19,AMGN,243.000183105469
2023-09-20,AMGN,249.573745727539
2023-09-21,AMGN,247.689041137695
2023-09-22,AMGN,246.116912841797
2023-09-25,AMGN,245.344589233398
2023-09-26,AMGN,247.348861694336
2023-09-27,AMGN,247.293670654297
2023-09-28,AMGN,248.985382080078
2023-09-29,AMGN,247.091445922852
2023-10-02,AMGN,244.838943481445
2023-10-03,AMGN,239.966247558594
2023-10-04,AMGN,244.039123535156
2023-10-05,AMGN,243.708129882813
2023-10-06,AMGN,245.905426025391
2023-10-09,AMGN,249.647308349609
2023-10-10,AMGN,249.380645751953
2023-10-11,AMGN,260.734954833984
2023-10-12,AMGN,262.058868408203
2023-10-13,AMGN,261.194610595703
2023-10-16,AMGN,263.75048828125
2023-10-17,AMGN,261.488891601563
2023-10-18,AMGN,260.716522216797
2023-10-19,AMGN,257.976837158203
2023-10-20,AMGN,256.331146240234
2023-10-23,AMGN,251.044723510742
2023-10-24,AMGN,253.858062744141
2023-10-25,AMGN,250.217300415039
2023-10-26,AMGN,247.96484375
2023-10-27,AMGN,240.481109619141
2023-10-30,AMGN,241.970520019531
2023-10-31,AMGN,235.084396362305
2023-11-01,AMGN,239.809951782227
2023-11-02,AMGN,245.096374511719
2023-11-03,AMGN,248.102737426758
2023-11-06,AMGN,250.833267211914
2023-11-07,AMGN,249.251922607422
2023-11-08,AMGN,251.228637695313
2023-11-09,AMGN,242.77033996582
2023-11-10,AMGN,245.758346557617
2023-11-13,AMGN,245.188293457031
2023-11-14,AMGN,248.249801635742
2023-11-15,AMGN,251.017120361328
2023-11-16,AMGN,249.256607055664
2023-11-17,AMGN,245.911575317383
2023-11-20,AMGN,245.87451171875
2023-11-21,AMGN,243.530212402344
2023-11-22,AMGN,245.170272827148
2023-11-24,AMGN,245.976440429688
2023-11-27,AMGN,244.873764038086
2023-11-28,AMGN,246.032028198242
2023-11-29,AMGN,247.032760620117
2023-11-30,AMGN,249.849670410156
2023-12-01,AMGN,252.453369140625
2023-12-04,AMGN,252.536743164063
2023-12-05,AMGN,250.989379882813
2023-12-06,AMGN,249.580932617188
2023-12-07,AMGN,251.397094726563
2023-12-08,AMGN,249.367797851563
2023-12-11,AMGN,252.16618347168
2023-12-12,AMGN,253.880386352539
2023-12-13,AMGN,260.950347900391
2023-12-14,AMGN,256.039367675781
2023-12-15,AMGN,255.23323059082
2023-12-18,AMGN,255.261032104492
2023-12-19,AMGN,258.003723144531
2023-12-20,AMGN,254.983001708984
2023-12-21,AMGN,258.828430175781
2023-12-22,AMGN,263.303924560547
2023-12-26,AMGN,263.06298828125
2023-12-27,AMGN,265.5
2023-12-28,AMGN,267.288360595703
2023-12-29,AMGN,266.880645751953
2024-01-02,AMGN,275.562896728516
2024-01-03,AMGN,278.620727539063
2024-01-04,AMGN,280.918701171875
2024-01-05,AMGN,280.761138916016
2024-01-08,AMGN,288.062805175781
2024-01-09,AMGN,284.70849609375
2024-01-10,AMGN,282.215911865234
2024-01-11,AMGN,280.853790283203
2024-01-12,AMGN,284.013519287109
2024-01-16,AMGN,281.205963134766
2024-01-17,AMGN,281.761840820313
2024-01-18,AMGN,282.141784667969
2024-01-19,AMGN,285.218170166016
2024-01-22,AMGN,287.395660400391
2024-01-23,AMGN,287.164001464844
2024-01-24,AMGN,283.077667236328
2024-01-25,AMGN,287.488342285156
2024-01-26,AMGN,288.887481689453
2024-01-29,AMGN,290.444213867188
2024-01-30,AMGN,291.5283203125
2024-01-31,AMGN,291.194793701172
2024-02-01,AMGN,300.738739013672
2024-02-02,AMGN,299.469329833984
2024-02-05,AMGN,298.3388671875
2024-02-06,AMGN,292.871887207031
2024-02-07,AMGN,274.154479980469
2024-02-08,AMGN,273.209320068359
2024-02-09,AMGN,269.753112792969
2024-02-12,AMGN,272.820190429688
2024-02-13,AMGN,269.160095214844
2024-02-14,AMGN,268.780181884766
2024-02-15,AMGN,269.947479248047
2024-02-16,AMGN,264.932739257813
2024-02-20,AMGN,264.755340576172
2024-02-21,AMGN,264.708648681641
2024-02-22,AMGN,266.314849853516
2024-02-23,AMGN,270.050231933594
2024-02-26,AMGN,267.426147460938
2024-02-27,AMGN,260.067352294922
2024-02-28,AMGN,259.105499267578
2024-02-29,AMGN,255.715637207031
2024-03-01,AMGN,261.78564453125
2024-03-04,AMGN,260.907867431641
2024-03-05,AMGN,258.349060058594
2024-03-06,AMGN,258.293090820313
2024-03-07,AMGN,254.809814453125
2024-03-08,AMGN,255.640914916992
2024-03-11,AMGN,257.144409179688
2024-03-12,AMGN,258.246398925781
2024-03-13,AMGN,257.732757568359
2024-03-14,AMGN,253.577133178711
2024-03-15,AMGN,251.083724975586
2024-03-18,AMGN,252.979476928711
2024-03-19,AMGN,253.75456237793
2024-03-20,AMGN,254.987213134766
2024-03-21,AMGN,258.629241943359
2024-03-22,AMGN,257.900909423828
2024-03-25,AMGN,262.243255615234
2024-03-26,AMGN,263.130401611328
2024-03-27,AMGN,267.360748291016
2024-03-28,AMGN,265.51171875
2024-04-01,AMGN,264.316375732422
2024-04-02,AMGN,257.938171386719
2024-04-03,AMGN,256.2666015625
2024-04-04,AMGN,250.355377197266
2024-04-05,AMGN,252.092330932617
2024-04-08,AMGN,251.391906738281
2024-04-09,AMGN,252.475128173828
2024-04-10,AMGN,248.823867797852
2024-04-11,AMGN,252.138977050781
2024-04-12,AMGN,249.598892211914
2024-04-15,AMGN,247.946014404297
2024-04-16,AMGN,248.067428588867
2024-04-17,AMGN,246.601272583008
2024-04-18,AMGN,245.368591308594
2024-04-19,AMGN,251.139801025391
2024-04-22,AMGN,253.922637939453
2024-04-23,AMGN,255.444808959961
2024-04-24,AMGN,254.949905395508
2024-04-25,AMGN,251.560028076172
2024-04-26,AMGN,252.120330810547
2024-04-29,AMGN,258.096923828125
2024-04-30,AMGN,255.818359375
2024-05-01,AMGN,259.021453857422
2024-05-02,AMGN,259.973999023438
2024-05-03,AMGN,290.697601318359
2024-05-06,AMGN,279.668823242188
2024-05-07,AMGN,280.4345703125
2024-05-08,AMGN,286.980865478516
2024-05-09,AMGN,292.163726806641
2024-05-10,AMGN,289.632965087891
2024-05-13,AMGN,288.045471191406
2024-05-14,AMGN,290.809661865234
2024-05-15,AMGN,297.934936523438
2024-05-16,AMGN,295.988128662109
2024-05-17,AMGN,293.872009277344
2024-05-20,AMGN,295.818817138672
2024-05-21,AMGN,296.110412597656
2024-05-22,AMGN,290.994171142578
2024-05-23,AMGN,288.25732421875
2024-05-24,AMGN,287.636657714844
2024-05-28,AMGN,282.322967529297
2024-05-29,AMGN,278.730316162109
2024-05-30,AMGN,283.084747314453
2024-05-31,AMGN,287.646026611328
2024-06-03,AMGN,289.122650146484
2024-06-04,AMGN,289.075592041016
2024-06-05,AMGN,289.085021972656
2024-06-06,AMGN,287.495574951172
2024-06-07,AMGN,286.865417480469
2024-06-10,AMGN,286.583312988281
2024-06-11,AMGN,282.802612304688
2024-06-12,AMGN,283.159912109375
2024-06-13,AMGN,280.733520507813
2024-06-14,AMGN,280.846343994141
2024-06-17,AMGN,285.229034423828
2024-06-18,AMGN,287.777740478516
2024-06-20,AMGN,291.445617675781
2024-06-21,AMGN,289.818603515625
2024-06-24,AMGN,299.213989257813
2024-06-25,AMGN,300.304901123047
2024-06-26,AMGN,294.201171875
2024-06-27,AMGN,295.019409179688
2024-06-28,AMGN,293.853302001953
2024-07-01,AMGN,292.498962402344
2024-07-02,AMGN,292.273193359375
2024-07-03,AMGN,290.965972900391
2024-07-05,AMGN,292.376678466797
2024-07-08,AMGN,292.922149658203
2024-07-09,AMGN,297.107330322266
2024-07-10,AMGN,302.524475097656
2024-07-11,AMGN,305.740936279297
2024-07-12,AMGN,311.139190673828
2024-07-15,AMGN,310.499755859375
2024-07-16,AMGN,313.311767578125
2024-07-17,AMGN,315.691192626953
2024-07-18,AMGN,311.270935058594
2024-07-19,AMGN,311.571899414063
2024-07-22,AMGN,315.973358154297
2024-07-23,AMGN,313.405822753906
2024-07-24,AMGN,315.634735107422
2024-07-25,AMGN,314.402709960938
2024-07-26,AMGN,314.919982910156
2024-07-29,AMGN,312.719299316406
2024-07-30,AMGN,313.443450927734
2024-07-31,AMGN,312.681701660156
2024-08-01,AMGN,315.559539794922
2024-08-02,AMGN,314.111206054688
2024-08-05,AMGN,305.863189697266
2024-08-06,AMGN,309.371154785156
2024-08-07,AMGN,293.900268554688
2024-08-08,AMGN,305.364776611328
2024-08-09,AMGN,303.295684814453
2024-08-12,AMGN,300.953857421875
2024-08-13,AMGN,304.198547363281
2024-08-14,AMGN,303.521392822266
2024-08-15,AMGN,306.023071289063
2024-08-16,AMGN,304.413146972656
2024-08-19,AMGN,310.597229003906
2024-08-20,AMGN,311.146453857422
2024-08-21,AMGN,311.714721679688
2024-08-22,AMGN,307.339416503906
2024-08-23,AMGN,311.383239746094
2024-08-26,AMGN,309.47021484375
2024-08-27,AMGN,309.6123046875
2024-08-28,AMGN,312.036651611328
2024-08-29,AMGN,313.476196289063
2024-08-30,AMGN,316.146789550781
2024-09-03,AMGN,313.002685546875
2024-09-04,AMGN,313.125793457031
2024-09-05,AMGN,307.178375244141
2024-09-06,AMGN,303.579711914063
2024-09-09,AMGN,308.655792236328
2024-09-10,AMGN,311.50634765625
2024-09-11,AMGN,312.500762939453
2024-09-12,AMGN,312.576507568359
2024-09-13,AMGN,314.839874267578
2024-09-16,AMGN,317.501098632813
2024-09-17,AMGN,315.17138671875
2024-09-18,AMGN,315.285034179688
2024-09-19,AMGN,318.154510498047
2024-09-20,AMGN,319.508758544922
2024-09-23,AMGN,317.83251953125
2024-09-24,AMGN,313.390930175781
2024-09-25,AMGN,296.28759765625
2024-09-26,AMGN,302.197082519531
2024-09-27,AMGN,305.577972412109
2024-09-30,AMGN,305.142333984375
2024-10-01,AMGN,303.352478027344
2024-10-02,AMGN,302.793731689453
2024-10-03,AMGN,300.662902832031
2024-10-04,AMGN,302.727416992188
2024-10-07,AMGN,300.634460449219
2024-10-08,AMGN,300.852264404297
2024-10-09,AMGN,305.331726074219
2024-10-10,AMGN,304.005920410156
2024-10-11,AMGN,310.957092285156
2024-10-14,AMGN,307.424682617188
2024-10-15,AMGN,307.869781494141
2024-10-16,AMGN,304.593048095703
2024-10-17,AMGN,304.308929443359
2024-10-18,AMGN,304.621459960938
2024-10-21,AMGN,299.962066650391
2024-10-22,AMGN,302.727416992188
2024-10-23,AMGN,298.219512939453
2024-10-24,AMGN,298.967681884766
2024-10-25,AMGN,300.189361572266
2024-10-28,AMGN,300.369323730469
2024-10-29,AMGN,299.261291503906
2024-10-30,AMGN,298.825622558594
2024-10-31,AMGN,303.200927734375
2024-11-01,AMGN,302.310699462891
2024-11-04,AMGN,300.123046875
2024-11-05,AMGN,302.377014160156
2024-11-06,AMGN,304.744567871094
2024-11-07,AMGN,304.858245849609
2024-11-08,AMGN,308.049713134766
2024-11-11,AMGN,304.763488769531
2024-11-12,AMGN,283.01025390625
2024-11-13,AMGN,285.472503662109
2024-11-14,AMGN,280.25439453125
2024-11-15,AMGN,268.587005615234
2024-11-18,AMGN,266.105041503906
2024-11-19,AMGN,267.240966796875
2024-11-20,AMGN,274.801452636719
2024-11-21,AMGN,276.739318847656
2024-11-22,AMGN,281.159088134766
2024-11-25,AMGN,280.653167724609
2024-11-26,AMGN,267.298278808594
2024-11-27,AMGN,267.355529785156
2024-11-29,AMGN,270.028442382813
2024-12-02,AMGN,265.475006103516
2024-12-03,AMGN,265.685028076172
2024-12-04,AMGN,265.627746582031
2024-12-05,AMGN,261.876098632813
2024-12-06,AMGN,260.20556640625
2024-12-09,AMGN,265.026336669922
2024-12-10,AMGN,263.231689453125
2024-12-11,AMGN,260.997894287109
2024-12-12,AMGN,261.618408203125
2024-12-13,AMGN,258.334564208984
2024-12-16,AMGN,254.401565551758
2024-12-17,AMGN,253.876571655273
2024-12-18,AMGN,247.032073974609
2024-12-19,AMGN,249.332656860352
2024-12-20,AMGN,251.423217773438
2024-12-23,AMGN,252.015121459961
2024-12-24,AMGN,252.482849121094
2024-12-26,AMGN,251.232315063477
2024-12-27,AMGN,250.726379394531
2024-12-30,AMGN,247.528457641602
2024-12-31,AMGN,248.807632446289
2025-01-02,AMGN,247.509368896484
2025-01-03,AMGN,249.361312866211
2025-01-06,AMGN,246.850677490234
2025-01-07,AMGN,250.163192749023
2025-01-08,AMGN,252.215560913086
2025-01-10,AMGN,250.325469970703
2025-01-13,AMGN,257.924072265625
2025-01-14,AMGN,254.974349975586
2025-01-15,AMGN,256.730804443359
2025-01-16,AMGN,257.198577880859
2025-01-17,AMGN,259.756927490234
2025-01-21,AMGN,262.334320068359
2025-01-22,AMGN,261.026519775391
2025-01-23,AMGN,265.264984130859
2025-01-24,AMGN,262.916656494141
2025-01-27,AMGN,270.104797363281
2025-01-28,AMGN,267.575103759766
2025-01-29,AMGN,268.892456054688
2025-01-30,AMGN,271.126190185547
2025-01-31,AMGN,272.462677001953
2025-02-03,AMGN,275.756042480469
2025-02-04,AMGN,275.899200439453
2025-02-05,AMGN,293.836273193359
2025-02-06,AMGN,284.261596679688
2025-02-07,AMGN,280.214111328125
2025-02-10,AMGN,281.407287597656
2025-02-11,AMGN,283.192413330078
2025-02-12,AMGN,281.665008544922
2025-02-13,AMGN,283.488342285156
2025-02-14,AMGN,280.187591552734
2025-02-18,AMGN,281.765747070313
2025-02-19,AMGN,283.180389404297
2025-02-20,AMGN,286.702484130859
2025-02-21,AMGN,291.591033935547
2025-02-24,AMGN,298.048156738281
2025-02-25,AMGN,303.735443115234
2025-02-26,AMGN,294.834014892578
2025-02-27,AMGN,294.295135498047
2025-02-28,AMGN,296.450744628906
2025-03-03,AMGN,299.068237304688
2025-03-04,AMGN,300.425109863281
2025-03-05,AMGN,304.640014648438
2025-03-06,AMGN,305.842926025391
2025-03-07,AMGN,312.617553710938
2025-03-10,AMGN,315.023345947266
2025-03-11,AMGN,306.872619628906
2025-03-12,AMGN,300.723388671875
2025-03-13,AMGN,300.858123779297
2025-03-14,AMGN,301.887786865234
2025-03-17,AMGN,305.217437744141
2025-03-18,AMGN,306.641632080078
2025-03-19,AMGN,303.850952148438
2025-03-20,AMGN,303.167694091797
2025-03-21,AMGN,304.130004882813
2025-03-24,AMGN,302.532592773438
2025-03-25,AMGN,295.295928955078
2025-03-26,AMGN,294.189270019531
2025-03-27,AMGN,294.246978759766
2025-03-28,AMGN,295.382537841797
2025-03-31,AMGN,299.809173583984
2025-04-01,AMGN,295.353698730469
2025-04-02,AMGN,294.179656982422
2025-04-03,AMGN,298.173278808594
2025-04-04,AMGN,283.295867919922
2025-04-07,AMGN,278.772979736328
2025-04-08,AMGN,269.698394775391
2025-04-09,AMGN,280.120239257813
2025-04-10,AMGN,270.804992675781
2025-04-11,AMGN,275.202819824219
2025-04-14,AMGN,282.843597412109
2025-04-15,AMGN,284.171569824219
2025-04-16,AMGN,271.988708496094
2025-04-17,AMGN,266.840270996094
2025-04-21,AMGN,263.366302490234
2025-04-22,AMGN,267.908447265625
2025-04-23,AMGN,267.427276611328
2025-04-24,AMGN,269.294189453125
2025-04-25,AMGN,270.256500244141
2025-04-28,AMGN,272.421722412109
2025-04-29,AMGN,277.685577392578
2025-04-30,AMGN,279.956665039063
2025-05-01,AMGN,273.085723876953
2025-05-02,AMGN,270.622161865234
2025-05-05,AMGN,269.505920410156
2025-05-06,AMGN,260.248443603516
2025-05-07,AMGN,265.444915771484
2025-05-08,AMGN,261.797729492188
2025-05-09,AMGN,255.841018676758
2025-05-12,AMGN,264.405639648438
2025-05-13,AMGN,260.258087158203
2025-05-14,AMGN,252.395950317383
2025-05-15,AMGN,261.451354980469
2025-05-16,AMGN,264.460876464844
2025-05-19,AMGN,267.800506591797
2025-05-20,AMGN,266.985015869141
2025-05-21,AMGN,263.422088623047
2025-05-22,AMGN,263.965698242188
2025-05-23,AMGN,263.732757568359
2025-05-27,AMGN,271.29541015625
2025-05-28,AMGN,270.276062011719
2025-05-29,AMGN,275.266082763672
2025-05-30,AMGN,279.770690917969
2025-06-02,AMGN,280.052215576172
2025-06-03,AMGN,281.120147705078
2025-06-04,AMGN,278.634857177734
2025-06-05,AMGN,278.722198486328
2025-06-06,AMGN,281.85791015625
2025-06-09,AMGN,281.518188476563
2025-06-10,AMGN,284.867462158203
2025-06-11,AMGN,283.294738769531
2025-06-12,AMGN,288.614837646484
2025-06-13,AMGN,286.605255126953
2025-06-16,AMGN,286.935333251953
2025-06-17,AMGN,281.586120605469
2025-06-18,AMGN,281.178375244141
2025-06-20,AMGN,280.887084960938
2025-06-23,AMGN,264.489990234375
2025-06-24,AMGN,269.392608642578
2025-06-25,AMGN,272.169158935547
2025-06-26,AMGN,270.96533203125
2025-06-27,AMGN,269.043151855469
2025-06-30,AMGN,271.062438964844
2025-07-01,AMGN,282.042388916016
2025-07-02,AMGN,288.187683105469
2025-07-03,AMGN,289.537109375
2025-07-07,AMGN,284.401458740234
2025-07-08,AMGN,288.333343505859
2025-07-09,AMGN,287.867309570313
2025-07-10,AMGN,291.60498046875
2025-07-11,AMGN,286.653778076172
2025-07-14,AMGN,288.362426757813
2025-07-15,AMGN,283.974365234375
2025-07-16,AMGN,290.294342041016
2025-07-17,AMGN,289.546844482422
2025-07-18,AMGN,286.158660888672
2025-07-21,AMGN,287.236267089844
2025-07-22,AMGN,296.769744873047
2025-07-23,AMGN,300.196716308594
2025-07-24,AMGN,299.546234130859
2025-07-25,AMGN,297.633728027344
2025-07-28,AMGN,292.498138427734
2025-07-29,AMGN,294.701873779297
2025-07-30,AMGN,292.575775146484
2025-07-31,AMGN,286.48876953125
2025-08-01,AMGN,288.216796875
2025-08-04,AMGN,293.129150390625
2025-08-05,AMGN,291.323425292969
2025-08-06,AMGN,276.363098144531
2025-08-07,AMGN,276.392242431641
2025-08-08,AMGN,279.819244384766
2025-08-11,AMGN,276.770843505859
2025-08-12,AMGN,276.6640625
2025-08-13,AMGN,280.887084960938
2025-08-14,AMGN,281.819122314453
2025-08-15,AMGN,287.818786621094
2025-08-18,AMGN,284.081115722656
2025-08-19,AMGN,286.925598144531
2025-08-20,AMGN,287.799377441406
2025-08-21,AMGN,287.129486083984
2025-08-22,AMGN,287.462249755859
2025-08-25,AMGN,282.324096679688
2025-08-26,AMGN,283.410400390625
2025-08-27,AMGN,281.834747314453
2025-08-28,AMGN,279.525024414063
2025-08-29,AMGN,281.580261230469
2025-09-02,AMGN,280.80712890625
2025-09-03,AMGN,277.802520751953
2025-09-04,AMGN,274.132415771484
2025-09-05,AMGN,277.597015380859
2025-09-08,AMGN,274.220520019531
2025-09-09,AMGN,274.005218505859
2025-09-10,AMGN,272.576293945313
2025-09-11,AMGN,276.706420898438
2025-09-12,AMGN,270.50146484375
2025-09-15,AMGN,268.553863525391
2025-09-16,AMGN,267.261962890625
2025-09-17,AMGN,268.857238769531
2025-09-18,AMGN,269.953369140625
2025-09-19,AMGN,279.329284667969
2025-09-22,AMGN,279.906707763672
2025-09-23,AMGN,280.699462890625
2025-09-24,AMGN,273.271179199219
2025-09-25,AMGN,265.402435302734
2025-09-26,AMGN,267.164123535156
2025-09-29,AMGN,268.133026123047
2025-09-30,AMGN,276.187683105469
2025-10-01,AMGN,292.140411376953
2025-10-02,AMGN,291.063842773438
2025-10-03,AMGN,291.543426513672
2025-10-06,AMGN,287.853698730469
2025-10-07,AMGN,289.243469238281
2025-10-08,AMGN,288.343048095703
2025-10-09,AMGN,289.135803222656
2025-10-10,AMGN,283.94873046875
2025-10-13,AMGN,286.170379638672
2025-10-14,AMGN,287.589477539063
2025-10-15,AMGN,290.985534667969
2025-10-16,AMGN,289.507720947266
2025-10-17,AMGN,292.443786621094
2025-10-20,AMGN,296.867492675781
2025-10-21,AMGN,294.724182128906
2025-10-22,AMGN,289.674102783203
2025-10-23,AMGN,286.649932861328
2025-10-24,AMGN,285.544036865234
2025-10-27,AMGN,284.956787109375
2025-10-28,AMGN,285.866973876953
2025-10-29,AMGN,285.553771972656
2025-10-30,AMGN,285.778900146484
2025-10-31,AMGN,292.071899414063
2025-11-03,AMGN,289.987243652344
2025-11-04,AMGN,290.378753662109
2025-11-05,AMGN,313.045318603516
2025-11-06,AMGN,308.866302490234
2025-11-07,AMGN,313.378082275391
2025-11-10,AMGN,316.764373779297
2025-11-11,AMGN,331.239288330078
2025-11-12,AMGN,329.115478515625
2025-11-13,AMGN,328.841461181641
2025-11-14,AMGN,329.565704345703
2025-11-17,AMGN,334.429779052734
2025-11-18,AMGN,336.661224365234
2025-11-19,AMGN,335.105102539063
2025-11-20,AMGN,328.909942626953
2025-11-21,AMGN,332.704833984375
2025-11-24,AMGN,329.51123046875
2025-11-25,AMGN,336.223663330078
2025-11-26,AMGN,339.634094238281
2025-11-28,AMGN,340.511352539063
2025-12-01,AMGN,332.655517578125
2025-12-02,AMGN,333.513061523438
2025-12-03,AMGN,340.471954345703
2025-12-04,AMGN,335.287261962891
2025-12-05,AMGN,325.164428710938
2025-12-08,AMGN,316.628479003906
2025-12-09,AMGN,309.354187011719
2025-12-10,AMGN,310.862243652344
2025-12-11,AMGN,312.833618164063
2025-12-12,AMGN,313.188446044922
2025-12-15,AMGN,320.650024414063
2025-12-16,AMGN,322.059509277344
2025-12-17,AMGN,321.339996337891
2025-12-18,AMGN,319.772766113281
2025-12-19,AMGN,322.690368652344
2025-12-22,AMGN,326.642913818359
2025-12-23,AMGN,326.741485595703
2025-12-24,AMGN,329.176086425781
2025-12-26,AMGN,328.160858154297
2025-12-29,AMGN,324.908142089844
2025-12-30,AMGN,323.981567382813
2025-12-31,AMGN,322.621337890625
2026-01-02,AMGN,322.946624755859
2026-01-05,AMGN,316.125762939453
2026-01-06,AMGN,325.440399169922
2026-01-07,AMGN,336.74609375
2026-01-08,AMGN,325.381256103516
2026-01-09,AMGN,321.4287109375
2026-01-12,AMGN,320.876708984375
2026-01-13,AMGN,319.654479980469
2026-01-14,AMGN,324.257598876953
2026-01-15,AMGN,325.302398681641
2026-01-16,AMGN,325.676971435547
2026-01-20,AMGN,326.258483886719
2026-01-21,AMGN,338.678039550781
2026-01-22,AMGN,342.098297119141
2026-01-23,AMGN,339.8115234375
2026-01-26,AMGN,344.680786132813
2026-01-27,AMGN,346.287445068359
2026-01-28,AMGN,337.317779541016
2026-01-29,AMGN,338.027465820313
2026-01-30,AMGN,336.982666015625
2026-02-02,AMGN,339.742523193359
2026-02-03,AMGN,333.739776611328
2026-02-04,AMGN,360.954284667969
2026-02-05,AMGN,362.531341552734
2026-02-06,AMGN,378.814697265625
2026-02-09,AMGN,370.436492919922
2026-02-10,AMGN,359.426483154297
2026-02-11,AMGN,361.328826904297
2026-02-12,AMGN,360.954284667969
2026-02-13,AMGN,366.422973632813
2026-02-17,AMGN,370.561706542969
2026-02-18,AMGN,376.883972167969
2026-02-19,AMGN,372.685668945313
2026-02-20,AMGN,371.941284179688
2026-02-23,AMGN,376.576324462891
2026-02-24,AMGN,380.000427246094
2026-02-25,AMGN,381.449493408203
2026-02-26,AMGN,376.486968994141
2026-02-27,AMGN,385.250793457031
2026-03-02,AMGN,382.809234619141
2026-03-03,AMGN,374.174438476563
2026-03-04,AMGN,376.427398681641
2026-03-05,AMGN,364.844879150391
2026-03-06,AMGN,366.760406494141
2026-03-09,AMGN,374.144653320313
2026-03-10,AMGN,372.616180419922
2026-03-11,AMGN,374.809661865234
2026-03-12,AMGN,365.033477783203
2026-03-13,AMGN,363.465301513672
2026-03-16,AMGN,363.505004882813
2026-03-17,AMGN,358.423370361328
2026-03-18,AMGN,348.845703125
2026-03-19,AMGN,347.297424316406
2026-03-20,AMGN,345.193267822266
2026-03-23,AMGN,347.148498535156
2026-03-24,AMGN,345.818542480469
2026-03-25,AMGN,351.27734375
2026-03-26,AMGN,350.513122558594
2026-03-27,AMGN,346.156005859375
2026-03-30,AMGN,346.38427734375
2026-03-31,AMGN,349.212951660156
2026-04-01,AMGN,350.632202148438
2026-04-02,AMGN,345.332244873047
2026-04-06,AMGN,340.002502441406
2026-04-07,AMGN,337.451751708984
2026-04-08,AMGN,347.188232421875
2026-04-09,AMGN,352.934844970703
2026-04-10,AMGN,348.389129638672
2026-04-13,AMGN,347.198150634766
2026-04-14,AMGN,348.319702148438
2026-04-15,AMGN,345.610137939453
2026-04-16,AMGN,346.771392822266
2026-04-17,AMGN,352.637054443359
2026-04-20,AMGN,347.535614013672
2026-04-21,AMGN,342.275299072266
2026-04-22,AMGN,343.327392578125
2026-04-23,AMGN,346.007141113281
2026-04-24,AMGN,341.967620849609
2026-04-27,AMGN,337.630401611328
2026-04-28,AMGN,337.024963378906
2026-04-29,AMGN,335.486572265625
2026-04-30,AMGN,343.654907226563
2026-05-01,AMGN,327.348052978516
2026-05-04,AMGN,321.422790527344
2026-05-05,AMGN,327.119750976563
2026-05-06,AMGN,328.628356933594
2026-05-07,AMGN,326.623504638672
2026-05-08,AMGN,329.213958740234
2026-05-11,AMGN,327.119750976563
2026-05-12,AMGN,333.769561767578
2026-05-13,AMGN,333.928375244141
2026-05-14,AMGN,333.710021972656
2026-05-15,AMGN,326.309997558594
2026-05-18,AMGN,324.390014648438
2026-05-19,AMGN,330.75
2026-05-20,AMGN,331.570007324219
2026-05-21,AMGN,337.420013427734
2026-05-22,AMGN,339.299987792969
2026-05-26,AMGN,335.940002441406
2026-05-27,AMGN,336.059997558594
2026-05-28,AMGN,336.480010986328
2026-05-29,AMGN,336.790008544922
2026-06-01,AMGN,329.130004882813
2026-06-02,AMGN,328.260009765625
2026-06-03,AMGN,338.220001220703
2026-06-04,AMGN,345.600006103516
2026-06-05,AMGN,349.579986572266
2026-06-08,AMGN,345.730010986328
2026-06-09,AMGN,344.570007324219
2026-06-10,AMGN,337.730010986328
2026-06-11,AMGN,354.059997558594
2026-06-12,AMGN,355.200012207031
2026-06-15,AMGN,350.529998779297
2026-06-16,AMGN,347.839996337891
2026-06-17,AMGN,341.660003662109
2026-06-18,AMGN,337.600006103516
2026-06-22,AMGN,344.720001220703
2026-06-23,AMGN,347.010009765625
2026-06-24,AMGN,351.429992675781
2026-06-25,AMGN,352.820007324219
2026-06-26,AMGN,358.329986572266
2026-06-29,AMGN,360.549987792969
2026-06-30,AMGN,362.119995117188
2026-07-01,AMGN,361.329986572266
2026-07-02,AMGN,374.149993896484
2026-07-06,AMGN,366.440002441406
2026-07-07,AMGN,368.100006103516
2026-07-08,AMGN,367.989990234375
2026-07-09,AMGN,363.619995117188
2026-07-10,AMGN,363.390014648438
2026-07-13,AMGN,360.450012207031
2026-07-14,AMGN,355.25
2026-07-15,AMGN,358.320007324219
2026-07-16,AMGN,371.579986572266
2026-07-17,AMGN,366.290008544922
2026-07-20,AMGN,364.170013427734
2026-07-21,AMGN,366.239990234375
2026-07-22,AMGN,366.049987792969
2026-07-23,AMGN,371.5
2026-07-24,AMGN,376.040008544922
2026-07-27,AMGN,376.260009765625
2026-07-28,AMGN,393.100006103516
2016-07-29,V,72.7401275634766
2016-08-01,V,72.9358444213867
2016-08-02,V,72.9544906616211
2016-08-03,V,73.3552398681641
2016-08-04,V,74.072868347168
2016-08-05,V,74.6879730224609
2016-08-08,V,74.5108871459961
2016-08-09,V,74.613410949707
2016-08-10,V,74.2592544555664
2016-08-11,V,74.6693420410156
2016-08-12,V,74.5761184692383
2016-08-15,V,75.4055557250977
2016-08-16,V,75.3123779296875
2016-08-17,V,75.471076965332
2016-08-18,V,74.9389266967773
2016-08-19,V,75.1256561279297
2016-08-22,V,75.6764755249023
2016-08-23,V,75.4337310791016
2016-08-24,V,74.9576263427734
2016-08-25,V,74.9856185913086
2016-08-26,V,75.2190170288086
2016-08-29,V,75.4991073608398
2016-08-30,V,75.7791213989258
2016-08-31,V,75.5270919799805
2016-09-01,V,75.9005279541016
2016-09-02,V,76.5540313720703
2016-09-06,V,77.0488357543945
2016-09-07,V,77.7116928100586
2016-09-08,V,77.4596099853516
2016-09-09,V,75.9285354614258
2016-09-12,V,77.4596099853516
2016-09-13,V,76.4513473510742
2016-09-14,V,76.0779190063477
2016-09-15,V,76.5633697509766
2016-09-16,V,76.619384765625
2016-09-19,V,77.0301666259766
2016-09-20,V,77.0021667480469
2016-09-21,V,77.6930465698242
2016-09-22,V,77.8236999511719
2016-09-23,V,77.0581817626953
2016-09-26,V,76.3766784667969
2016-09-27,V,76.7034301757813
2016-09-28,V,77.4596099853516
2016-09-29,V,76.4793472290039
2016-09-30,V,77.2075576782227
2016-10-03,V,77.3569259643555
2016-10-04,V,77.2355651855469
2016-10-05,V,77.8143692016602
2016-10-06,V,77.8236999511719
2016-10-07,V,77.3755950927734
2016-10-10,V,77.5996704101563
2016-10-11,V,76.5913925170898
2016-10-12,V,76.7874603271484
2016-10-13,V,76.4326934814453
2016-10-14,V,76.9741668701172
2016-10-17,V,76.694091796875
2016-10-18,V,76.1619567871094
2016-10-19,V,77.3102493286133
2016-10-20,V,77.0208435058594
2016-10-21,V,76.8807907104492
2016-10-24,V,77.646354675293
2016-10-25,V,76.5820388793945
2016-10-26,V,76.3206481933594
2016-10-27,V,76.4793472290039
2016-10-28,V,76.7594451904297
2016-10-31,V,77.0301666259766
2016-11-01,V,76.1992874145508
2016-11-02,V,75.2283554077148
2016-11-03,V,75.293701171875
2016-11-04,V,75.0229339599609
2016-11-07,V,77.0301666259766
2016-11-08,V,77.3755950927734
2016-11-09,V,77.7116928100586
2016-11-10,V,76.4326934814453
2016-11-11,V,76.4420318603516
2016-11-14,V,73.1744537353516
2016-11-15,V,73.351806640625
2016-11-16,V,74.9188919067383
2016-11-17,V,75.845085144043
2016-11-18,V,75.6111831665039
2016-11-21,V,76.4251480102539
2016-11-22,V,74.7785568237305
2016-11-23,V,74.4417495727539
2016-11-25,V,74.9656753540039
2016-11-28,V,73.9833526611328
2016-11-29,V,74.0488357543945
2016-11-30,V,72.3367767333984
2016-12-01,V,70.5685729980469
2016-12-02,V,70.8398895263672
2016-12-05,V,72.3274078369141
2016-12-06,V,72.1403121948242
2016-12-07,V,74.1985015869141
2016-12-08,V,74.1704406738281
2016-12-09,V,74.0394744873047
2016-12-12,V,73.4407043457031
2016-12-13,V,74.0956192016602
2016-12-14,V,74.0301132202148
2016-12-15,V,74.3762893676758
2016-12-16,V,73.3003616333008
2016-12-19,V,73.0664901733398
2016-12-20,V,73.3097305297852
2016-12-21,V,73.1039123535156
2016-12-22,V,72.8793869018555
2016-12-23,V,73.1132659912109
2016-12-27,V,73.3003616333008
2016-12-28,V,73.2536315917969
2016-12-29,V,73.2817001342773
2016-12-30,V,72.9916534423828
2017-01-03,V,74.3762893676758
2017-01-04,V,74.9844055175781
2017-01-05,V,75.86376953125
2017-01-06,V,76.9116134643555
2017-01-09,V,76.4812545776367
2017-01-10,V,76.0695953369141
2017-01-11,V,76.5280456542969
2017-01-12,V,76.1257476806641
2017-01-13,V,75.9386291503906
2017-01-17,V,76.0228576660156
2017-01-18,V,76.3315582275391
2017-01-19,V,76.4625701904297
2017-01-20,V,76.5654525756836
2017-01-23,V,76.85546875
2017-01-24,V,77.8658599853516
2017-01-25,V,78.4927139282227
2017-01-26,V,77.8752670288086
2017-01-27,V,78.3710784912109
2017-01-30,V,78.3055801391602
2017-01-31,V,77.3793716430664
2017-02-01,V,77.1267852783203
2017-02-02,V,76.9958038330078
2017-02-03,V,80.5322036743164
2017-02-06,V,80.2983093261719
2017-02-07,V,80.2515258789063
2017-02-08,V,79.6060104370117
2017-02-09,V,80.0644226074219
2017-02-10,V,80.3638076782227
2017-02-13,V,80.8689956665039
2017-02-14,V,81.252555847168
2017-02-15,V,82.0540008544922
2017-02-16,V,81.9321212768555
2017-02-17,V,81.9789810180664
2017-02-21,V,82.4101791381836
2017-02-22,V,82.2977142333984
2017-02-23,V,82.6538696289063
2017-02-24,V,82.8881988525391
2017-02-27,V,82.4851455688477
2017-02-28,V,82.4289321899414
2017-03-01,V,83.4131240844727
2017-03-02,V,82.9819412231445
2017-03-03,V,83.2256622314453
2017-03-06,V,83.3662567138672
2017-03-07,V,83.4787292480469
2017-03-08,V,83.3849945068359
2017-03-09,V,83.5255813598633
2017-03-10,V,84.1067352294922
2017-03-13,V,84.4629440307617
2017-03-14,V,83.9380340576172
2017-03-15,V,84.2848205566406
2017-03-16,V,84.3973159790039
2017-03-17,V,84.5847702026367
2017-03-20,V,83.5911712646484
2017-03-21,V,82.5413970947266
2017-03-22,V,82.9725646972656
2017-03-23,V,83.2912750244141
2017-03-24,V,83.6005554199219
2017-03-27,V,83.375617980957
2017-03-28,V,83.5349884033203
2017-03-29,V,83.5911712646484
2017-03-30,V,83.431884765625
2017-03-31,V,83.3006362915039
2017-04-03,V,83.7599105834961
2017-04-04,V,83.2162780761719
2017-04-05,V,83.4506149291992
2017-04-06,V,83.5068359375
2017-04-07,V,83.1787719726563
2017-04-10,V,83.2912750244141
2017-04-11,V,83.2818984985352
2017-04-12,V,83.1225357055664
2017-04-13,V,83.3006362915039
2017-04-17,V,84.1817245483398
2017-04-18,V,84.1067352294922
2017-04-19,V,84.1254806518555
2017-04-20,V,85.4377746582031
2017-04-21,V,85.4377746582031
2017-04-24,V,86.0938949584961
2017-04-25,V,86.3376083374023
2017-04-26,V,86.0657577514648
2017-04-27,V,85.8595581054688
2017-04-28,V,85.5033798217773
2017-05-01,V,85.5408477783203
2017-05-02,V,86.7406463623047
2017-05-03,V,86.6469116210938
2017-05-04,V,86.8156356811523
2017-05-05,V,86.3188552856445
2017-05-08,V,86.1595077514648
2017-05-09,V,86.2344818115234
2017-05-10,V,86.4688262939453
2017-05-11,V,86.3282165527344
2017-05-12,V,86.9187316894531
2017-05-15,V,87.3874053955078
2017-05-16,V,87.3124084472656
2017-05-17,V,86.1621551513672
2017-05-18,V,86.1151885986328
2017-05-19,V,86.8382263183594
2017-05-22,V,87.6175842285156
2017-05-23,V,88.134033203125
2017-05-24,V,89.0260772705078
2017-05-25,V,89.2420501708984
2017-05-26,V,88.8946228027344
2017-05-30,V,88.9415893554688
2017-05-31,V,89.4204711914063
2017-06-01,V,89.5801010131836
2017-06-02,V,90.2843322753906
2017-06-05,V,90.6599349975586
2017-06-06,V,89.9463195800781
2017-06-07,V,90.2279663085938
2017-06-08,V,90.2279663085938
2017-06-09,V,88.7913131713867
2017-06-12,V,87.7959747314453
2017-06-13,V,89.2796020507813
2017-06-14,V,89.5049896240234
2017-06-15,V,88.4251174926758
2017-06-16,V,88.4251174926758
2017-06-19,V,89.0072860717773
2017-06-20,V,88.6223068237305
2017-06-21,V,88.7725677490234
2017-06-22,V,88.2185363769531
2017-06-23,V,89.7490921020508
2017-06-26,V,89.4110717773438
2017-06-27,V,89.1106033325195
2017-06-28,V,90.3594436645508
2017-06-29,V,88.6598815917969
2017-06-30,V,88.0589370727539
2017-07-03,V,87.655143737793
2017-07-05,V,88.2748947143555
2017-07-06,V,87.5612564086914
2017-07-07,V,88.1903915405273
2017-07-10,V,89.2889862060547
2017-07-11,V,89.589469909668
2017-07-12,V,90.3125
2017-07-13,V,90.0871353149414
2017-07-14,V,91.0167465209961
2017-07-17,V,90.9228744506836
2017-07-18,V,91.6271133422852
2017-07-19,V,92.2562103271484
2017-07-20,V,92.1247482299805
2017-07-21,V,93.5238647460938
2017-07-24,V,94.2468872070313
2017-07-25,V,93.8900756835938
2017-07-26,V,94.6976089477539
2017-07-27,V,93.4956893920898
2017-07-28,V,93.1013336181641
2017-07-31,V,93.4863204956055
2017-08-01,V,94.7163848876953
2017-08-02,V,95.1013488769531
2017-08-03,V,94.4534530639648
2017-08-04,V,94.7351684570313
2017-08-07,V,95.2985534667969
2017-08-08,V,95.1013488769531
2017-08-09,V,94.8102874755859
2017-08-10,V,93.4205474853516
2017-08-11,V,93.9839630126953
2017-08-14,V,95.655387878418
2017-08-15,V,96.369010925293
2017-08-16,V,97.1731567382813
2017-08-17,V,96.0821685791016
2017-08-18,V,96.4113464355469
2017-08-21,V,97.0791320800781
2017-08-22,V,97.8785171508789
2017-08-23,V,97.0414962768555
2017-08-24,V,97.0791320800781
2017-08-25,V,97.2013778686523
2017-08-28,V,97.6057891845703
2017-08-29,V,97.5963821411133
2017-08-30,V,97.5587539672852
2017-08-31,V,97.3612442016602
2017-09-01,V,97.718635559082
2017-09-05,V,96.8815765380859
2017-09-06,V,97.0414962768555
2017-09-07,V,98.3393707275391
2017-09-08,V,98.2171020507813
2017-09-11,V,99.8347702026367
2017-09-12,V,99.8912124633789
2017-09-13,V,99.5338134765625
2017-09-14,V,99.7689361572266
2017-09-15,V,99.0353698730469
2017-09-18,V,98.5933151245117
2017-09-19,V,99.1388244628906
2017-09-20,V,98.7249984741211
2017-09-21,V,99.0447540283203
2017-09-22,V,99.2798919677734
2017-09-25,V,96.8910064697266
2017-09-26,V,96.8157653808594
2017-09-27,V,97.7092437744141
2017-09-28,V,98.3581924438477
2017-09-29,V,98.9788970947266
2017-10-02,V,99.1670227050781
2017-10-03,V,99.30810546875
2017-10-04,V,99.0447540283203
2017-10-05,V,99.9194259643555
2017-10-06,V,100.380294799805
2017-10-09,V,100.643608093262
2017-10-10,V,100.925773620605
2017-10-11,V,101.988563537598
2017-10-12,V,101.678169250488
2017-10-13,V,102.195434570313
2017-10-16,V,101.856887817383
2017-10-17,V,101.142105102539
2017-10-18,V,101.386619567871
2017-10-19,V,100.653015136719
2017-10-20,V,101.151504516602
2017-10-23,V,101.132720947266
2017-10-24,V,101.960334777832
2017-10-25,V,102.97607421875
2017-10-26,V,103.267616271973
2017-10-27,V,103.182991027832
2017-10-30,V,103.493370056152
2017-10-31,V,103.436950683594
2017-11-01,V,104.462059020996
2017-11-02,V,104.377426147461
2017-11-03,V,104.734809875488
2017-11-06,V,105.261512756348
2017-11-07,V,105.421401977539
2017-11-08,V,105.778778076172
2017-11-09,V,105.46842956543
2017-11-10,V,105.223861694336
2017-11-13,V,104.772468566895
2017-11-14,V,105.31795501709
2017-11-15,V,103.690849304199
2017-11-16,V,104.600059509277
2017-11-17,V,103.469451904297
2017-11-20,V,103.591918945313
2017-11-21,V,105.005180358887
2017-11-22,V,104.41162109375
2017-11-24,V,105.4951171875
2017-11-27,V,105.88143157959
2017-11-28,V,106.804748535156
2017-11-29,V,103.507141113281
2017-11-30,V,106.079254150391
2017-12-01,V,104.326835632324
2017-12-04,V,101.217674255371
2017-12-05,V,102.301132202148
2017-12-06,V,103.394104003906
2017-12-07,V,104.95809173584
2017-12-08,V,106.088684082031
2017-12-11,V,105.871978759766
2017-12-12,V,106.898971557617
2017-12-13,V,106.75764465332
2017-12-14,V,106.390197753906
2017-12-15,V,107.238136291504
2017-12-18,V,106.983772277832
2017-12-19,V,105.655296325684
2017-12-20,V,105.636451721191
2017-12-21,V,105.90966796875
2017-12-22,V,106.173477172852
2017-12-26,V,106.456146240234
2017-12-27,V,107.42658996582
2017-12-28,V,107.737503051758
2017-12-29,V,107.42658996582
2018-01-02,V,107.888252258301
2018-01-03,V,108.962310791016
2018-01-04,V,109.36743927002
2018-01-05,V,111.986724853516
2018-01-08,V,112.438941955566
2018-01-09,V,112.22225189209
2018-01-10,V,112.099754333496
2018-01-11,V,112.910034179688
2018-01-12,V,113.145553588867
2018-01-16,V,113.428237915039
2018-01-17,V,114.926307678223
2018-01-18,V,115.990943908691
2018-01-19,V,115.604652404785
2018-01-22,V,117.140396118164
2018-01-23,V,117.441886901855
2018-01-24,V,117.347694396973
2018-01-25,V,117.978927612305
2018-01-26,V,119.01530456543
2018-01-29,V,117.620910644531
2018-01-30,V,116.405487060547
2018-01-31,V,117.046173095703
2018-02-01,V,118.450004577637
2018-02-02,V,113.918167114258
2018-02-05,V,109.54647064209
2018-02-06,V,113.032508850098
2018-02-07,V,112.731025695801
2018-02-08,V,107.275833129883
2018-02-09,V,109.593559265137
2018-02-12,V,111.619247436523
2018-02-13,V,111.506187438965
2018-02-14,V,113.842781066895
2018-02-15,V,115.409523010254
2018-02-16,V,115.00365447998
2018-02-20,V,115.154685974121
2018-02-21,V,113.663459777832
2018-02-22,V,113.616256713867
2018-02-23,V,116.022972106934
2018-02-26,V,117.589706420898
2018-02-27,V,116.438262939453
2018-02-28,V,116.032424926758
2018-03-01,V,113.635154724121
2018-03-02,V,113.984367370605
2018-03-05,V,115.031997680664
2018-03-06,V,114.258079528809
2018-03-07,V,115.00365447998
2018-03-08,V,115.352890014648
2018-03-09,V,117.514213562012
2018-03-12,V,117.259407043457
2018-03-13,V,116.277801513672
2018-03-14,V,115.692680358887
2018-03-15,V,116.476028442383
2018-03-16,V,117.533096313477
2018-03-19,V,116.287284851074
2018-03-20,V,117.891723632813
2018-03-21,V,116.29670715332
2018-03-22,V,113.248191833496
2018-03-23,V,110.426170349121
2018-03-26,V,113.861640930176
2018-03-27,V,110.803695678711
2018-03-28,V,110.416717529297
2018-03-29,V,112.898956298828
2018-04-02,V,111.738082885742
2018-04-03,V,112.502555847168
2018-04-04,V,113.078277587891
2018-04-05,V,114.380744934082
2018-04-06,V,111.086845397949
2018-04-09,V,112.115585327148
2018-04-10,V,113.937156677246
2018-04-11,V,113.04997253418
2018-04-12,V,114.267486572266
2018-04-13,V,113.965469360352
2018-04-16,V,115.031997680664
2018-04-17,V,116.844100952148
2018-04-18,V,117.485908508301
2018-04-19,V,116.995124816895
2018-04-20,V,117.221633911133
2018-04-23,V,117.467018127441
2018-04-24,V,114.456253051758
2018-04-25,V,114.399612426758
2018-04-26,V,119.939826965332
2018-04-27,V,118.929931640625
2018-04-30,V,119.751045227051
2018-05-01,V,120.345642089844
2018-05-02,V,119.279136657715
2018-05-03,V,120.034210205078
2018-05-04,V,120.959144592285
2018-05-07,V,121.99732208252
2018-05-08,V,122.601348876953
2018-05-09,V,123.488525390625
2018-05-10,V,123.639579772949
2018-05-11,V,124.413475036621
2018-05-14,V,123.837760925293
2018-05-15,V,123.733963012695
2018-05-16,V,123.535743713379
2018-05-17,V,122.826705932617
2018-05-18,V,122.826705932617
2018-05-21,V,123.516822814941
2018-05-22,V,123.564094543457
2018-05-23,V,124.670150756836
2018-05-24,V,124.679595947266
2018-05-25,V,124.102951049805
2018-05-29,V,122.599876403809
2018-05-30,V,123.497909545898
2018-05-31,V,123.573532104492
2018-06-01,V,123.696418762207
2018-06-04,V,125.795135498047
2018-06-05,V,126.258255004883
2018-06-06,V,128.829559326172
2018-06-07,V,126.522941589355
2018-06-08,V,127.37377166748
2018-06-11,V,126.589157104492
2018-06-12,V,127.487243652344
2018-06-13,V,127.05233001709
2018-06-14,V,127.619583129883
2018-06-15,V,127.714096069336
2018-06-18,V,128.753967285156
2018-06-19,V,127.723571777344
2018-06-20,V,128.092254638672
2018-06-21,V,127.175270080566
2018-06-22,V,127.931518554688
2018-06-25,V,123.772079467773
2018-06-26,V,125.303497314453
2018-06-27,V,123.857177734375
2018-06-28,V,125.483131408691
2018-06-29,V,125.208969116211
2018-07-02,V,125.256248474121
2018-07-03,V,124.263626098633
2018-07-05,V,126.003082275391
2018-07-06,V,126.759300231934
2018-07-09,V,128.111129760742
2018-07-10,V,129.217193603516
2018-07-11,V,130.597351074219
2018-07-12,V,132.251647949219
2018-07-13,V,131.797912597656
2018-07-16,V,130.890411376953
2018-07-17,V,132.005874633789
2018-07-18,V,133.197052001953
2018-07-19,V,132.469055175781
2018-07-20,V,133.282073974609
2018-07-23,V,132.374603271484
2018-07-24,V,132.374603271484
2018-07-25,V,134.841857910156
2018-07-26,V,134.709533691406
2018-07-27,V,133.017379760742
2018-07-30,V,129.018661499023
2018-07-31,V,129.264450073242
2018-08-01,V,130.691879272461
2018-08-02,V,131.325256347656
2018-08-03,V,132.176071166992
2018-08-06,V,132.07209777832
2018-08-07,V,132.610885620117
2018-08-08,V,132.988998413086
2018-08-09,V,132.355697631836
2018-08-10,V,132.090972900391
2018-08-13,V,132.544738769531
2018-08-14,V,133.064651489258
2018-08-15,V,132.270584106445
2018-08-16,V,133.160522460938
2018-08-17,V,133.804321289063
2018-08-20,V,133.435073852539
2018-08-21,V,132.5830078125
2018-08-22,V,133.624450683594
2018-08-23,V,134.533340454102
2018-08-24,V,136.521530151367
2018-08-27,V,137.657592773438
2018-08-28,V,137.468231201172
2018-08-29,V,139.200775146484
2018-08-30,V,138.926223754883
2018-08-31,V,139.068252563477
2018-09-04,V,139.929809570313
2018-09-05,V,135.072967529297
2018-09-06,V,136.805526733398
2018-09-07,V,135.574737548828
2018-09-10,V,136.40788269043
2018-09-11,V,137.742813110352
2018-09-12,V,138.76530456543
2018-09-13,V,139.76887512207
2018-09-14,V,139.967651367188
2018-09-17,V,138.396041870117
2018-09-18,V,139.76887512207
2018-09-19,V,139.570007324219
2018-09-20,V,141.293121337891
2018-09-21,V,142.059982299805
2018-09-24,V,141.170043945313
2018-09-25,V,141.61506652832
2018-09-26,V,141.321533203125
2018-09-27,V,142.031646728516
2018-09-28,V,142.097869873047
2018-10-01,V,142.760589599609
2018-10-02,V,141.700241088867
2018-10-03,V,141.416137695313
2018-10-04,V,138.945190429688
2018-10-05,V,137.619674682617
2018-10-08,V,134.334503173828
2018-10-09,V,134.732147216797
2018-10-10,V,128.303665161133
2018-10-11,V,126.609024047852
2018-10-12,V,132.601943969727
2018-10-15,V,129.922592163086
2018-10-16,V,134.192504882813
2018-10-17,V,134.864685058594
2018-10-18,V,131.872940063477
2018-10-19,V,132.620849609375
2018-10-22,V,133.151092529297
2018-10-23,V,131.712005615234
2018-10-24,V,127.110771179199
2018-10-25,V,133.03742980957
2018-10-26,V,130.405487060547
2018-10-29,V,127.177101135254
2018-10-30,V,125.690650939941
2018-10-31,V,130.509567260742
2018-11-01,V,133.330947875977
2018-11-02,V,132.336837768555
2018-11-05,V,132.355850219727
2018-11-06,V,133.293045043945
2018-11-07,V,137.07063293457
2018-11-08,V,137.496658325195
2018-11-09,V,136.265869140625
2018-11-12,V,132.280090332031
2018-11-13,V,132.280090332031
2018-11-14,V,132.06233215332
2018-11-15,V,134.528289794922
2018-11-16,V,132.953826904297
2018-11-19,V,127.813232421875
2018-11-20,V,126.494857788086
2018-11-21,V,127.490791320801
2018-11-23,V,126.020690917969
2018-11-26,V,128.932434082031
2018-11-27,V,128.90397644043
2018-11-28,V,134.092010498047
2018-11-29,V,131.92951965332
2018-11-30,V,134.404968261719
2018-12-03,V,137.525375366211
2018-12-04,V,131.493194580078
2018-12-06,V,133.77897644043
2018-12-07,V,130.042068481445
2018-12-10,V,130.772384643555
2018-12-11,V,129.757614135742
2018-12-12,V,130.696563720703
2018-12-13,V,130.449920654297
2018-12-14,V,128.126251220703
2018-12-17,V,124.626472473145
2018-12-18,V,125.821487426758
2018-12-19,V,124.493644714355
2018-12-20,V,122.122543334961
2018-12-21,V,117.854507446289
2018-12-24,V,115.454940795898
2018-12-26,V,123.516754150391
2018-12-27,V,125.205032348633
2018-12-28,V,124.19019317627
2018-12-31,V,125.138595581055
2019-01-02,V,126.068061828613
2019-01-03,V,121.525001525879
2019-01-04,V,126.760437011719
2019-01-07,V,129.04621887207
2019-01-08,V,129.748107910156
2019-01-09,V,131.275100708008
2019-01-10,V,131.521728515625
2019-01-11,V,130.943099975586
2019-01-14,V,130.032592773438
2019-01-15,V,130.260299682617
2019-01-16,V,130.260299682617
2019-01-17,V,130.203323364258
2019-01-18,V,131.360473632813
2019-01-22,V,130.933639526367
2019-01-23,V,129.947280883789
2019-01-24,V,130.601684570313
2019-01-25,V,131.521728515625
2019-01-28,V,128.979843139648
2019-01-29,V,128.040832519531
2019-01-30,V,130.506866455078
2019-01-31,V,128.050308227539
2019-02-01,V,132.925338745117
2019-02-04,V,134.205825805664
2019-02-05,V,135.182723999023
2019-02-06,V,134.196319580078
2019-02-07,V,132.944381713867
2019-02-08,V,133.143600463867
2019-02-11,V,133.541870117188
2019-02-12,V,134.67057800293
2019-02-13,V,136.093246459961
2019-02-14,V,136.017227172852
2019-02-15,V,137.679901123047
2019-02-19,V,137.233337402344
2019-02-20,V,137.508880615234
2019-02-21,V,136.815292358398
2019-02-22,V,138.591995239258
2019-02-25,V,138.772537231445
2019-02-26,V,139.703628540039
2019-02-27,V,139.874618530273
2019-02-28,V,140.729751586914
2019-03-01,V,142.012435913086
2019-03-04,V,140.577682495117
2019-03-05,V,140.56819152832
2019-03-06,V,140.435211181641
2019-03-07,V,139.504058837891
2019-03-08,V,139.998153686523
2019-03-11,V,143.152526855469
2019-03-12,V,144.15966796875
2019-03-13,V,144.862701416016
2019-03-14,V,146.506362915039
2019-03-15,V,147.703521728516
2019-03-18,V,147.228500366211
2019-03-19,V,146.876953125
2019-03-20,V,146.078796386719
2019-03-21,V,148.026550292969
2019-03-22,V,145.432754516602
2019-03-25,V,145.394744873047
2019-03-26,V,147.551483154297
2019-03-27,V,146.525390625
2019-03-28,V,146.952941894531
2019-03-29,V,148.397125244141
2019-04-01,V,149.413696289063
2019-04-02,V,149.907745361328
2019-04-03,V,150.553863525391
2019-04-04,V,149.774765014648
2019-04-05,V,149.784271240234
2019-04-08,V,149.879241943359
2019-04-09,V,149.632263183594
2019-04-10,V,150.648849487305
2019-04-11,V,149.983749389648
2019-04-12,V,151.674987792969
2019-04-15,V,152.435028076172
2019-04-16,V,152.23551940918
2019-04-17,V,152.435028076172
2019-04-18,V,152.169021606445
2019-04-22,V,152.397033691406
2019-04-23,V,153.594192504883
2019-04-24,V,153.432647705078
2019-04-25,V,152.986129760742
2019-04-26,V,154.800827026367
2019-04-29,V,155.959930419922
2019-04-30,V,156.225967407227
2019-05-01,V,154.667785644531
2019-05-02,V,153.081085205078
2019-05-03,V,153.955200195313
2019-05-06,V,154.183227539063
2019-05-07,V,152.216537475586
2019-05-08,V,152.739074707031
2019-05-09,V,151.836486816406
2019-05-10,V,152.69157409668
2019-05-13,V,149.480194091797
2019-05-14,V,152.216537475586
2019-05-15,V,154.667785644531
2019-05-16,V,156.884948730469
2019-05-17,V,156.142700195313
2019-05-20,V,155.552749633789
2019-05-21,V,155.923873901367
2019-05-22,V,156.285491943359
2019-05-23,V,153.687652587891
2019-05-24,V,154.762939453125
2019-05-28,V,155.781158447266
2019-05-29,V,154.848587036133
2019-05-30,V,154.877166748047
2019-05-31,V,153.516403198242
2019-06-03,V,150.91862487793
2019-06-04,V,154.467987060547
2019-06-05,V,157.379806518555
2019-06-06,V,158.835693359375
2019-06-07,V,161.814056396484
2019-06-10,V,162.546768188477
2019-06-11,V,162.061492919922
2019-06-12,V,163.279525756836
2019-06-13,V,161.14794921875
2019-06-14,V,161.442962646484
2019-06-17,V,161.347763061523
2019-06-18,V,161.081405639648
2019-06-19,V,162.423065185547
2019-06-20,V,165.325393676758
2019-06-21,V,165.039916992188
2019-06-24,V,165.430099487305
2019-06-25,V,162.984497070313
2019-06-26,V,162.775177001953
2019-06-27,V,162.936889648438
2019-06-28,V,165.144546508789
2019-07-01,V,165.515670776367
2019-07-02,V,166.790786743164
2019-07-03,V,168.303756713867
2019-07-05,V,168.103942871094
2019-07-08,V,167.656723022461
2019-07-09,V,169.122055053711
2019-07-10,V,170.625549316406
2019-07-11,V,171.986282348633
2019-07-12,V,171.596176147461
2019-07-15,V,171.824569702148
2019-07-16,V,170.625549316406
2019-07-17,V,170.473297119141
2019-07-18,V,171.78645324707
2019-07-19,V,170.558990478516
2019-07-22,V,171.824569702148
2019-07-23,V,172.138549804688
2019-07-24,V,174.450881958008
2019-07-25,V,172.795196533203
2019-07-26,V,174.79345703125
2019-07-29,V,174.336730957031
2019-07-30,V,172.738037109375
2019-07-31,V,169.379028320313
2019-08-01,V,170.49235534668
2019-08-02,V,168.827117919922
2019-08-05,V,160.681686401367
2019-08-06,V,164.126373291016
2019-08-07,V,166.828796386719
2019-08-08,V,171.186996459961
2019-08-09,V,170.378204345703
2019-08-12,V,167.799453735352
2019-08-13,V,169.959503173828
2019-08-14,V,165.106460571289
2019-08-15,V,167.974807739258
2019-08-16,V,169.842575073242
2019-08-19,V,171.281539916992
2019-08-20,V,170.805114746094
2019-08-21,V,172.425064086914
2019-08-22,V,171.615051269531
2019-08-23,V,166.983749389648
2019-08-26,V,169.23274230957
2019-08-27,V,169.985549926758
2019-08-28,V,170.261901855469
2019-08-29,V,172.644241333008
2019-08-30,V,172.310745239258
2019-09-03,V,170.766952514648
2019-09-04,V,173.216033935547
2019-09-05,V,176.036727905273
2019-09-06,V,176.999206542969
2019-09-09,V,173.006378173828
2019-09-10,V,168.051055908203
2019-09-11,V,166.745529174805
2019-09-12,V,169.604370117188
2019-09-13,V,168.927795410156
2019-09-16,V,167.822341918945
2019-09-17,V,168.146377563477
2019-09-18,V,167.040985107422
2019-09-19,V,167.679443359375
2019-09-20,V,165.868865966797
2019-09-23,V,166.678817749023
2019-09-24,V,166.269073486328
2019-09-25,V,167.031433105469
2019-09-26,V,167.384002685547
2019-09-27,V,165.811676025391
2019-09-30,V,163.915283203125
2019-10-01,V,166.088043212891
2019-10-02,V,161.837890625
2019-10-03,V,164.734832763672
2019-10-04,V,167.698486328125
2019-10-07,V,166.669357299805
2019-10-08,V,164.306030273438
2019-10-09,V,166.650283813477
2019-10-10,V,166.650283813477
2019-10-11,V,168.727661132813
2019-10-14,V,169.013534545898
2019-10-15,V,170.338165283203
2019-10-16,V,169.499557495117
2019-10-17,V,169.566284179688
2019-10-18,V,167.441223144531
2019-10-21,V,168.127319335938
2019-10-22,V,162.819473266602
2019-10-23,V,163.257781982422
2019-10-24,V,167.870040893555
2019-10-25,V,169.480514526367
2019-10-28,V,171.376846313477
2019-10-29,V,169.270889282227
2019-10-30,V,170.81462097168
2019-10-31,V,170.442962646484
2019-11-01,V,172.415496826172
2019-11-04,V,170.528717041016
2019-11-05,V,168.070129394531
2019-11-06,V,168.451309204102
2019-11-07,V,170.033203125
2019-11-08,V,170.547790527344
2019-11-11,V,171.090957641602
2019-11-12,V,171.281539916992
2019-11-13,V,170.967086791992
2019-11-14,V,171.577941894531
2019-11-15,V,171.597045898438
2019-11-18,V,171.492065429688
2019-11-19,V,174.460662841797
2019-11-20,V,173.401153564453
2019-11-21,V,171.711624145508
2019-11-22,V,171.310668945313
2019-11-25,V,172.742523193359
2019-11-26,V,174.250686645508
2019-11-27,V,175.987930297852
2019-11-29,V,176.121566772461
2019-12-02,V,173.525253295898
2019-12-03,V,173.630233764648
2019-12-04,V,172.389343261719
2019-12-05,V,173.620651245117
2019-12-06,V,173.887954711914
2019-12-09,V,174.603851318359
2019-12-10,V,173.973861694336
2019-12-11,V,173.735260009766
2019-12-12,V,174.33659362793
2019-12-13,V,176.722930908203
2019-12-16,V,177.772918701172
2019-12-17,V,177.085662841797
2019-12-18,V,176.493850708008
2019-12-19,V,178.05924987793
2019-12-20,V,179.452926635742
2019-12-23,V,178.574722290039
2019-12-24,V,179.042495727539
2019-12-26,V,180.560165405273
2019-12-27,V,180.779724121094
2019-12-30,V,179.290649414063
2019-12-31,V,179.357452392578
2020-01-02,V,182.431015014648
2020-01-03,V,180.980163574219
2020-01-06,V,180.588760375977
2020-01-07,V,180.111572265625
2020-01-08,V,183.194686889648
2020-01-09,V,184.464218139648
2020-01-10,V,184.96061706543
2020-01-13,V,186.449676513672
2020-01-14,V,187.136932373047
2020-01-15,V,190.716415405273
2020-01-16,V,191.81413269043
2020-01-17,V,195.393661499023
2020-01-21,V,197.865921020508
2020-01-22,V,198.448150634766
2020-01-23,V,197.130920410156
2020-01-24,V,195.680038452148
2020-01-27,V,192.520523071289
2020-01-28,V,193.627807617188
2020-01-29,V,195.54638671875
2020-01-30,V,198.744094848633
2020-01-31,V,189.924194335938
2020-02-03,V,191.680557250977
2020-02-04,V,194.305465698242
2020-02-05,V,193.589599609375
2020-02-06,V,193.809127807617
2020-02-07,V,193.522827148438
2020-02-10,V,196.625045776367
2020-02-11,V,194.668228149414
2020-02-12,V,198.009094238281
2020-02-13,V,198.25764465332
2020-02-14,V,201.020278930664
2020-02-18,V,201.89013671875
2020-02-19,V,203.907104492188
2020-02-20,V,202.129150390625
2020-02-21,V,199.605499267578
2020-02-24,V,190.027191162109
2020-02-25,V,180.095184326172
2020-02-26,V,178.957656860352
2020-02-27,V,172.075012207031
2020-02-28,V,173.747848510742
2020-03-02,V,183.851928710938
2020-03-03,V,177.542861938477
2020-03-04,V,185.725555419922
2020-03-05,V,178.718643188477
2020-03-06,V,176.23323059082
2020-03-09,V,163.586471557617
2020-03-10,V,174.550796508789
2020-03-11,V,165.326202392578
2020-03-12,V,153.023529052734
2020-03-13,V,168.079315185547
2020-03-16,V,145.309280395508
2020-03-17,V,150.930053710938
2020-03-18,V,141.934860229492
2020-03-19,V,145.538711547852
2020-03-20,V,140.357604980469
2020-03-23,V,129.756469726563
2020-03-24,V,147.718215942383
2020-03-25,V,154.648620605469
2020-03-26,V,161.435638427734
2020-03-27,V,154.438293457031
2020-03-30,V,158.271545410156
2020-03-31,V,154.017730712891
2020-04-01,V,146.360778808594
2020-04-02,V,150.452102661133
2020-04-03,V,145.156341552734
2020-04-06,V,161.970947265625
2020-04-07,V,161.158416748047
2020-04-08,V,167.228485107422
2020-04-09,V,166.033584594727
2020-04-13,V,161.540771484375
2020-04-14,V,166.922607421875
2020-04-15,V,158.644409179688
2020-04-16,V,155.260375976563
2020-04-17,V,162.066558837891
2020-04-20,V,156.981063842773
2020-04-21,V,153.453704833984
2020-04-22,V,159.246551513672
2020-04-23,V,159.045822143555
2020-04-24,V,159.944442749023
2020-04-27,V,164.188674926758
2020-04-28,V,163.701171875
2020-04-29,V,173.77653503418
2020-04-30,V,170.841903686523
2020-05-01,V,167.830718994141
2020-05-04,V,168.385208129883
2020-05-05,V,170.574234008789
2020-05-06,V,170.899230957031
2020-05-07,V,174.665542602539
2020-05-08,V,176.931076049805
2020-05-11,V,175.468536376953
2020-05-12,V,171.558807373047
2020-05-13,V,169.567169189453
2020-05-14,V,173.215316772461
2020-05-15,V,175.6953125
2020-05-18,V,183.250122070313
2020-05-19,V,181.315963745117
2020-05-20,V,185.624786376953
2020-05-21,V,182.522415161133
2020-05-22,V,182.752166748047
2020-05-26,V,185.011947631836
2020-05-27,V,184.628967285156
2020-05-28,V,186.0078125
2020-05-29,V,186.946151733398
2020-06-01,V,186.093963623047
2020-06-02,V,188.018569946289
2020-06-03,V,188.506896972656
2020-06-04,V,185.414093017578
2020-06-05,V,191.130508422852
2020-06-08,V,191.120971679688
2020-06-09,V,190.623046875
2020-06-10,V,191.96354675293
2020-06-11,V,180.856353759766
2020-06-12,V,184.092758178711
2020-06-15,V,183.613998413086
2020-06-16,V,184.686386108398
2020-06-17,V,185.337524414063
2020-06-18,V,185.672668457031
2020-06-19,V,184.03532409668
2020-06-22,V,186.67805480957
2020-06-23,V,189.560165405273
2020-06-24,V,183.278900146484
2020-06-25,V,185.739654541016
2020-06-26,V,181.229766845703
2020-06-29,V,183.250122070313
2020-06-30,V,184.964065551758
2020-07-01,V,185.548141479492
2020-07-02,V,187.357894897461
2020-07-06,V,189.359115600586
2020-07-07,V,185.95036315918
2020-07-08,V,186.783447265625
2020-07-09,V,184.044845581055
2020-07-10,V,184.370468139648
2020-07-13,V,180.990386962891
2020-07-14,V,185.117309570313
2020-07-15,V,188.20051574707
2020-07-16,V,185.280120849609
2020-07-17,V,186.802551269531
2020-07-20,V,190.038925170898
2020-07-21,V,188.133499145508
2020-07-22,V,190.412368774414
2020-07-23,V,189.04313659668
2020-07-24,V,186.860015869141
2020-07-27,V,188.54524230957
2020-07-28,V,188.382476806641
2020-07-29,V,190.144287109375
2020-07-30,V,185.816284179688
2020-07-31,V,182.311767578125
2020-08-03,V,182.589447021484
2020-08-04,V,184.121444702148
2020-08-05,V,187.769638061523
2020-08-06,V,190.326217651367
2020-08-07,V,188.018569946289
2020-08-10,V,188.430313110352
2020-08-11,V,189.368698120117
2020-08-12,V,190.297500610352
2020-08-13,V,189.472778320313
2020-08-14,V,188.571365356445
2020-08-17,V,191.246856689453
2020-08-18,V,190.84407043457
2020-08-19,V,192.742813110352
2020-08-20,V,195.773162841797
2020-08-21,V,195.753997802734
2020-08-24,V,197.940475463867
2020-08-25,V,199.561080932617
2020-08-26,V,201.632461547852
2020-08-27,V,202.370880126953
2020-08-28,V,206.858871459961
2020-08-31,V,203.291473388672
2020-09-01,V,204.595718383789
2020-09-02,V,207.597244262695
2020-09-03,V,200.385818481445
2020-09-04,V,196.262268066406
2020-09-08,V,191.908538818359
2020-09-09,V,195.686904907227
2020-09-10,V,193.270248413086
2020-09-11,V,192.445571899414
2020-09-14,V,196.569152832031
2020-09-15,V,196.962310791016
2020-09-16,V,196.712982177734
2020-09-17,V,196.847183227539
2020-09-18,V,194.296356201172
2020-09-21,V,189.348098754883
2020-09-22,V,192.330490112305
2020-09-23,V,187.353454589844
2020-09-24,V,187.497268676758
2020-09-25,V,189.156326293945
2020-09-28,V,192.100357055664
2020-09-29,V,191.256500244141
2020-09-30,V,191.764709472656
2020-10-01,V,195.006011962891
2020-10-02,V,193.193557739258
2020-10-05,V,195.188217163086
2020-10-06,V,192.225006103516
2020-10-07,V,194.162109375
2020-10-08,V,194.651168823242
2020-10-09,V,198.161041259766
2020-10-12,V,197.930877685547
2020-10-13,V,195.936187744141
2020-10-14,V,193.903167724609
2020-10-15,V,191.361938476563
2020-10-16,V,192.042816162109
2020-10-19,V,188.887817382813
2020-10-20,V,189.587844848633
2020-10-21,V,190.287902832031
2020-10-22,V,189.865921020508
2020-10-23,V,189.885131835938
2020-10-26,V,185.147796630859
2020-10-27,V,182.261306762695
2020-10-28,V,173.44841003418
2020-10-29,V,177.284301757813
2020-10-30,V,174.253952026367
2020-11-02,V,177.159606933594
2020-11-03,V,180.611877441406
2020-11-04,V,186.01091003418
2020-11-05,V,189.530319213867
2020-11-06,V,190.326248168945
2020-11-09,V,203.953186035156
2020-11-10,V,204.557312011719
2020-11-11,V,203.972351074219
2020-11-12,V,200.01545715332
2020-11-13,V,202.147552490234
2020-11-16,V,204.279693603516
2020-11-17,V,202.368469238281
2020-11-18,V,199.602493286133
2020-11-19,V,199.352737426758
2020-11-20,V,195.808883666992
2020-11-23,V,199.919403076172
2020-11-24,V,201.379241943359
2020-11-25,V,202.541351318359
2020-11-27,V,202.64697265625
2020-11-30,V,202.022735595703
2020-12-01,V,202.839096069336
2020-12-02,V,201.859451293945
2020-12-03,V,199.81379699707
2020-12-04,V,204.260467529297
2020-12-07,V,204.231674194336
2020-12-08,V,204.346923828125
2020-12-09,V,201.283218383789
2020-12-10,V,199.391189575195
2020-12-11,V,198.075408935547
2020-12-14,V,199.04541015625
2020-12-15,V,200.111480712891
2020-12-16,V,200.025085449219
2020-12-17,V,202.819854736328
2020-12-18,V,202.944732666016
2020-12-21,V,200.735733032227
2020-12-22,V,197.691253662109
2020-12-23,V,197.172637939453
2020-12-24,V,200.438049316406
2020-12-28,V,204.212493896484
2020-12-29,V,205.883544921875
2020-12-30,V,209.715591430664
2020-12-31,V,210.070999145508
2021-01-04,V,209.139373779297
2021-01-05,V,206.018035888672
2021-01-06,V,204.202880859375
2021-01-07,V,205.345764160156
2021-01-08,V,206.920822143555
2021-01-11,V,204.462188720703
2021-01-12,V,200.591705322266
2021-01-13,V,201.062316894531
2021-01-14,V,193.868804931641
2021-01-15,V,193.609527587891
2021-01-19,V,193.6767578125
2021-01-20,V,197.854553222656
2021-01-21,V,197.018981933594
2021-01-22,V,194.022476196289
2021-01-25,V,193.023696899414
2021-01-26,V,194.012847900391
2021-01-27,V,187.251571655273
2021-01-28,V,190.372940063477
2021-01-29,V,185.599655151367
2021-02-01,V,190.507385253906
2021-02-02,V,194.589126586914
2021-02-03,V,193.388610839844
2021-02-04,V,200.966247558594
2021-02-05,V,200.505264282227
2021-02-08,V,198.699691772461
2021-02-09,V,198.344375610352
2021-02-10,V,198.267547607422
2021-02-11,V,202.634552001953
2021-02-12,V,201.961196899414
2021-02-16,V,199.979675292969
2021-02-17,V,199.604553222656
2021-02-18,V,201.374465942383
2021-02-19,V,196.930450439453
2021-02-22,V,200.383666992188
2021-02-23,V,204.029312133789
2021-02-24,V,211.070434570313
2021-02-25,V,205.606826782227
2021-02-26,V,204.298675537109
2021-03-01,V,208.37712097168
2021-03-02,V,207.549865722656
2021-03-03,V,206.664932250977
2021-03-04,V,203.442535400391
2021-03-05,V,207.203582763672
2021-03-08,V,211.878448486328
2021-03-09,V,211.964981079102
2021-03-10,V,214.667922973633
2021-03-11,V,217.534408569336
2021-03-12,V,215.812622070313
2021-03-15,V,214.76416015625
2021-03-16,V,216.1396484375
2021-03-17,V,214.523666381836
2021-03-18,V,212.253570556641
2021-03-19,V,199.017791748047
2021-03-22,V,200.075881958008
2021-03-23,V,200.220138549805
2021-03-24,V,200.143218994141
2021-03-25,V,200.047027587891
2021-03-26,V,205.395202636719
2021-03-29,V,206.337829589844
2021-03-30,V,203.82731628418
2021-03-31,V,203.663803100586
2021-04-01,V,208.598358154297
2021-04-05,V,210.6953125
2021-04-06,V,210.32014465332
2021-04-07,V,210.916549682617
2021-04-08,V,212.292068481445
2021-04-09,V,214.042724609375
2021-04-12,V,213.03271484375
2021-04-13,V,212.599868774414
2021-04-14,V,213.523300170898
2021-04-15,V,217.65950012207
2021-04-16,V,217.784545898438
2021-04-19,V,217.188140869141
2021-04-20,V,214.77375793457
2021-04-21,V,218.784912109375
2021-04-22,V,218.900360107422
2021-04-23,V,221.237762451172
2021-04-26,V,221.564834594727
2021-04-27,V,221.151168823242
2021-04-28,V,224.55632019043
2021-04-29,V,227.836364746094
2021-04-30,V,224.662109375
2021-05-03,V,223.748336791992
2021-05-04,V,223.1904296875
2021-05-05,V,220.477890014648
2021-05-06,V,222.507507324219
2021-05-07,V,223.276962280273
2021-05-10,V,217.361282348633
2021-05-11,V,216.889938354492
2021-05-12,V,212.224746704102
2021-05-13,V,215.528869628906
2021-05-14,V,218.611404418945
2021-05-17,V,218.129760742188
2021-05-18,V,217.291717529297
2021-05-19,V,216.34765625
2021-05-20,V,218.129760742188
2021-05-21,V,218.447616577148
2021-05-24,V,220.904113769531
2021-05-25,V,220.61506652832
2021-05-26,V,218.736663818359
2021-05-27,V,218.534362792969
2021-05-28,V,218.958206176758
2021-06-01,V,218.312774658203
2021-06-02,V,221.231582641602
2021-06-03,V,219.738510131836
2021-06-04,V,221.693969726563
2021-06-07,V,222.830703735352
2021-06-08,V,223.533889770508
2021-06-09,V,223.784301757813
2021-06-10,V,225.364166259766
2021-06-11,V,226.337097167969
2021-06-14,V,225.489349365234
2021-06-15,V,224.429733276367
2021-06-16,V,221.173797607422
2021-06-17,V,223.630187988281
2021-06-18,V,221.954055786133
2021-06-21,V,225.720581054688
2021-06-22,V,227.271484375
2021-06-23,V,226.067337036133
2021-06-24,V,227.570129394531
2021-06-25,V,228.610458374023
2021-06-28,V,225.4990234375
2021-06-29,V,227.290740966797
2021-06-30,V,225.238967895508
2021-07-01,V,226.520111083984
2021-07-02,V,229.872436523438
2021-07-06,V,230.80680847168
2021-07-07,V,231.192108154297
2021-07-08,V,227.926513671875
2021-07-09,V,229.718276977539
2021-07-12,V,229.140274047852
2021-07-13,V,233.45588684082
2021-07-14,V,236.962295532227
2021-07-15,V,239.428344726563
2021-07-16,V,239.014083862305
2021-07-19,V,231.587097167969
2021-07-20,V,233.793029785156
2021-07-21,V,234.7177734375
2021-07-22,V,235.18017578125
2021-07-23,V,239.881103515625
2021-07-26,V,241.065933227539
2021-07-27,V,241.720947265625
2021-07-28,V,237.877410888672
2021-07-29,V,238.821472167969
2021-07-30,V,237.347610473633
2021-08-02,V,230.980224609375
2021-08-03,V,228.388885498047
2021-08-04,V,227.984344482422
2021-08-05,V,231.394409179688
2021-08-06,V,232.540725708008
2021-08-09,V,231.192108154297
2021-08-10,V,229.332962036133
2021-08-11,V,226.433410644531
2021-08-12,V,223.587799072266
2021-08-13,V,224.417373657227
2021-08-16,V,227.031463623047
2021-08-17,V,226.230850219727
2021-08-18,V,223.433456420898
2021-08-19,V,223.375549316406
2021-08-20,V,223.173034667969
2021-08-23,V,225.854690551758
2021-08-24,V,225.951126098633
2021-08-25,V,224.359512329102
2021-08-26,V,222.362747192383
2021-08-27,V,224.455947875977
2021-08-30,V,223.047622680664
2021-08-31,V,220.993011474609
2021-09-01,V,221.97688293457
2021-09-02,V,216.247100830078
2021-09-03,V,217.144165039063
2021-09-07,V,218.263153076172
2021-09-08,V,220.983337402344
2021-09-09,V,219.439926147461
2021-09-10,V,216.951263427734
2021-09-13,V,216.681167602539
2021-09-14,V,215.137771606445
2021-09-15,V,215.890213012695
2021-09-16,V,216.391799926758
2021-09-17,V,213.903076171875
2021-09-20,V,212.263214111328
2021-09-21,V,212.378997802734
2021-09-22,V,214.867691040039
2021-09-23,V,220.230926513672
2021-09-24,V,223.394882202148
2021-09-27,V,221.475296020508
2021-09-28,V,217.578247070313
2021-09-29,V,218.658630371094
2021-09-30,V,214.867691040039
2021-10-01,V,222.304901123047
2021-10-04,V,216.777633666992
2021-10-05,V,216.343551635742
2021-10-06,V,218.494613647461
2021-10-07,V,222.391708374023
2021-10-08,V,222.121566772461
2021-10-11,V,217.144165039063
2021-10-12,V,216.121673583984
2021-10-13,V,214.587936401367
2021-10-14,V,217.211715698242
2021-10-15,V,222.816101074219
2021-10-18,V,222.488143920898
2021-10-19,V,225.256576538086
2021-10-20,V,223.230865478516
2021-10-21,V,222.092636108398
2021-10-22,V,223.047622680664
2021-10-25,V,225.60383605957
2021-10-26,V,223.616760253906
2021-10-27,V,208.14436340332
2021-10-28,V,202.414535522461
2021-10-29,V,204.27619934082
2021-11-01,V,204.941848754883
2021-11-02,V,201.739288330078
2021-11-03,V,200.736099243164
2021-11-04,V,201.392013549805
2021-11-05,V,209.002853393555
2021-11-08,V,212.687652587891
2021-11-09,V,205.838882446289
2021-11-10,V,208.298156738281
2021-11-11,V,203.331298828125
2021-11-12,V,204.945053100586
2021-11-15,V,205.147979736328
2021-11-16,V,207.930969238281
2021-11-17,V,198.151870727539
2021-11-18,V,196.480194091797
2021-11-19,V,194.093414306641
2021-11-22,V,188.991241455078
2021-11-23,V,191.803192138672
2021-11-24,V,196.402893066406
2021-11-26,V,190.99153137207
2021-11-29,V,189.677337646484
2021-11-30,V,187.242263793945
2021-12-01,V,183.753860473633
2021-12-02,V,191.609985351563
2021-12-03,V,189.70637512207
2021-12-06,V,195.852096557617
2021-12-07,V,200.384078979492
2021-12-08,V,201.949493408203
2021-12-09,V,204.268661499023
2021-12-10,V,206.2109375
2021-12-13,V,203.911117553711
2021-12-14,V,202.906158447266
2021-12-15,V,205.157638549805
2021-12-16,V,207.148284912109
2021-12-17,V,204.742141723633
2021-12-20,V,201.707962036133
2021-12-21,V,208.124221801758
2021-12-22,V,210.617324829102
2021-12-23,V,209.32243347168
2021-12-27,V,210.298446655273
2021-12-28,V,210.704299926758
2021-12-29,V,210.820236206055
2021-12-30,V,210.530349731445
2021-12-31,V,209.409454345703
2022-01-03,V,213.970428466797
2022-01-04,V,214.965713500977
2022-01-05,V,212.588623046875
2022-01-06,V,212.34700012207
2022-01-07,V,209.651000976563
2022-01-10,V,204.829147338867
2022-01-11,V,207.157913208008
2022-01-12,V,208.443115234375
2022-01-13,V,207.757019042969
2022-01-14,V,207.438171386719
2022-01-18,V,208.443115234375
2022-01-19,V,207.447845458984
2022-01-20,V,207.12890625
2022-01-21,V,198.992599487305
2022-01-24,V,195.050033569336
2022-01-25,V,195.194961547852
2022-01-26,V,198.934646606445
2022-01-27,V,199.205154418945
2022-01-28,V,220.319061279297
2022-01-31,V,218.550720214844
2022-02-01,V,224.532211303711
2022-02-02,V,227.489135742188
2022-02-03,V,223.739883422852
2022-02-04,V,220.695938110352
2022-02-07,V,219.507415771484
2022-02-08,V,220.261108398438
2022-02-09,V,223.092407226563
2022-02-10,V,218.344955444336
2022-02-11,V,217.473815917969
2022-02-14,V,218.102935791016
2022-02-15,V,220.503326416016
2022-02-16,V,221.471206665039
2022-02-17,V,217.396408081055
2022-02-18,V,215.538070678711
2022-02-22,V,214.212066650391
2022-02-23,V,209.014526367188
2022-02-24,V,210.321166992188
2022-02-25,V,212.227920532227
2022-02-28,V,209.179061889648
2022-03-01,V,202.258712768555
2022-03-02,V,201.784423828125
2022-03-03,V,200.574584960938
2022-03-04,V,193.857467651367
2022-03-07,V,184.575469970703
2022-03-08,V,185.553070068359
2022-03-09,V,193.344467163086
2022-03-10,V,191.61198425293
2022-03-11,V,190.392471313477
2022-03-14,V,193.896194458008
2022-03-15,V,199.519592285156
2022-03-16,V,205.065551757813
2022-03-17,V,206.594802856445
2022-03-18,V,212.073059082031
2022-03-21,V,210.06950378418
2022-03-22,V,211.453567504883
2022-03-23,V,207.78532409668
2022-03-24,V,210.330871582031
2022-03-25,V,211.414901733398
2022-03-28,V,213.679733276367
2022-03-29,V,220.793685913086
2022-03-30,V,216.757598876953
2022-03-31,V,214.64762878418
2022-04-01,V,219.090209960938
2022-04-04,V,220.425903320313
2022-04-05,V,218.828872680664
2022-04-06,V,211.97624206543
2022-04-07,V,209.208114624023
2022-04-08,V,210.011444091797
2022-04-11,V,207.853073120117
2022-04-12,V,204.610641479492
2022-04-13,V,206.420608520508
2022-04-14,V,205.956024169922
2022-04-18,V,206.323822021484
2022-04-19,V,208.772552490234
2022-04-20,V,210.795440673828
2022-04-21,V,209.498489379883
2022-04-22,V,201.484390258789
2022-04-25,V,203.207244873047
2022-04-26,V,194.641418457031
2022-04-27,V,207.233612060547
2022-04-28,V,213.5732421875
2022-04-29,V,206.285110473633
2022-05-02,V,204.736480712891
2022-05-03,V,201.861877441406
2022-05-04,V,207.630493164063
2022-05-05,V,198.648513793945
2022-05-06,V,196.306213378906
2022-05-09,V,186.801574707031
2022-05-10,V,187.362976074219
2022-05-11,V,190.402130126953
2022-05-12,V,188.099029541016
2022-05-13,V,193.199798583984
2022-05-16,V,191.822814941406
2022-05-17,V,197.825439453125
2022-05-18,V,193.936813354492
2022-05-19,V,191.396102905273
2022-05-20,V,193.005874633789
2022-05-23,V,201.277679443359
2022-05-24,V,196.496917724609
2022-05-25,V,197.670272827148
2022-05-26,V,202.237716674805
2022-05-27,V,206.436660766602
2022-05-31,V,205.748138427734
2022-06-01,V,203.575927734375
2022-06-02,V,208.540985107422
2022-06-03,V,206.213638305664
2022-06-06,V,206.494873046875
2022-06-07,V,208.007598876953
2022-06-08,V,207.037887573242
2022-06-09,V,199.871536254883
2022-06-10,V,193.471313476563
2022-06-13,V,186.44075012207
2022-06-14,V,187.662643432617
2022-06-15,V,190.222747802734
2022-06-16,V,183.327926635742
2022-06-17,V,184.258865356445
2022-06-21,V,188.506301879883
2022-06-22,V,187.953567504883
2022-06-23,V,190.688186645508
2022-06-24,V,199.289703369141
2022-06-27,V,197.398742675781
2022-06-28,V,192.12336730957
2022-06-29,V,193.461624145508
2022-06-30,V,190.930618286133
2022-07-01,V,193.151306152344
2022-07-05,V,194.470153808594
2022-07-06,V,195.032608032227
2022-07-07,V,196.661743164063
2022-07-08,V,197.408462524414
2022-07-11,V,198.853332519531
2022-07-12,V,198.620620727539
2022-07-13,V,197.970886230469
2022-07-14,V,199.677612304688
2022-07-15,V,203.682601928711
2022-07-18,V,200.938262939453
2022-07-19,V,207.193054199219
2022-07-20,V,206.911804199219
2022-07-21,V,209.646438598633
2022-07-22,V,207.231826782227
2022-07-25,V,207.784606933594
2022-07-26,V,206.058441162109
2022-07-27,V,204.099594116211
2022-07-28,V,204.952987670898
2022-07-29,V,205.689956665039
2022-08-01,V,204.962692260742
2022-08-02,V,200.017013549805
2022-08-03,V,202.169815063477
2022-08-04,V,207.008804321289
2022-08-05,V,209.336135864258
2022-08-08,V,206.863372802734
2022-08-09,V,203.895935058594
2022-08-10,V,205.680236816406
2022-08-11,V,205.053649902344
2022-08-12,V,205.296539306641
2022-08-15,V,210.241226196289
2022-08-16,V,210.940673828125
2022-08-17,V,208.3955078125
2022-08-18,V,209.104614257813
2022-08-19,V,206.744018554688
2022-08-22,V,202.654205322266
2022-08-23,V,200.895904541016
2022-08-24,V,200.769607543945
2022-08-25,V,203.829666137695
2022-08-26,V,197.097503662109
2022-08-29,V,196.553497314453
2022-08-30,V,195.630615234375
2022-08-31,V,193.036834716797
2022-09-01,V,194.416305541992
2022-09-02,V,192.113983154297
2022-09-06,V,192.968887329102
2022-09-07,V,194.698028564453
2022-09-08,V,194.979736328125
2022-09-09,V,199.341552734375
2022-09-12,V,200.730728149414
2022-09-13,V,193.969436645508
2022-09-14,V,193.716888427734
2022-09-15,V,189.792221069336
2022-09-16,V,187.781295776367
2022-09-19,V,187.616180419922
2022-09-20,V,186.586380004883
2022-09-21,V,181.680603027344
2022-09-22,V,180.485702514648
2022-09-23,V,178.707946777344
2022-09-26,V,175.434143066406
2022-09-27,V,172.791809082031
2022-09-28,V,174.064392089844
2022-09-29,V,174.919326782227
2022-09-30,V,172.578079223633
2022-10-03,V,176.463897705078
2022-10-04,V,180.349670410156
2022-10-05,V,182.312026977539
2022-10-06,V,180.291427612305
2022-10-07,V,178.581649780273
2022-10-10,V,176.978759765625
2022-10-11,V,174.025588989258
2022-10-12,V,173.151275634766
2022-10-13,V,179.387954711914
2022-10-14,V,177.406219482422
2022-10-17,V,179.961135864258
2022-10-18,V,181.82633972168
2022-10-19,V,181.088012695313
2022-10-20,V,181.874877929688
2022-10-21,V,184.934967041016
2022-10-24,V,185.265289306641
2022-10-25,V,188.830490112305
2022-10-26,V,197.524963378906
2022-10-27,V,198.457550048828
2022-10-28,V,203.363357543945
2022-10-31,V,201.24560546875
2022-11-01,V,201.022155761719
2022-11-02,V,195.212875366211
2022-11-03,V,189.189895629883
2022-11-04,V,191.356231689453
2022-11-07,V,194.387161254883
2022-11-08,V,196.019226074219
2022-11-09,V,188.814392089844
2022-11-10,V,200.147369384766
2022-11-11,V,199.592391967773
2022-11-14,V,201.4033203125
2022-11-15,V,204.450744628906
2022-11-16,V,204.596817016602
2022-11-17,V,205.424362182617
2022-11-18,V,205.239379882813
2022-11-21,V,200.877578735352
2022-11-22,V,204.781799316406
2022-11-23,V,206.144821166992
2022-11-25,V,208.150527954102
2022-11-28,V,205.687210083008
2022-11-29,V,203.545318603516
2022-11-30,V,211.275817871094
2022-12-01,V,211.275817871094
2022-12-02,V,211.918411254883
2022-12-05,V,208.043426513672
2022-12-06,V,203.564758300781
2022-12-07,V,202.328277587891
2022-12-08,V,203.584259033203
2022-12-09,V,203.194763183594
2022-12-12,V,208.929428100586
2022-12-13,V,207.420288085938
2022-12-14,V,207.692932128906
2022-12-15,V,202.425659179688
2022-12-16,V,201.432525634766
2022-12-19,V,199.417114257813
2022-12-20,V,199.942916870117
2022-12-21,V,201.354644775391
2022-12-22,V,199.650802612305
2022-12-23,V,200.400512695313
2022-12-27,V,200.848373413086
2022-12-28,V,199.582641601563
2022-12-29,V,202.571701049805
2022-12-30,V,202.279602050781
2023-01-03,V,201.919342041016
2023-01-04,V,207.001647949219
2023-01-05,V,205.541229248047
2023-01-06,V,212.006088256836
2023-01-09,V,212.833618164063
2023-01-10,V,215.257949829102
2023-01-11,V,216.241333007813
2023-01-12,V,217.721221923828
2023-01-13,V,217.176010131836
2023-01-17,V,217.117568969727
2023-01-18,V,213.670959472656
2023-01-19,V,214.595901489258
2023-01-20,V,218.393020629883
2023-01-23,V,218.266448974609
2023-01-24,V,217.984100341797
2023-01-25,V,218.967422485352
2023-01-26,V,218.782485961914
2023-01-27,V,225.334945678711
2023-01-30,V,223.056655883789
2023-01-31,V,224.137359619141
2023-02-01,V,224.809158325195
2023-02-02,V,223.504501342773
2023-02-03,V,224.059494018555
2023-02-06,V,223.387680053711
2023-02-07,V,225.218109130859
2023-02-08,V,224.127670288086
2023-02-09,V,223.737442016602
2023-02-10,V,221.640045166016
2023-02-13,V,223.278930664063
2023-02-14,V,223.776443481445
2023-02-15,V,223.317962646484
2023-02-16,V,220.303558349609
2023-02-17,V,218.089111328125
2023-02-21,V,215.221038818359
2023-02-22,V,214.635772705078
2023-02-23,V,215.71858215332
2023-02-24,V,214.177230834961
2023-02-27,V,214.957656860352
2023-02-28,V,214.557708740234
2023-03-01,V,213.016372680664
2023-03-02,V,213.699264526367
2023-03-03,V,218.293991088867
2023-03-06,V,221.201049804688
2023-03-07,V,217.708679199219
2023-03-08,V,216.752655029297
2023-03-09,V,214.626007080078
2023-03-10,V,210.850677490234
2023-03-13,V,209.221588134766
2023-03-14,V,213.309036254883
2023-03-15,V,211.075073242188
2023-03-16,V,212.128662109375
2023-03-17,V,212.070098876953
2023-03-20,V,212.811492919922
2023-03-21,V,216.518493652344
2023-03-22,V,214.655258178711
2023-03-23,V,217.142868041992
2023-03-24,V,215.630767822266
2023-03-27,V,216.381958007813
2023-03-28,V,214.938186645508
2023-03-29,V,217.835479736328
2023-03-30,V,216.918502807617
2023-03-31,V,219.942642211914
2023-04-03,V,223.395980834961
2023-04-04,V,222.088760375977
2023-04-05,V,222.586303710938
2023-04-06,V,220.459655761719
2023-04-10,V,220.888885498047
2023-04-11,V,222.859451293945
2023-04-12,V,222.235092163086
2023-04-13,V,226.995681762695
2023-04-14,V,228.293167114258
2023-04-17,V,227.766357421875
2023-04-18,V,227.883422851563
2023-04-19,V,226.878646850586
2023-04-20,V,228.858947753906
2023-04-21,V,228.322448730469
2023-04-24,V,227.063980102539
2023-04-25,V,223.971572875977
2023-04-26,V,222.566802978516
2023-04-27,V,223.405776977539
2023-04-28,V,227.034698486328
2023-05-01,V,226.820098876953
2023-05-02,V,221.425399780273
2023-05-03,V,220.449920654297
2023-05-04,V,220.079208374023
2023-05-05,V,226.107955932617
2023-05-08,V,226.546951293945
2023-05-09,V,227.551727294922
2023-05-10,V,225.610473632813
2023-05-11,V,225.796173095703
2023-05-12,V,226.157821655273
2023-05-15,V,227.555526733398
2023-05-16,V,225.268310546875
2023-05-17,V,227.399124145508
2023-05-18,V,228.327682495117
2023-05-19,V,228.044281005859
2023-05-22,V,226.060073852539
2023-05-23,V,219.511291503906
2023-05-24,V,217.233856201172
2023-05-25,V,218.338363647461
2023-05-26,V,219.931564331055
2023-05-30,V,216.637634277344
2023-05-31,V,216.041397094727
2023-06-01,V,221.387969970703
2023-06-02,V,223.626266479492
2023-06-05,V,221.651870727539
2023-06-06,V,223.069137573242
2023-06-07,V,220.185729980469
2023-06-08,V,218.01579284668
2023-06-09,V,218.514312744141
2023-06-12,V,221.065368652344
2023-06-13,V,218.357925415039
2023-06-14,V,218.396987915039
2023-06-15,V,221.065368652344
2023-06-16,V,223.743530273438
2023-06-20,V,221.358627319336
2023-06-21,V,222.121002197266
2023-06-22,V,223.235305786133
2023-06-23,V,224.369125366211
2023-06-26,V,221.192459106445
2023-06-27,V,222.209030151367
2023-06-28,V,222.815002441406
2023-06-29,V,229.031478881836
2023-06-30,V,232.120132446289
2023-07-03,V,232.599075317383
2023-07-05,V,234.045684814453
2023-07-06,V,233.488555908203
2023-07-07,V,231.113357543945
2023-07-10,V,232.784790039063
2023-07-11,V,235.120849609375
2023-07-12,V,236.743392944336
2023-07-13,V,237.81852722168
2023-07-14,V,237.671936035156
2023-07-17,V,238.483184814453
2023-07-18,V,235.335876464844
2023-07-19,V,235.971206665039
2023-07-20,V,234.211822509766
2023-07-21,V,233.850173950195
2023-07-24,V,235.306564331055
2023-07-25,V,233.302795410156
2023-07-26,V,231.748718261719
2023-07-27,V,229.148773193359
2023-07-28,V,230.429183959961
2023-07-31,V,232.364486694336
2023-08-01,V,234.368209838867
2023-08-02,V,232.198318481445
2023-08-03,V,233.37126159668
2023-08-04,V,233.596069335938
2023-08-07,V,236.059158325195
2023-08-08,V,233.889266967773
2023-08-09,V,234.348678588867
2023-08-10,V,235.181076049805
2023-08-11,V,235.063537597656
2023-08-14,V,237.8642578125
2023-08-15,V,234.857894897461
2023-08-16,V,234.3291015625
2023-08-17,V,232.448867797852
2023-08-18,V,233.232299804688
2023-08-21,V,234.495559692383
2023-08-22,V,235.582534790039
2023-08-23,V,237.27668762207
2023-08-24,V,234.505355834961
2023-08-25,V,237.541091918945
2023-08-28,V,238.774978637695
2023-08-29,V,240.253646850586
2023-08-30,V,241.125228881836
2023-08-31,V,240.586608886719
2023-09-01,V,242.966217041016
2023-09-05,V,240.253646850586
2023-09-06,V,241.056640625
2023-09-07,V,242.016326904297
2023-09-08,V,242.163223266602
2023-09-11,V,242.094711303711
2023-09-12,V,242.173034667969
2023-09-13,V,242.692047119141
2023-09-14,V,236.493286132813
2023-09-15,V,236.072189331055
2023-09-18,V,239.587768554688
2023-09-19,V,238.51057434082
2023-09-20,V,236.845809936523
2023-09-21,V,231.704650878906
2023-09-22,V,230.206359863281
2023-09-25,V,228.522064208984
2023-09-26,V,224.888961791992
2023-09-27,V,224.742065429688
2023-09-28,V,226.857299804688
2023-09-29,V,225.241485595703
2023-10-02,V,226.475372314453
2023-10-03,V,224.066329956055
2023-10-04,V,226.426391601563
2023-10-05,V,228.639526367188
2023-10-06,V,230.167221069336
2023-10-09,V,229.579620361328
2023-10-10,V,231.694869995117
2023-10-11,V,230.793914794922
2023-10-12,V,231.871139526367
2023-10-13,V,232.742691040039
2023-10-16,V,235.092926025391
2023-10-17,V,236.199508666992
2023-10-18,V,232.546844482422
2023-10-19,V,228.962707519531
2023-10-20,V,228.541610717773
2023-10-23,V,226.72998046875
2023-10-24,V,229.785293579102
2023-10-25,V,231.939666748047
2023-10-26,V,226.485168457031
2023-10-27,V,224.516830444336
2023-10-30,V,228.247848510742
2023-10-31,V,230.225967407227
2023-11-01,V,233.633819580078
2023-11-02,V,238.206985473633
2023-11-03,V,238.549758911133
2023-11-06,V,238.442016601563
2023-11-07,V,239.695495605469
2023-11-08,V,239.361801147461
2023-11-09,V,237.134155273438
2023-11-10,V,240.676849365234
2023-11-13,V,240.107635498047
2023-11-14,V,242.335311889648
2023-11-15,V,243.483489990234
2023-11-16,V,243.934921264648
2023-11-17,V,244.906478881836
2023-11-20,V,245.308837890625
2023-11-21,V,247.526672363281
2023-11-22,V,248.988891601563
2023-11-24,V,249.558059692383
2023-11-27,V,249.401062011719
2023-11-28,V,248.223419189453
2023-11-29,V,249.489379882813
2023-11-30,V,251.893661499023
2023-12-01,V,251.667999267578
2023-12-04,V,249.69548034668
2023-12-05,V,249.862274169922
2023-12-06,V,249.548233032227
2023-12-07,V,251.049728393555
2023-12-08,V,250.971252441406
2023-12-11,V,251.73664855957
2023-12-12,V,254.720016479492
2023-12-13,V,257.487426757813
2023-12-14,V,253.905471801758
2023-12-15,V,253.218521118164
2023-12-18,V,253.552139282227
2023-12-19,V,255.141983032227
2023-12-20,V,252.315658569336
2023-12-21,V,254.700378417969
2023-12-22,V,253.611053466797
2023-12-26,V,254.327423095703
2023-12-27,V,254.10173034668
2023-12-28,V,255.544281005859
2023-12-29,V,255.495269775391
2024-01-02,V,254.042861938477
2024-01-03,V,253.169464111328
2024-01-04,V,254.769073486328
2024-01-05,V,254.847534179688
2024-01-08,V,257.644378662109
2024-01-09,V,258.419708251953
2024-01-10,V,259.626770019531
2024-01-11,V,259.106628417969
2024-01-12,V,259.244110107422
2024-01-16,V,260.294006347656
2024-01-17,V,261.658142089844
2024-01-18,V,263.140045166016
2024-01-19,V,265.848541259766
2024-01-22,V,266.142974853516
2024-01-23,V,266.201812744141
2024-01-24,V,266.584533691406
2024-01-25,V,267.526702880859
2024-01-26,V,262.943725585938
2024-01-29,V,268.557067871094
2024-01-30,V,271.982055664063
2024-01-31,V,268.164581298828
2024-02-01,V,271.883819580078
2024-02-02,V,272.011444091797
2024-02-05,V,270.441253662109
2024-02-06,V,271.599304199219
2024-02-07,V,274.180267333984
2024-02-08,V,271.142242431641
2024-02-09,V,271.781311035156
2024-02-12,V,270.444152832031
2024-02-13,V,271.171722412109
2024-02-14,V,272.892242431641
2024-02-15,V,276.254760742188
2024-02-16,V,273.875427246094
2024-02-20,V,270.522796630859
2024-02-21,V,272.105743408203
2024-02-22,V,278.978149414063
2024-02-23,V,278.830657958984
2024-02-26,V,279.371459960938
2024-02-27,V,278.407897949219
2024-02-28,V,280.826507568359
2024-02-29,V,277.886840820313
2024-03-01,V,278.398101806641
2024-03-04,V,275.812286376953
2024-03-05,V,274.681701660156
2024-03-06,V,275.713958740234
2024-03-07,V,273.580474853516
2024-03-08,V,275.330535888672
2024-03-11,V,275.841857910156
2024-03-12,V,279.145355224609
2024-03-13,V,280.344787597656
2024-03-14,V,281.593414306641
2024-03-15,V,278.280090332031
2024-03-18,V,280.256286621094
2024-03-19,V,282.517608642578
2024-03-20,V,284.415161132813
2024-03-21,V,285.48681640625
2024-03-22,V,278.496398925781
2024-03-25,V,276.480865478516
2024-03-26,V,275.881134033203
2024-03-27,V,274.327697753906
2024-03-28,V,274.386657714844
2024-04-01,V,273.600158691406
2024-04-02,V,273.757446289063
2024-04-03,V,272.302337646484
2024-04-04,V,269.39208984375
2024-04-05,V,272.479278564453
2024-04-08,V,273.0888671875
2024-04-09,V,272.066375732422
2024-04-10,V,269.864105224609
2024-04-11,V,271.043884277344
2024-04-12,V,271.319152832031
2024-04-15,V,266.717834472656
2024-04-16,V,266.786712646484
2024-04-17,V,268.104156494141
2024-04-18,V,266.806365966797
2024-04-19,V,265.243041992188
2024-04-22,V,267.750213623047
2024-04-23,V,269.500305175781
2024-04-24,V,270.394958496094
2024-04-25,V,270.532623291016
2024-04-26,V,269.903381347656
2024-04-29,V,267.268463134766
2024-04-30,V,264.0927734375
2024-05-01,V,262.824493408203
2024-05-02,V,263.109558105469
2024-05-03,V,263.974792480469
2024-05-06,V,268.084503173828
2024-05-07,V,271.810729980469
2024-05-08,V,272.528472900391
2024-05-09,V,273.855773925781
2024-05-10,V,276.018768310547
2024-05-13,V,274.691528320313
2024-05-14,V,273.069152832031
2024-05-15,V,276.765991210938
2024-05-16,V,275.643096923828
2024-05-17,V,275.899230957031
2024-05-20,V,274.362609863281
2024-05-21,V,271.811462402344
2024-05-22,V,271.446960449219
2024-05-23,V,270.117218017578
2024-05-24,V,270.373291015625
2024-05-28,V,266.915985107422
2024-05-29,V,264.827758789063
2024-05-30,V,267.231170654297
2024-05-31,V,268.373779296875
2024-06-03,V,266.324981689453
2024-06-04,V,268.334381103516
2024-06-05,V,270.383209228516
2024-06-06,V,272.885131835938
2024-06-07,V,274.490661621094
2024-06-10,V,270.915130615234
2024-06-11,V,270.550659179688
2024-06-12,V,266.265838623047
2024-06-13,V,267.122863769531
2024-06-14,V,266.600769042969
2024-06-17,V,267.103118896484
2024-06-18,V,269.516387939453
2024-06-20,V,272.668426513672
2024-06-21,V,271.092407226563
2024-06-24,V,272.156158447266
2024-06-25,V,269.427734375
2024-06-26,V,269.496673583984
2024-06-27,V,262.591857910156
2024-06-28,V,258.533569335938
2024-07-01,V,259.292053222656
2024-07-02,V,264.207214355469
2024-07-03,V,264.955841064453
2024-07-05,V,266.305267333984
2024-07-08,V,262.404632568359
2024-07-09,V,261.459045410156
2024-07-10,V,259.0556640625
2024-07-11,V,258.612396240234
2024-07-12,V,261.754547119141
2024-07-15,V,264.423980712891
2024-07-16,V,265.2119140625
2024-07-17,V,268.610198974609
2024-07-18,V,265.113403320313
2024-07-19,V,261.478729248047
2024-07-22,V,263.695007324219
2024-07-23,V,260.81884765625
2024-07-24,V,250.358093261719
2024-07-25,V,249.934524536133
2024-07-26,V,255.568740844727
2024-07-29,V,257.676666259766
2024-07-30,V,259.154144287109
2024-07-31,V,261.685668945313
2024-08-01,V,261.941772460938
2024-08-02,V,262.581939697266
2024-08-05,V,252.594039916992
2024-08-06,V,254.386734008789
2024-08-07,V,252.672821044922
2024-08-08,V,255.933227539063
2024-08-09,V,256.377349853516
2024-08-12,V,256.505676269531
2024-08-13,V,256.742553710938
2024-08-14,V,257.739379882813
2024-08-15,V,263.325622558594
2024-08-16,V,263.898101806641
2024-08-19,V,263
2024-08-20,V,264.549468994141
2024-08-21,V,264.707397460938
2024-08-22,V,264.450805664063
2024-08-23,V,263.957305908203
2024-08-26,V,264.717315673828
2024-08-27,V,267.194610595703
2024-08-28,V,265.684478759766
2024-08-29,V,270.747772216797
2024-08-30,V,272.771057128906
2024-09-03,V,274.912811279297
2024-09-04,V,276.837371826172
2024-09-05,V,274.991729736328
2024-09-06,V,275.73193359375
2024-09-09,V,281.890716552734
2024-09-10,V,281.624206542969
2024-09-11,V,280.262176513672
2024-09-12,V,281.653839111328
2024-09-13,V,283.608032226563
2024-09-16,V,286.697296142578
2024-09-17,V,287.763275146484
2024-09-18,V,284.723327636719
2024-09-19,V,281.525573730469
2024-09-20,V,281.061645507813
2024-09-23,V,284.871368408203
2024-09-24,V,269.227813720703
2024-09-25,V,266.118804931641
2024-09-26,V,268.151977539063
2024-09-27,V,271.586700439453
2024-09-30,V,271.369567871094
2024-10-01,V,273.984985351563
2024-10-02,V,273.392852783203
2024-10-03,V,273.254638671875
2024-10-04,V,274.310699462891
2024-10-07,V,270.224639892578
2024-10-08,V,271.37939453125
2024-10-09,V,273.323791503906
2024-10-10,V,273.856719970703
2024-10-11,V,274.221923828125
2024-10-14,V,277.024871826172
2024-10-15,V,275.653015136719
2024-10-16,V,283.775848388672
2024-10-17,V,286.608489990234
2024-10-18,V,286.835418701172
2024-10-21,V,283.114593505859
2024-10-22,V,281.081420898438
2024-10-23,V,280.064849853516
2024-10-24,V,279.531829833984
2024-10-25,V,278.061218261719
2024-10-28,V,280.489166259766
2024-10-29,V,278.209259033203
2024-10-30,V,286.381469726563
2024-10-31,V,286.075531005859
2024-11-01,V,286.953887939453
2024-11-04,V,288.049438476563
2024-11-05,V,289.470703125
2024-11-06,V,303.39697265625
2024-11-07,V,301.817810058594
2024-11-08,V,303.860809326172
2024-11-11,V,306.871154785156
2024-11-12,V,306.396453857422
2024-11-13,V,306.030548095703
2024-11-14,V,304.814300537109
2024-11-15,V,306.188842773438
2024-11-18,V,308.680694580078
2024-11-19,V,308.374176025391
2024-11-20,V,303.963897705078
2024-11-21,V,306.445892333984
2024-11-22,V,306.465698242188
2024-11-25,V,309.69921875
2024-11-26,V,308.344482421875
2024-11-27,V,311.192413330078
2024-11-29,V,311.568145751953
2024-12-02,V,313.120666503906
2024-12-03,V,309.521240234375
2024-12-04,V,306.445892333984
2024-12-05,V,305.635009765625
2024-12-06,V,307.543548583984
2024-12-09,V,304.863708496094
2024-12-10,V,308.898284912109
2024-12-11,V,310.292541503906
2024-12-12,V,310.727630615234
2024-12-13,V,311.23193359375
2024-12-16,V,312.369171142578
2024-12-17,V,314.752288818359
2024-12-18,V,306.327239990234
2024-12-19,V,311.370391845703
2024-12-20,V,314.168853759766
2024-12-23,V,313.684326171875
2024-12-24,V,317.076110839844
2024-12-26,V,317.333221435547
2024-12-27,V,315.108276367188
2024-12-30,V,311.795593261719
2024-12-31,V,312.517456054688
2025-01-02,V,310.895782470703
2025-01-03,V,311.400054931641
2025-01-06,V,309.550933837891
2025-01-07,V,308.196166992188
2025-01-08,V,309.115844726563
2025-01-10,V,304.280334472656
2025-01-13,V,303.499114990234
2025-01-14,V,305.644897460938
2025-01-15,V,312.754821777344
2025-01-16,V,313.713958740234
2025-01-17,V,316.057586669922
2025-01-21,V,320.022857666016
2025-01-22,V,319.953704833984
2025-01-23,V,324.551788330078
2025-01-24,V,326.519622802734
2025-01-27,V,330.811279296875
2025-01-28,V,330.751922607422
2025-01-29,V,332.136352539063
2025-01-30,V,339.226379394531
2025-01-31,V,337.990386962891
2025-02-03,V,341.965576171875
2025-02-04,V,341.303009033203
2025-02-05,V,345.545196533203
2025-02-06,V,343.607055664063
2025-02-07,V,344.140991210938
2025-02-10,V,347.315277099609
2025-02-11,V,347.394470214844
2025-02-12,V,348.157165527344
2025-02-13,V,352.257904052734
2025-02-14,V,350.455200195313
2025-02-18,V,353.347503662109
2025-02-19,V,351.861724853516
2025-02-20,V,347.166687011719
2025-02-21,V,345.225250244141
2025-02-24,V,346.542663574219
2025-02-25,V,348.751525878906
2025-02-26,V,347.305358886719
2025-02-27,V,352.366882324219
2025-02-28,V,359.270812988281
2025-03-03,V,358.389251708984
2025-03-04,V,348.890197753906
2025-03-05,V,349.335906982422
2025-03-06,V,340.896667480469
2025-03-07,V,342.045715332031
2025-03-10,V,338.242126464844
2025-03-11,V,328.990692138672
2025-03-12,V,329.683990478516
2025-03-13,V,325.434692382813
2025-03-14,V,328.653900146484
2025-03-17,V,331.377838134766
2025-03-18,V,331.595733642578
2025-03-19,V,336.647399902344
2025-03-20,V,336.280883789063
2025-03-21,V,332.477294921875
2025-03-24,V,340.609466552734
2025-03-25,V,341.352355957031
2025-03-26,V,340.91650390625
2025-03-27,V,346.542663574219
2025-03-28,V,339.599151611328
2025-03-31,V,347.136962890625
2025-04-01,V,343.065948486328
2025-04-02,V,343.046112060547
2025-04-03,V,336.171936035156
2025-04-04,V,310.160949707031
2025-04-07,V,309.358612060547
2025-04-08,V,305.346984863281
2025-04-09,V,329.277893066406
2025-04-10,V,321.532043457031
2025-04-11,V,330.238708496094
2025-04-14,V,332.001831054688
2025-04-15,V,332.625854492188
2025-04-16,V,328.188323974609
2025-04-17,V,326.484619140625
2025-04-21,V,317.064849853516
2025-04-22,V,328.257659912109
2025-04-23,V,331.199554443359
2025-04-24,V,332.526824951172
2025-04-25,V,331.991973876953
2025-04-28,V,334.309753417969
2025-04-29,V,338.28173828125
2025-04-30,V,342.223999023438
2025-05-01,V,339.202941894531
2025-05-02,V,344.304077148438
2025-05-05,V,345.334228515625
2025-05-06,V,344.403137207031
2025-05-07,V,346.532745361328
2025-05-08,V,347.939300537109
2025-05-09,V,349.197265625
2025-05-12,V,352.475891113281
2025-05-13,V,353.348968505859
2025-05-14,V,353.666473388672
2025-05-15,V,359.460662841797
2025-05-16,V,362.258575439453
2025-05-19,V,365.016815185547
2025-05-20,V,363.965148925781
2025-05-21,V,355.492004394531
2025-05-22,V,355.164611816406
2025-05-23,V,350.769348144531
2025-05-27,V,356.484191894531
2025-05-28,V,356.910858154297
2025-05-29,V,359.559906005859
2025-05-30,V,362.328002929688
2025-06-02,V,362.457061767578
2025-06-03,V,362.992767333984
2025-06-04,V,365.116027832031
2025-06-05,V,363.895629882813
2025-06-06,V,367.318603515625
2025-06-09,V,363.786560058594
2025-06-10,V,367.794891357422
2025-06-11,V,370.384399414063
2025-06-12,V,368.489379882813
2025-06-13,V,350.084777832031
2025-06-16,V,352.694152832031
2025-06-17,V,355.035675048828
2025-06-18,V,337.712463378906
2025-06-20,V,335.916656494141
2025-06-23,V,341.056091308594
2025-06-24,V,348.874298095703
2025-06-25,V,342.55419921875
2025-06-26,V,343.318206787109
2025-06-27,V,345.877960205078
2025-06-30,V,352.267517089844
2025-07-01,V,352.684234619141
2025-07-02,V,351.444000244141
2025-07-03,V,356.047668457031
2025-07-07,V,353.845031738281
2025-07-08,V,351.771453857422
2025-07-09,V,354.956268310547
2025-07-10,V,353.091003417969
2025-07-11,V,345.203277587891
2025-07-14,V,347.753143310547
2025-07-15,V,344.300415039063
2025-07-16,V,347.157867431641
2025-07-17,V,347.068572998047
2025-07-18,V,346.314514160156
2025-07-21,V,348.189727783203
2025-07-22,V,349.102508544922
2025-07-23,V,352.505645751953
2025-07-24,V,351.195953369141
2025-07-25,V,354.241912841797
2025-07-28,V,352.684234619141
2025-07-29,V,348.536987304688
2025-07-30,V,348.159973144531
2025-07-31,V,342.762573242188
2025-08-01,V,336.690582275391
2025-08-04,V,339.468597412109
2025-08-05,V,334.785583496094
2025-08-06,V,337.077484130859
2025-08-07,V,329.487426757813
2025-08-08,V,334.140686035156
2025-08-11,V,333.267578125
2025-08-12,V,334.688873291016
2025-08-13,V,340.463470458984
2025-08-14,V,343.385559082031
2025-08-15,V,342.371795654297
2025-08-18,V,340.652313232422
2025-08-19,V,340.364105224609
2025-08-20,V,341.835083007813
2025-08-21,V,341.596557617188
2025-08-22,V,347.907867431641
2025-08-25,V,346.6953125
2025-08-26,V,349.040924072266
2025-08-27,V,348.215972900391
2025-08-28,V,347.728973388672
2025-08-29,V,349.637268066406
2025-09-02,V,347.937683105469
2025-09-03,V,348.732818603516
2025-09-04,V,348.852081298828
2025-09-05,V,341.129425048828
2025-09-08,V,340.214996337891
2025-09-09,V,341.894714355469
2025-09-10,V,336.060485839844
2025-09-11,V,341.397766113281
2025-09-12,V,337.362487792969
2025-09-15,V,336.984802246094
2025-09-16,V,337.958831787109
2025-09-17,V,344.091278076172
2025-09-18,V,336.120086669922
2025-09-19,V,339.529205322266
2025-09-22,V,342.262420654297
2025-09-23,V,336.636932373047
2025-09-24,V,336.617095947266
2025-09-25,V,332.889892578125
2025-09-26,V,335.315032958984
2025-09-29,V,338.088043212891
2025-09-30,V,339.300628662109
2025-10-01,V,345.711303710938
2025-10-02,V,343.842803955078
2025-10-03,V,347.709075927734
2025-10-06,V,347.152496337891
2025-10-07,V,350.273376464844
2025-10-08,V,349.219818115234
2025-10-09,V,344.926147460938
2025-10-10,V,341.556793212891
2025-10-13,V,341.208892822266
2025-10-14,V,346.257995605469
2025-10-15,V,343.584350585938
2025-10-16,V,333.357055664063
2025-10-17,V,339.807525634766
2025-10-20,V,342.312164306641
2025-10-21,V,345.095092773438
2025-10-22,V,343.256378173828
2025-10-23,V,343.852722167969
2025-10-24,V,345.264068603516
2025-10-27,V,345.701416015625
2025-10-28,V,344.786987304688
2025-10-29,V,339.201232910156
2025-10-30,V,342.928375244141
2025-10-31,V,338.664489746094
2025-11-03,V,334.847900390625
2025-11-04,V,338.227203369141
2025-11-05,V,337.968780517578
2025-11-06,V,334.907531738281
2025-11-07,V,333.973266601563
2025-11-10,V,332.810394287109
2025-11-11,V,336.855590820313
2025-11-12,V,337.483001708984
2025-11-13,V,334.694519042969
2025-11-14,V,328.659515380859
2025-11-17,V,324.407135009766
2025-11-18,V,319.85595703125
2025-11-19,V,322.783843994141
2025-11-20,V,322.435272216797
2025-11-21,V,326.627960205078
2025-11-24,V,327.942474365234
2025-11-25,V,333.150939941406
2025-11-26,V,332.414001464844
2025-11-28,V,333.061309814453
2025-12-01,V,329.028015136719
2025-12-02,V,328.261169433594
2025-12-03,V,328.251190185547
2025-12-04,V,325.751586914063
2025-12-05,V,329.874481201172
2025-12-08,V,325.492614746094
2025-12-09,V,325.154022216797
2025-12-10,V,324.38720703125
2025-12-11,V,344.205169677734
2025-12-12,V,346.396087646484
2025-12-15,V,345.459991455078
2025-12-16,V,343.687316894531
2025-12-17,V,342.990203857422
2025-12-18,V,344.583618164063
2025-12-19,V,347.810241699219
2025-12-22,V,350.638519287109
2025-12-23,V,351.923217773438
2025-12-24,V,353.675994873047
2025-12-26,V,353.536529541016
2025-12-29,V,353.148162841797
2025-12-30,V,352.162231445313
2025-12-31,V,349.264221191406
2026-01-02,V,345.051696777344
2026-01-05,V,352.341491699219
2026-01-06,V,356.085998535156
2026-01-07,V,354.412933349609
2026-01-08,V,350.777984619141
2026-01-09,V,348.328094482422
2026-01-12,V,341.785186767578
2026-01-13,V,326.528350830078
2026-01-14,V,327.813018798828
2026-01-15,V,326.398864746094
2026-01-16,V,326.946594238281
2026-01-20,V,324.476837158203
2026-01-21,V,323.939056396484
2026-01-22,V,325.014617919922
2026-01-23,V,324.835357666016
2026-01-26,V,327.135803222656
2026-01-27,V,323.919158935547
2026-01-28,V,325.632080078125
2026-01-29,V,330.432159423828
2026-01-30,V,320.503265380859
2026-02-02,V,332.463775634766
2026-02-03,V,327.574035644531
2026-02-04,V,328.589813232422
2026-02-05,V,327.773193359375
2026-02-06,V,330.213073730469
2026-02-09,V,324.237823486328
2026-02-10,V,327.491088867188
2026-02-11,V,328.558837890625
2026-02-12,V,323.509338378906
2026-02-13,V,313.430206298828
2026-02-17,V,318.839019775391
2026-02-18,V,319.637359619141
2026-02-19,V,318.270172119141
2026-02-20,V,320.286010742188
2026-02-23,V,305.885864257813
2026-02-24,V,306.584411621094
2026-02-25,V,312.342468261719
2026-02-26,V,316.044830322266
2026-02-27,V,319.477691650391
2026-03-02,V,319.846923828125
2026-03-03,V,320.166259765625
2026-03-04,V,319.807006835938
2026-03-05,V,319.138366699219
2026-03-06,V,316.703430175781
2026-03-09,V,315.316314697266
2026-03-10,V,313.779479980469
2026-03-11,V,308.32080078125
2026-03-12,V,305.865905761719
2026-03-13,V,306.504608154297
2026-03-16,V,309.468414306641
2026-03-17,V,307.821838378906
2026-03-18,V,298.4013671875
2026-03-19,V,299.089935302734
2026-03-20,V,300.996002197266
2026-03-23,V,303.810180664063
2026-03-24,V,303.131591796875
2026-03-25,V,304.279205322266
2026-03-26,V,304.897918701172
2026-03-27,V,294.908599853516
2026-03-30,V,298.920318603516
2026-03-31,V,301.614715576172
2026-04-01,V,297.892456054688
2026-04-02,V,300.177673339844
2026-04-06,V,302.702453613281
2026-04-07,V,301.924072265625
2026-04-08,V,308.32080078125
2026-04-09,V,307.652221679688
2026-04-10,V,303.730316162109
2026-04-13,V,308.749938964844
2026-04-14,V,310.725830078125
2026-04-15,V,315.256439208984
2026-04-16,V,314.448120117188
2026-04-17,V,316.364135742188
2026-04-20,V,313.29052734375
2026-04-21,V,309.298797607422
2026-04-22,V,310.64599609375
2026-04-23,V,308.240997314453
2026-04-24,V,308.779876708984
2026-04-27,V,309.009399414063
2026-04-28,V,308.660095214844
2026-04-29,V,334.167236328125
2026-04-30,V,329.157623291016
2026-05-01,V,327.351379394531
2026-05-04,V,326.173828125
2026-05-05,V,321.36376953125
2026-05-06,V,318.140441894531
2026-05-07,V,320.615325927734
2026-05-08,V,318.130493164063
2026-05-11,V,323.189971923828
2026-05-12,V,326.420013427734
2026-05-13,V,320.309997558594
2026-05-14,V,322.519989013672
2026-05-15,V,325.75
2026-05-18,V,332.640014648438
2026-05-19,V,329.910003662109
2026-05-20,V,330.75
2026-05-21,V,331.119995117188
2026-05-22,V,328.880004882813
2026-05-26,V,326.480010986328
2026-05-27,V,327.609985351563
2026-05-28,V,324.950012207031
2026-05-29,V,326.359985351563
2026-06-01,V,322.769989013672
2026-06-02,V,317.320007324219
2026-06-03,V,312.399993896484
2026-06-04,V,320.179992675781
2026-06-05,V,323.570007324219
2026-06-08,V,319.670013427734
2026-06-09,V,325.049987792969
2026-06-10,V,322.959991455078
2026-06-11,V,319.049987792969
2026-06-12,V,322.390014648438
2026-06-15,V,323.820007324219
2026-06-16,V,333.119995117188
2026-06-17,V,330.380004882813
2026-06-18,V,327.239990234375
2026-06-22,V,326.600006103516
2026-06-23,V,328.480010986328
2026-06-24,V,332.230010986328
2026-06-25,V,330.519989013672
2026-06-26,V,336.230010986328
2026-06-29,V,341.649993896484
2026-06-30,V,343.089996337891
2026-07-01,V,351.079986572266
2026-07-02,V,362.130004882813
2026-07-06,V,357.25
2026-07-07,V,352.200012207031
2026-07-08,V,347.529998779297
2026-07-09,V,348.200012207031
2026-07-10,V,348.970001220703
2026-07-13,V,357.75
2026-07-14,V,356.019989013672
2026-07-15,V,355.140014648438
2026-07-16,V,365.140014648438
2026-07-17,V,358.559997558594
2026-07-20,V,360.570007324219
2026-07-21,V,355.820007324219
2026-07-22,V,353.420013427734
2026-07-23,V,351.600006103516
2026-07-24,V,355.739990234375
2026-07-27,V,362.529998779297
2026-07-28,V,366.589996337891
2016-07-29,JPM,49.187801361084
2016-08-01,JPM,49.0570869445801
2016-08-02,JPM,48.9417381286621
2016-08-03,JPM,49.7183685302734
2016-08-04,JPM,49.6414642333984
2016-08-05,JPM,50.9793853759766
2016-08-08,JPM,50.8256072998047
2016-08-09,JPM,50.6487617492676
2016-08-10,JPM,50.1950759887695
2016-08-11,JPM,50.3334846496582
2016-08-12,JPM,50.2258415222168
2016-08-15,JPM,50.5334053039551
2016-08-16,JPM,50.5257148742676
2016-08-17,JPM,50.6641159057617
2016-08-18,JPM,50.710262298584
2016-08-19,JPM,50.6410446166992
2016-08-22,JPM,50.5949211120606
2016-08-23,JPM,50.5718574523926
2016-08-24,JPM,50.710262298584
2016-08-25,JPM,50.8025245666504
2016-08-26,JPM,50.9178771972656
2016-08-29,JPM,51.4791831970215
2016-08-30,JPM,51.9020919799805
2016-08-31,JPM,51.9020919799805
2016-09-01,JPM,51.6790962219238
2016-09-02,JPM,51.8943901062012
2016-09-06,JPM,51.8559494018555
2016-09-07,JPM,51.6406364440918
2016-09-08,JPM,51.7098541259766
2016-09-09,JPM,51.2485084533691
2016-09-12,JPM,51.5637588500977
2016-09-13,JPM,51.1562347412109
2016-09-14,JPM,51.056266784668
2016-09-15,JPM,51.2408065795898
2016-09-16,JPM,50.6103134155273
2016-09-19,JPM,50.8948059082031
2016-09-20,JPM,51.1024055480957
2016-09-21,JPM,51.3945960998535
2016-09-22,JPM,51.817512512207
2016-09-23,JPM,51.7098541259766
2016-09-26,JPM,50.5795440673828
2016-09-27,JPM,51.0255165100098
2016-09-28,JPM,51.2946472167969
2016-09-29,JPM,50.4795799255371
2016-09-30,JPM,51.2023582458496
2016-10-03,JPM,51.140869140625
2016-10-04,JPM,51.5823249816895
2016-10-05,JPM,52.4265251159668
2016-10-06,JPM,52.5659561157227
2016-10-07,JPM,52.7518310546875
2016-10-10,JPM,53.1623153686523
2016-10-11,JPM,52.9067420959473
2016-10-12,JPM,52.7673110961914
2016-10-13,JPM,52.4652481079102
2016-10-14,JPM,52.2948722839356
2016-10-17,JPM,52.023796081543
2016-10-18,JPM,52.4342842102051
2016-10-19,JPM,52.9377021789551
2016-10-20,JPM,52.8680114746094
2016-10-21,JPM,53.0461502075195
2016-10-24,JPM,53.3404655456543
2016-10-25,JPM,53.2862510681152
2016-10-26,JPM,53.5418357849121
2016-10-27,JPM,53.6193008422852
2016-10-28,JPM,53.5263595581055
2016-10-31,JPM,53.642520904541
2016-11-01,JPM,53.4179153442383
2016-11-02,JPM,53.1933059692383
2016-11-03,JPM,52.9609413146973
2016-11-04,JPM,52.4807624816895
2016-11-07,JPM,54.1227188110352
2016-11-08,JPM,54.2389068603516
2016-11-09,JPM,56.7328186035156
2016-11-10,JPM,59.3661422729492
2016-11-11,JPM,59.3971138000488
2016-11-14,JPM,61.5812568664551
2016-11-15,JPM,61.4650802612305
2016-11-16,JPM,59.9470176696777
2016-11-17,JPM,60.4272155761719
2016-11-18,JPM,60.1871223449707
2016-11-21,JPM,60.4504432678223
2016-11-22,JPM,60.8222122192383
2016-11-23,JPM,61.077823638916
2016-11-25,JPM,61.0545616149902
2016-11-28,JPM,60.6595802307129
2016-11-29,JPM,61.1242942810059
2016-11-30,JPM,62.0924072265625
2016-12-01,JPM,63.3471221923828
2016-12-02,JPM,63.1999549865723
2016-12-05,JPM,64.4856567382813
2016-12-06,JPM,64.8186874389648
2016-12-07,JPM,65.1130142211914
2016-12-08,JPM,65.9262466430664
2016-12-09,JPM,66.2127990722656
2016-12-12,JPM,65.6241989135742
2016-12-13,JPM,65.6474304199219
2016-12-14,JPM,65.6241989135742
2016-12-15,JPM,66.607795715332
2016-12-16,JPM,65.7868347167969
2016-12-19,JPM,66.1663360595703
2016-12-20,JPM,67.0182876586914
2016-12-21,JPM,67.1886825561523
2016-12-22,JPM,67.2971420288086
2016-12-23,JPM,67.4210739135742
2016-12-27,JPM,67.4830017089844
2016-12-28,JPM,66.9950561523438
2016-12-29,JPM,66.5226058959961
2016-12-30,JPM,66.8324279785156
2017-01-03,JPM,67.5604553222656
2017-01-04,JPM,67.68505859375
2017-01-05,JPM,67.0620193481445
2017-01-06,JPM,67.06982421875
2017-01-09,JPM,67.1165237426758
2017-01-10,JPM,67.3112258911133
2017-01-11,JPM,67.8174591064453
2017-01-12,JPM,67.1632385253906
2017-01-13,JPM,67.5215148925781
2017-01-17,JPM,65.0683288574219
2017-01-18,JPM,65.3720245361328
2017-01-19,JPM,64.8736190795898
2017-01-20,JPM,65.161750793457
2017-01-23,JPM,65.1929321289063
2017-01-24,JPM,65.9795074462891
2017-01-25,JPM,66.9997329711914
2017-01-26,JPM,67.560432434082
2017-01-27,JPM,67.7006378173828
2017-01-30,JPM,66.9997329711914
2017-01-31,JPM,65.9094009399414
2017-02-01,JPM,66.1586303710938
2017-02-02,JPM,65.8782348632813
2017-02-03,JPM,67.8953170776367
2017-02-06,JPM,67.5760345458984
2017-02-07,JPM,67.5370941162109
2017-02-08,JPM,66.945198059082
2017-02-09,JPM,67.9109344482422
2017-02-10,JPM,67.7551498413086
2017-02-13,JPM,68.650764465332
2017-02-14,JPM,69.7488784790039
2017-02-15,JPM,70.551025390625
2017-02-16,JPM,70.5042877197266
2017-02-17,JPM,70.2706451416016
2017-02-21,JPM,70.8781356811523
2017-02-22,JPM,70.9170532226563
2017-02-23,JPM,70.9715576171875
2017-02-24,JPM,70.3485412597656
2017-02-27,JPM,70.4264297485352
2017-02-28,JPM,70.5744018554688
2017-03-01,JPM,72.8952178955078
2017-03-02,JPM,71.7581481933594
2017-03-03,JPM,72.2721633911133
2017-03-06,JPM,71.5868148803711
2017-03-07,JPM,71.1896286010742
2017-03-08,JPM,71.0338745117188
2017-03-09,JPM,71.3142318725586
2017-03-10,JPM,71.0884094238281
2017-03-13,JPM,71.1506958007813
2017-03-14,JPM,71.2675323486328
2017-03-15,JPM,71.438850402832
2017-03-16,JPM,71.3687515258789
2017-03-17,JPM,70.6211547851563
2017-03-20,JPM,70.1148986816406
2017-03-21,JPM,68.0588836669922
2017-03-22,JPM,68.1679000854492
2017-03-23,JPM,68.0588836669922
2017-03-24,JPM,67.9810028076172
2017-03-27,JPM,67.9420700073242
2017-03-28,JPM,69.0012435913086
2017-03-29,JPM,68.7442398071289
2017-03-30,JPM,69.3361206054688
2017-03-31,JPM,68.4093170166016
2017-04-03,JPM,68.1601181030273
2017-04-04,JPM,68.3872604370117
2017-04-05,JPM,67.510009765625
2017-04-06,JPM,67.7371673583984
2017-04-07,JPM,67.502197265625
2017-04-10,JPM,67.2671890258789
2017-04-11,JPM,67.1497039794922
2017-04-12,JPM,66.8912353515625
2017-04-13,JPM,66.1079406738281
2017-04-17,JPM,67.2515182495117
2017-04-18,JPM,66.703254699707
2017-04-19,JPM,66.1549453735352
2017-04-20,JPM,67.0087280273438
2017-04-21,JPM,66.2019653320313
2017-04-24,JPM,68.5361175537109
2017-04-25,JPM,69.1314010620117
2017-04-26,JPM,69.264533996582
2017-04-27,JPM,68.6222610473633
2017-04-28,JPM,68.1444625854492
2017-05-01,JPM,68.1914443969727
2017-05-02,JPM,67.752815246582
2017-05-03,JPM,68.1444625854492
2017-05-04,JPM,68.2227935791016
2017-05-05,JPM,68.1444625854492
2017-05-08,JPM,68.2227935791016
2017-05-09,JPM,67.9486236572266
2017-05-10,JPM,68.4812622070313
2017-05-11,JPM,68.2697677612305
2017-05-12,JPM,68.0817947387695
2017-05-15,JPM,68.410774230957
2017-05-16,JPM,68.6222610473633
2017-05-17,JPM,66.0061264038086
2017-05-18,JPM,65.7633514404297
2017-05-19,JPM,66.4056015014648
2017-05-22,JPM,66.3429336547852
2017-05-23,JPM,67.1731948852539
2017-05-24,JPM,67.134033203125
2017-05-25,JPM,66.8520889282227
2017-05-26,JPM,66.8599090576172
2017-05-30,JPM,65.7163314819336
2017-05-31,JPM,64.3456039428711
2017-06-01,JPM,65.0583801269531
2017-06-02,JPM,64.7293930053711
2017-06-05,JPM,64.8468780517578
2017-06-06,JPM,64.9800491333008
2017-06-07,JPM,65.7241668701172
2017-06-08,JPM,66.5387649536133
2017-06-09,JPM,68.1131286621094
2017-06-12,JPM,68.1288070678711
2017-06-13,JPM,68.3559188842773
2017-06-14,JPM,68.2149429321289
2017-06-15,JPM,67.8076400756836
2017-06-16,JPM,67.502197265625
2017-06-19,JPM,68.9825668334961
2017-06-20,JPM,68.5517730712891
2017-06-21,JPM,68.2384719848633
2017-06-22,JPM,68.1601181030273
2017-06-23,JPM,68.0348052978516
2017-06-26,JPM,68.3324661254883
2017-06-27,JPM,68.9668884277344
2017-06-28,JPM,70.353271484375
2017-06-29,JPM,71.3950347900391
2017-06-30,JPM,71.5908660888672
2017-07-03,JPM,73.0478744506836
2017-07-05,JPM,73.7803115844727
2017-07-06,JPM,73.5440216064453
2017-07-07,JPM,73.914192199707
2017-07-10,JPM,73.3944091796875
2017-07-11,JPM,73.1108551025391
2017-07-12,JPM,72.8588562011719
2017-07-13,JPM,73.3235092163086
2017-07-14,JPM,72.6540832519531
2017-07-17,JPM,71.9767608642578
2017-07-18,JPM,71.7247314453125
2017-07-19,JPM,71.8271179199219
2017-07-20,JPM,71.8271179199219
2017-07-21,JPM,71.5829696655273
2017-07-24,JPM,71.8901214599609
2017-07-25,JPM,73.0872344970703
2017-07-26,JPM,72.4020690917969
2017-07-27,JPM,72.1027526855469
2017-07-28,JPM,71.8901214599609
2017-07-31,JPM,72.2996444702148
2017-08-01,JPM,73.2683868408203
2017-08-02,JPM,73.3314056396484
2017-08-03,JPM,72.8509902954102
2017-08-04,JPM,73.7645797729492
2017-08-07,JPM,74.0481033325195
2017-08-08,JPM,73.7803115844727
2017-08-09,JPM,73.6621856689453
2017-08-10,JPM,72.6068115234375
2017-08-11,JPM,72.0003814697266
2017-08-14,JPM,72.8430862426758
2017-08-15,JPM,73.0321350097656
2017-08-16,JPM,72.5280609130859
2017-08-17,JPM,71.3939514160156
2017-08-18,JPM,71.4648132324219
2017-08-21,JPM,71.3782043457031
2017-08-22,JPM,72.1106338500977
2017-08-23,JPM,72.1973190307617
2017-08-24,JPM,72.0791397094727
2017-08-25,JPM,72.3705596923828
2017-08-28,JPM,72.1421356201172
2017-08-29,JPM,71.7483520507813
2017-08-30,JPM,71.9137725830078
2017-08-31,JPM,71.5829696655273
2017-09-01,JPM,72.2209167480469
2017-09-05,JPM,70.4961318969727
2017-09-06,JPM,70.9686737060547
2017-09-07,JPM,69.7243041992188
2017-09-08,JPM,69.6376571655273
2017-09-11,JPM,70.7166366577148
2017-09-12,JPM,71.5829696655273
2017-09-13,JPM,71.7877578735352
2017-09-14,JPM,71.6459732055664
2017-09-15,JPM,72.1578979492188
2017-09-18,JPM,73.1817398071289
2017-09-19,JPM,73.9850921630859
2017-09-20,JPM,74.5048828125
2017-09-21,JPM,74.8435440063477
2017-09-22,JPM,74.6860275268555
2017-09-25,JPM,74.1268615722656
2017-09-26,JPM,73.7960662841797
2017-09-27,JPM,74.9616851806641
2017-09-28,JPM,75.1191940307617
2017-09-29,JPM,75.2215728759766
2017-10-02,JPM,76.2690582275391
2017-10-03,JPM,76.6707305908203
2017-10-04,JPM,75.8910217285156
2017-10-05,JPM,76.9129486083984
2017-10-06,JPM,76.7782592773438
2017-10-09,JPM,76.3742523193359
2017-10-10,JPM,76.9446029663086
2017-10-11,JPM,76.7148818969727
2017-10-12,JPM,76.0415496826172
2017-10-13,JPM,75.9385604858398
2017-10-16,JPM,77.5070648193359
2017-10-17,JPM,77.3327865600586
2017-10-18,JPM,77.6259002685547
2017-10-19,JPM,77.7209625244141
2017-10-20,JPM,78.8300247192383
2017-10-23,JPM,78.6953201293945
2017-10-24,JPM,79.9469833374023
2017-10-25,JPM,80.0261993408203
2017-10-26,JPM,80.5965805053711
2017-10-27,JPM,80.6203308105469
2017-10-30,JPM,80.3351593017578
2017-10-31,JPM,79.701416015625
2017-11-01,JPM,79.9469833374023
2017-11-02,JPM,80.4777603149414
2017-11-03,JPM,80.3351593017578
2017-11-06,JPM,79.8360900878906
2017-11-07,JPM,78.2279663085938
2017-11-08,JPM,77.3486480712891
2017-11-09,JPM,77.3407135009766
2017-11-10,JPM,77.2456436157227
2017-11-13,JPM,77.5229034423828
2017-11-14,JPM,77.0555267333984
2017-11-15,JPM,77.7843246459961
2017-11-16,JPM,78.0061340332031
2017-11-17,JPM,77.7447128295898
2017-11-20,JPM,78.4339141845703
2017-11-21,JPM,78.3705520629883
2017-11-22,JPM,78.1408081054688
2017-11-24,JPM,77.887321472168
2017-11-27,JPM,77.5783767700195
2017-11-28,JPM,80.295524597168
2017-11-29,JPM,82.1730270385742
2017-11-30,JPM,82.7988357543945
2017-12-01,JPM,83.0127334594727
2017-12-04,JPM,84.7238540649414
2017-12-05,JPM,83.7494812011719
2017-12-06,JPM,83.1236419677734
2017-12-07,JPM,82.8780670166016
2017-12-08,JPM,83.9158096313477
2017-12-11,JPM,83.6702575683594
2017-12-12,JPM,84.6446228027344
2017-12-13,JPM,83.5830993652344
2017-12-14,JPM,82.9097442626953
2017-12-15,JPM,84.0821685791016
2017-12-18,JPM,84.7317428588867
2017-12-19,JPM,84.3752975463867
2017-12-20,JPM,84.0821685791016
2017-12-21,JPM,85.4209747314453
2017-12-22,JPM,85.1199417114258
2017-12-26,JPM,84.7792816162109
2017-12-27,JPM,84.9377288818359
2017-12-28,JPM,85.3892669677734
2017-12-29,JPM,84.7159271240234
2018-01-02,JPM,85.5160369873047
2018-01-03,JPM,85.6031723022461
2018-01-04,JPM,86.8294677734375
2018-01-05,JPM,86.2720794677734
2018-01-08,JPM,86.3994903564453
2018-01-09,JPM,86.8374328613281
2018-01-10,JPM,87.7930145263672
2018-01-11,JPM,88.2628555297852
2018-01-12,JPM,89.7200775146484
2018-01-16,JPM,89.4015426635742
2018-01-17,JPM,89.9749298095703
2018-01-18,JPM,90.1899032592773
2018-01-19,JPM,89.9908294677734
2018-01-22,JPM,91.0419692993164
2018-01-23,JPM,90.9463958740234
2018-01-24,JPM,92.1090316772461
2018-01-25,JPM,92.1328964233398
2018-01-26,JPM,92.6266174316406
2018-01-29,JPM,92.5310363769531
2018-01-30,JPM,91.6630630493164
2018-01-31,JPM,92.1090316772461
2018-02-01,JPM,93.0645904541016
2018-02-02,JPM,91.0021438598633
2018-02-05,JPM,86.6383819580078
2018-02-06,JPM,89.2741622924805
2018-02-07,JPM,89.8793487548828
2018-02-08,JPM,85.9057693481445
2018-02-09,JPM,87.6258087158203
2018-02-12,JPM,88.9795074462891
2018-02-13,JPM,89.5289840698242
2018-02-14,JPM,91.5993957519531
2018-02-15,JPM,91.9815826416016
2018-02-16,JPM,91.3206787109375
2018-02-20,JPM,91.3445205688477
2018-02-21,JPM,91.7267837524414
2018-02-22,JPM,91.5595550537109
2018-02-23,JPM,93.4149703979492
2018-02-26,JPM,94.5775756835938
2018-02-27,JPM,93.4548034667969
2018-02-28,JPM,91.9736633300781
2018-03-01,JPM,90.3252792358398
2018-03-02,JPM,90.2377014160156
2018-03-05,JPM,91.6232681274414
2018-03-06,JPM,91.702880859375
2018-03-07,JPM,91.360481262207
2018-03-08,JPM,91.3684463500977
2018-03-09,JPM,93.9962615966797
2018-03-12,JPM,93.6936645507813
2018-03-13,JPM,92.5708770751953
2018-03-14,JPM,91.5356674194336
2018-03-15,JPM,91.7665863037109
2018-03-16,JPM,91.9258575439453
2018-03-19,JPM,91.2012481689453
2018-03-20,JPM,91.288818359375
2018-03-21,JPM,91.3684463500977
2018-03-22,JPM,87.5541305541992
2018-03-23,JPM,85.2129821777344
2018-03-26,JPM,87.8407897949219
2018-03-27,JPM,86.1366806030273
2018-03-28,JPM,86.001335144043
2018-03-29,JPM,87.5700607299805
2018-04-02,JPM,85.8818664550781
2018-04-03,JPM,87.0604248046875
2018-04-04,JPM,88.3822784423828
2018-04-05,JPM,89.5428009033203
2018-04-06,JPM,87.309814453125
2018-04-09,JPM,88.358268737793
2018-04-10,JPM,90.0470275878906
2018-04-11,JPM,88.5343627929688
2018-04-12,JPM,90.7353134155273
2018-04-13,JPM,88.2782135009766
2018-04-16,JPM,88.2061996459961
2018-04-17,JPM,88.2061996459961
2018-04-18,JPM,87.4939117431641
2018-04-19,JPM,89.4147262573242
2018-04-20,JPM,89.2146682739258
2018-04-23,JPM,88.7824554443359
2018-04-24,JPM,88.3662948608398
2018-04-25,JPM,88.0301361083984
2018-04-26,JPM,88.1181640625
2018-04-27,JPM,87.5579299926758
2018-04-30,JPM,87.0617141723633
2018-05-01,JPM,87.0617141723633
2018-05-02,JPM,86.3734359741211
2018-05-03,JPM,85.8291854858398
2018-05-04,JPM,86.7816009521484
2018-05-07,JPM,87.5339279174805
2018-05-08,JPM,88.8304748535156
2018-05-09,JPM,90.7673110961914
2018-05-10,JPM,91.4716186523438
2018-05-11,JPM,91.1274795532227
2018-05-14,JPM,91.1595001220703
2018-05-15,JPM,90.4631652832031
2018-05-16,JPM,90.711311340332
2018-05-17,JPM,90.4071655273438
2018-05-18,JPM,88.9425354003906
2018-05-21,JPM,89.7588958740234
2018-05-22,JPM,90.4471817016602
2018-05-23,JPM,90.0309829711914
2018-05-24,JPM,89.0225601196289
2018-05-25,JPM,88.5663986206055
2018-05-29,JPM,84.7807159423828
2018-05-30,JPM,86.7175598144531
2018-05-31,JPM,85.6451034545898
2018-06-01,JPM,86.7575912475586
2018-06-04,JPM,86.7975997924805
2018-06-05,JPM,86.3093643188477
2018-06-06,JPM,88.3262710571289
2018-06-07,JPM,88.6784210205078
2018-06-08,JPM,88.9265213012695
2018-06-11,JPM,88.7024459838867
2018-06-12,JPM,88.1902084350586
2018-06-13,JPM,88.0141296386719
2018-06-14,JPM,86.4614486694336
2018-06-15,JPM,86.3573913574219
2018-06-18,JPM,86.5815124511719
2018-06-19,JPM,86.0773010253906
2018-06-20,JPM,86.0692749023438
2018-06-21,JPM,86.0452651977539
2018-06-22,JPM,84.6366500854492
2018-06-25,JPM,83.8683319091797
2018-06-26,JPM,83.9243469238281
2018-06-27,JPM,82.6278076171875
2018-06-28,JPM,83.9803848266602
2018-06-29,JPM,83.3961334228516
2018-07-02,JPM,84.1004257202148
2018-07-03,JPM,82.9239044189453
2018-07-05,JPM,83.4630584716797
2018-07-06,JPM,83.7366561889648
2018-07-09,JPM,86.3277587890625
2018-07-10,JPM,85.7966995239258
2018-07-11,JPM,85.6116180419922
2018-07-12,JPM,85.9817657470703
2018-07-13,JPM,85.5874633789063
2018-07-16,JPM,88.983268737793
2018-07-17,JPM,88.9188842773438
2018-07-18,JPM,89.7477340698242
2018-07-19,JPM,88.4280395507813
2018-07-20,JPM,89.5465621948242
2018-07-23,JPM,91.2123031616211
2018-07-24,JPM,91.8560333251953
2018-07-25,JPM,92.6848831176758
2018-07-26,JPM,92.4193420410156
2018-07-27,JPM,93.3688812255859
2018-07-30,JPM,93.9321517944336
2018-07-31,JPM,92.4997940063477
2018-08-01,JPM,93.0711517333984
2018-08-02,JPM,93.4654541015625
2018-08-03,JPM,94.2218551635742
2018-08-06,JPM,94.2460098266602
2018-08-07,JPM,94.5919952392578
2018-08-08,JPM,94.7851333618164
2018-08-09,JPM,94.0528869628906
2018-08-10,JPM,93.1274719238281
2018-08-13,JPM,91.6468124389648
2018-08-14,JPM,92.2584228515625
2018-08-15,JPM,91.4939346313477
2018-08-16,JPM,92.3549575805664
2018-08-17,JPM,92.3549575805664
2018-08-20,JPM,92.234245300293
2018-08-21,JPM,92.7975311279297
2018-08-22,JPM,92.5158920288086
2018-08-23,JPM,92.3227767944336
2018-08-24,JPM,92.2825469970703
2018-08-27,JPM,93.9160614013672
2018-08-28,JPM,93.457405090332
2018-08-29,JPM,93.1516036987305
2018-08-30,JPM,92.6929244995117
2018-08-31,JPM,92.2020797729492
2018-09-04,JPM,92.6607208251953
2018-09-05,JPM,92.2101211547852
2018-09-06,JPM,91.8158111572266
2018-09-07,JPM,91.9928512573242
2018-09-10,JPM,91.5019912719727
2018-09-11,JPM,92.0813674926758
2018-09-12,JPM,90.9950332641602
2018-09-13,JPM,91.3490905761719
2018-09-14,JPM,91.3330001831055
2018-09-17,JPM,91.6065902709961
2018-09-18,JPM,91.9767456054688
2018-09-19,JPM,94.6483764648438
2018-09-20,JPM,95.4610748291016
2018-09-21,JPM,94.8334197998047
2018-09-24,JPM,93.9241180419922
2018-09-25,JPM,93.658561706543
2018-09-26,JPM,92.5561447143555
2018-09-27,JPM,92.1537780761719
2018-09-28,JPM,90.8018951416016
2018-10-01,JPM,91.3330001831055
2018-10-02,JPM,91.7112274169922
2018-10-03,JPM,92.5722351074219
2018-10-04,JPM,93.4068374633789
2018-10-05,JPM,92.8801498413086
2018-10-08,JPM,93.447395324707
2018-10-09,JPM,92.7991027832031
2018-10-10,JPM,90.3276214599609
2018-10-11,JPM,87.6211242675781
2018-10-12,JPM,86.664909362793
2018-10-15,JPM,86.1705780029297
2018-10-16,JPM,88.0181579589844
2018-10-17,JPM,88.9986724853516
2018-10-18,JPM,87.5886611938477
2018-10-19,JPM,87.4428405761719
2018-10-22,JPM,86.1868209838867
2018-10-23,JPM,85.2873458862305
2018-10-24,JPM,83.6990966796875
2018-10-25,JPM,84.971321105957
2018-10-26,JPM,83.8044586181641
2018-10-29,JPM,84.9632263183594
2018-10-30,JPM,86.4623107910156
2018-10-31,JPM,88.3423004150391
2018-11-01,JPM,88.3098831176758
2018-11-02,JPM,87.8236770629883
2018-11-05,JPM,88.3990249633789
2018-11-06,JPM,88.8122940063477
2018-11-07,JPM,90.3357238769531
2018-11-08,JPM,91.0650024414063
2018-11-09,JPM,90.1817626953125
2018-11-12,JPM,88.2855682373047
2018-11-13,JPM,88.8041839599609
2018-11-14,JPM,86.9728317260742
2018-11-15,JPM,89.1931533813477
2018-11-16,JPM,89.1283187866211
2018-11-19,JPM,89.8090057373047
2018-11-20,JPM,87.8803939819336
2018-11-21,JPM,87.2240524291992
2018-11-23,JPM,86.4218063354492
2018-11-26,JPM,88.5367660522461
2018-11-27,JPM,88.9095306396484
2018-11-28,JPM,89.8981399536133
2018-11-29,JPM,89.1850204467773
2018-11-30,JPM,90.100715637207
2018-12-03,JPM,90.9515533447266
2018-12-04,JPM,86.8918075561523
2018-12-06,JPM,85.2387390136719
2018-12-07,JPM,83.6990966796875
2018-12-10,JPM,82.135139465332
2018-12-11,JPM,81.3329391479492
2018-12-12,JPM,81.8596343994141
2018-12-13,JPM,81.9406814575195
2018-12-14,JPM,81.2680969238281
2018-12-17,JPM,80.2308883666992
2018-12-18,JPM,79.8500213623047
2018-12-19,JPM,78.8371353149414
2018-12-20,JPM,78.1564331054688
2018-12-21,JPM,76.3088760375977
2018-12-24,JPM,74.6638870239258
2018-12-26,JPM,77.7593765258789
2018-12-27,JPM,78.6345367431641
2018-12-28,JPM,78.4643478393555
2018-12-31,JPM,79.1045074462891
2019-01-02,JPM,80.4739761352539
2019-01-03,JPM,79.3303070068359
2019-01-04,JPM,82.2548446655273
2019-01-07,JPM,82.3120422363281
2019-01-08,JPM,82.1568222045898
2019-01-09,JPM,82.0179443359375
2019-01-10,JPM,82.0097885131836
2019-01-11,JPM,81.6176681518555
2019-01-14,JPM,82.4591064453125
2019-01-15,JPM,83.0635833740234
2019-01-16,JPM,83.7334442138672
2019-01-17,JPM,84.0765686035156
2019-01-18,JPM,85.440788269043
2019-01-22,JPM,84.0929260253906
2019-01-23,JPM,83.880500793457
2019-01-24,JPM,83.9295120239258
2019-01-25,JPM,84.4604949951172
2019-01-28,JPM,84.8608016967773
2019-01-29,JPM,85.0976791381836
2019-01-30,JPM,85.2937774658203
2019-01-31,JPM,84.5503768920898
2019-02-01,JPM,84.8608016967773
2019-02-04,JPM,85.1630554199219
2019-02-05,JPM,84.7872772216797
2019-02-06,JPM,84.7464218139648
2019-02-07,JPM,83.6354522705078
2019-02-08,JPM,82.8021697998047
2019-02-11,JPM,82.4100646972656
2019-02-12,JPM,83.8151473999023
2019-02-13,JPM,84.215446472168
2019-02-14,JPM,83.6681137084961
2019-02-15,JPM,86.2250442504883
2019-02-19,JPM,85.9227828979492
2019-02-20,JPM,86.3394088745117
2019-02-21,JPM,86.1596908569336
2019-02-22,JPM,85.7757339477539
2019-02-25,JPM,86.6743392944336
2019-02-26,JPM,86.0126342773438
2019-02-27,JPM,85.9064636230469
2019-02-28,JPM,85.2529067993164
2019-03-01,JPM,85.3100967407227
2019-03-04,JPM,85.1140441894531
2019-03-05,JPM,85.0486907958984
2019-03-06,JPM,84.7300720214844
2019-03-07,JPM,84.1174087524414
2019-03-08,JPM,84.1500930786133
2019-03-11,JPM,85.244743347168
2019-03-12,JPM,84.9914932250977
2019-03-13,JPM,85.2774047851563
2019-03-14,JPM,86.0534820556641
2019-03-15,JPM,87.0419387817383
2019-03-18,JPM,87.5647888183594
2019-03-19,JPM,87.2461700439453
2019-03-20,JPM,85.3836288452148
2019-03-21,JPM,84.0357360839844
2019-03-22,JPM,81.4951324462891
2019-03-25,JPM,80.8170928955078
2019-03-26,JPM,81.6258392333984
2019-03-27,JPM,81.3480529785156
2019-03-28,JPM,82.2711944580078
2019-03-29,JPM,82.6959838867188
2019-04-01,JPM,85.4816360473633
2019-04-02,JPM,85.8901138305664
2019-04-03,JPM,86.0616607666016
2019-04-04,JPM,86.8930435180664
2019-04-05,JPM,86.6872634887695
2019-04-08,JPM,86.9671630859375
2019-04-09,JPM,86.325080871582
2019-04-10,JPM,86.7119522094727
2019-04-11,JPM,87.4445877075195
2019-04-12,JPM,91.5439071655273
2019-04-15,JPM,90.4985046386719
2019-04-16,JPM,91.4533920288086
2019-04-17,JPM,94.0874938964844
2019-04-18,JPM,93.3960494995117
2019-04-22,JPM,93.5112915039063
2019-04-23,JPM,93.6265258789063
2019-04-24,JPM,93.4701080322266
2019-04-25,JPM,93.5195159912109
2019-04-26,JPM,94.227424621582
2019-04-29,JPM,95.5856475830078
2019-04-30,JPM,95.5280456542969
2019-05-01,JPM,94.7953948974609
2019-05-02,JPM,95.0011978149414
2019-05-03,JPM,95.5856475830078
2019-05-06,JPM,94.7378005981445
2019-05-07,JPM,93.1902389526367
2019-05-08,JPM,92.6963348388672
2019-05-09,JPM,92.6222534179688
2019-05-10,JPM,92.6140518188477
2019-05-13,JPM,90.0951461791992
2019-05-14,JPM,90.8112945556641
2019-05-15,JPM,90.465576171875
2019-05-16,JPM,91.6262512207031
2019-05-17,JPM,91.1817398071289
2019-05-20,JPM,91.6591796875
2019-05-21,JPM,91.9719696044922
2019-05-22,JPM,91.2228775024414
2019-05-23,JPM,89.4284210205078
2019-05-24,JPM,90.3091812133789
2019-05-28,JPM,89.3296127319336
2019-05-29,JPM,89.0826644897461
2019-05-30,JPM,88.1277847290039
2019-05-31,JPM,87.2223205566406
2019-06-03,JPM,87.633903503418
2019-06-04,JPM,90.3338775634766
2019-06-05,JPM,90.6548919677734
2019-06-06,JPM,90.8524703979492
2019-06-07,JPM,89.8564529418945
2019-06-10,JPM,90.8277740478516
2019-06-11,JPM,91.1076278686523
2019-06-12,JPM,89.9469909667969
2019-06-13,JPM,90.1692352294922
2019-06-14,JPM,90.3997344970703
2019-06-17,JPM,89.9058303833008
2019-06-18,JPM,91.1323394775391
2019-06-19,JPM,90.4738006591797
2019-06-20,JPM,90.7043075561523
2019-06-21,JPM,90.0869140625
2019-06-24,JPM,89.4448394775391
2019-06-25,JPM,88.7040176391602
2019-06-26,JPM,89.2966995239258
2019-06-27,JPM,89.593017578125
2019-06-28,JPM,92.0295867919922
2019-07-01,JPM,93.5771179199219
2019-07-02,JPM,93.675910949707
2019-07-03,JPM,93.5267105102539
2019-07-05,JPM,94.0821151733398
2019-07-08,JPM,93.5681304931641
2019-07-09,JPM,93.966064453125
2019-07-10,JPM,93.6924896240234
2019-07-11,JPM,94.5877914428711
2019-07-12,JPM,95.5825881958008
2019-07-15,JPM,94.4220123291016
2019-07-16,JPM,95.4334030151367
2019-07-17,JPM,94.4966125488281
2019-07-18,JPM,95.0603103637695
2019-07-19,JPM,94.1235809326172
2019-07-22,JPM,94.7287292480469
2019-07-23,JPM,96.4613342285156
2019-07-24,JPM,96.8509292602539
2019-07-25,JPM,95.9224624633789
2019-07-26,JPM,96.3452606201172
2019-07-29,JPM,96.0385437011719
2019-07-30,JPM,95.8230056762695
2019-07-31,JPM,96.1628875732422
2019-08-01,JPM,93.6261825561523
2019-08-02,JPM,93.6178894042969
2019-08-05,JPM,90.8324813842773
2019-08-06,JPM,91.54541015625
2019-08-07,JPM,89.5558166503906
2019-08-08,JPM,91.0728759765625
2019-08-09,JPM,90.9734039306641
2019-08-12,JPM,89.2657089233398
2019-08-13,JPM,90.6418304443359
2019-08-14,JPM,86.8781890869141
2019-08-15,JPM,87.2097702026367
2019-08-16,JPM,89.2988662719727
2019-08-19,JPM,90.1029815673828
2019-08-20,JPM,88.9589614868164
2019-08-21,JPM,89.2076797485352
2019-08-22,JPM,90.1278457641602
2019-08-23,JPM,87.8895721435547
2019-08-26,JPM,88.5942153930664
2019-08-27,JPM,87.6574478149414
2019-08-28,JPM,88.5361785888672
2019-08-29,JPM,90.5423278808594
2019-08-30,JPM,91.0728759765625
2019-09-03,JPM,89.9952011108398
2019-09-04,JPM,91.0811767578125
2019-09-05,JPM,93.1536560058594
2019-09-06,JPM,93.3526153564453
2019-09-09,JPM,95.6654815673828
2019-09-10,JPM,96.8841247558594
2019-09-11,JPM,97.1493988037109
2019-09-12,JPM,97.7462768554688
2019-09-13,JPM,99.6695251464844
2019-09-16,JPM,98.7825012207031
2019-09-17,JPM,98.2933959960938
2019-09-18,JPM,99.2798919677734
2019-09-19,JPM,98.9648590087891
2019-09-20,JPM,98.5669555664063
2019-09-23,JPM,98.5503616333008
2019-09-24,JPM,97.2654418945313
2019-09-25,JPM,97.8208694458008
2019-09-26,JPM,97.0167541503906
2019-09-27,JPM,97.588752746582
2019-09-30,JPM,97.5638885498047
2019-10-01,JPM,95.7898406982422
2019-10-02,JPM,93.883171081543
2019-10-03,JPM,93.7494659423828
2019-10-04,JPM,95.780029296875
2019-10-07,JPM,95.5711288452148
2019-10-08,JPM,93.4402542114258
2019-10-09,JPM,94.1171340942383
2019-10-10,JPM,95.4374465942383
2019-10-11,JPM,97.0502166748047
2019-10-14,JPM,97.3092422485352
2019-10-15,JPM,100.242301940918
2019-10-16,JPM,100.008346557617
2019-10-17,JPM,100.568199157715
2019-10-18,JPM,100.743698120117
2019-10-21,JPM,103.242225646973
2019-10-22,JPM,104.278411865234
2019-10-23,JPM,104.554183959961
2019-10-24,JPM,104.478981018066
2019-10-25,JPM,105.314605712891
2019-10-28,JPM,105.715721130371
2019-10-29,JPM,105.64884185791
2019-10-30,JPM,105.063911437988
2019-10-31,JPM,104.387031555176
2019-11-01,JPM,106.793663024902
2019-11-04,JPM,107.646026611328
2019-11-05,JPM,107.879989624023
2019-11-06,JPM,108.04712677002
2019-11-07,JPM,108.632057189941
2019-11-08,JPM,108.949607849121
2019-11-11,JPM,108.56519317627
2019-11-12,JPM,107.930122375488
2019-11-13,JPM,107.361885070801
2019-11-14,JPM,107.462188720703
2019-11-15,JPM,108.239311218262
2019-11-18,JPM,109.150123596191
2019-11-19,JPM,109.116729736328
2019-11-20,JPM,108.322883605957
2019-11-21,JPM,108.573554992676
2019-11-22,JPM,109.292182922363
2019-11-25,JPM,109.877166748047
2019-11-26,JPM,110.027572631836
2019-11-27,JPM,110.353454589844
2019-11-29,JPM,110.102760314941
2019-12-02,JPM,109.860420227051
2019-12-03,JPM,108.448204040527
2019-12-04,JPM,110.587432861328
2019-12-05,JPM,111.189079284668
2019-12-06,JPM,112.843627929688
2019-12-09,JPM,112.317176818848
2019-12-10,JPM,112.392387390137
2019-12-11,JPM,112.124977111816
2019-12-12,JPM,115.33381652832
2019-12-13,JPM,114.322700500488
2019-12-16,JPM,114.765586853027
2019-12-17,JPM,115.467514038086
2019-12-18,JPM,115.350524902344
2019-12-19,JPM,114.773948669434
2019-12-20,JPM,114.68204498291
2019-12-23,JPM,114.64860534668
2019-12-24,JPM,114.96614074707
2019-12-26,JPM,116.186164855957
2019-12-27,JPM,116.269737243652
2019-12-30,JPM,115.843559265137
2019-12-31,JPM,116.486999511719
2020-01-02,JPM,117.899215698242
2020-01-03,JPM,116.343338012695
2020-01-06,JPM,116.250854492188
2020-01-07,JPM,114.274520874023
2020-01-08,JPM,115.165969848633
2020-01-09,JPM,115.586486816406
2020-01-10,JPM,114.434310913086
2020-01-13,JPM,115.384635925293
2020-01-14,JPM,116.730247497559
2020-01-15,JPM,114.980941772461
2020-01-16,JPM,115.426666259766
2020-01-17,JPM,116.225631713867
2020-01-21,JPM,115.081871032715
2020-01-22,JPM,114.947296142578
2020-01-23,JPM,114.829566955566
2020-01-24,JPM,111.978584289551
2020-01-27,JPM,111.036674499512
2020-01-28,JPM,113.055068969727
2020-01-29,JPM,112.886848449707
2020-01-30,JPM,114.282928466797
2020-01-31,JPM,111.314208984375
2020-02-03,JPM,112.163619995117
2020-02-04,JPM,113.778305053711
2020-02-05,JPM,115.712615966797
2020-02-06,JPM,115.729431152344
2020-02-07,JPM,115.359420776367
2020-02-10,JPM,115.838775634766
2020-02-11,JPM,116.057418823242
2020-02-12,JPM,116.057418823242
2020-02-13,JPM,115.956489562988
2020-02-14,JPM,115.603286743164
2020-02-18,JPM,114.072692871094
2020-02-19,JPM,115.628547668457
2020-02-20,JPM,115.628547668457
2020-02-21,JPM,114.215660095215
2020-02-24,JPM,111.146011352539
2020-02-25,JPM,106.184127807617
2020-02-26,JPM,106.503707885742
2020-02-27,JPM,102.071662902832
2020-02-28,JPM,97.6480331420898
2020-03-02,JPM,102.197807312012
2020-03-03,JPM,98.3628845214844
2020-03-04,JPM,100.793350219727
2020-03-05,JPM,95.8482894897461
2020-03-06,JPM,90.8948516845703
2020-03-09,JPM,78.582633972168
2020-03-10,JPM,84.6882553100586
2020-03-11,JPM,80.7019653320313
2020-03-12,JPM,74.0496673583984
2020-03-13,JPM,87.3878936767578
2020-03-16,JPM,74.3103942871094
2020-03-17,JPM,78.8517684936523
2020-03-18,JPM,70.5511322021484
2020-03-19,JPM,71.7369384765625
2020-03-20,JPM,70.22314453125
2020-03-23,JPM,66.4638977050781
2020-03-24,JPM,74.3692474365234
2020-03-25,JPM,77.1445465087891
2020-03-26,JPM,82.5185165405273
2020-03-27,JPM,76.6399536132813
2020-03-30,JPM,78.6331176757813
2020-03-31,JPM,75.7148513793945
2020-04-01,JPM,70.946403503418
2020-04-02,JPM,73.5955429077148
2020-04-03,JPM,71.4202194213867
2020-04-06,JPM,76.0172805786133
2020-04-07,JPM,77.0199661254883
2020-04-08,JPM,80.1300048828125
2020-04-09,JPM,87.3187713623047
2020-04-13,JPM,83.4354705810547
2020-04-14,JPM,81.1496887207031
2020-04-15,JPM,77.1474304199219
2020-04-16,JPM,74.2073516845703
2020-04-17,JPM,80.8777923583984
2020-04-20,JPM,77.9291839599609
2020-04-21,JPM,75.6688842773438
2020-04-22,JPM,75.9153213500977
2020-04-23,JPM,75.9578094482422
2020-04-24,JPM,77.0794448852539
2020-04-27,JPM,80.4019088745117
2020-04-28,JPM,80.9712371826172
2020-04-29,JPM,83.1550598144531
2020-04-30,JPM,81.3706130981445
2020-05-01,JPM,79.2377777099609
2020-05-04,JPM,78.294563293457
2020-05-05,JPM,78.1756134033203
2020-05-06,JPM,76.70556640625
2020-05-07,JPM,77.5043106079102
2020-05-08,JPM,78.7704315185547
2020-05-11,JPM,76.4506378173828
2020-05-12,JPM,73.9524307250977
2020-05-13,JPM,71.4032287597656
2020-05-14,JPM,74.3688049316406
2020-05-15,JPM,72.9922409057617
2020-05-18,JPM,76.858528137207
2020-05-19,JPM,75.3460235595703
2020-05-20,JPM,77.6062774658203
2020-05-21,JPM,76.62060546875
2020-05-22,JPM,76.0257949829102
2020-05-26,JPM,81.4215927124023
2020-05-27,JPM,86.1376571655273
2020-05-28,JPM,84.8545227050781
2020-05-29,JPM,82.6877059936523
2020-06-01,JPM,83.7838821411133
2020-06-02,JPM,84.0642623901367
2020-06-03,JPM,88.6018524169922
2020-06-04,JPM,90.44580078125
2020-06-05,JPM,94.5159912109375
2020-06-08,JPM,96.4024200439453
2020-06-09,JPM,93.9297180175781
2020-06-10,JPM,90.1228790283203
2020-06-11,JPM,82.6027374267578
2020-06-12,JPM,84.8630142211914
2020-06-15,JPM,86.03564453125
2020-06-16,JPM,86.7239227294922
2020-06-17,JPM,84.5316390991211
2020-06-18,JPM,84.0727767944336
2020-06-19,JPM,83.1125640869141
2020-06-22,JPM,82.2118530273438
2020-06-23,JPM,83.2145462036133
2020-06-24,JPM,80.4359130859375
2020-06-25,JPM,83.2400360107422
2020-06-26,JPM,78.6769561767578
2020-06-29,JPM,79.0253448486328
2020-06-30,JPM,79.9260559082031
2020-07-01,JPM,79.2462692260742
2020-07-02,JPM,79.5036849975586
2020-07-06,JPM,81.5114440917969
2020-07-07,JPM,79.2119598388672
2020-07-08,JPM,80.0528259277344
2020-07-09,JPM,78.3196334838867
2020-07-10,JPM,82.6011199951172
2020-07-13,JPM,83.7851715087891
2020-07-14,JPM,84.2656707763672
2020-07-15,JPM,85.5698623657227
2020-07-16,JPM,85.8101043701172
2020-07-17,JPM,84.2227630615234
2020-07-20,JPM,83.4848861694336
2020-07-21,JPM,85.2952880859375
2020-07-22,JPM,84.6775207519531
2020-07-23,JPM,84.9263381958008
2020-07-24,JPM,84.3257369995117
2020-07-27,JPM,83.1416778564453
2020-07-28,JPM,83.5020370483398
2020-07-29,JPM,85.5269622802734
2020-07-30,JPM,83.2446365356445
2020-07-31,JPM,82.918586730957
2020-08-03,JPM,82.4552536010742
2020-08-04,JPM,81.9833450317383
2020-08-05,JPM,83.4076538085938
2020-08-06,JPM,83.4333801269531
2020-08-07,JPM,85.2695541381836
2020-08-10,JPM,86.3506317138672
2020-08-11,JPM,89.0791168212891
2020-08-12,JPM,88.3240966796875
2020-08-13,JPM,87.8350067138672
2020-08-14,JPM,87.8693313598633
2020-08-17,JPM,85.5526733398438
2020-08-18,JPM,84.3600616455078
2020-08-19,JPM,84.5574035644531
2020-08-20,JPM,83.5449371337891
2020-08-21,JPM,83.5020370483398
2020-08-24,JPM,85.8530044555664
2020-08-25,JPM,86.2305374145508
2020-08-26,JPM,85.0207214355469
2020-08-27,JPM,87.8178634643555
2020-08-28,JPM,88.1782302856445
2020-08-31,JPM,85.9645614624023
2020-09-01,JPM,85.921630859375
2020-09-02,JPM,87.2172470092773
2020-09-03,JPM,86.9426956176758
2020-09-04,JPM,88.8217086791992
2020-09-08,JPM,85.7328720092773
2020-09-09,JPM,86.5479965209961
2020-09-10,JPM,85.6556625366211
2020-09-11,JPM,86.7195816040039
2020-09-14,JPM,87.9208221435547
2020-09-15,JPM,85.1837463378906
2020-09-16,JPM,85.5440979003906
2020-09-17,JPM,84.5659866333008
2020-09-18,JPM,84.3857879638672
2020-09-21,JPM,81.7774276733398
2020-09-22,JPM,80.8850936889648
2020-09-23,JPM,79.5723342895508
2020-09-24,JPM,79.5036849975586
2020-09-25,JPM,80.1986541748047
2020-09-28,JPM,82.5067520141602
2020-09-29,JPM,81.8117446899414
2020-09-30,JPM,82.6011199951172
2020-10-01,JPM,83.2017593383789
2020-10-02,JPM,83.9911041259766
2020-10-05,JPM,85.7663803100586
2020-10-06,JPM,84.8830642700195
2020-10-07,JPM,86.3638916015625
2020-10-08,JPM,88.1391448974609
2020-10-09,JPM,87.6368789672852
2020-10-12,JPM,88.7106857299805
2020-10-13,JPM,87.2731552124023
2020-10-14,JPM,86.788215637207
2020-10-15,JPM,88.0872039794922
2020-10-16,JPM,87.9053268432617
2020-10-19,JPM,86.4245071411133
2020-10-20,JPM,86.9181060791016
2020-10-21,JPM,86.0521392822266
2020-10-22,JPM,89.0917205810547
2020-10-23,JPM,89.8970642089844
2020-10-26,JPM,87.6714859008789
2020-10-27,JPM,86.0174942016602
2020-10-28,JPM,83.601432800293
2020-10-29,JPM,84.1469879150391
2020-10-30,JPM,84.9004058837891
2020-11-02,JPM,86.8141937255859
2020-11-03,JPM,89.5506820678711
2020-11-04,JPM,86.8141937255859
2020-11-05,JPM,90.3647003173828
2020-11-06,JPM,89.1609725952148
2020-11-09,JPM,101.232719421387
2020-11-10,JPM,100.903648376465
2020-11-11,JPM,99.3968505859375
2020-11-12,JPM,98.1758270263672
2020-11-13,JPM,98.7906646728516
2020-11-16,JPM,101.5791015625
2020-11-17,JPM,100.548599243164
2020-11-18,JPM,99.803840637207
2020-11-19,JPM,100.072280883789
2020-11-20,JPM,99.214973449707
2020-11-23,JPM,102.072692871094
2020-11-24,JPM,106.792282104492
2020-11-25,JPM,105.675170898438
2020-11-27,JPM,104.973731994629
2020-11-30,JPM,102.081367492676
2020-12-01,JPM,103.692092895508
2020-12-02,JPM,105.68383026123
2020-12-03,JPM,104.99104309082
2020-12-04,JPM,105.943618774414
2020-12-07,JPM,105.545272827148
2020-12-08,JPM,105.649185180664
2020-12-09,JPM,104.826515197754
2020-12-10,JPM,104.151039123535
2020-12-11,JPM,103.536193847656
2020-12-14,JPM,102.445068359375
2020-12-15,JPM,104.194358825684
2020-12-16,JPM,104.497421264648
2020-12-17,JPM,103.631469726563
2020-12-18,JPM,103.120544433594
2020-12-21,JPM,106.99144744873
2020-12-22,JPM,105.363433837891
2020-12-23,JPM,108.307746887207
2020-12-24,JPM,107.831443786621
2020-12-28,JPM,108.541564941406
2020-12-29,JPM,108.255798339844
2020-12-30,JPM,108.558876037598
2020-12-31,JPM,110.039703369141
2021-01-04,JPM,109.000518798828
2021-01-05,JPM,109.593643188477
2021-01-06,JPM,114.739692687988
2021-01-07,JPM,118.507652282715
2021-01-08,JPM,118.638488769531
2021-01-11,JPM,120.409111022949
2021-01-12,JPM,122.301773071289
2021-01-13,JPM,122.415168762207
2021-01-14,JPM,123.130386352539
2021-01-15,JPM,120.923675537109
2021-01-19,JPM,120.400352478027
2021-01-20,JPM,118.594863891602
2021-01-21,JPM,117.600555419922
2021-01-22,JPM,116.693435668945
2021-01-25,JPM,115.236846923828
2021-01-26,JPM,114.76586151123
2021-01-27,JPM,111.521240234375
2021-01-28,JPM,113.483703613281
2021-01-29,JPM,112.227722167969
2021-02-01,JPM,113.056312561035
2021-02-02,JPM,116.53645324707
2021-02-03,JPM,117.87092590332
2021-02-04,JPM,120.583534240723
2021-02-05,JPM,120.347999572754
2021-02-08,JPM,122.231979370117
2021-02-09,JPM,121.74356842041
2021-02-10,JPM,121.813331604004
2021-02-11,JPM,121.473190307617
2021-02-12,JPM,123.200134277344
2021-02-16,JPM,126.16569519043
2021-02-17,JPM,126.558174133301
2021-02-18,JPM,126.985557556152
2021-02-19,JPM,129.105026245117
2021-02-22,JPM,130.317428588867
2021-02-23,JPM,131.364044189453
2021-02-24,JPM,133.67546081543
2021-02-25,JPM,131.861221313477
2021-02-26,JPM,128.363662719727
2021-03-01,JPM,131.268127441406
2021-03-02,JPM,130.840744018555
2021-03-03,JPM,133.370162963867
2021-03-04,JPM,131.320465087891
2021-03-05,JPM,131.625732421875
2021-03-08,JPM,133.370162963867
2021-03-09,JPM,132.428176879883
2021-03-10,JPM,135.306457519531
2021-03-11,JPM,134.600036621094
2021-03-12,JPM,136.196136474609
2021-03-15,JPM,135.515853881836
2021-03-16,JPM,133.893508911133
2021-03-17,JPM,135.271621704102
2021-03-18,JPM,137.504455566406
2021-03-19,JPM,135.315185546875
2021-03-22,JPM,131.678070068359
2021-03-23,JPM,130.361038208008
2021-03-24,JPM,131.372802734375
2021-03-25,JPM,133.056167602539
2021-03-26,JPM,135.271621704102
2021-03-29,JPM,133.169540405273
2021-03-30,JPM,134.73957824707
2021-03-31,JPM,132.777053833008
2021-04-01,JPM,134.067947387695
2021-04-05,JPM,134.778610229492
2021-04-06,JPM,133.8310546875
2021-04-07,JPM,135.92790222168
2021-04-08,JPM,136.094604492188
2021-04-09,JPM,137.112350463867
2021-04-12,JPM,136.822830200195
2021-04-13,JPM,135.190933227539
2021-04-14,JPM,132.664199829102
2021-04-15,JPM,133.506469726563
2021-04-16,JPM,134.497833251953
2021-04-19,JPM,133.927536010742
2021-04-20,JPM,130.962142944336
2021-04-21,JPM,132.076354980469
2021-04-22,JPM,129.295166015625
2021-04-23,JPM,131.769256591797
2021-04-26,JPM,132.093902587891
2021-04-27,JPM,132.699249267578
2021-04-28,JPM,133.559066772461
2021-04-29,JPM,136.156036376953
2021-04-30,JPM,134.945281982422
2021-05-03,JPM,134.550491333008
2021-05-04,JPM,136.410446166992
2021-05-05,JPM,138.200286865234
2021-05-06,JPM,140.981475830078
2021-05-07,JPM,141.464004516602
2021-05-10,JPM,141.44645690918
2021-05-11,JPM,139.095169067383
2021-05-12,JPM,138.13883972168
2021-05-13,JPM,141.692138671875
2021-05-14,JPM,143.894287109375
2021-05-17,JPM,144.473281860352
2021-05-18,JPM,142.437881469727
2021-05-19,JPM,141.349990844727
2021-05-20,JPM,141.104309082031
2021-05-21,JPM,142.709838867188
2021-05-24,JPM,143.481918334961
2021-05-25,JPM,141.99919128418
2021-05-26,JPM,141.98161315918
2021-05-27,JPM,144.192581176758
2021-05-28,JPM,144.096069335938
2021-06-01,JPM,145.684051513672
2021-06-02,JPM,145.692855834961
2021-06-03,JPM,145.789337158203
2021-06-04,JPM,146.026229858398
2021-06-07,JPM,145.341918945313
2021-06-08,JPM,144.76286315918
2021-06-09,JPM,142.955474853516
2021-06-10,JPM,140.727066040039
2021-06-11,JPM,140.630493164063
2021-06-14,JPM,138.244155883789
2021-06-15,JPM,136.14729309082
2021-06-16,JPM,137.103607177734
2021-06-17,JPM,133.146728515625
2021-06-18,JPM,129.777694702148
2021-06-21,JPM,131.979873657227
2021-06-22,JPM,131.786849975586
2021-06-23,JPM,132.585205078125
2021-06-24,JPM,133.804748535156
2021-06-25,JPM,135.155899047852
2021-06-28,JPM,135.40153503418
2021-06-29,JPM,135.234802246094
2021-06-30,JPM,136.463119506836
2021-07-01,JPM,137.814224243164
2021-07-02,JPM,137.681854248047
2021-07-06,JPM,135.369964599609
2021-07-07,JPM,135.528778076172
2021-07-08,JPM,133.1904296875
2021-07-09,JPM,137.452438354492
2021-07-12,JPM,139.420211791992
2021-07-13,JPM,137.346572875977
2021-07-14,JPM,136.878875732422
2021-07-15,JPM,137.17887878418
2021-07-16,JPM,134.046356201172
2021-07-19,JPM,129.687255859375
2021-07-20,JPM,132.105056762695
2021-07-21,JPM,134.884643554688
2021-07-22,JPM,133.181579589844
2021-07-23,JPM,132.925704956055
2021-07-26,JPM,133.816940307617
2021-07-27,JPM,133.640441894531
2021-07-28,JPM,133.861053466797
2021-07-29,JPM,135.008178710938
2021-07-30,JPM,133.931655883789
2021-08-02,JPM,133.393371582031
2021-08-03,JPM,134.911102294922
2021-08-04,JPM,133.455154418945
2021-08-05,JPM,135.140548706055
2021-08-06,JPM,138.978973388672
2021-08-09,JPM,138.829025268555
2021-08-10,JPM,140.532043457031
2021-08-11,JPM,142.208602905273
2021-08-12,JPM,142.764526367188
2021-08-13,JPM,141.167358398438
2021-08-16,JPM,140.240829467773
2021-08-17,JPM,138.546630859375
2021-08-18,JPM,137.284774780273
2021-08-19,JPM,136.137680053711
2021-08-20,JPM,136.525939941406
2021-08-23,JPM,138.273086547852
2021-08-24,JPM,139.129043579102
2021-08-25,JPM,141.996826171875
2021-08-26,JPM,142.729248046875
2021-08-27,JPM,143.876358032227
2021-08-30,JPM,141.573287963867
2021-08-31,JPM,141.140899658203
2021-09-01,JPM,140.937896728516
2021-09-02,JPM,141.590927124023
2021-09-03,JPM,140.734985351563
2021-09-07,JPM,140.487899780273
2021-09-08,JPM,139.861404418945
2021-09-09,JPM,140.470275878906
2021-09-10,JPM,138.855499267578
2021-09-13,JPM,141.0615234375
2021-09-14,JPM,138.599578857422
2021-09-15,JPM,139.561401367188
2021-09-16,JPM,139.499618530273
2021-09-17,JPM,139.137847900391
2021-09-20,JPM,134.972915649414
2021-09-21,JPM,134.990539550781
2021-09-22,JPM,137.575973510742
2021-09-23,JPM,142.226257324219
2021-09-24,JPM,143.867553710938
2021-09-27,JPM,147.344192504883
2021-09-28,JPM,146.550064086914
2021-09-29,JPM,146.435333251953
2021-09-30,JPM,144.441101074219
2021-10-01,JPM,147.476593017578
2021-10-04,JPM,147.317733764648
2021-10-05,JPM,149.723495483398
2021-10-06,JPM,150.043045043945
2021-10-07,JPM,150.992935180664
2021-10-08,JPM,151.108322143555
2021-10-11,JPM,147.930252075195
2021-10-12,JPM,146.793975830078
2021-10-13,JPM,142.92350769043
2021-10-14,JPM,145.116165161133
2021-10-15,JPM,147.903625488281
2021-10-18,JPM,147.850372314453
2021-10-19,JPM,149.643569946289
2021-10-20,JPM,151.658676147461
2021-10-21,JPM,150.469161987305
2021-10-22,JPM,152.493179321289
2021-10-25,JPM,151.747467041016
2021-10-26,JPM,152.155807495117
2021-10-27,JPM,148.986679077148
2021-10-28,JPM,151.232620239258
2021-10-29,JPM,150.815383911133
2021-11-01,JPM,150.735504150391
2021-11-02,JPM,151.330261230469
2021-11-03,JPM,151.383529663086
2021-11-04,JPM,149.395034790039
2021-11-05,JPM,149.18196105957
2021-11-08,JPM,150.078582763672
2021-11-09,JPM,148.942276000977
2021-11-10,JPM,148.800231933594
2021-11-11,JPM,148.791351318359
2021-11-12,JPM,148.125564575195
2021-11-15,JPM,147.859237670898
2021-11-16,JPM,146.793975830078
2021-11-17,JPM,146.003921508789
2021-11-18,JPM,144.743347167969
2021-11-19,JPM,142.852493286133
2021-11-22,JPM,145.897399902344
2021-11-23,JPM,149.386154174805
2021-11-24,JPM,148.214370727539
2021-11-26,JPM,143.749084472656
2021-11-29,JPM,143.127655029297
2021-11-30,JPM,140.997146606445
2021-12-01,JPM,140.162689208984
2021-12-02,JPM,143.109954833984
2021-12-03,JPM,140.517791748047
2021-12-06,JPM,142.177841186523
2021-12-07,JPM,144.317276000977
2021-12-08,JPM,142.666091918945
2021-12-09,JPM,142.444137573242
2021-12-10,JPM,141.875991821289
2021-12-13,JPM,140.189331054688
2021-12-14,JPM,141.263473510742
2021-12-15,JPM,140.207061767578
2021-12-16,JPM,142.399780273438
2021-12-17,JPM,139.159561157227
2021-12-20,JPM,136.656188964844
2021-12-21,JPM,138.564758300781
2021-12-22,JPM,139.106292724609
2021-12-23,JPM,139.603454589844
2021-12-27,JPM,140.402389526367
2021-12-28,JPM,140.828475952148
2021-12-29,JPM,140.757476806641
2021-12-30,JPM,140.686447143555
2021-12-31,JPM,140.571029663086
2022-01-03,JPM,143.544937133789
2022-01-04,JPM,148.986679077148
2022-01-05,JPM,146.262847900391
2022-01-06,JPM,147.816772460938
2022-01-07,JPM,149.281356811523
2022-01-10,JPM,149.424255371094
2022-01-11,JPM,149.576080322266
2022-01-12,JPM,150.424468994141
2022-01-13,JPM,150.236907958984
2022-01-14,JPM,141.002838134766
2022-01-18,JPM,135.090881347656
2022-01-19,JPM,133.001129150391
2022-01-20,JPM,131.867034912109
2022-01-21,JPM,129.562942504883
2022-01-24,JPM,129.446853637695
2022-01-25,JPM,130.857879638672
2022-01-26,JPM,132.099182128906
2022-01-27,JPM,129.768341064453
2022-01-28,JPM,130.929290771484
2022-01-31,JPM,132.706481933594
2022-02-01,JPM,134.98371887207
2022-02-02,JPM,133.903182983398
2022-02-03,JPM,132.795776367188
2022-02-04,JPM,136.242904663086
2022-02-07,JPM,136.698379516602
2022-02-08,JPM,139.270370483398
2022-02-09,JPM,139.850814819336
2022-02-10,JPM,139.270370483398
2022-02-11,JPM,137.457458496094
2022-02-14,JPM,136.180404663086
2022-02-15,JPM,138.171905517578
2022-02-16,JPM,138.421936035156
2022-02-17,JPM,135.233779907227
2022-02-18,JPM,135.86784362793
2022-02-22,JPM,135.626708984375
2022-02-23,JPM,132.786849975586
2022-02-24,JPM,129.089645385742
2022-02-25,JPM,132.143844604492
2022-02-28,JPM,126.633758544922
2022-03-01,JPM,121.855964660645
2022-03-02,JPM,124.383316040039
2022-03-03,JPM,123.499160766602
2022-03-04,JPM,120.025215148926
2022-03-07,JPM,115.390327453613
2022-03-08,JPM,114.57763671875
2022-03-09,JPM,119.167907714844
2022-03-10,JPM,117.756904602051
2022-03-11,JPM,115.104560852051
2022-03-14,JPM,116.24764251709
2022-03-15,JPM,118.310569763184
2022-03-16,JPM,123.597389221191
2022-03-17,JPM,125.160224914551
2022-03-18,JPM,125.115600585938
2022-03-21,JPM,124.713706970215
2022-03-22,JPM,127.36604309082
2022-03-23,JPM,124.829795837402
2022-03-24,JPM,125.642509460449
2022-03-25,JPM,126.740898132324
2022-03-28,JPM,125.80322265625
2022-03-29,JPM,126.080039978027
2022-03-30,JPM,125.508522033691
2022-03-31,JPM,121.739891052246
2022-04-01,JPM,120.837882995605
2022-04-04,JPM,121.373725891113
2022-04-05,JPM,119.96125793457
2022-04-06,JPM,118.296867370605
2022-04-07,JPM,117.937019348145
2022-04-08,JPM,120.096237182617
2022-04-11,JPM,119.655364990234
2022-04-12,JPM,118.341842651367
2022-04-13,JPM,114.527282714844
2022-04-14,JPM,113.465667724609
2022-04-18,JPM,115.57088470459
2022-04-19,JPM,117.963981628418
2022-04-20,JPM,118.377853393555
2022-04-21,JPM,117.460174560547
2022-04-22,JPM,114.086448669434
2022-04-25,JPM,114.050453186035
2022-04-26,JPM,110.676719665527
2022-04-27,JPM,109.237243652344
2022-04-28,JPM,110.96460723877
2022-04-29,JPM,107.383934020996
2022-05-02,JPM,108.364570617676
2022-05-03,JPM,110.685707092285
2022-05-04,JPM,114.347351074219
2022-05-05,JPM,111.486396789551
2022-05-06,JPM,111.30647277832
2022-05-09,JPM,109.633125305176
2022-05-10,JPM,106.961082458496
2022-05-11,JPM,106.286346435547
2022-05-12,JPM,106.196388244629
2022-05-13,JPM,107.141021728516
2022-05-16,JPM,106.394309997559
2022-05-17,JPM,109.921005249023
2022-05-18,JPM,108.040687561035
2022-05-19,JPM,106.439300537109
2022-05-20,JPM,105.566604614258
2022-05-23,JPM,112.098190307617
2022-05-24,JPM,113.681602478027
2022-05-25,JPM,114.473289489746
2022-05-26,JPM,116.452575683594
2022-05-27,JPM,118.098968505859
2022-05-31,JPM,118.962631225586
2022-06-01,JPM,116.875396728516
2022-06-02,JPM,118.755699157715
2022-06-03,JPM,117.100326538086
2022-06-06,JPM,116.71346282959
2022-06-07,JPM,117.019355773926
2022-06-08,JPM,115.157051086426
2022-06-09,JPM,112.736938476563
2022-06-10,JPM,107.554885864258
2022-06-13,JPM,104.352073669434
2022-06-14,JPM,102.61572265625
2022-06-15,JPM,103.830261230469
2022-06-16,JPM,102.048934936523
2022-06-17,JPM,101.689071655273
2022-06-21,JPM,104.208129882813
2022-06-22,JPM,103.623336791992
2022-06-23,JPM,102.489784240723
2022-06-24,JPM,105.548629760742
2022-06-27,JPM,104.702949523926
2022-06-28,JPM,104.199111938477
2022-06-29,JPM,103.731300354004
2022-06-30,JPM,101.311218261719
2022-07-01,JPM,102.606735229492
2022-07-05,JPM,102.216461181641
2022-07-06,JPM,101.55387878418
2022-07-07,JPM,104.122451782227
2022-07-08,JPM,103.795715332031
2022-07-11,JPM,102.434288024902
2022-07-12,JPM,102.534118652344
2022-07-13,JPM,101.572044372559
2022-07-14,JPM,98.0232391357422
2022-07-15,JPM,102.515960693359
2022-07-18,JPM,101.463134765625
2022-07-19,JPM,103.977233886719
2022-07-20,JPM,103.959075927734
2022-07-21,JPM,104.667022705078
2022-07-22,JPM,104.158760070801
2022-07-25,JPM,104.576278686523
2022-07-26,JPM,102.942535400391
2022-07-27,JPM,104.594413757324
2022-07-28,JPM,104.204116821289
2022-07-29,JPM,104.703338623047
2022-08-01,JPM,103.659591674805
2022-08-02,JPM,102.043983459473
2022-08-03,JPM,103.114990234375
2022-08-04,JPM,101.980461120605
2022-08-05,JPM,105.066398620605
2022-08-08,JPM,103.786651611328
2022-08-09,JPM,104.721488952637
2022-08-10,JPM,107.453430175781
2022-08-11,JPM,109.04175567627
2022-08-12,JPM,110.847930908203
2022-08-15,JPM,111.147438049316
2022-08-16,JPM,112.209373474121
2022-08-17,JPM,111.265441894531
2022-08-18,JPM,110.403198242188
2022-08-19,JPM,107.671249389648
2022-08-22,JPM,105.892333984375
2022-08-23,JPM,104.848556518555
2022-08-24,JPM,105.102699279785
2022-08-25,JPM,107.598655700684
2022-08-26,JPM,104.077072143555
2022-08-29,JPM,103.822929382324
2022-08-30,JPM,103.841094970703
2022-08-31,JPM,103.223907470703
2022-09-01,JPM,103.931854248047
2022-09-02,JPM,103.205749511719
2022-09-06,JPM,103.232978820801
2022-09-07,JPM,105.193450927734
2022-09-08,JPM,107.644020080566
2022-09-09,JPM,108.16136932373
2022-09-12,JPM,109.441123962402
2022-09-13,JPM,105.63818359375
2022-09-14,JPM,105.393127441406
2022-09-15,JPM,106.981460571289
2022-09-16,JPM,106.264450073242
2022-09-19,JPM,107.244674682617
2022-09-20,JPM,105.129920959473
2022-09-21,JPM,102.098442077637
2022-09-22,JPM,100.936706542969
2022-09-23,JPM,99.0579223632813
2022-09-26,JPM,96.9250030517578
2022-09-27,JPM,96.0718383789063
2022-09-28,JPM,98.0141525268555
2022-09-29,JPM,96.3532028198242
2022-09-30,JPM,94.8465576171875
2022-10-03,JPM,97.7781829833984
2022-10-04,JPM,102.352592468262
2022-10-05,JPM,101.0888671875
2022-10-06,JPM,99.0284576416016
2022-10-07,JPM,97.0504379272461
2022-10-10,JPM,96.1438598632813
2022-10-11,JPM,93.3691482543945
2022-10-12,JPM,94.880126953125
2022-10-13,JPM,100.154800415039
2022-10-14,JPM,101.82145690918
2022-10-17,JPM,106.097991943359
2022-10-18,JPM,108.826889038086
2022-10-19,JPM,106.693214416504
2022-10-20,JPM,106.345222473145
2022-10-21,JPM,111.931266784668
2022-10-24,JPM,112.06861114502
2022-10-25,JPM,112.361663818359
2022-10-26,JPM,113.652877807617
2022-10-27,JPM,114.101577758789
2022-10-28,JPM,115.456886291504
2022-10-31,JPM,115.273719787598
2022-11-01,JPM,117.352462768555
2022-11-02,JPM,116.27188873291
2022-11-03,JPM,116.482521057129
2022-11-04,JPM,119.669296264648
2022-11-07,JPM,120.301147460938
2022-11-08,JPM,120.374404907227
2022-11-09,JPM,118.808517456055
2022-11-10,JPM,123.698554992676
2022-11-11,JPM,123.900024414063
2022-11-14,JPM,122.62712097168
2022-11-15,JPM,121.738891601563
2022-11-16,JPM,121.903701782227
2022-11-17,JPM,121.372566223145
2022-11-18,JPM,122.563034057617
2022-11-21,JPM,121.839584350586
2022-11-22,JPM,123.66194152832
2022-11-23,JPM,124.980567932129
2022-11-25,JPM,125.218704223633
2022-11-28,JPM,123.030090332031
2022-11-29,JPM,125.053871154785
2022-11-30,JPM,126.53734588623
2022-12-01,JPM,124.760848999023
2022-12-02,JPM,123.771850585938
2022-12-05,JPM,120.301147460938
2022-12-06,JPM,120.502593994141
2022-12-07,JPM,120.420181274414
2022-12-08,JPM,121.683929443359
2022-12-09,JPM,121.024597167969
2022-12-12,JPM,122.90185546875
2022-12-13,JPM,122.782821655273
2022-12-14,JPM,122.16926574707
2022-12-15,JPM,119.138168334961
2022-12-16,JPM,118.396385192871
2022-12-19,JPM,119.101531982422
2022-12-20,JPM,119.678451538086
2022-12-21,JPM,121.024597167969
2022-12-22,JPM,119.650993347168
2022-12-23,JPM,120.218742370605
2022-12-27,JPM,120.639984130859
2022-12-28,JPM,121.299324035645
2022-12-29,JPM,121.995277404785
2022-12-30,JPM,122.801139831543
2023-01-03,JPM,123.735191345215
2023-01-04,JPM,124.889045715332
2023-01-05,JPM,124.861373901367
2023-01-06,JPM,127.250671386719
2023-01-09,JPM,126.724822998047
2023-01-10,JPM,127.859504699707
2023-01-11,JPM,128.809661865234
2023-01-12,JPM,128.680557250977
2023-01-13,JPM,131.927749633789
2023-01-17,JPM,129.88899230957
2023-01-18,JPM,125.986824035645
2023-01-19,JPM,124.307861328125
2023-01-20,JPM,124.612251281738
2023-01-23,JPM,126.632568359375
2023-01-24,JPM,127.721130371094
2023-01-25,JPM,128.339218139648
2023-01-26,JPM,129.132553100586
2023-01-27,JPM,129.446182250977
2023-01-30,JPM,128.348419189453
2023-01-31,JPM,129.114135742188
2023-02-01,JPM,128.77278137207
2023-02-02,JPM,128.17317199707
2023-02-03,JPM,130.156524658203
2023-02-06,JPM,130.922210693359
2023-02-07,JPM,132.518142700195
2023-02-08,JPM,131.58642578125
2023-02-09,JPM,129.538452148438
2023-02-10,JPM,130.110443115234
2023-02-13,JPM,131.521865844727
2023-02-14,JPM,132.10302734375
2023-02-15,JPM,132.656524658203
2023-02-16,JPM,130.829956054688
2023-02-17,JPM,131.217437744141
2023-02-21,JPM,128.809661865234
2023-02-22,JPM,127.822601318359
2023-02-23,JPM,128.846572875977
2023-02-24,JPM,130.00895690918
2023-02-27,JPM,131.143615722656
2023-02-28,JPM,132.241439819336
2023-03-01,JPM,131.503387451172
2023-03-02,JPM,130.138107299805
2023-03-03,JPM,132.527374267578
2023-03-06,JPM,131.75244140625
2023-03-07,JPM,127.877937316895
2023-03-08,JPM,127.12149810791
2023-03-09,JPM,120.239593505859
2023-03-10,JPM,123.293075561523
2023-03-13,JPM,121.079055786133
2023-03-14,JPM,124.187896728516
2023-03-15,JPM,118.320770263672
2023-03-16,JPM,120.617828369141
2023-03-17,JPM,116.060623168945
2023-03-20,JPM,117.287567138672
2023-03-21,JPM,120.433326721191
2023-03-22,JPM,117.32447052002
2023-03-23,JPM,117.010803222656
2023-03-24,JPM,115.230377197266
2023-03-27,JPM,118.53295135498
2023-03-28,JPM,118.892738342285
2023-03-29,JPM,119.132591247559
2023-03-30,JPM,118.772796630859
2023-03-31,JPM,120.211921691895
2023-04-03,JPM,120.073547363281
2023-04-04,JPM,118.468376159668
2023-04-05,JPM,118.645027160645
2023-04-06,JPM,118.514869689941
2023-04-10,JPM,118.905334472656
2023-04-11,JPM,119.491104125977
2023-04-12,JPM,119.472496032715
2023-04-13,JPM,119.92805480957
2023-04-14,JPM,128.983825683594
2023-04-17,JPM,130.006561279297
2023-04-18,JPM,131.466247558594
2023-04-19,JPM,131.298873901367
2023-04-20,JPM,130.917694091797
2023-04-21,JPM,130.666687011719
2023-04-24,JPM,130.843307495117
2023-04-25,JPM,127.998260498047
2023-04-26,JPM,125.729698181152
2023-04-27,JPM,127.421867370605
2023-04-28,JPM,128.528259277344
2023-05-01,JPM,131.280288696289
2023-05-02,JPM,129.160430908203
2023-05-03,JPM,126.427032470703
2023-05-04,JPM,124.69766998291
2023-05-05,JPM,127.133598327637
2023-05-08,JPM,127.440444946289
2023-05-09,JPM,126.826820373535
2023-05-10,JPM,126.891891479492
2023-05-11,JPM,126.492111206055
2023-05-12,JPM,124.679077148438
2023-05-15,JPM,125.729698181152
2023-05-16,JPM,124.883636474609
2023-05-17,JPM,128.723495483398
2023-05-18,JPM,129.699691772461
2023-05-19,JPM,129.402191162109
2023-05-22,JPM,128.3330078125
2023-05-23,JPM,126.994140625
2023-05-24,JPM,125.831977844238
2023-05-25,JPM,126.138763427734
2023-05-26,JPM,127.31957244873
2023-05-30,JPM,127.803031921387
2023-05-31,JPM,126.175979614258
2023-06-01,JPM,127.914611816406
2023-06-02,JPM,130.6015625
2023-06-05,JPM,129.318511962891
2023-06-06,JPM,129.550933837891
2023-06-07,JPM,130.806076049805
2023-06-08,JPM,130.843307495117
2023-06-09,JPM,131.103622436523
2023-06-12,JPM,131.094345092773
2023-06-13,JPM,132.042663574219
2023-06-14,JPM,131.549911499023
2023-06-15,JPM,133.037506103516
2023-06-16,JPM,133.195556640625
2023-06-20,JPM,132.516860961914
2023-06-21,JPM,132.321624755859
2023-06-22,JPM,129.774108886719
2023-06-23,JPM,129.095367431641
2023-06-26,JPM,129.411483764648
2023-06-27,JPM,129.420791625977
2023-06-28,JPM,128.853652954102
2023-06-29,JPM,133.353622436523
2023-06-30,JPM,135.222427368164
2023-07-03,JPM,136.31022644043
2023-07-05,JPM,135.402160644531
2023-07-06,JPM,134.063507080078
2023-07-07,JPM,135.121307373047
2023-07-10,JPM,135.879608154297
2023-07-11,JPM,138.004623413086
2023-07-12,JPM,138.68798828125
2023-07-13,JPM,139.361999511719
2023-07-14,JPM,140.204513549805
2023-07-17,JPM,143.583969116211
2023-07-18,JPM,143.846099853516
2023-07-19,JPM,144.398376464844
2023-07-20,JPM,146.177032470703
2023-07-21,JPM,145.053680419922
2023-07-24,JPM,147.908905029297
2023-07-25,JPM,146.804244995117
2023-07-26,JPM,147.684234619141
2023-07-27,JPM,146.05534362793
2023-07-28,JPM,146.888534545898
2023-07-31,JPM,147.871459960938
2023-08-01,JPM,147.141296386719
2023-08-02,JPM,145.474945068359
2023-08-03,JPM,146.364273071289
2023-08-04,JPM,146.05534362793
2023-08-07,JPM,146.748092651367
2023-08-08,JPM,145.924270629883
2023-08-09,JPM,143.967788696289
2023-08-10,JPM,143.752471923828
2023-08-11,JPM,144.585632324219
2023-08-14,JPM,144.885192871094
2023-08-15,JPM,141.196823120117
2023-08-16,JPM,140.597686767578
2023-08-17,JPM,139.137344360352
2023-08-18,JPM,139.455627441406
2023-08-21,JPM,139.933059692383
2023-08-22,JPM,137.031036376953
2023-08-23,JPM,137.957809448242
2023-08-24,JPM,137.826736450195
2023-08-25,JPM,137.658264160156
2023-08-28,JPM,138.135665893555
2023-08-29,JPM,139.259033203125
2023-08-30,JPM,138.697372436523
2023-08-31,JPM,136.984252929688
2023-09-01,JPM,137.442932128906
2023-09-05,JPM,135.926391601563
2023-09-06,JPM,135.701736450195
2023-09-07,JPM,134.540924072266
2023-09-08,JPM,134.643890380859
2023-09-11,JPM,135.233673095703
2023-09-12,JPM,136.993591308594
2023-09-13,JPM,137.059127807617
2023-09-14,JPM,139.717712402344
2023-09-15,JPM,139.305847167969
2023-09-18,JPM,139.59602355957
2023-09-19,JPM,139.418197631836
2023-09-20,JPM,138.828414916992
2023-09-21,JPM,137.742477416992
2023-09-22,JPM,136.422561645508
2023-09-25,JPM,137.096542358398
2023-09-26,JPM,135.67366027832
2023-09-27,JPM,136.469360351563
2023-09-28,JPM,138.163772583008
2023-09-29,JPM,135.757919311523
2023-10-02,JPM,134.58772277832
2023-10-03,JPM,133.595443725586
2023-10-04,JPM,134.194549560547
2023-10-05,JPM,134.760375976563
2023-10-06,JPM,136.835052490234
2023-10-09,JPM,136.523880004883
2023-10-10,JPM,137.353729248047
2023-10-11,JPM,137.825271606445
2023-10-12,JPM,137.504653930664
2023-10-13,JPM,139.569885253906
2023-10-16,JPM,139.428421020508
2023-10-17,JPM,139.126663208008
2023-10-18,JPM,137.598922729492
2023-10-19,JPM,137.014266967773
2023-10-20,JPM,134.807510375977
2023-10-23,JPM,132.968597412109
2023-10-24,JPM,133.128921508789
2023-10-25,JPM,132.402770996094
2023-10-26,JPM,132.742294311523
2023-10-27,JPM,127.961051940918
2023-10-30,JPM,129.592498779297
2023-10-31,JPM,131.139114379883
2023-11-01,JPM,131.025970458984
2023-11-02,JPM,133.364669799805
2023-11-03,JPM,134.854690551758
2023-11-06,JPM,135.873199462891
2023-11-07,JPM,135.807159423828
2023-11-08,JPM,136.476699829102
2023-11-09,JPM,136.071182250977
2023-11-10,JPM,138.089324951172
2023-11-13,JPM,137.476333618164
2023-11-14,JPM,139.984848022461
2023-11-15,JPM,141.210800170898
2023-11-16,JPM,142.823379516602
2023-11-17,JPM,144.115341186523
2023-11-20,JPM,144.558578491211
2023-11-21,JPM,144.256805419922
2023-11-22,JPM,144.596298217773
2023-11-24,JPM,144.794342041016
2023-11-27,JPM,144.464263916016
2023-11-28,JPM,144.794342041016
2023-11-29,JPM,145.529876708984
2023-11-30,JPM,147.189636230469
2023-12-01,JPM,147.906356811523
2023-12-04,JPM,148.990844726563
2023-12-05,JPM,148.971984863281
2023-12-06,JPM,147.406555175781
2023-12-07,JPM,147.859191894531
2023-12-08,JPM,149.490661621094
2023-12-11,JPM,150.037643432617
2023-12-12,JPM,151.376739501953
2023-12-13,JPM,151.885986328125
2023-12-14,JPM,154.64909362793
2023-12-15,JPM,155.818435668945
2023-12-18,JPM,156.761505126953
2023-12-19,JPM,158.855041503906
2023-12-20,JPM,157.063278198242
2023-12-21,JPM,157.959182739258
2023-12-22,JPM,157.864868164063
2023-12-26,JPM,158.798477172852
2023-12-27,JPM,159.750915527344
2023-12-28,JPM,160.599700927734
2023-12-29,JPM,160.411071777344
2024-01-02,JPM,162.278305053711
2024-01-03,JPM,161.570983886719
2024-01-04,JPM,162.643218994141
2024-01-05,JPM,163.459213256836
2024-01-08,JPM,163.222030639648
2024-01-09,JPM,161.931594848633
2024-01-10,JPM,162.273132324219
2024-01-11,JPM,161.589996337891
2024-01-12,JPM,160.403915405273
2024-01-16,JPM,159.398132324219
2024-01-17,JPM,158.544143676758
2024-01-18,JPM,158.857284545898
2024-01-19,JPM,161.599487304688
2024-01-22,JPM,161.409698486328
2024-01-23,JPM,160.346984863281
2024-01-24,JPM,161.779754638672
2024-01-25,JPM,164.094955444336
2024-01-26,JPM,163.468719482422
2024-01-29,JPM,163.89567565918
2024-01-30,JPM,167.254669189453
2024-01-31,JPM,165.442337036133
2024-02-01,JPM,164.84455871582
2024-02-02,JPM,165.793426513672
2024-02-05,JPM,165.5751953125
2024-02-06,JPM,166.144470214844
2024-02-07,JPM,166.457611083984
2024-02-08,JPM,165.859786987305
2024-02-09,JPM,166.05908203125
2024-02-12,JPM,166.799209594727
2024-02-13,JPM,165.347427368164
2024-02-14,JPM,167.026901245117
2024-02-15,JPM,170.670532226563
2024-02-16,JPM,169.873489379883
2024-02-20,JPM,170.537673950195
2024-02-21,JPM,171.647842407227
2024-02-22,JPM,173.706878662109
2024-02-23,JPM,174.579818725586
2024-02-26,JPM,173.982040405273
2024-02-27,JPM,174.067413330078
2024-02-28,JPM,174.949859619141
2024-02-29,JPM,176.5439453125
2024-03-01,JPM,175.813323974609
2024-03-04,JPM,177.132217407227
2024-03-05,JPM,178.906600952148
2024-03-06,JPM,179.836456298828
2024-03-07,JPM,178.261367797852
2024-03-08,JPM,178.593475341797
2024-03-11,JPM,178.659866333008
2024-03-12,JPM,180.130615234375
2024-03-13,JPM,181.591857910156
2024-03-14,JPM,178.356246948242
2024-03-15,JPM,180.567108154297
2024-03-18,JPM,182.806396484375
2024-03-19,JPM,183.878601074219
2024-03-20,JPM,186.288681030273
2024-03-21,JPM,188.879043579102
2024-03-22,JPM,186.563858032227
2024-03-25,JPM,184.855911254883
2024-03-26,JPM,185.719360351563
2024-03-27,JPM,189.315536499023
2024-03-28,JPM,190.055618286133
2024-04-01,JPM,188.765197753906
2024-04-02,JPM,188.689300537109
2024-04-03,JPM,188.157928466797
2024-04-04,JPM,186.726318359375
2024-04-05,JPM,188.444259643555
2024-04-08,JPM,189.427276611328
2024-04-09,JPM,188.157928466797
2024-04-10,JPM,186.554550170898
2024-04-11,JPM,186.516357421875
2024-04-12,JPM,174.452880859375
2024-04-15,JPM,174.548324584961
2024-04-16,JPM,172.553665161133
2024-04-17,JPM,171.866485595703
2024-04-18,JPM,172.983123779297
2024-04-19,JPM,177.325622558594
2024-04-22,JPM,180.770950317383
2024-04-23,JPM,183.376434326172
2024-04-24,JPM,184.273590087891
2024-04-25,JPM,184.550323486328
2024-04-26,JPM,184.664855957031
2024-04-29,JPM,184.464462280273
2024-04-30,JPM,182.994674682617
2024-05-01,JPM,183.10920715332
2024-05-02,JPM,182.918334960938
2024-05-03,JPM,181.820770263672
2024-05-06,JPM,183.242813110352
2024-05-07,JPM,183.004211425781
2024-05-08,JPM,186.726318359375
2024-05-09,JPM,188.491958618164
2024-05-10,JPM,189.704025268555
2024-05-13,JPM,189.66584777832
2024-05-14,JPM,192.319061279297
2024-05-15,JPM,192.891708374023
2024-05-16,JPM,193.235290527344
2024-05-17,JPM,195.449447631836
2024-05-20,JPM,186.659530639648
2024-05-21,JPM,190.419830322266
2024-05-22,JPM,189.264999389648
2024-05-23,JPM,187.938400268555
2024-05-24,JPM,191.555526733398
2024-05-28,JPM,190.400741577148
2024-05-29,JPM,189.074127197266
2024-05-30,JPM,190.238479614258
2024-05-31,JPM,193.387985229492
2024-06-03,JPM,192.614929199219
2024-06-04,JPM,190.076263427734
2024-06-05,JPM,188.262924194336
2024-06-06,JPM,187.92887878418
2024-06-07,JPM,190.830230712891
2024-06-10,JPM,190.505737304688
2024-06-11,JPM,185.495178222656
2024-06-12,JPM,182.794235229492
2024-06-13,JPM,184.827117919922
2024-06-14,JPM,184.941650390625
2024-06-17,JPM,186.086898803711
2024-06-18,JPM,188.014785766602
2024-06-20,JPM,189.608612060547
2024-06-21,JPM,187.346694946289
2024-06-24,JPM,189.809036254883
2024-06-25,JPM,189.035949707031
2024-06-26,JPM,188.425155639648
2024-06-27,JPM,190.085784912109
2024-06-28,JPM,193.034851074219
2024-07-01,JPM,196.079330444336
2024-07-02,JPM,199.305191040039
2024-07-03,JPM,199.171600341797
2024-07-05,JPM,196.532455444336
2024-07-08,JPM,196.89714050293
2024-07-09,JPM,199.257965087891
2024-07-10,JPM,199.421096801758
2024-07-11,JPM,199.085220336914
2024-07-12,JPM,196.676422119141
2024-07-15,JPM,201.580383300781
2024-07-16,JPM,205.006423950195
2024-07-17,JPM,208.125381469727
2024-07-18,JPM,201.51318359375
2024-07-19,JPM,201.321258544922
2024-07-22,JPM,201.801086425781
2024-07-23,JPM,201.849075317383
2024-07-24,JPM,200.179244995117
2024-07-25,JPM,200.25602722168
2024-07-26,JPM,203.682083129883
2024-07-29,JPM,202.348114013672
2024-07-30,JPM,206.513122558594
2024-07-31,JPM,204.219497680664
2024-08-01,JPM,199.574661254883
2024-08-02,JPM,191.110305786133
2024-08-05,JPM,187.041244506836
2024-08-06,JPM,192.26188659668
2024-08-07,JPM,192.319488525391
2024-08-08,JPM,195.831909179688
2024-08-09,JPM,197.501754760742
2024-08-12,JPM,197.876022338867
2024-08-13,JPM,199.555465698242
2024-08-14,JPM,201.762741088867
2024-08-15,JPM,203.019882202148
2024-08-16,JPM,205.34228515625
2024-08-19,JPM,206.762619018555
2024-08-20,JPM,205.870147705078
2024-08-21,JPM,205.946914672852
2024-08-22,JPM,207.895065307617
2024-08-23,JPM,209.50732421875
2024-08-26,JPM,210.332626342773
2024-08-27,JPM,211.301879882813
2024-08-28,JPM,212.367156982422
2024-08-29,JPM,213.250061035156
2024-08-30,JPM,215.735626220703
2024-09-03,JPM,211.417068481445
2024-09-04,JPM,210.486206054688
2024-09-05,JPM,208.854751586914
2024-09-06,JPM,203.893203735352
2024-09-09,JPM,208.067779541016
2024-09-10,JPM,197.271408081055
2024-09-11,JPM,198.874084472656
2024-09-12,JPM,198.269485473633
2024-09-13,JPM,196.081436157227
2024-09-16,JPM,199.47868347168
2024-09-17,JPM,200.812622070313
2024-09-18,JPM,199.162002563477
2024-09-19,JPM,201.993057250977
2024-09-20,JPM,202.578430175781
2024-09-23,JPM,202.914337158203
2024-09-24,JPM,203.058258056641
2024-09-25,JPM,201.714706420898
2024-09-26,JPM,201.321258544922
2024-09-27,JPM,202.012222290039
2024-09-30,JPM,202.357711791992
2024-10-01,JPM,198.691741943359
2024-10-02,JPM,198.931655883789
2024-10-03,JPM,196.954711914063
2024-10-04,JPM,203.945373535156
2024-10-07,JPM,203.66535949707
2024-10-08,JPM,203.491561889648
2024-10-09,JPM,206.069595336914
2024-10-10,JPM,205.509567260742
2024-10-11,JPM,214.634078979492
2024-10-14,JPM,213.851989746094
2024-10-15,JPM,214.73063659668
2024-10-16,JPM,215.937622070313
2024-10-17,JPM,216.690734863281
2024-10-18,JPM,217.608001708984
2024-10-21,JPM,215.319671630859
2024-10-22,JPM,216.401077270508
2024-10-23,JPM,215.715530395508
2024-10-24,JPM,217.231460571289
2024-10-25,JPM,214.653411865234
2024-10-28,JPM,217.73356628418
2024-10-29,JPM,215.223114013672
2024-10-30,JPM,216.681091308594
2024-10-31,JPM,214.276840209961
2024-11-01,JPM,215.26171875
2024-11-04,JPM,212.210556030273
2024-11-05,JPM,213.861663818359
2024-11-06,JPM,238.550994873047
2024-11-07,JPM,228.238845825195
2024-11-08,JPM,228.818145751953
2024-11-11,JPM,231.048599243164
2024-11-12,JPM,231.309295654297
2024-11-13,JPM,232.854202270508
2024-11-14,JPM,233.539749145508
2024-11-15,JPM,236.861267089844
2024-11-18,JPM,236.590911865234
2024-11-19,JPM,234.717727661133
2024-11-20,JPM,232.487274169922
2024-11-21,JPM,236.330215454102
2024-11-22,JPM,239.989685058594
2024-11-25,JPM,241.66975402832
2024-11-26,JPM,241.360794067383
2024-11-27,JPM,241.186981201172
2024-11-29,JPM,241.119400024414
2024-12-02,JPM,237.768890380859
2024-12-03,JPM,236.388168334961
2024-12-04,JPM,235.017059326172
2024-12-05,JPM,237.025436401367
2024-12-06,JPM,238.840667724609
2024-12-09,JPM,235.412948608398
2024-12-10,JPM,234.495651245117
2024-12-11,JPM,235.142578125
2024-12-12,JPM,233.211456298828
2024-12-13,JPM,231.676208496094
2024-12-16,JPM,231.328598022461
2024-12-17,JPM,230.150650024414
2024-12-18,JPM,222.435821533203
2024-12-19,JPM,224.936614990234
2024-12-20,JPM,229.416839599609
2024-12-23,JPM,230.179595947266
2024-12-24,JPM,233.964584350586
2024-12-26,JPM,234.766021728516
2024-12-27,JPM,232.863845825195
2024-12-30,JPM,231.077590942383
2024-12-31,JPM,231.454147338867
2025-01-02,JPM,231.734146118164
2025-01-03,JPM,234.901168823242
2025-01-06,JPM,233.755935668945
2025-01-07,JPM,236.007598876953
2025-01-08,JPM,235.968795776367
2025-01-10,JPM,232.804794311523
2025-01-13,JPM,237.016998291016
2025-01-14,JPM,240.180938720703
2025-01-15,JPM,244.917221069336
2025-01-16,JPM,246.780670166016
2025-01-17,JPM,251.526626586914
2025-01-21,JPM,255.282669067383
2025-01-22,JPM,255.098251342773
2025-01-23,JPM,258.116638183594
2025-01-24,JPM,257.039337158203
2025-01-27,JPM,258.019592285156
2025-01-28,JPM,259.271636962891
2025-01-29,JPM,258.728057861328
2025-01-30,JPM,260.329467773438
2025-01-31,JPM,259.426849365234
2025-02-03,JPM,258.951263427734
2025-02-04,JPM,260.048065185547
2025-02-05,JPM,262.464691162109
2025-02-06,JPM,268.744079589844
2025-02-07,JPM,267.676513671875
2025-02-10,JPM,263.056701660156
2025-02-11,JPM,266.890350341797
2025-02-12,JPM,267.336853027344
2025-02-13,JPM,268.181213378906
2025-02-14,JPM,268.443206787109
2025-02-18,JPM,271.704284667969
2025-02-19,JPM,271.02490234375
2025-02-20,JPM,258.941558837891
2025-02-21,JPM,256.45703125
2025-02-24,JPM,253.64241027832
2025-02-25,JPM,249.818466186523
2025-02-26,JPM,251.167526245117
2025-02-27,JPM,251.419845581055
2025-02-28,JPM,256.854919433594
2025-03-03,JPM,252.943634033203
2025-03-04,JPM,242.87907409668
2025-03-05,JPM,244.121368408203
2025-03-06,JPM,239.278335571289
2025-03-07,JPM,235.143829345703
2025-03-10,JPM,225.380142211914
2025-03-11,JPM,222.390838623047
2025-03-12,JPM,221.187377929688
2025-03-13,JPM,218.557205200195
2025-03-14,JPM,225.593643188477
2025-03-17,JPM,227.039749145508
2025-03-18,JPM,228.049118041992
2025-03-19,JPM,232.067199707031
2025-03-20,JPM,231.970123291016
2025-03-21,JPM,234.512954711914
2025-03-24,JPM,240.75358581543
2025-03-25,JPM,243.733154296875
2025-03-26,JPM,243.636108398438
2025-03-27,JPM,240.811798095703
2025-03-28,JPM,235.697021484375
2025-03-31,JPM,238.07487487793
2025-04-01,JPM,236.483184814453
2025-04-02,JPM,238.579559326172
2025-04-03,JPM,221.954116821289
2025-04-04,JPM,205.343444824219
2025-04-07,JPM,209.405776977539
2025-04-08,JPM,211.778717041016
2025-04-09,JPM,228.838577270508
2025-04-10,JPM,221.778335571289
2025-04-11,JPM,230.654922485352
2025-04-14,JPM,229.209671020508
2025-04-15,JPM,227.656997680664
2025-04-16,JPM,224.219635009766
2025-04-17,JPM,226.51448059082
2025-04-21,JPM,223.614196777344
2025-04-22,JPM,230.059234619141
2025-04-23,JPM,235.225082397461
2025-04-24,JPM,238.896789550781
2025-04-25,JPM,237.832382202148
2025-04-28,JPM,237.510116577148
2025-04-29,JPM,238.877258300781
2025-04-30,JPM,238.877258300781
2025-05-01,JPM,241.093963623047
2025-05-02,JPM,246.58203125
2025-05-05,JPM,246.630844116211
2025-05-06,JPM,243.398559570313
2025-05-07,JPM,243.535278320313
2025-05-08,JPM,247.519500732422
2025-05-09,JPM,247.138656616211
2025-05-12,JPM,253.945007324219
2025-05-13,JPM,256.835540771484
2025-05-14,JPM,259.403839111328
2025-05-15,JPM,261.210388183594
2025-05-16,JPM,261.278717041016
2025-05-19,JPM,258.66162109375
2025-05-20,JPM,259.442840576172
2025-05-21,JPM,254.911773681641
2025-05-22,JPM,254.550491333008
2025-05-23,JPM,254.589508056641
2025-05-27,JPM,259.06201171875
2025-05-28,JPM,257.304260253906
2025-05-29,JPM,258.163604736328
2025-05-30,JPM,257.802276611328
2025-06-02,JPM,258.446807861328
2025-06-03,JPM,260.018981933594
2025-06-04,JPM,258.017120361328
2025-06-05,JPM,255.800415039063
2025-06-06,JPM,259.49169921875
2025-06-09,JPM,260.477935791016
2025-06-10,JPM,262.294311523438
2025-06-11,JPM,261.854858398438
2025-06-12,JPM,261.942749023438
2025-06-13,JPM,258.730010986328
2025-06-16,JPM,264.013000488281
2025-06-17,JPM,263.192718505859
2025-06-18,JPM,267.528442382813
2025-06-20,JPM,268.544036865234
2025-06-23,JPM,271.737243652344
2025-06-24,JPM,274.657104492188
2025-06-25,JPM,277.391357421875
2025-06-26,JPM,281.971221923828
2025-06-27,JPM,280.369750976563
2025-06-30,JPM,283.104034423828
2025-07-01,JPM,283.59228515625
2025-07-02,JPM,285.144958496094
2025-07-03,JPM,290.443603515625
2025-07-07,JPM,286.489227294922
2025-07-08,JPM,277.471771240234
2025-07-09,JPM,277.844635009766
2025-07-10,JPM,282.780181884766
2025-07-11,JPM,281.475158691406
2025-07-14,JPM,283.280670166016
2025-07-15,JPM,281.170959472656
2025-07-16,JPM,280.454681396484
2025-07-17,JPM,284.458099365234
2025-07-18,JPM,285.802398681641
2025-07-21,JPM,285.507995605469
2025-07-22,JPM,285.959381103516
2025-07-23,JPM,291.189300537109
2025-07-24,JPM,290.983245849609
2025-07-25,JPM,293.014404296875
2025-07-28,JPM,292.680786132813
2025-07-29,JPM,291.464050292969
2025-07-30,JPM,294.005462646484
2025-07-31,JPM,290.679107666016
2025-08-01,JPM,283.938049316406
2025-08-04,JPM,288.736267089844
2025-08-05,JPM,285.900482177734
2025-08-06,JPM,285.880859375
2025-08-07,JPM,281.553649902344
2025-08-08,JPM,283.339538574219
2025-08-11,JPM,284.12451171875
2025-08-12,JPM,287.352752685547
2025-08-13,JPM,285.076263427734
2025-08-14,JPM,288.638153076172
2025-08-15,JPM,285.037017822266
2025-08-18,JPM,286.057525634766
2025-08-19,JPM,285.203857421875
2025-08-20,JPM,286.754150390625
2025-08-21,JPM,285.998626708984
2025-08-22,JPM,290.679107666016
2025-08-25,JPM,289.3642578125
2025-08-26,JPM,292.965362548828
2025-08-27,JPM,293.662048339844
2025-08-28,JPM,295.418426513672
2025-08-29,JPM,295.761871337891
2025-09-02,JPM,294.074127197266
2025-09-03,JPM,293.887725830078
2025-09-04,JPM,298.116851806641
2025-09-05,JPM,288.854034423828
2025-09-08,JPM,287.41162109375
2025-09-09,JPM,292.258880615234
2025-09-10,JPM,294.898345947266
2025-09-11,JPM,299.824157714844
2025-09-12,JPM,301.148834228516
2025-09-15,JPM,303.101440429688
2025-09-16,JPM,303.385986328125
2025-09-17,JPM,305.89794921875
2025-09-18,JPM,307.350189208984
2025-09-19,JPM,308.871063232422
2025-09-22,JPM,306.575012207031
2025-09-23,JPM,306.869354248047
2025-09-24,JPM,307.53662109375
2025-09-25,JPM,307.566070556641
2025-09-26,JPM,310.127014160156
2025-09-29,JPM,309.763977050781
2025-09-30,JPM,309.508850097656
2025-10-01,JPM,304.877471923828
2025-10-02,JPM,301.776794433594
2025-10-03,JPM,304.210235595703
2025-10-06,JPM,304.851104736328
2025-10-07,JPM,303.381988525391
2025-10-08,JPM,299.773254394531
2025-10-09,JPM,301.252227783203
2025-10-10,JPM,296.677215576172
2025-10-13,JPM,303.658050537109
2025-10-14,JPM,297.850524902344
2025-10-15,JPM,301.409973144531
2025-10-16,JPM,294.360107421875
2025-10-17,JPM,293.393829345703
2025-10-20,JPM,298.126586914063
2025-10-21,JPM,292.930389404297
2025-10-22,JPM,289.992095947266
2025-10-23,JPM,290.416107177734
2025-10-24,JPM,296.233489990234
2025-10-27,JPM,299.891540527344
2025-10-28,JPM,301.084594726563
2025-10-29,JPM,301.232513427734
2025-10-30,JPM,305.107482910156
2025-10-31,JPM,306.763946533203
2025-11-03,JPM,305.018768310547
2025-11-04,JPM,304.920166015625
2025-11-05,JPM,307.316131591797
2025-11-06,JPM,309.031768798828
2025-11-07,JPM,309.810699462891
2025-11-10,JPM,312.453186035156
2025-11-11,JPM,311.200927734375
2025-11-12,JPM,315.923889160156
2025-11-13,JPM,305.14697265625
2025-11-14,JPM,299.359069824219
2025-11-17,JPM,296.164459228516
2025-11-18,JPM,295.217926025391
2025-11-19,JPM,299.023834228516
2025-11-20,JPM,294.202331542969
2025-11-21,JPM,293.847351074219
2025-11-24,JPM,293.827667236328
2025-11-25,JPM,298.757659912109
2025-11-26,JPM,303.332702636719
2025-11-28,JPM,308.696502685547
2025-12-01,JPM,304.594757080078
2025-12-02,JPM,303.5693359375
2025-12-03,JPM,307.759826660156
2025-12-04,JPM,311.674255371094
2025-12-05,JPM,310.629089355469
2025-12-08,JPM,310.796691894531
2025-12-09,JPM,296.302551269531
2025-12-10,JPM,305.76806640625
2025-12-11,JPM,312.936309814453
2025-12-12,JPM,314.060363769531
2025-12-15,JPM,315.539367675781
2025-12-16,JPM,311.131958007813
2025-12-17,JPM,310.569915771484
2025-12-18,JPM,308.61767578125
2025-12-19,JPM,312.768676757813
2025-12-22,JPM,318.566345214844
2025-12-23,JPM,321.366607666016
2025-12-24,JPM,324.561248779297
2025-12-26,JPM,323.318878173828
2025-12-29,JPM,319.217132568359
2025-12-30,JPM,318.891784667969
2025-12-31,JPM,317.708557128906
2026-01-02,JPM,320.922912597656
2026-01-05,JPM,329.363098144531
2026-01-06,JPM,331.413269042969
2026-01-07,JPM,323.866058349609
2026-01-08,JPM,326.639343261719
2026-01-09,JPM,326.045074462891
2026-01-12,JPM,321.389984130859
2026-01-13,JPM,307.929809570313
2026-01-14,JPM,304.928741455078
2026-01-15,JPM,306.305480957031
2026-01-16,JPM,309.484802246094
2026-01-20,JPM,299.847747802734
2026-01-21,JPM,299.154479980469
2026-01-22,JPM,300.729248046875
2026-01-23,JPM,294.875732421875
2026-01-26,JPM,298.164031982422
2026-01-27,JPM,297.440979003906
2026-01-28,JPM,297.896545410156
2026-01-29,JPM,303.492614746094
2026-01-30,JPM,302.967681884766
2026-02-02,JPM,305.196166992188
2026-02-03,JPM,311.842071533203
2026-02-04,JPM,314.238952636719
2026-02-05,JPM,307.196868896484
2026-02-06,JPM,319.319946289063
2026-02-09,JPM,319.022827148438
2026-02-10,JPM,315.239288330078
2026-02-11,JPM,307.850555419922
2026-02-12,JPM,299.748748779297
2026-02-13,JPM,299.659576416016
2026-02-17,JPM,304.195831298828
2026-02-18,JPM,305.830047607422
2026-02-19,JPM,305.106994628906
2026-02-20,JPM,307.820861816406
2026-02-23,JPM,294.826202392578
2026-02-24,JPM,294.459716796875
2026-02-25,JPM,300.402404785156
2026-02-26,JPM,303.205383300781
2026-02-27,JPM,297.431060791016
2026-03-02,JPM,294.717254638672
2026-03-03,JPM,297.391448974609
2026-03-04,JPM,296.52978515625
2026-03-05,JPM,290.745544433594
2026-03-06,JPM,286.714447021484
2026-03-09,JPM,287.150268554688
2026-03-10,JPM,285.971618652344
2026-03-11,JPM,284.773132324219
2026-03-12,JPM,280.187408447266
2026-03-13,JPM,280.732147216797
2026-03-16,JPM,283.426147460938
2026-03-17,JPM,284.149200439453
2026-03-18,JPM,284.991058349609
2026-03-19,JPM,285.218841552734
2026-03-20,JPM,283.822357177734
2026-03-23,JPM,287.140319824219
2026-03-24,JPM,289.606536865234
2026-03-25,JPM,292.597717285156
2026-03-26,JPM,288.873626708984
2026-03-27,JPM,280.137878417969
2026-03-30,JPM,281.058990478516
2026-03-31,JPM,291.349731445313
2026-04-01,JPM,292.558074951172
2026-04-02,JPM,291.785522460938
2026-04-06,JPM,294.125
2026-04-07,JPM,296.066253662109
2026-04-08,JPM,306.588836669922
2026-04-09,JPM,308.938232421875
2026-04-10,JPM,308.480316162109
2026-04-13,JPM,312.273223876953
2026-04-14,JPM,309.724700927734
2026-04-15,JPM,304.557983398438
2026-04-16,JPM,308.559967041016
2026-04-17,JPM,308.8984375
2026-04-20,JPM,315.568389892578
2026-04-21,JPM,311.596282958984
2026-04-22,JPM,311.616180419922
2026-04-23,JPM,310.292175292969
2026-04-24,JPM,306.8974609375
2026-04-27,JPM,310.232421875
2026-04-28,JPM,310.053253173828
2026-04-29,JPM,307.863098144531
2026-04-30,JPM,311.825256347656
2026-05-01,JPM,311.068664550781
2026-05-04,JPM,306.270263671875
2026-05-05,JPM,308.012420654297
2026-05-06,JPM,313.487762451172
2026-05-07,JPM,304.896453857422
2026-05-08,JPM,300.745178222656
2026-05-11,JPM,298.654571533203
2026-05-12,JPM,303.5126953125
2026-05-13,JPM,298.903472900391
2026-05-14,JPM,298.565002441406
2026-05-15,JPM,296.474395751953
2026-05-18,JPM,299.381317138672
2026-05-19,JPM,294.373870849609
2026-05-20,JPM,300.625732421875
2026-05-21,JPM,301.641143798828
2026-05-22,JPM,305.005981445313
2026-05-26,JPM,305.364349365234
2026-05-27,JPM,297.937805175781
2026-05-28,JPM,295.399261474609
2026-05-29,JPM,297.967681884766
2026-06-01,JPM,295.249908447266
2026-06-02,JPM,299.610260009766
2026-06-03,JPM,299.500793457031
2026-06-04,JPM,309.495758056641
2026-06-05,JPM,310.969116210938
2026-06-08,JPM,309.714752197266
2026-06-09,JPM,311.297637939453
2026-06-10,JPM,307.753601074219
2026-06-11,JPM,312.084075927734
2026-06-12,JPM,319.281677246094
2026-06-15,JPM,317.967590332031
2026-06-16,JPM,329.654937744141
2026-06-17,JPM,331.964508056641
2026-06-18,JPM,323.761474609375
2026-06-22,JPM,329.993408203125
2026-06-23,JPM,332.641479492188
2026-06-24,JPM,331.95458984375
2026-06-25,JPM,333.617065429688
2026-06-26,JPM,327.574279785156
2026-06-29,JPM,327.912780761719
2026-06-30,JPM,325.861999511719
2026-07-01,JPM,332.571807861328
2026-07-02,JPM,332.970001220703
2026-07-06,JPM,337.720001220703
2026-07-07,JPM,339.220001220703
2026-07-08,JPM,330.619995117188
2026-07-09,JPM,335.470001220703
2026-07-10,JPM,336.470001220703
2026-07-13,JPM,334.529998779297
2026-07-14,JPM,342.890014648438
2026-07-15,JPM,346.910003662109
2026-07-16,JPM,343.149993896484
2026-07-17,JPM,341.100006103516
2026-07-20,JPM,338.869995117188
2026-07-21,JPM,345.230010986328
2026-07-22,JPM,348.209991455078
2026-07-23,JPM,349.899993896484
2026-07-24,JPM,353.209991455078
2026-07-27,JPM,356.200012207031
2026-07-28,JPM,357.309997558594
2016-07-29,AAPL,23.72336769104
2016-08-01,AAPL,24.1422481536865
2016-08-02,AAPL,23.7848415374756
2016-08-03,AAPL,24.0830574035645
2016-08-04,AAPL,24.2318286895752
2016-08-05,AAPL,24.6003341674805
2016-08-08,AAPL,24.8040370941162
2016-08-09,AAPL,24.9047470092773
2016-08-10,AAPL,24.7193489074707
2016-08-11,AAPL,24.7033290863037
2016-08-12,AAPL,24.7605533599854
2016-08-15,AAPL,25.0580959320068
2016-08-16,AAPL,25.0352096557617
2016-08-17,AAPL,24.9985866546631
2016-08-18,AAPL,24.9665470123291
2016-08-19,AAPL,25.0306262969971
2016-08-22,AAPL,24.8360786437988
2016-08-23,AAPL,24.9139022827148
2016-08-24,AAPL,24.7262134552002
2016-08-25,AAPL,24.6209297180176
2016-08-26,AAPL,24.4767360687256
2016-08-29,AAPL,24.4492702484131
2016-08-30,AAPL,24.261589050293
2016-08-31,AAPL,24.2844696044922
2016-09-01,AAPL,24.4286708831787
2016-09-02,AAPL,24.6575527191162
2016-09-06,AAPL,24.6506900787354
2016-09-07,AAPL,24.8017520904541
2016-09-08,AAPL,24.1517238616943
2016-09-09,AAPL,23.6046943664551
2016-09-12,AAPL,24.133415222168
2016-09-13,AAPL,24.7079029083252
2016-09-14,AAPL,25.5822334289551
2016-09-15,AAPL,26.4519920349121
2016-09-16,AAPL,26.3032188415527
2016-09-19,AAPL,25.9965209960938
2016-09-20,AAPL,25.9942264556885
2016-09-21,AAPL,25.9896488189697
2016-09-22,AAPL,26.2345542907715
2016-09-23,AAPL,25.7973880767822
2016-09-26,AAPL,25.8363037109375
2016-09-27,AAPL,25.8843650817871
2016-09-28,AAPL,26.0812015533447
2016-09-29,AAPL,25.6760787963867
2016-09-30,AAPL,25.875207901001
2016-10-03,AAPL,25.75390625
2016-10-04,AAPL,25.8637676239014
2016-10-05,AAPL,25.875207901001
2016-10-06,AAPL,26.0674667358398
2016-10-07,AAPL,26.1063823699951
2016-10-10,AAPL,26.5618591308594
2016-10-11,AAPL,26.6190757751465
2016-10-12,AAPL,26.8571147918701
2016-10-13,AAPL,26.7747192382813
2016-10-14,AAPL,26.9234886169434
2016-10-17,AAPL,26.9051856994629
2016-10-18,AAPL,26.8868675231934
2016-10-19,AAPL,26.8067626953125
2016-10-20,AAPL,26.7930297851563
2016-10-21,AAPL,26.6877384185791
2016-10-24,AAPL,26.9280662536621
2016-10-25,AAPL,27.0654010772705
2016-10-26,AAPL,26.4565753936768
2016-10-27,AAPL,26.2025127410889
2016-10-28,AAPL,26.0285568237305
2016-10-31,AAPL,25.9873638153076
2016-11-01,AAPL,25.5181465148926
2016-11-02,AAPL,25.5410385131836
2016-11-03,AAPL,25.267276763916
2016-11-04,AAPL,25.0395088195801
2016-11-07,AAPL,25.4007129669189
2016-11-08,AAPL,25.5502395629883
2016-11-09,AAPL,25.5088348388672
2016-11-10,AAPL,24.7979545593262
2016-11-11,AAPL,24.9451885223389
2016-11-14,AAPL,24.3194332122803
2016-11-15,AAPL,24.641508102417
2016-11-16,AAPL,25.3040790557861
2016-11-17,AAPL,25.2948760986328
2016-11-18,AAPL,25.3201808929443
2016-11-21,AAPL,25.7043857574463
2016-11-22,AAPL,25.7204895019531
2016-11-23,AAPL,25.5893516540527
2016-11-25,AAPL,25.7181873321533
2016-11-28,AAPL,25.6675720214844
2016-11-29,AAPL,25.6422634124756
2016-11-30,AAPL,25.4260082244873
2016-12-01,AAPL,25.1890468597412
2016-12-02,AAPL,25.2833786010742
2016-12-05,AAPL,25.1016292572022
2016-12-06,AAPL,25.2948760986328
2016-12-07,AAPL,25.5433387756348
2016-12-08,AAPL,25.7941017150879
2016-12-09,AAPL,26.21510887146
2016-12-12,AAPL,26.0655765533447
2016-12-13,AAPL,26.5003814697266
2016-12-14,AAPL,26.5003814697266
2016-12-15,AAPL,26.6453170776367
2016-12-16,AAPL,26.6798267364502
2016-12-19,AAPL,26.8339691162109
2016-12-20,AAPL,26.9052829742432
2016-12-21,AAPL,26.9305858612061
2016-12-22,AAPL,26.7534465789795
2016-12-23,AAPL,26.8063545227051
2016-12-27,AAPL,26.9766006469727
2016-12-28,AAPL,26.861572265625
2016-12-29,AAPL,26.8546752929688
2016-12-30,AAPL,26.6453170776367
2017-01-03,AAPL,26.7212429046631
2017-01-04,AAPL,26.6913242340088
2017-01-05,AAPL,26.8270645141602
2017-01-06,AAPL,27.1261329650879
2017-01-09,AAPL,27.3745994567871
2017-01-10,AAPL,27.4022083282471
2017-01-11,AAPL,27.5494499206543
2017-01-12,AAPL,27.4344215393066
2017-01-13,AAPL,27.3861083984375
2017-01-17,AAPL,27.6069583892822
2017-01-18,AAPL,27.6046562194824
2017-01-19,AAPL,27.5563449859619
2017-01-20,AAPL,27.6069583892822
2017-01-23,AAPL,27.6253681182861
2017-01-24,AAPL,27.600061416626
2017-01-25,AAPL,28.0394668579102
2017-01-26,AAPL,28.0532703399658
2017-01-27,AAPL,28.055570602417
2017-01-30,AAPL,27.9819583892822
2017-01-31,AAPL,27.9175415039063
2017-02-01,AAPL,29.6199703216553
2017-02-02,AAPL,29.569356918335
2017-02-03,AAPL,29.6958923339844
2017-02-06,AAPL,29.9742603302002
2017-02-07,AAPL,30.2595329284668
2017-02-08,AAPL,30.3768577575684
2017-02-09,AAPL,30.5963592529297
2017-02-10,AAPL,30.5270462036133
2017-02-13,AAPL,30.7973804473877
2017-02-14,AAPL,31.1971111297607
2017-02-15,AAPL,31.3103294372559
2017-02-16,AAPL,31.273365020752
2017-02-17,AAPL,31.3588466644287
2017-02-21,AAPL,31.5852832794189
2017-02-22,AAPL,31.6800174713135
2017-02-23,AAPL,31.5460014343262
2017-02-24,AAPL,31.5760383605957
2017-02-27,AAPL,31.6384258270264
2017-02-28,AAPL,31.6522808074951
2017-03-01,AAPL,32.2992477416992
2017-03-02,AAPL,32.1074523925781
2017-03-03,AAPL,32.2969284057617
2017-03-06,AAPL,32.1952476501465
2017-03-07,AAPL,32.2368545532227
2017-03-08,AAPL,32.11669921875
2017-03-09,AAPL,32.0427627563477
2017-03-10,AAPL,32.1490440368652
2017-03-13,AAPL,32.1629180908203
2017-03-14,AAPL,32.1144027709961
2017-03-15,AAPL,32.4540519714356
2017-03-16,AAPL,32.5071830749512
2017-03-17,AAPL,32.3454513549805
2017-03-20,AAPL,32.685115814209
2017-03-21,AAPL,32.3107986450195
2017-03-22,AAPL,32.6758613586426
2017-03-23,AAPL,32.5603218078613
2017-03-24,AAPL,32.4956398010254
2017-03-27,AAPL,32.5510940551758
2017-03-28,AAPL,33.2257614135742
2017-03-29,AAPL,33.2997131347656
2017-03-30,AAPL,33.2558059692383
2017-03-31,AAPL,33.1934242248535
2017-04-03,AAPL,33.2026596069336
2017-04-04,AAPL,33.4498901367188
2017-04-05,AAPL,33.276611328125
2017-04-06,AAPL,33.1934242248535
2017-04-07,AAPL,33.1194877624512
2017-04-10,AAPL,33.0802154541016
2017-04-11,AAPL,32.7243843078613
2017-04-12,AAPL,32.763671875
2017-04-13,AAPL,32.5903778076172
2017-04-17,AAPL,32.7706031799316
2017-04-18,AAPL,32.6250228881836
2017-04-19,AAPL,32.5048866271973
2017-04-20,AAPL,32.9115333557129
2017-04-21,AAPL,32.872257232666
2017-04-24,AAPL,33.1888046264648
2017-04-25,AAPL,33.3944435119629
2017-04-26,AAPL,33.1980361938477
2017-04-27,AAPL,33.2234649658203
2017-04-28,AAPL,33.1911163330078
2017-05-01,AAPL,33.8681144714356
2017-05-02,AAPL,34.0829811096191
2017-05-03,AAPL,33.97900390625
2017-05-04,AAPL,33.8565559387207
2017-05-05,AAPL,34.4180107116699
2017-05-08,AAPL,35.3537902832031
2017-05-09,AAPL,35.5802230834961
2017-05-10,AAPL,35.4115676879883
2017-05-11,AAPL,35.7178115844727
2017-05-12,AAPL,36.2166328430176
2017-05-15,AAPL,36.1238250732422
2017-05-16,AAPL,36.0704574584961
2017-05-17,AAPL,34.8593711853027
2017-05-18,AAPL,35.3906631469727
2017-05-19,AAPL,35.5113105773926
2017-05-22,AAPL,35.7270889282227
2017-05-23,AAPL,35.6830024719238
2017-05-24,AAPL,35.5762672424316
2017-05-25,AAPL,35.6992378234863
2017-05-26,AAPL,35.6389198303223
2017-05-30,AAPL,35.6528472900391
2017-05-31,AAPL,35.4417152404785
2017-06-01,AAPL,35.5391654968262
2017-06-02,AAPL,36.065803527832
2017-06-05,AAPL,35.7131614685059
2017-06-06,AAPL,35.8338165283203
2017-06-07,AAPL,36.0472679138184
2017-06-08,AAPL,35.9590950012207
2017-06-09,AAPL,34.5647201538086
2017-06-12,AAPL,33.73876953125
2017-06-13,AAPL,34.0102195739746
2017-06-14,AAPL,33.6784515380859
2017-06-15,AAPL,33.4765815734863
2017-06-16,AAPL,33.0079383850098
2017-06-19,AAPL,33.9522209167481
2017-06-20,AAPL,33.6436462402344
2017-06-21,AAPL,33.8431701660156
2017-06-22,AAPL,33.7874908447266
2017-06-23,AAPL,33.9382934570313
2017-06-26,AAPL,33.8315773010254
2017-06-27,AAPL,33.3466682434082
2017-06-28,AAPL,33.8339004516602
2017-06-29,AAPL,33.3350791931152
2017-06-30,AAPL,33.4139671325684
2017-07-03,AAPL,33.2933158874512
2017-07-05,AAPL,33.4302024841309
2017-07-06,AAPL,33.1146545410156
2017-07-07,AAPL,33.4510688781738
2017-07-10,AAPL,33.6552391052246
2017-07-11,AAPL,33.7643013000488
2017-07-12,AAPL,33.8130149841309
2017-07-13,AAPL,34.2839851379395
2017-07-14,AAPL,34.5786361694336
2017-07-17,AAPL,34.6992874145508
2017-07-18,AAPL,34.8199272155762
2017-07-19,AAPL,35.038028717041
2017-07-20,AAPL,34.8802490234375
2017-07-21,AAPL,34.864013671875
2017-07-24,AAPL,35.286262512207
2017-07-25,AAPL,35.4370880126953
2017-07-26,AAPL,35.6041412353516
2017-07-27,AAPL,34.9313049316406
2017-07-28,AAPL,34.685359954834
2017-07-31,AAPL,34.5067253112793
2017-08-01,AAPL,34.8129730224609
2017-08-02,AAPL,36.4579086303711
2017-08-03,AAPL,36.0936813354492
2017-08-04,AAPL,36.2839241027832
2017-08-07,AAPL,36.8453674316406
2017-08-08,AAPL,37.140022277832
2017-08-09,AAPL,37.3673858642578
2017-08-10,AAPL,36.1771659851074
2017-08-11,AAPL,36.6802787780762
2017-08-14,AAPL,37.2323036193848
2017-08-15,AAPL,37.6399078369141
2017-08-16,AAPL,37.4885139465332
2017-08-17,AAPL,36.7687950134277
2017-08-18,AAPL,36.6849403381348
2017-08-21,AAPL,36.6173934936523
2017-08-22,AAPL,37.215991973877
2017-08-23,AAPL,37.2625770568848
2017-08-24,AAPL,37.0972099304199
2017-08-25,AAPL,37.2346305847168
2017-08-28,AAPL,37.6096305847168
2017-08-29,AAPL,37.9450302124023
2017-08-30,AAPL,38.0475120544434
2017-08-31,AAPL,38.198917388916
2017-09-01,AAPL,38.2105560302734
2017-09-05,AAPL,37.751708984375
2017-09-06,AAPL,37.7121162414551
2017-09-07,AAPL,37.5607147216797
2017-09-08,AAPL,36.9481315612793
2017-09-11,AAPL,37.6166191101074
2017-09-12,AAPL,37.4675521850586
2017-09-13,AAPL,37.1857070922852
2017-09-14,AAPL,36.8666038513184
2017-09-15,AAPL,37.2392959594727
2017-09-18,AAPL,36.957462310791
2017-09-19,AAPL,36.9714202880859
2017-09-20,AAPL,36.351863861084
2017-09-21,AAPL,35.7276420593262
2017-09-22,AAPL,35.3782501220703
2017-09-25,AAPL,35.0661430358887
2017-09-26,AAPL,35.6694107055664
2017-09-27,AAPL,35.9232864379883
2017-09-28,AAPL,35.7020225524902
2017-09-29,AAPL,35.8976554870606
2017-10-02,AAPL,35.8254547119141
2017-10-03,AAPL,35.9815139770508
2017-10-04,AAPL,35.7485847473145
2017-10-05,AAPL,36.1934700012207
2017-10-06,AAPL,36.1725196838379
2017-10-09,AAPL,36.298282623291
2017-10-10,AAPL,36.3122711181641
2017-10-11,AAPL,36.4636688232422
2017-10-12,AAPL,36.3355560302734
2017-10-13,AAPL,36.566162109375
2017-10-16,AAPL,37.2392959594727
2017-10-17,AAPL,37.3767242431641
2017-10-18,AAPL,37.2113342285156
2017-10-19,AAPL,36.3308944702148
2017-10-20,AAPL,36.3937950134277
2017-10-23,AAPL,36.3751411437988
2017-10-24,AAPL,36.5917663574219
2017-10-25,AAPL,36.4310607910156
2017-10-26,AAPL,36.6639785766602
2017-10-27,AAPL,37.9776382446289
2017-10-30,AAPL,38.832462310791
2017-10-31,AAPL,39.3728446960449
2017-11-01,AAPL,38.8720664978027
2017-11-02,AAPL,39.1562118530273
2017-11-03,AAPL,40.1787223815918
2017-11-06,AAPL,40.586353302002
2017-11-07,AAPL,40.7167892456055
2017-11-08,AAPL,41.0498657226563
2017-11-09,AAPL,40.9660034179688
2017-11-10,AAPL,40.8304405212402
2017-11-13,AAPL,40.6668090820313
2017-11-14,AAPL,40.0520210266113
2017-11-15,AAPL,39.5237236022949
2017-11-16,AAPL,39.9959144592285
2017-11-17,AAPL,39.7738456726074
2017-11-20,AAPL,39.7341232299805
2017-11-21,AAPL,40.4727783203125
2017-11-22,AAPL,40.8982200622559
2017-11-24,AAPL,40.9005584716797
2017-11-27,AAPL,40.6948509216309
2017-11-28,AAPL,40.4564170837402
2017-11-29,AAPL,39.6172370910645
2017-11-30,AAPL,40.1712341308594
2017-12-01,AAPL,39.9842338562012
2017-12-04,AAPL,39.6920318603516
2017-12-05,AAPL,39.6546363830566
2017-12-06,AAPL,39.5073585510254
2017-12-07,AAPL,39.579833984375
2017-12-08,AAPL,39.5915145874023
2017-12-11,AAPL,40.3629112243652
2017-12-12,AAPL,40.1361694335938
2017-12-13,AAPL,40.269416809082
2017-12-14,AAPL,40.2577285766602
2017-12-15,AAPL,40.6668090820313
2017-12-18,AAPL,41.2395057678223
2017-12-19,AAPL,40.8000373840332
2017-12-20,AAPL,40.7556266784668
2017-12-21,AAPL,40.9099044799805
2017-12-22,AAPL,40.9099044799805
2017-12-26,AAPL,39.8720245361328
2017-12-27,AAPL,39.8790397644043
2017-12-28,AAPL,39.9912338256836
2017-12-29,AAPL,39.558780670166
2018-01-02,AAPL,40.2670707702637
2018-01-03,AAPL,40.2600593566895
2018-01-04,AAPL,40.4470748901367
2018-01-05,AAPL,40.9075775146484
2018-01-08,AAPL,40.7556266784668
2018-01-09,AAPL,40.7509536743164
2018-01-10,AAPL,40.7416000366211
2018-01-11,AAPL,40.9730224609375
2018-01-12,AAPL,41.396110534668
2018-01-16,AAPL,41.1857452392578
2018-01-17,AAPL,41.8659706115723
2018-01-18,AAPL,41.903377532959
2018-01-19,AAPL,41.7163772583008
2018-01-22,AAPL,41.3750991821289
2018-01-23,AAPL,41.3844413757324
2018-01-24,AAPL,40.7252502441406
2018-01-25,AAPL,39.9982604980469
2018-01-26,AAPL,40.0917663574219
2018-01-29,AAPL,39.2619171142578
2018-01-30,AAPL,39.0304946899414
2018-01-31,AAPL,39.1380157470703
2018-02-01,AAPL,39.2198486328125
2018-02-02,AAPL,37.5180816650391
2018-02-05,AAPL,36.5807228088379
2018-02-06,AAPL,38.1094970703125
2018-02-07,AAPL,37.2936744689941
2018-02-08,AAPL,36.2674865722656
2018-02-09,AAPL,36.7110939025879
2018-02-12,AAPL,38.1897659301758
2018-02-13,AAPL,38.5723419189453
2018-02-14,AAPL,39.2835197448731
2018-02-15,AAPL,40.6025886535645
2018-02-16,AAPL,40.4711570739746
2018-02-20,AAPL,40.335018157959
2018-02-21,AAPL,40.1519508361816
2018-02-22,AAPL,40.4875679016113
2018-02-23,AAPL,41.1917152404785
2018-02-26,AAPL,42.006160736084
2018-02-27,AAPL,41.8700218200684
2018-02-28,AAPL,41.8066520690918
2018-03-01,AAPL,41.0743637084961
2018-03-02,AAPL,41.3583526611328
2018-03-05,AAPL,41.501522064209
2018-03-06,AAPL,41.4663238525391
2018-03-07,AAPL,41.0814056396484
2018-03-08,AAPL,41.5296974182129
2018-03-09,AAPL,42.243221282959
2018-03-12,AAPL,42.651611328125
2018-03-13,AAPL,42.2408714294434
2018-03-14,AAPL,41.8817596435547
2018-03-15,AAPL,41.9310569763184
2018-03-16,AAPL,41.7831840515137
2018-03-19,AAPL,41.1447601318359
2018-03-20,AAPL,41.1306953430176
2018-03-21,AAPL,40.1988868713379
2018-03-22,AAPL,39.6308937072754
2018-03-23,AAPL,38.7131614685059
2018-03-26,AAPL,40.5509643554688
2018-03-27,AAPL,39.5111770629883
2018-03-28,AAPL,39.0746307373047
2018-03-29,AAPL,39.3797492980957
2018-04-02,AAPL,39.1215553283691
2018-04-03,AAPL,39.5229301452637
2018-04-04,AAPL,40.278694152832
2018-04-05,AAPL,40.5579833984375
2018-04-06,AAPL,39.5205726623535
2018-04-09,AAPL,39.912540435791
2018-04-10,AAPL,40.6636085510254
2018-04-11,AAPL,40.4734916687012
2018-04-12,AAPL,40.8725128173828
2018-04-13,AAPL,41.0109786987305
2018-04-16,AAPL,41.2668266296387
2018-04-17,AAPL,41.834831237793
2018-04-18,AAPL,41.7409324645996
2018-04-19,AAPL,40.5579833984375
2018-04-20,AAPL,38.8962440490723
2018-04-23,AAPL,38.7835884094238
2018-04-24,AAPL,38.2437515258789
2018-04-25,AAPL,38.4103851318359
2018-04-26,AAPL,38.5441703796387
2018-04-27,AAPL,38.0982284545898
2018-04-30,AAPL,38.788272857666
2018-05-01,AAPL,39.689567565918
2018-05-02,AAPL,41.4428596496582
2018-05-03,AAPL,41.5179557800293
2018-05-04,AAPL,43.1468505859375
2018-05-07,AAPL,43.4590148925781
2018-05-08,AAPL,43.6679000854492
2018-05-09,AAPL,43.9753837585449
2018-05-10,AAPL,44.6044082641602
2018-05-11,AAPL,44.4347686767578
2018-05-14,AAPL,44.3310852050781
2018-05-15,AAPL,43.9281883239746
2018-05-16,AAPL,44.3381652832031
2018-05-17,AAPL,44.0577774047852
2018-05-18,AAPL,43.8975563049316
2018-05-21,AAPL,44.2085762023926
2018-05-22,AAPL,44.0978393554688
2018-05-23,AAPL,44.3805656433106
2018-05-24,AAPL,44.3310852050781
2018-05-25,AAPL,44.4324188232422
2018-05-29,AAPL,44.2721786499023
2018-05-30,AAPL,44.1779441833496
2018-05-31,AAPL,44.0294914245606
2018-06-01,AAPL,44.8235397338867
2018-06-04,AAPL,45.1981582641602
2018-06-05,AAPL,45.5468788146973
2018-06-06,AAPL,45.7047271728516
2018-06-07,AAPL,45.5822105407715
2018-06-08,AAPL,45.1675262451172
2018-06-11,AAPL,45.0567817687988
2018-06-12,AAPL,45.3041801452637
2018-06-13,AAPL,44.9319076538086
2018-06-14,AAPL,44.9554786682129
2018-06-15,AAPL,44.4936637878418
2018-06-18,AAPL,44.4701042175293
2018-06-19,AAPL,43.7514915466309
2018-06-20,AAPL,43.942325592041
2018-06-21,AAPL,43.6972732543945
2018-06-22,AAPL,43.5700492858887
2018-06-25,AAPL,42.9221076965332
2018-06-26,AAPL,43.4546012878418
2018-06-27,AAPL,43.3909873962402
2018-06-28,AAPL,43.7067108154297
2018-06-29,AAPL,43.6148185729981
2018-07-02,AAPL,44.1025390625
2018-07-03,AAPL,43.3344345092773
2018-07-05,AAPL,43.6831474304199
2018-07-06,AAPL,44.2886657714844
2018-07-09,AAPL,44.9036369323731
2018-07-10,AAPL,44.8494453430176
2018-07-11,AAPL,44.2674865722656
2018-07-12,AAPL,45.0096549987793
2018-07-13,AAPL,45.0803451538086
2018-07-16,AAPL,44.9813957214356
2018-07-17,AAPL,45.1086273193359
2018-07-18,AAPL,44.8612251281738
2018-07-19,AAPL,45.2099342346191
2018-07-20,AAPL,45.106258392334
2018-07-23,AAPL,45.1463279724121
2018-07-24,AAPL,45.4738273620606
2018-07-25,AAPL,45.902645111084
2018-07-26,AAPL,45.7589378356934
2018-07-27,AAPL,44.9978828430176
2018-07-30,AAPL,44.7457733154297
2018-07-31,AAPL,44.8353042602539
2018-08-01,AAPL,47.4765663146973
2018-08-02,AAPL,48.8643493652344
2018-08-03,AAPL,49.0057067871094
2018-08-06,AAPL,49.2601699829102
2018-08-07,AAPL,48.7983665466309
2018-08-08,AAPL,48.8313598632813
2018-08-09,AAPL,49.2154159545898
2018-08-10,AAPL,49.0688056945801
2018-08-13,AAPL,49.3856468200684
2018-08-14,AAPL,49.5937080383301
2018-08-15,AAPL,49.7095756530762
2018-08-16,AAPL,50.4378166198731
2018-08-17,AAPL,51.4450569152832
2018-08-20,AAPL,50.943790435791
2018-08-21,AAPL,50.8444938659668
2018-08-22,AAPL,50.8468551635742
2018-08-23,AAPL,50.9508934020996
2018-08-24,AAPL,51.1092948913574
2018-08-27,AAPL,51.5301628112793
2018-08-28,AAPL,51.9463119506836
2018-08-29,AAPL,52.7218284606934
2018-08-30,AAPL,53.2065505981445
2018-08-31,AAPL,53.8212966918945
2018-09-04,AAPL,53.993896484375
2018-09-05,AAPL,53.6416053771973
2018-09-06,AAPL,52.7502174377441
2018-09-07,AAPL,52.3246192932129
2018-09-10,AAPL,51.6223793029785
2018-09-11,AAPL,52.9275436401367
2018-09-12,AAPL,52.2702293395996
2018-09-13,AAPL,53.5328369140625
2018-09-14,AAPL,52.9251823425293
2018-09-17,AAPL,51.515998840332
2018-09-18,AAPL,51.6011123657227
2018-09-19,AAPL,51.6318473815918
2018-09-20,AAPL,52.0243530273438
2018-09-21,AAPL,51.4639663696289
2018-09-24,AAPL,52.2040328979492
2018-09-25,AAPL,52.5350532531738
2018-09-26,AAPL,52.1165466308594
2018-09-27,AAPL,53.1876373291016
2018-09-28,AAPL,53.3744163513184
2018-10-01,AAPL,53.7338104248047
2018-10-02,AAPL,54.2114219665527
2018-10-03,AAPL,54.8710975646973
2018-10-04,AAPL,53.9063987731934
2018-10-05,AAPL,53.0315780639648
2018-10-08,AAPL,52.908634185791
2018-10-09,AAPL,53.6416053771973
2018-10-10,AAPL,51.1566009521484
2018-10-11,AAPL,50.7049865722656
2018-10-12,AAPL,52.5161361694336
2018-10-15,AAPL,51.3930358886719
2018-10-16,AAPL,52.5255889892578
2018-10-17,AAPL,52.2986068725586
2018-10-18,AAPL,51.0761985778809
2018-10-19,AAPL,51.8540916442871
2018-10-22,AAPL,52.1709251403809
2018-10-23,AAPL,52.6627235412598
2018-10-24,AAPL,50.8563041687012
2018-10-25,AAPL,51.9699592590332
2018-10-26,AAPL,51.1424102783203
2018-10-29,AAPL,50.1824493408203
2018-10-30,AAPL,50.4330787658691
2018-10-31,AAPL,51.7476997375488
2018-11-01,AAPL,52.5421447753906
2018-11-02,AAPL,49.0569877624512
2018-11-05,AAPL,47.6643409729004
2018-11-06,AAPL,48.1797981262207
2018-11-07,AAPL,49.6410064697266
2018-11-08,AAPL,49.4678115844727
2018-11-09,AAPL,48.5139846801758
2018-11-12,AAPL,46.070125579834
2018-11-13,AAPL,45.6098327636719
2018-11-14,AAPL,44.3214721679688
2018-11-15,AAPL,45.4152717590332
2018-11-16,AAPL,45.9182853698731
2018-11-19,AAPL,44.0984535217285
2018-11-20,AAPL,41.9915161132813
2018-11-21,AAPL,41.9440574645996
2018-11-23,AAPL,40.8787307739258
2018-11-26,AAPL,41.4315643310547
2018-11-27,AAPL,41.3414115905762
2018-11-28,AAPL,42.9310989379883
2018-11-29,AAPL,42.6012916564941
2018-11-30,AAPL,42.3711395263672
2018-12-03,AAPL,43.8516807556152
2018-12-04,AAPL,41.9227104187012
2018-12-06,AAPL,41.4552917480469
2018-12-07,AAPL,39.9771156311035
2018-12-10,AAPL,40.2404823303223
2018-12-11,AAPL,40.0103225708008
2018-12-12,AAPL,40.1218452453613
2018-12-13,AAPL,40.560791015625
2018-12-14,AAPL,39.2629356384277
2018-12-17,AAPL,38.8975639343262
2018-12-18,AAPL,39.4029350280762
2018-12-19,AAPL,38.1738777160645
2018-12-20,AAPL,37.2105827331543
2018-12-21,AAPL,35.7632560729981
2018-12-24,AAPL,34.8379173278809
2018-12-26,AAPL,37.291259765625
2018-12-27,AAPL,37.0492401123047
2018-12-28,AAPL,37.0682182312012
2018-12-31,AAPL,37.4264984130859
2019-01-02,AAPL,37.4692077636719
2019-01-03,AAPL,33.7369995117188
2019-01-04,AAPL,35.1772003173828
2019-01-07,AAPL,35.0989112854004
2019-01-08,AAPL,35.767993927002
2019-01-09,AAPL,36.3753852844238
2019-01-10,AAPL,36.4916687011719
2019-01-11,AAPL,36.1333961486816
2019-01-14,AAPL,35.5900497436523
2019-01-15,AAPL,36.3184623718262
2019-01-16,AAPL,36.7621536254883
2019-01-17,AAPL,36.9804344177246
2019-01-18,AAPL,37.2082214355469
2019-01-22,AAPL,36.3730278015137
2019-01-23,AAPL,36.5201263427734
2019-01-24,AAPL,36.2306671142578
2019-01-25,AAPL,37.4312400817871
2019-01-28,AAPL,37.0848350524902
2019-01-29,AAPL,36.7004623413086
2019-01-30,AAPL,39.2083778381348
2019-01-31,AAPL,39.4907150268555
2019-02-01,AAPL,39.5097045898438
2019-02-04,AAPL,40.6319847106934
2019-02-05,AAPL,41.3271598815918
2019-02-06,AAPL,41.3414115905762
2019-02-07,AAPL,40.5584259033203
2019-02-08,AAPL,40.606071472168
2019-02-11,AAPL,40.3725547790527
2019-02-12,AAPL,40.720458984375
2019-02-13,AAPL,40.5512771606445
2019-02-14,AAPL,40.6990013122559
2019-02-15,AAPL,40.6084518432617
2019-02-19,AAPL,40.7299728393555
2019-02-20,AAPL,40.9920997619629
2019-02-21,AAPL,40.7609634399414
2019-02-22,AAPL,41.2160949707031
2019-02-25,AAPL,41.5163307189941
2019-02-26,AAPL,41.5401458740234
2019-02-27,AAPL,41.668830871582
2019-02-28,AAPL,41.2589874267578
2019-03-01,AAPL,41.6926536560059
2019-03-04,AAPL,41.9023475646973
2019-03-05,AAPL,41.8260955810547
2019-03-06,AAPL,41.5854225158691
2019-03-07,AAPL,41.1040916442871
2019-03-08,AAPL,41.2017936706543
2019-03-11,AAPL,42.6291160583496
2019-03-12,AAPL,43.1080741882324
2019-03-13,AAPL,43.2987022399902
2019-03-14,AAPL,43.780029296875
2019-03-15,AAPL,44.3495292663574
2019-03-18,AAPL,44.8022651672363
2019-03-19,AAPL,44.4472198486328
2019-03-20,AAPL,44.8356323242188
2019-03-21,AAPL,46.4869346618652
2019-03-22,AAPL,45.5242729187012
2019-03-25,AAPL,44.9738349914551
2019-03-26,AAPL,44.5091781616211
2019-03-27,AAPL,44.9095039367676
2019-03-28,AAPL,44.9690628051758
2019-03-29,AAPL,45.2621574401856
2019-04-01,AAPL,45.5695381164551
2019-04-02,AAPL,46.2319755554199
2019-04-03,AAPL,46.5489006042481
2019-04-04,AAPL,46.6299171447754
2019-04-05,AAPL,46.9420623779297
2019-04-08,AAPL,47.6807441711426
2019-04-09,AAPL,47.5377807617188
2019-04-10,AAPL,47.8046531677246
2019-04-11,AAPL,47.4067230224609
2019-04-12,AAPL,47.3876495361328
2019-04-15,AAPL,47.4734306335449
2019-04-16,AAPL,47.4782104492188
2019-04-17,AAPL,48.4027442932129
2019-04-18,AAPL,48.5766906738281
2019-04-22,AAPL,48.7363433837891
2019-04-23,AAPL,49.4392814636231
2019-04-24,AAPL,49.3630332946777
2019-04-25,AAPL,48.9150619506836
2019-04-26,AAPL,48.6815452575684
2019-04-29,AAPL,48.7554054260254
2019-04-30,AAPL,47.8165588378906
2019-05-01,AAPL,50.1636772155762
2019-05-02,AAPL,49.8372268676758
2019-05-03,AAPL,50.4567565917969
2019-05-06,AAPL,49.6775665283203
2019-05-07,AAPL,48.3384056091309
2019-05-08,AAPL,48.3479499816895
2019-05-09,AAPL,47.8284797668457
2019-05-10,AAPL,47.165901184082
2019-05-13,AAPL,44.4246444702148
2019-05-14,AAPL,45.1278953552246
2019-05-15,AAPL,45.6684989929199
2019-05-16,AAPL,45.4675559997559
2019-05-17,AAPL,45.2092247009277
2019-05-20,AAPL,43.7955360412598
2019-05-21,AAPL,44.6351280212402
2019-05-22,AAPL,43.7213745117188
2019-05-23,AAPL,42.9750671386719
2019-05-24,AAPL,42.8100280761719
2019-05-28,AAPL,42.6330070495606
2019-05-29,AAPL,42.4296989440918
2019-05-30,AAPL,42.6497573852539
2019-05-31,AAPL,41.8771324157715
2019-06-03,AAPL,41.4537544250488
2019-06-04,AAPL,42.9702911376953
2019-06-05,AAPL,43.6639747619629
2019-06-06,AAPL,44.3050422668457
2019-06-07,AAPL,45.4843063354492
2019-06-10,AAPL,46.0655708312988
2019-06-11,AAPL,46.5989875793457
2019-06-12,AAPL,46.4506797790527
2019-06-13,AAPL,46.4411125183106
2019-06-14,AAPL,46.1038322448731
2019-06-17,AAPL,46.3789215087891
2019-06-18,AAPL,47.4696731567383
2019-06-19,AAPL,47.330940246582
2019-06-20,AAPL,47.7112846374512
2019-06-21,AAPL,47.5486068725586
2019-06-24,AAPL,47.500789642334
2019-06-25,AAPL,46.7807807922363
2019-06-26,AAPL,47.7926063537598
2019-06-27,AAPL,47.7782440185547
2019-06-28,AAPL,47.3428955078125
2019-07-01,AAPL,48.2112045288086
2019-07-02,AAPL,48.493465423584
2019-07-03,AAPL,48.8953247070313
2019-07-05,AAPL,48.8522720336914
2019-07-08,AAPL,47.8452224731445
2019-07-09,AAPL,48.1370468139648
2019-07-10,AAPL,48.6130714416504
2019-07-11,AAPL,48.2590522766113
2019-07-12,AAPL,48.6298141479492
2019-07-15,AAPL,49.0866928100586
2019-07-16,AAPL,48.916862487793
2019-07-17,AAPL,48.6417770385742
2019-07-18,AAPL,49.1943206787109
2019-07-19,AAPL,48.4599761962891
2019-07-22,AAPL,49.5674896240234
2019-07-23,AAPL,49.9549865722656
2019-07-24,AAPL,49.9143295288086
2019-07-25,AAPL,49.5196342468262
2019-07-26,AAPL,49.6918678283691
2019-07-29,AAPL,50.1559181213379
2019-07-30,AAPL,49.9406394958496
2019-07-31,AAPL,50.9596366882324
2019-08-01,AAPL,49.8569145202637
2019-08-02,AAPL,48.8020362854004
2019-08-05,AAPL,46.2473564147949
2019-08-06,AAPL,47.1228370666504
2019-08-07,AAPL,47.6108016967773
2019-08-08,AAPL,48.6609039306641
2019-08-09,AAPL,48.2599182128906
2019-08-12,AAPL,48.1374549865723
2019-08-13,AAPL,50.1760063171387
2019-08-14,AAPL,48.6825180053711
2019-08-15,AAPL,48.4400100708008
2019-08-16,AAPL,49.5829429626465
2019-08-19,AAPL,50.5073661804199
2019-08-20,AAPL,50.5097618103027
2019-08-21,AAPL,51.0572204589844
2019-08-22,AAPL,51.0140113830566
2019-08-23,AAPL,48.6561012268066
2019-08-26,AAPL,49.5805282592773
2019-08-27,AAPL,49.0210685729981
2019-08-28,AAPL,49.3500289916992
2019-08-29,AAPL,50.1856117248535
2019-08-30,AAPL,50.1207809448242
2019-09-03,AAPL,49.3908500671387
2019-09-04,AAPL,50.2288322448731
2019-09-05,AAPL,51.2108840942383
2019-09-06,AAPL,51.2060661315918
2019-09-09,AAPL,51.4245872497559
2019-09-10,AAPL,52.0320625305176
2019-09-11,AAPL,53.6864280700684
2019-09-12,AAPL,53.5663757324219
2019-09-13,AAPL,52.5242919921875
2019-09-16,AAPL,52.8004264831543
2019-09-17,AAPL,52.9925003051758
2019-09-18,AAPL,53.4895362854004
2019-09-19,AAPL,53.0549392700195
2019-09-20,AAPL,52.2793922424316
2019-09-23,AAPL,52.5170860290527
2019-09-24,AAPL,52.2673645019531
2019-09-25,AAPL,53.0717468261719
2019-09-26,AAPL,52.7980194091797
2019-09-27,AAPL,52.5410957336426
2019-09-30,AAPL,53.7776794433594
2019-10-01,AAPL,53.9265403747559
2019-10-02,AAPL,52.5747299194336
2019-10-03,AAPL,53.0213241577148
2019-10-04,AAPL,54.5076103210449
2019-10-07,AAPL,54.5196113586426
2019-10-08,AAPL,53.8809242248535
2019-10-09,AAPL,54.5124168395996
2019-10-10,AAPL,55.2471466064453
2019-10-11,AAPL,56.7166328430176
2019-10-14,AAPL,56.6349906921387
2019-10-15,AAPL,56.5029373168945
2019-10-16,AAPL,56.2748222351074
2019-10-17,AAPL,56.4933395385742
2019-10-18,AAPL,56.7646636962891
2019-10-21,AAPL,57.7490997314453
2019-10-22,AAPL,57.6170501708984
2019-10-23,AAPL,58.3902130126953
2019-10-24,AAPL,58.486255645752
2019-10-25,AAPL,59.2065849304199
2019-10-28,AAPL,59.7996635437012
2019-10-29,AAPL,58.4166297912598
2019-10-30,AAPL,58.4094161987305
2019-10-31,AAPL,59.7300338745117
2019-11-01,AAPL,61.4252166748047
2019-11-04,AAPL,61.8286056518555
2019-11-05,AAPL,61.7397499084473
2019-11-06,AAPL,61.7661666870117
2019-11-07,AAPL,62.4790344238281
2019-11-08,AAPL,62.650016784668
2019-11-11,AAPL,63.1461334228516
2019-11-12,AAPL,63.0883331298828
2019-11-13,AAPL,63.6928176879883
2019-11-14,AAPL,63.2520980834961
2019-11-15,AAPL,64.0035095214844
2019-11-18,AAPL,64.3262252807617
2019-11-19,AAPL,64.1311264038086
2019-11-20,AAPL,63.3845596313477
2019-11-21,AAPL,63.1003837585449
2019-11-22,AAPL,63.0449867248535
2019-11-25,AAPL,64.1504058837891
2019-11-26,AAPL,63.6494827270508
2019-11-27,AAPL,64.5044174194336
2019-11-29,AAPL,64.3623275756836
2019-12-02,AAPL,63.6181602478027
2019-12-03,AAPL,62.4838371276856
2019-12-04,AAPL,63.0353317260742
2019-12-05,AAPL,63.9601249694824
2019-12-06,AAPL,65.1956100463867
2019-12-09,AAPL,64.2828521728516
2019-12-10,AAPL,64.6585464477539
2019-12-11,AAPL,65.2100601196289
2019-12-12,AAPL,65.3762588500977
2019-12-13,AAPL,66.2649154663086
2019-12-16,AAPL,67.3992233276367
2019-12-17,AAPL,67.5316925048828
2019-12-18,AAPL,67.3703231811523
2019-12-19,AAPL,67.4377822875977
2019-12-20,AAPL,67.2980651855469
2019-12-23,AAPL,68.3962707519531
2019-12-24,AAPL,68.461296081543
2019-12-26,AAPL,69.8195877075195
2019-12-27,AAPL,69.7931060791016
2019-12-30,AAPL,70.2073287963867
2019-12-31,AAPL,70.7202835083008
2020-01-02,AAPL,72.3338928222656
2020-01-03,AAPL,71.6306457519531
2020-01-06,AAPL,72.201416015625
2020-01-07,AAPL,71.8618469238281
2020-01-08,AAPL,73.0178298950195
2020-01-09,AAPL,74.5688018798828
2020-01-10,AAPL,74.7373657226563
2020-01-13,AAPL,76.3340835571289
2020-01-14,AAPL,75.3033142089844
2020-01-15,AAPL,74.9806137084961
2020-01-16,AAPL,75.9198684692383
2020-01-17,AAPL,76.760368347168
2020-01-21,AAPL,76.2401657104492
2020-01-22,AAPL,76.5122985839844
2020-01-23,AAPL,76.8807830810547
2020-01-24,AAPL,76.6592178344727
2020-01-27,AAPL,74.4050369262695
2020-01-28,AAPL,76.5099105834961
2020-01-29,AAPL,78.1114120483398
2020-01-30,AAPL,77.9982376098633
2020-01-31,AAPL,74.5398864746094
2020-02-03,AAPL,74.3352127075195
2020-02-04,AAPL,76.7892684936523
2020-02-05,AAPL,77.4154357910156
2020-02-06,AAPL,78.3209457397461
2020-02-07,AAPL,77.2563705444336
2020-02-10,AAPL,77.6232833862305
2020-02-11,AAPL,77.1549987792969
2020-02-12,AAPL,78.9872436523438
2020-02-13,AAPL,78.4247436523438
2020-02-14,AAPL,78.4440689086914
2020-02-18,AAPL,77.0077133178711
2020-02-19,AAPL,78.1230087280273
2020-02-20,AAPL,77.3215560913086
2020-02-21,AAPL,75.5713500976563
2020-02-24,AAPL,71.9817047119141
2020-02-25,AAPL,69.5435180664063
2020-02-26,AAPL,70.646728515625
2020-02-27,AAPL,66.0286865234375
2020-02-28,AAPL,65.9900512695313
2020-03-02,AAPL,72.1337661743164
2020-03-03,AAPL,69.8428573608398
2020-03-04,AAPL,73.0825042724609
2020-03-05,AAPL,70.7119140625
2020-03-06,AAPL,69.7728500366211
2020-03-09,AAPL,64.2543792724609
2020-03-10,AAPL,68.8820648193359
2020-03-11,AAPL,66.4897689819336
2020-03-12,AAPL,59.9235916137695
2020-03-13,AAPL,67.1029281616211
2020-03-16,AAPL,58.4703559875488
2020-03-17,AAPL,61.0412864685059
2020-03-18,AAPL,59.547004699707
2020-03-19,AAPL,59.090763092041
2020-03-20,AAPL,55.3393363952637
2020-03-23,AAPL,54.1637077331543
2020-03-24,AAPL,59.5976982116699
2020-03-25,AAPL,59.2693824768066
2020-03-26,AAPL,62.3883171081543
2020-03-27,AAPL,59.8052940368652
2020-03-30,AAPL,61.5120353698731
2020-03-31,AAPL,61.3864936828613
2020-04-01,AAPL,58.1565246582031
2020-04-02,AAPL,59.126953125
2020-04-03,AAPL,58.2772178649902
2020-04-06,AAPL,63.3611755371094
2020-04-07,AAPL,62.6273078918457
2020-04-08,AAPL,64.230224609375
2020-04-09,AAPL,64.693733215332
2020-04-13,AAPL,65.963493347168
2020-04-14,AAPL,69.2948684692383
2020-04-15,AAPL,68.6624069213867
2020-04-16,AAPL,69.2079620361328
2020-04-17,AAPL,68.268913269043
2020-04-20,AAPL,66.8518600463867
2020-04-21,AAPL,64.7854537963867
2020-04-22,AAPL,66.6515197753906
2020-04-23,AAPL,66.3932189941406
2020-04-24,AAPL,68.309944152832
2020-04-27,AAPL,68.3582305908203
2020-04-28,AAPL,67.2501831054688
2020-04-29,AAPL,69.4590072631836
2020-04-30,AAPL,70.9243469238281
2020-05-01,AAPL,69.7825164794922
2020-05-04,AAPL,70.7698669433594
2020-05-05,AAPL,71.8320159912109
2020-05-06,AAPL,72.573127746582
2020-05-07,AAPL,73.3238983154297
2020-05-08,AAPL,75.0691375732422
2020-05-11,AAPL,76.2503433227539
2020-05-12,AAPL,75.3789672851563
2020-05-13,AAPL,74.4688262939453
2020-05-14,AAPL,74.9263153076172
2020-05-15,AAPL,74.4833297729492
2020-05-18,AAPL,76.23828125
2020-05-19,AAPL,75.797721862793
2020-05-20,AAPL,77.271842956543
2020-05-21,AAPL,76.6957550048828
2020-05-22,AAPL,77.1895523071289
2020-05-26,AAPL,76.6667175292969
2020-05-27,AAPL,77.0007476806641
2020-05-28,AAPL,77.0346145629883
2020-05-29,AAPL,76.9595794677734
2020-06-01,AAPL,77.9060516357422
2020-06-02,AAPL,78.2667007446289
2020-06-03,AAPL,78.6975479125977
2020-06-04,AAPL,78.0198135375977
2020-06-05,AAPL,80.2419052124023
2020-06-08,AAPL,80.7163238525391
2020-06-09,AAPL,83.2651901245117
2020-06-10,AAPL,85.4073791503906
2020-06-11,AAPL,81.3069229125977
2020-06-12,AAPL,82.0088958740234
2020-06-15,AAPL,83.0231094360352
2020-06-16,AAPL,85.2234268188477
2020-06-17,AAPL,85.1048049926758
2020-06-18,AAPL,85.1386871337891
2020-06-19,AAPL,84.6521530151367
2020-06-22,AAPL,86.8669891357422
2020-06-23,AAPL,88.7211380004883
2020-06-24,AAPL,87.1550140380859
2020-06-25,AAPL,88.3120574951172
2020-06-26,AAPL,85.5986099243164
2020-06-29,AAPL,87.5713653564453
2020-06-30,AAPL,88.3023681640625
2020-07-01,AAPL,88.135368347168
2020-07-02,AAPL,88.135368347168
2020-07-06,AAPL,90.4930038452148
2020-07-07,AAPL,90.2122116088867
2020-07-08,AAPL,92.3132705688477
2020-07-09,AAPL,92.7102508544922
2020-07-10,AAPL,92.8724365234375
2020-07-13,AAPL,92.4439926147461
2020-07-14,AAPL,93.9737777709961
2020-07-15,AAPL,94.6200790405273
2020-07-16,AAPL,93.4557876586914
2020-07-17,AAPL,93.2669677734375
2020-07-20,AAPL,95.2324676513672
2020-07-21,AAPL,93.9181289672852
2020-07-22,AAPL,94.1819534301758
2020-07-23,AAPL,89.895133972168
2020-07-24,AAPL,89.6724472045898
2020-07-27,AAPL,91.7976989746094
2020-07-28,AAPL,90.289680480957
2020-07-29,AAPL,92.0203704833984
2020-07-30,AAPL,93.1338272094727
2020-07-31,AAPL,102.883888244629
2020-08-03,AAPL,105.476341247559
2020-08-04,AAPL,106.180709838867
2020-08-05,AAPL,106.565582275391
2020-08-06,AAPL,110.283569335938
2020-08-07,AAPL,107.776222229004
2020-08-10,AAPL,109.342720031738
2020-08-11,AAPL,106.090866088867
2020-08-12,AAPL,109.616714477539
2020-08-13,AAPL,111.556671142578
2020-08-14,AAPL,111.457237243652
2020-08-17,AAPL,111.166244506836
2020-08-18,AAPL,112.092559814453
2020-08-19,AAPL,112.23323059082
2020-08-20,AAPL,114.723625183105
2020-08-21,AAPL,120.635627746582
2020-08-24,AAPL,122.078460693359
2020-08-25,AAPL,121.076950073242
2020-08-26,AAPL,122.723472595215
2020-08-27,AAPL,121.256401062012
2020-08-28,AAPL,121.059989929199
2020-08-31,AAPL,125.165382385254
2020-09-01,AAPL,130.15104675293
2020-09-02,AAPL,127.454513549805
2020-09-03,AAPL,117.250419616699
2020-09-04,AAPL,117.328018188477
2020-09-08,AAPL,109.432426452637
2020-09-09,AAPL,113.797286987305
2020-09-10,AAPL,110.082321166992
2020-09-11,AAPL,108.637046813965
2020-09-14,AAPL,111.89616394043
2020-09-15,AAPL,112.070762634277
2020-09-16,AAPL,108.763145446777
2020-09-17,AAPL,107.026878356934
2020-09-18,AAPL,103.631965637207
2020-09-21,AAPL,106.774688720703
2020-09-22,AAPL,108.452743530273
2020-09-23,AAPL,103.903587341309
2020-09-24,AAPL,104.970558166504
2020-09-25,AAPL,108.908630371094
2020-09-28,AAPL,111.508171081543
2020-09-29,AAPL,110.664276123047
2020-09-30,AAPL,112.332649230957
2020-10-01,AAPL,113.283226013184
2020-10-02,AAPL,109.626403808594
2020-10-05,AAPL,113.001922607422
2020-10-06,AAPL,109.762214660645
2020-10-07,AAPL,111.624565124512
2020-10-08,AAPL,111.517883300781
2020-10-09,AAPL,113.457824707031
2020-10-12,AAPL,120.664741516113
2020-10-13,AAPL,117.463821411133
2020-10-14,AAPL,117.551109313965
2020-10-15,AAPL,117.085510253906
2020-10-16,AAPL,115.446281433105
2020-10-19,AAPL,112.497543334961
2020-10-20,AAPL,113.98161315918
2020-10-21,AAPL,113.360832214355
2020-10-22,AAPL,112.274429321289
2020-10-23,AAPL,111.585762023926
2020-10-26,AAPL,111.595474243164
2020-10-27,AAPL,113.098922729492
2020-10-28,AAPL,107.861045837402
2020-10-29,AAPL,111.857368469238
2020-10-30,AAPL,105.591331481934
2020-11-02,AAPL,105.504043579102
2020-11-03,AAPL,107.123893737793
2020-11-04,AAPL,111.498481750488
2020-11-05,AAPL,115.455978393555
2020-11-06,AAPL,115.324798583984
2020-11-09,AAPL,113.021995544434
2020-11-10,AAPL,112.681907653809
2020-11-11,AAPL,116.102127075195
2020-11-12,AAPL,115.830032348633
2020-11-13,AAPL,115.878631591797
2020-11-16,AAPL,116.889137268066
2020-11-17,AAPL,116.004943847656
2020-11-18,AAPL,114.68350982666
2020-11-19,AAPL,115.276191711426
2020-11-20,AAPL,114.013061523438
2020-11-23,AAPL,110.622039794922
2020-11-24,AAPL,111.904602050781
2020-11-25,AAPL,112.740211486816
2020-11-27,AAPL,113.28434753418
2020-11-30,AAPL,115.674598693848
2020-12-01,AAPL,119.240531921387
2020-12-02,AAPL,119.590324401855
2020-12-03,AAPL,119.454292297363
2020-12-04,AAPL,118.78385925293
2020-12-07,AAPL,120.241317749023
2020-12-08,AAPL,120.853424072266
2020-12-09,AAPL,118.327186584473
2020-12-10,AAPL,119.745796203613
2020-12-11,AAPL,118.939315795898
2020-12-14,AAPL,118.327186584473
2020-12-15,AAPL,124.25422668457
2020-12-16,AAPL,124.18620300293
2020-12-17,AAPL,125.050979614258
2020-12-18,AAPL,123.068832397461
2020-12-21,AAPL,124.594306945801
2020-12-22,AAPL,128.140823364258
2020-12-23,AAPL,127.246925354004
2020-12-24,AAPL,128.228256225586
2020-12-28,AAPL,132.814422607422
2020-12-29,AAPL,131.04606628418
2020-12-30,AAPL,129.928634643555
2020-12-31,AAPL,128.927825927734
2021-01-04,AAPL,125.740837097168
2021-01-05,AAPL,127.295486450195
2021-01-06,AAPL,123.010520935059
2021-01-07,AAPL,127.208053588867
2021-01-08,AAPL,128.305999755859
2021-01-11,AAPL,125.323020935059
2021-01-12,AAPL,125.148147583008
2021-01-13,AAPL,127.178855895996
2021-01-14,AAPL,125.255035400391
2021-01-15,AAPL,123.535217285156
2021-01-19,AAPL,124.20565032959
2021-01-20,AAPL,128.286544799805
2021-01-21,AAPL,132.989364624023
2021-01-22,AAPL,135.126953125
2021-01-25,AAPL,138.867797851563
2021-01-26,AAPL,139.101013183594
2021-01-27,AAPL,138.0322265625
2021-01-28,AAPL,133.203125
2021-01-29,AAPL,128.218536376953
2021-02-01,AAPL,130.33674621582
2021-02-02,AAPL,131.162673950195
2021-02-03,AAPL,130.142379760742
2021-02-04,AAPL,133.494613647461
2021-02-05,AAPL,133.081039428711
2021-02-08,AAPL,133.226974487305
2021-02-09,AAPL,132.351181030273
2021-02-10,AAPL,131.747833251953
2021-02-11,AAPL,131.494857788086
2021-02-12,AAPL,131.728439331055
2021-02-16,AAPL,129.607055664063
2021-02-17,AAPL,127.320281982422
2021-02-18,AAPL,126.220703125
2021-02-19,AAPL,126.376373291016
2021-02-22,AAPL,122.610488891602
2021-02-23,AAPL,122.474243164063
2021-02-24,AAPL,121.977973937988
2021-02-25,AAPL,117.735252380371
2021-02-26,AAPL,117.997970581055
2021-03-01,AAPL,124.352310180664
2021-03-02,AAPL,121.75414276123
2021-03-03,AAPL,118.776466369629
2021-03-04,AAPL,116.898384094238
2021-03-05,AAPL,118.153671264648
2021-03-08,AAPL,113.229820251465
2021-03-09,AAPL,117.832542419434
2021-03-10,AAPL,116.75244140625
2021-03-11,AAPL,118.679145812988
2021-03-12,AAPL,117.774154663086
2021-03-15,AAPL,120.654541015625
2021-03-16,AAPL,122.192047119141
2021-03-17,AAPL,121.403831481934
2021-03-18,AAPL,117.287605285645
2021-03-19,AAPL,116.762161254883
2021-03-22,AAPL,120.070686340332
2021-03-23,AAPL,119.24356842041
2021-03-24,AAPL,116.859466552734
2021-03-25,AAPL,117.346031188965
2021-03-26,AAPL,117.949333190918
2021-03-29,AAPL,118.124481201172
2021-03-30,AAPL,116.674575805664
2021-03-31,AAPL,118.864044189453
2021-04-01,AAPL,119.691177368164
2021-04-05,AAPL,122.513168334961
2021-04-06,AAPL,122.814834594727
2021-04-07,AAPL,124.459381103516
2021-04-08,AAPL,126.853172302246
2021-04-09,AAPL,129.422180175781
2021-04-12,AAPL,127.709548950195
2021-04-13,AAPL,130.813674926758
2021-04-14,AAPL,128.478256225586
2021-04-15,AAPL,130.881820678711
2021-04-16,AAPL,130.550979614258
2021-04-19,AAPL,131.212692260742
2021-04-20,AAPL,129.529251098633
2021-04-21,AAPL,129.908737182617
2021-04-22,AAPL,128.390686035156
2021-04-23,AAPL,130.706649780273
2021-04-26,AAPL,131.095886230469
2021-04-27,AAPL,130.774826049805
2021-04-28,AAPL,129.986572265625
2021-04-29,AAPL,129.889236450195
2021-04-30,AAPL,127.923606872559
2021-05-03,AAPL,128.974533081055
2021-05-04,AAPL,124.41072845459
2021-05-05,AAPL,124.654006958008
2021-05-06,AAPL,126.249877929688
2021-05-07,AAPL,126.92244720459
2021-05-10,AAPL,123.647270202637
2021-05-11,AAPL,122.731025695801
2021-05-12,AAPL,119.670295715332
2021-05-13,AAPL,121.814735412598
2021-05-14,AAPL,124.232124328613
2021-05-17,AAPL,123.081916809082
2021-05-18,AAPL,121.697761535645
2021-05-19,AAPL,121.541801452637
2021-05-20,AAPL,124.095649719238
2021-05-21,AAPL,122.263137817383
2021-05-24,AAPL,123.890968322754
2021-05-25,AAPL,123.696006774902
2021-05-26,AAPL,123.647270202637
2021-05-27,AAPL,122.116928100586
2021-05-28,AAPL,121.463851928711
2021-06-01,AAPL,121.142158508301
2021-06-02,AAPL,121.902465820313
2021-06-03,AAPL,120.420852661133
2021-06-04,AAPL,122.711532592773
2021-06-07,AAPL,122.721267700195
2021-06-08,AAPL,123.540054321289
2021-06-09,AAPL,123.920204162598
2021-06-10,AAPL,122.925964355469
2021-06-11,AAPL,124.134658813477
2021-06-14,AAPL,127.185615539551
2021-06-15,AAPL,126.366844177246
2021-06-16,AAPL,126.86393737793
2021-06-17,AAPL,128.462539672852
2021-06-18,AAPL,127.166145324707
2021-06-21,AAPL,128.959701538086
2021-06-22,AAPL,130.597259521484
2021-06-23,AAPL,130.324295043945
2021-06-24,AAPL,130.04167175293
2021-06-25,AAPL,129.749252319336
2021-06-28,AAPL,131.377044677734
2021-06-29,AAPL,132.887954711914
2021-06-30,AAPL,133.502029418945
2021-07-01,AAPL,133.804153442383
2021-07-02,AAPL,136.426284790039
2021-07-06,AAPL,138.43424987793
2021-07-07,AAPL,140.919891357422
2021-07-08,AAPL,139.623458862305
2021-07-09,AAPL,141.446258544922
2021-07-12,AAPL,140.851638793945
2021-07-13,AAPL,141.962860107422
2021-07-14,AAPL,145.384262084961
2021-07-15,AAPL,144.731170654297
2021-07-16,AAPL,142.693908691406
2021-07-19,AAPL,138.853393554688
2021-07-20,AAPL,142.460006713867
2021-07-21,AAPL,141.728927612305
2021-07-22,AAPL,143.093551635742
2021-07-23,AAPL,144.809143066406
2021-07-26,AAPL,145.228302001953
2021-07-27,AAPL,143.064346313477
2021-07-28,AAPL,141.319519042969
2021-07-29,AAPL,141.962860107422
2021-07-30,AAPL,142.177322387695
2021-08-02,AAPL,141.845916748047
2021-08-03,AAPL,143.639419555664
2021-08-04,AAPL,143.239791870117
2021-08-05,AAPL,143.34700012207
2021-08-06,AAPL,142.663635253906
2021-08-09,AAPL,142.614868164063
2021-08-10,AAPL,142.136505126953
2021-08-11,AAPL,142.390335083008
2021-08-12,AAPL,145.348281860352
2021-08-13,AAPL,145.553253173828
2021-08-16,AAPL,147.525192260742
2021-08-17,AAPL,146.617324829102
2021-08-18,AAPL,142.878479003906
2021-08-19,AAPL,143.210357666016
2021-08-20,AAPL,144.664901733398
2021-08-23,AAPL,146.148742675781
2021-08-24,AAPL,146.060913085938
2021-08-25,AAPL,144.830902099609
2021-08-26,AAPL,144.030410766602
2021-08-27,AAPL,145.065155029297
2021-08-30,AAPL,149.477645874023
2021-08-31,AAPL,148.218353271484
2021-09-01,AAPL,148.882141113281
2021-09-02,AAPL,149.994979858398
2021-09-03,AAPL,150.62956237793
2021-09-07,AAPL,152.962677001953
2021-09-08,AAPL,151.420288085938
2021-09-09,AAPL,150.405075073242
2021-09-10,AAPL,145.426361083984
2021-09-13,AAPL,145.992568969727
2021-09-14,AAPL,144.596557617188
2021-09-15,AAPL,145.484909057617
2021-09-16,AAPL,145.250640869141
2021-09-17,AAPL,142.585571289063
2021-09-20,AAPL,139.539825439453
2021-09-21,AAPL,140.018112182617
2021-09-22,AAPL,142.380554199219
2021-09-23,AAPL,143.337295532227
2021-09-24,AAPL,143.425109863281
2021-09-27,AAPL,141.912002563477
2021-09-28,AAPL,138.534271240234
2021-09-29,AAPL,139.432418823242
2021-09-30,AAPL,138.134048461914
2021-10-01,AAPL,139.256637573242
2021-10-04,AAPL,135.830184936523
2021-10-05,AAPL,137.753341674805
2021-10-06,AAPL,138.622177124023
2021-10-07,AAPL,139.881439208984
2021-10-08,AAPL,139.500747680664
2021-10-11,AAPL,139.412872314453
2021-10-12,AAPL,138.143829345703
2021-10-13,AAPL,137.558074951172
2021-10-14,AAPL,140.340301513672
2021-10-15,AAPL,141.394577026367
2021-10-18,AAPL,143.063949584961
2021-10-19,AAPL,145.221374511719
2021-10-20,AAPL,145.709426879883
2021-10-21,AAPL,145.924209594727
2021-10-22,AAPL,145.153015136719
2021-10-25,AAPL,145.104202270508
2021-10-26,AAPL,145.768035888672
2021-10-27,AAPL,145.309188842773
2021-10-28,AAPL,148.94075012207
2021-10-29,AAPL,146.236602783203
2021-11-01,AAPL,145.416595458984
2021-11-02,AAPL,146.451370239258
2021-11-03,AAPL,147.886428833008
2021-11-04,AAPL,147.369018554688
2021-11-05,AAPL,147.896942138672
2021-11-08,AAPL,147.075714111328
2021-11-09,AAPL,147.437438964844
2021-11-10,AAPL,144.612045288086
2021-11-11,AAPL,144.563171386719
2021-11-12,AAPL,146.635787963867
2021-11-15,AAPL,146.645553588867
2021-11-16,AAPL,147.62321472168
2021-11-17,AAPL,150.057510375977
2021-11-18,AAPL,154.339538574219
2021-11-19,AAPL,156.959625244141
2021-11-22,AAPL,157.41911315918
2021-11-23,AAPL,157.800399780273
2021-11-24,AAPL,158.31852722168
2021-11-26,AAPL,153.303283691406
2021-11-29,AAPL,156.656555175781
2021-11-30,AAPL,161.603424072266
2021-12-01,AAPL,161.085266113281
2021-12-02,AAPL,160.097793579102
2021-12-03,AAPL,158.220779418945
2021-12-06,AAPL,161.622940063477
2021-12-07,AAPL,167.35188293457
2021-12-08,AAPL,171.164672851563
2021-12-09,AAPL,170.656311035156
2021-12-10,AAPL,175.43701171875
2021-12-13,AAPL,171.809951782227
2021-12-14,AAPL,170.43147277832
2021-12-15,AAPL,175.290344238281
2021-12-16,AAPL,168.407745361328
2021-12-17,AAPL,167.312805175781
2021-12-20,AAPL,165.953918457031
2021-12-21,AAPL,169.121475219727
2021-12-22,AAPL,171.712173461914
2021-12-23,AAPL,172.337829589844
2021-12-27,AAPL,176.297271728516
2021-12-28,AAPL,175.280517578125
2021-12-29,AAPL,175.368530273438
2021-12-30,AAPL,174.214904785156
2021-12-31,AAPL,173.598999023438
2022-01-03,AAPL,177.939697265625
2022-01-04,AAPL,175.681381225586
2022-01-05,AAPL,171.008285522461
2022-01-06,AAPL,168.153564453125
2022-01-07,AAPL,168.319778442383
2022-01-10,AAPL,168.339294433594
2022-01-11,AAPL,171.164672851563
2022-01-12,AAPL,171.604644775391
2022-01-13,AAPL,168.339294433594
2022-01-14,AAPL,169.199645996094
2022-01-18,AAPL,166.002746582031
2022-01-19,AAPL,162.512603759766
2022-01-20,AAPL,160.8310546875
2022-01-21,AAPL,158.778030395508
2022-01-24,AAPL,158.005722045898
2022-01-25,AAPL,156.206848144531
2022-01-26,AAPL,156.118865966797
2022-01-27,AAPL,155.659423828125
2022-01-28,AAPL,166.520889282227
2022-01-31,AAPL,170.871398925781
2022-02-01,AAPL,170.705215454102
2022-02-02,AAPL,171.90771484375
2022-02-03,AAPL,169.033432006836
2022-02-04,AAPL,168.749572753906
2022-02-07,AAPL,168.03498840332
2022-02-08,AAPL,171.13801574707
2022-02-09,AAPL,172.557403564453
2022-02-10,AAPL,168.485290527344
2022-02-11,AAPL,165.078765869141
2022-02-14,AAPL,165.313705444336
2022-02-15,AAPL,169.141098022461
2022-02-16,AAPL,168.906173706055
2022-02-17,AAPL,165.313705444336
2022-02-18,AAPL,163.767044067383
2022-02-22,AAPL,160.850021362305
2022-02-23,AAPL,156.689758300781
2022-02-24,AAPL,159.30339050293
2022-02-25,AAPL,161.368850708008
2022-02-28,AAPL,161.633087158203
2022-03-01,AAPL,159.753631591797
2022-03-02,AAPL,163.042724609375
2022-03-03,AAPL,162.719696044922
2022-03-04,AAPL,159.724273681641
2022-03-07,AAPL,155.935974121094
2022-03-08,AAPL,154.115280151367
2022-03-09,AAPL,159.508911132813
2022-03-10,AAPL,155.172485351563
2022-03-11,AAPL,151.462509155273
2022-03-14,AAPL,147.439300537109
2022-03-15,AAPL,151.814910888672
2022-03-16,AAPL,156.219863891602
2022-03-17,AAPL,157.228149414063
2022-03-18,AAPL,160.517181396484
2022-03-21,AAPL,161.887649536133
2022-03-22,AAPL,165.254974365234
2022-03-23,AAPL,166.615631103516
2022-03-24,AAPL,170.394104003906
2022-03-25,AAPL,171.030380249023
2022-03-28,AAPL,171.891784667969
2022-03-29,AAPL,175.18083190918
2022-03-30,AAPL,174.015975952148
2022-03-31,AAPL,170.922714233398
2022-04-01,AAPL,170.629028320313
2022-04-04,AAPL,174.671829223633
2022-04-05,AAPL,171.363189697266
2022-04-06,AAPL,168.201385498047
2022-04-07,AAPL,168.504867553711
2022-04-08,AAPL,166.498123168945
2022-04-11,AAPL,162.249816894531
2022-04-12,AAPL,164.119491577148
2022-04-13,AAPL,166.801620483398
2022-04-14,AAPL,161.799499511719
2022-04-18,AAPL,161.58415222168
2022-04-19,AAPL,163.864944458008
2022-04-20,AAPL,163.698501586914
2022-04-21,AAPL,162.905670166016
2022-04-22,AAPL,158.373413085938
2022-04-25,AAPL,159.440414428711
2022-04-26,AAPL,153.488830566406
2022-04-27,AAPL,153.263641357422
2022-04-28,AAPL,160.184371948242
2022-04-29,AAPL,154.320861816406
2022-05-02,AAPL,154.62434387207
2022-05-03,AAPL,156.112213134766
2022-05-04,AAPL,162.514099121094
2022-05-05,AAPL,153.459426879883
2022-05-06,AAPL,154.184860229492
2022-05-09,AAPL,149.067565917969
2022-05-10,AAPL,151.46940612793
2022-05-11,AAPL,143.617004394531
2022-05-12,AAPL,139.754501342773
2022-05-13,AAPL,144.214996337891
2022-05-16,AAPL,142.675918579102
2022-05-17,AAPL,146.30305480957
2022-05-18,AAPL,138.048767089844
2022-05-19,AAPL,134.647048950195
2022-05-20,AAPL,134.882354736328
2022-05-23,AAPL,140.293731689453
2022-05-24,AAPL,137.59782409668
2022-05-25,AAPL,137.754684448242
2022-05-26,AAPL,140.950531005859
2022-05-27,AAPL,146.695220947266
2022-05-31,AAPL,145.910934448242
2022-06-01,AAPL,145.783493041992
2022-06-02,AAPL,148.234329223633
2022-06-03,AAPL,142.519058227539
2022-06-06,AAPL,143.264099121094
2022-06-07,AAPL,145.783493041992
2022-06-08,AAPL,145.048278808594
2022-06-09,AAPL,139.832962036133
2022-06-10,AAPL,134.431427001953
2022-06-13,AAPL,129.284729003906
2022-06-14,AAPL,130.147384643555
2022-06-15,AAPL,132.764846801758
2022-06-16,AAPL,127.500534057617
2022-06-17,AAPL,128.97102355957
2022-06-21,AAPL,133.196166992188
2022-06-22,AAPL,132.686447143555
2022-06-23,AAPL,135.54899597168
2022-06-24,AAPL,138.872299194336
2022-06-27,AAPL,138.872299194336
2022-06-28,AAPL,134.735275268555
2022-06-29,AAPL,136.490097045898
2022-06-30,AAPL,134.02946472168
2022-07-01,AAPL,136.195953369141
2022-07-05,AAPL,138.77424621582
2022-07-06,AAPL,140.107467651367
2022-07-07,AAPL,143.469940185547
2022-07-08,AAPL,144.146408081055
2022-07-11,AAPL,142.019088745117
2022-07-12,AAPL,142.989608764648
2022-07-13,AAPL,142.626892089844
2022-07-14,AAPL,145.548263549805
2022-07-15,AAPL,147.214797973633
2022-07-18,AAPL,144.175811767578
2022-07-19,AAPL,148.028457641602
2022-07-20,AAPL,150.0283203125
2022-07-21,AAPL,152.292877197266
2022-07-22,AAPL,151.057632446289
2022-07-25,AAPL,149.940078735352
2022-07-26,AAPL,148.616653442383
2022-07-27,AAPL,153.704483032227
2022-07-28,AAPL,154.253524780273
2022-07-29,AAPL,159.311950683594
2022-08-01,AAPL,158.331634521484
2022-08-02,AAPL,156.86116027832
2022-08-03,AAPL,162.860733032227
2022-08-04,AAPL,162.546997070313
2022-08-05,AAPL,162.321228027344
2022-08-08,AAPL,161.850021362305
2022-08-09,AAPL,161.89909362793
2022-08-10,AAPL,166.139984130859
2022-08-11,AAPL,165.403701782227
2022-08-12,AAPL,168.947570800781
2022-08-15,AAPL,170.017623901367
2022-08-16,AAPL,169.860549926758
2022-08-17,AAPL,171.352676391602
2022-08-18,AAPL,170.960021972656
2022-08-19,AAPL,168.378204345703
2022-08-22,AAPL,164.500564575195
2022-08-23,AAPL,164.166778564453
2022-08-24,AAPL,164.461273193359
2022-08-25,AAPL,166.915466308594
2022-08-26,AAPL,160.622909545898
2022-08-29,AAPL,158.423934936523
2022-08-30,AAPL,155.999176025391
2022-08-31,AAPL,154.340133666992
2022-09-01,AAPL,155.066589355469
2022-09-02,AAPL,152.955932617188
2022-09-06,AAPL,151.69938659668
2022-09-07,AAPL,153.103210449219
2022-09-08,AAPL,151.63069152832
2022-09-09,AAPL,154.487380981445
2022-09-12,AAPL,160.436386108398
2022-09-13,AAPL,151.022033691406
2022-09-14,AAPL,152.465103149414
2022-09-15,AAPL,149.578979492188
2022-09-16,AAPL,147.939559936523
2022-09-19,AAPL,151.650299072266
2022-09-20,AAPL,154.025985717773
2022-09-21,AAPL,150.904251098633
2022-09-22,AAPL,149.942199707031
2022-09-23,AAPL,147.674514770508
2022-09-26,AAPL,148.00830078125
2022-09-27,AAPL,148.980163574219
2022-09-28,AAPL,147.095321655273
2022-09-29,AAPL,139.870132446289
2022-09-30,AAPL,135.668518066406
2022-10-03,AAPL,139.840698242188
2022-10-04,AAPL,143.423828125
2022-10-05,AAPL,143.718307495117
2022-10-06,AAPL,142.76611328125
2022-10-07,AAPL,137.523910522461
2022-10-10,AAPL,137.847900390625
2022-10-11,AAPL,136.43424987793
2022-10-12,AAPL,135.805969238281
2022-10-13,AAPL,140.370788574219
2022-10-14,AAPL,135.845260620117
2022-10-17,AAPL,139.801467895508
2022-10-18,AAPL,141.11686706543
2022-10-19,AAPL,141.224868774414
2022-10-20,AAPL,140.763473510742
2022-10-21,AAPL,144.572402954102
2022-10-24,AAPL,146.712432861328
2022-10-25,AAPL,149.549530029297
2022-10-26,AAPL,146.614288330078
2022-10-27,AAPL,142.14762878418
2022-10-28,AAPL,152.887252807617
2022-10-31,AAPL,150.531188964844
2022-11-01,AAPL,147.890472412109
2022-11-02,AAPL,142.373428344727
2022-11-03,AAPL,136.336090087891
2022-11-04,AAPL,136.070602416992
2022-11-07,AAPL,136.601577758789
2022-11-08,AAPL,137.171890258789
2022-11-09,AAPL,132.619171142578
2022-11-10,AAPL,144.418884277344
2022-11-11,AAPL,147.201675415039
2022-11-14,AAPL,145.805358886719
2022-11-15,AAPL,147.535995483398
2022-11-16,AAPL,146.306854248047
2022-11-17,AAPL,148.204650878906
2022-11-18,AAPL,148.765121459961
2022-11-21,AAPL,145.539886474609
2022-11-22,AAPL,147.67366027832
2022-11-23,AAPL,148.548828125
2022-11-25,AAPL,145.63818359375
2022-11-28,AAPL,141.813140869141
2022-11-29,AAPL,138.814025878906
2022-11-30,AAPL,145.559539794922
2022-12-01,AAPL,145.834854125977
2022-12-02,AAPL,145.343200683594
2022-12-05,AAPL,144.182922363281
2022-12-06,AAPL,140.525009155273
2022-12-07,AAPL,138.587860107422
2022-12-08,AAPL,140.269348144531
2022-12-09,AAPL,139.787506103516
2022-12-12,AAPL,142.07861328125
2022-12-13,AAPL,143.042236328125
2022-12-14,AAPL,140.819976806641
2022-12-15,AAPL,134.221939086914
2022-12-16,AAPL,132.265151977539
2022-12-19,AAPL,130.160873413086
2022-12-20,AAPL,130.092071533203
2022-12-21,AAPL,133.189483642578
2022-12-22,AAPL,130.023239135742
2022-12-23,AAPL,129.659393310547
2022-12-27,AAPL,127.859931945801
2022-12-28,AAPL,123.9365234375
2022-12-29,AAPL,127.446929931641
2022-12-30,AAPL,127.761596679688
2023-01-03,AAPL,122.982719421387
2023-01-04,AAPL,124.251182556152
2023-01-05,AAPL,122.933547973633
2023-01-06,AAPL,127.456764221191
2023-01-09,AAPL,127.977935791016
2023-01-10,AAPL,128.548278808594
2023-01-11,AAPL,131.262222290039
2023-01-12,AAPL,131.183547973633
2023-01-13,AAPL,132.510986328125
2023-01-17,AAPL,133.671279907227
2023-01-18,AAPL,132.953521728516
2023-01-19,AAPL,133.012512207031
2023-01-20,AAPL,135.569107055664
2023-01-23,AAPL,138.755004882813
2023-01-24,AAPL,140.151290893555
2023-01-25,AAPL,139.492492675781
2023-01-26,AAPL,141.557495117188
2023-01-27,AAPL,143.494552612305
2023-01-30,AAPL,140.613464355469
2023-01-31,AAPL,141.881973266602
2023-02-01,AAPL,143.002944946289
2023-02-02,AAPL,148.302978515625
2023-02-03,AAPL,151.921569824219
2023-02-06,AAPL,149.197799682617
2023-02-07,AAPL,152.069061279297
2023-02-08,AAPL,149.384613037109
2023-02-09,AAPL,148.352127075195
2023-02-10,AAPL,148.716522216797
2023-02-13,AAPL,151.513397216797
2023-02-14,AAPL,150.873275756836
2023-02-15,AAPL,152.970916748047
2023-02-16,AAPL,151.375503540039
2023-02-17,AAPL,150.233123779297
2023-02-21,AAPL,146.224945068359
2023-02-22,AAPL,146.648406982422
2023-02-23,AAPL,147.130950927734
2023-02-24,AAPL,144.481842041016
2023-02-27,AAPL,145.673431396484
2023-02-28,AAPL,145.171234130859
2023-03-01,AAPL,143.103073120117
2023-03-02,AAPL,143.693984985352
2023-03-03,AAPL,148.736221313477
2023-03-06,AAPL,151.493728637695
2023-03-07,AAPL,149.297592163086
2023-03-08,AAPL,150.548278808594
2023-03-09,AAPL,148.30290222168
2023-03-10,AAPL,146.244644165039
2023-03-13,AAPL,148.18473815918
2023-03-14,AAPL,150.272537231445
2023-03-15,AAPL,150.666473388672
2023-03-16,AAPL,153.483016967773
2023-03-17,AAPL,152.645889282227
2023-03-20,AAPL,155.009475708008
2023-03-21,AAPL,156.860931396484
2023-03-22,AAPL,155.432968139648
2023-03-23,AAPL,156.516235351563
2023-03-24,AAPL,157.816177368164
2023-03-27,AAPL,155.876113891602
2023-03-28,AAPL,155.255676269531
2023-03-29,AAPL,158.328262329102
2023-03-30,AAPL,159.894134521484
2023-03-31,AAPL,162.395553588867
2023-04-03,AAPL,163.646286010742
2023-04-04,AAPL,163.114501953125
2023-04-05,AAPL,161.272857666016
2023-04-06,AAPL,162.159210205078
2023-04-10,AAPL,159.569183349609
2023-04-11,AAPL,158.357849121094
2023-04-12,AAPL,157.668487548828
2023-04-13,AAPL,163.045532226563
2023-04-14,AAPL,162.700866699219
2023-04-17,AAPL,162.72053527832
2023-04-18,AAPL,163.941741943359
2023-04-19,AAPL,165.084136962891
2023-04-20,AAPL,164.119003295898
2023-04-21,AAPL,162.513717651367
2023-04-24,AAPL,162.819030761719
2023-04-25,AAPL,161.282730102539
2023-04-26,AAPL,161.272857666016
2023-04-27,AAPL,165.852264404297
2023-04-28,AAPL,167.102966308594
2023-05-01,AAPL,167.014343261719
2023-05-02,AAPL,165.980270385742
2023-05-03,AAPL,164.906799316406
2023-05-04,AAPL,163.272064208984
2023-05-05,AAPL,170.933898925781
2023-05-08,AAPL,170.864974975586
2023-05-09,AAPL,169.161285400391
2023-05-10,AAPL,170.924041748047
2023-05-11,AAPL,171.111175537109
2023-05-12,AAPL,170.184173583984
2023-05-15,AAPL,169.691101074219
2023-05-16,AAPL,169.691101074219
2023-05-17,AAPL,170.302490234375
2023-05-18,AAPL,172.6298828125
2023-05-19,AAPL,172.738342285156
2023-05-22,AAPL,171.791641235352
2023-05-23,AAPL,169.188125610352
2023-05-24,AAPL,169.464248657227
2023-05-25,AAPL,170.598388671875
2023-05-26,AAPL,173.004608154297
2023-05-30,AAPL,174.848785400391
2023-05-31,AAPL,174.799468994141
2023-06-01,AAPL,177.600173950195
2023-06-02,AAPL,178.448287963867
2023-06-05,AAPL,177.097244262695
2023-06-06,AAPL,176.732360839844
2023-06-07,AAPL,175.361557006836
2023-06-08,AAPL,178.073547363281
2023-06-09,AAPL,178.458145141602
2023-06-12,AAPL,181.2490234375
2023-06-13,AAPL,180.775665283203
2023-06-14,AAPL,181.406845092773
2023-06-15,AAPL,183.438339233398
2023-06-16,AAPL,182.363388061523
2023-06-20,AAPL,182.4521484375
2023-06-21,AAPL,181.41667175293
2023-06-22,AAPL,184.414657592773
2023-06-23,AAPL,184.099075317383
2023-06-26,AAPL,182.708572387695
2023-06-27,AAPL,185.459991455078
2023-06-28,AAPL,186.633529663086
2023-06-29,AAPL,186.968841552734
2023-06-30,AAPL,191.288269042969
2023-07-03,AAPL,189.79914855957
2023-07-05,AAPL,188.684783935547
2023-07-06,AAPL,189.158126831055
2023-07-07,AAPL,188.04377746582
2023-07-10,AAPL,186.00244140625
2023-07-11,AAPL,185.479721069336
2023-07-12,AAPL,187.146362304688
2023-07-13,AAPL,187.905700683594
2023-07-14,AAPL,188.053619384766
2023-07-17,AAPL,191.307998657227
2023-07-18,AAPL,191.05158996582
2023-07-19,AAPL,192.402679443359
2023-07-20,AAPL,190.459884643555
2023-07-21,AAPL,189.286346435547
2023-07-24,AAPL,190.085144042969
2023-07-25,AAPL,190.943115234375
2023-07-26,AAPL,191.810989379883
2023-07-27,AAPL,190.54866027832
2023-07-28,AAPL,193.122573852539
2023-07-31,AAPL,193.733993530273
2023-08-01,AAPL,192.905624389648
2023-08-02,AAPL,189.917526245117
2023-08-03,AAPL,188.526992797852
2023-08-04,AAPL,179.473937988281
2023-08-07,AAPL,176.377334594727
2023-08-08,AAPL,177.314193725586
2023-08-09,AAPL,175.726440429688
2023-08-10,AAPL,175.509490966797
2023-08-11,AAPL,175.568740844727
2023-08-14,AAPL,177.217864990234
2023-08-15,AAPL,175.233032226563
2023-08-16,AAPL,174.363983154297
2023-08-17,AAPL,171.826095581055
2023-08-18,AAPL,172.309982299805
2023-08-21,AAPL,173.643112182617
2023-08-22,AAPL,175.015762329102
2023-08-23,AAPL,178.857162475586
2023-08-24,AAPL,174.176361083984
2023-08-25,AAPL,176.378479003906
2023-08-28,AAPL,177.938766479492
2023-08-29,AAPL,181.81965637207
2023-08-30,AAPL,185.305572509766
2023-08-31,AAPL,185.522811889648
2023-09-01,AAPL,187.092971801758
2023-09-05,AAPL,187.329940795898
2023-09-06,AAPL,180.624786376953
2023-09-07,AAPL,175.34162902832
2023-09-08,AAPL,175.953887939453
2023-09-11,AAPL,177.119140625
2023-09-12,AAPL,174.097381591797
2023-09-13,AAPL,172.033477783203
2023-09-14,AAPL,173.544372558594
2023-09-15,AAPL,172.823486328125
2023-09-18,AAPL,175.746505737305
2023-09-19,AAPL,176.832763671875
2023-09-20,AAPL,173.297500610352
2023-09-21,AAPL,171.756973266602
2023-09-22,AAPL,172.606216430664
2023-09-25,AAPL,173.880096435547
2023-09-26,AAPL,169.811584472656
2023-09-27,AAPL,168.300689697266
2023-09-28,AAPL,168.557434082031
2023-09-29,AAPL,169.07096862793
2023-10-02,AAPL,171.579208374023
2023-10-03,AAPL,170.246078491211
2023-10-04,AAPL,171.490356445313
2023-10-05,AAPL,172.724746704102
2023-10-06,AAPL,175.272506713867
2023-10-09,AAPL,176.753768920898
2023-10-10,AAPL,176.161254882813
2023-10-11,AAPL,177.553634643555
2023-10-12,AAPL,178.452270507813
2023-10-13,AAPL,176.615509033203
2023-10-16,AAPL,176.48713684082
2023-10-17,AAPL,174.936706542969
2023-10-18,AAPL,173.643112182617
2023-10-19,AAPL,173.267852783203
2023-10-20,AAPL,170.720108032227
2023-10-23,AAPL,170.838607788086
2023-10-24,AAPL,171.273101806641
2023-10-25,AAPL,168.962356567383
2023-10-26,AAPL,164.804916381836
2023-10-27,AAPL,166.118301391602
2023-10-30,AAPL,168.162460327148
2023-10-31,AAPL,168.636444091797
2023-11-01,AAPL,171.796463012695
2023-11-02,AAPL,175.351501464844
2023-11-03,AAPL,174.442977905273
2023-11-06,AAPL,176.990753173828
2023-11-07,AAPL,179.548416137695
2023-11-08,AAPL,180.605056762695
2023-11-09,AAPL,180.131042480469
2023-11-10,AAPL,184.313674926758
2023-11-13,AAPL,182.731597900391
2023-11-14,AAPL,185.342041015625
2023-11-15,AAPL,185.905670166016
2023-11-16,AAPL,187.586639404297
2023-11-17,AAPL,187.566864013672
2023-11-20,AAPL,189.307144165039
2023-11-21,AAPL,188.506210327148
2023-11-22,AAPL,189.168731689453
2023-11-24,AAPL,187.843734741211
2023-11-27,AAPL,187.665756225586
2023-11-28,AAPL,188.268920898438
2023-11-29,AAPL,187.250427246094
2023-11-30,AAPL,187.823959350586
2023-12-01,AAPL,189.099548339844
2023-12-04,AAPL,187.309753417969
2023-12-05,AAPL,191.255096435547
2023-12-06,AAPL,190.167404174805
2023-12-07,AAPL,192.095581054688
2023-12-08,AAPL,193.519485473633
2023-12-11,AAPL,191.017822265625
2023-12-12,AAPL,192.530654907227
2023-12-13,AAPL,195.74430847168
2023-12-14,AAPL,195.892608642578
2023-12-15,AAPL,195.358673095703
2023-12-18,AAPL,193.697479248047
2023-12-19,AAPL,194.735733032227
2023-12-20,AAPL,192.649337768555
2023-12-21,AAPL,192.500991821289
2023-12-22,AAPL,191.43310546875
2023-12-26,AAPL,190.889236450195
2023-12-27,AAPL,190.98811340332
2023-12-28,AAPL,191.413314819336
2023-12-29,AAPL,190.375076293945
2024-01-02,AAPL,183.56217956543
2024-01-03,AAPL,182.187744140625
2024-01-04,AAPL,179.873947143555
2024-01-05,AAPL,179.152099609375
2024-01-08,AAPL,183.483093261719
2024-01-09,AAPL,183.067779541016
2024-01-10,AAPL,184.106033325195
2024-01-11,AAPL,183.512725830078
2024-01-12,AAPL,183.83903503418
2024-01-16,AAPL,181.574691772461
2024-01-17,AAPL,180.635299682617
2024-01-18,AAPL,186.51872253418
2024-01-19,AAPL,189.415893554688
2024-01-22,AAPL,191.719848632813
2024-01-23,AAPL,192.995422363281
2024-01-24,AAPL,192.323028564453
2024-01-25,AAPL,191.996704101563
2024-01-26,AAPL,190.266311645508
2024-01-29,AAPL,189.584014892578
2024-01-30,AAPL,185.935333251953
2024-01-31,AAPL,182.336074829102
2024-02-01,AAPL,184.768508911133
2024-02-02,AAPL,183.769836425781
2024-02-05,AAPL,185.579330444336
2024-02-06,AAPL,187.181213378906
2024-02-07,AAPL,187.289993286133
2024-02-08,AAPL,186.212203979492
2024-02-09,AAPL,186.974563598633
2024-02-12,AAPL,185.291427612305
2024-02-13,AAPL,183.202346801758
2024-02-14,AAPL,182.321228027344
2024-02-15,AAPL,182.034088134766
2024-02-16,AAPL,180.499496459961
2024-02-20,AAPL,179.756927490234
2024-02-21,AAPL,180.509414672852
2024-02-22,AAPL,182.539031982422
2024-02-23,AAPL,180.707397460938
2024-02-26,AAPL,179.360916137695
2024-02-27,AAPL,180.816299438477
2024-02-28,AAPL,179.61833190918
2024-02-29,AAPL,178.954986572266
2024-03-01,AAPL,177.875823974609
2024-03-04,AAPL,173.361099243164
2024-03-05,AAPL,168.430526733398
2024-03-06,AAPL,167.440490722656
2024-03-07,AAPL,167.321670532227
2024-03-08,AAPL,169.034469604492
2024-03-11,AAPL,171.034439086914
2024-03-12,AAPL,171.509674072266
2024-03-13,AAPL,169.430541992188
2024-03-14,AAPL,171.281936645508
2024-03-15,AAPL,170.905700683594
2024-03-18,AAPL,171.994781494141
2024-03-19,AAPL,174.331359863281
2024-03-20,AAPL,176.895629882813
2024-03-21,AAPL,169.66813659668
2024-03-22,AAPL,170.569091796875
2024-03-25,AAPL,169.153289794922
2024-03-26,AAPL,168.024612426758
2024-03-27,AAPL,171.5888671875
2024-03-28,AAPL,169.777038574219
2024-04-01,AAPL,168.341445922852
2024-04-02,AAPL,167.16325378418
2024-04-03,AAPL,167.965209960938
2024-04-04,AAPL,167.143463134766
2024-04-05,AAPL,167.895919799805
2024-04-08,AAPL,166.777130126953
2024-04-09,AAPL,167.98503112793
2024-04-10,AAPL,166.11376953125
2024-04-11,AAPL,173.301696777344
2024-04-12,AAPL,174.79670715332
2024-04-15,AAPL,170.975021362305
2024-04-16,AAPL,167.697891235352
2024-04-17,AAPL,166.331619262695
2024-04-18,AAPL,165.381134033203
2024-04-19,AAPL,163.361389160156
2024-04-22,AAPL,164.193054199219
2024-04-23,AAPL,165.24250793457
2024-04-24,AAPL,167.34147644043
2024-04-25,AAPL,168.202819824219
2024-04-26,AAPL,167.618682861328
2024-04-29,AAPL,171.776977539063
2024-04-30,AAPL,168.638442993164
2024-05-01,AAPL,167.618682861328
2024-05-02,AAPL,171.311676025391
2024-05-03,AAPL,181.558853149414
2024-05-06,AAPL,179.905456542969
2024-05-07,AAPL,180.588592529297
2024-05-08,AAPL,180.925231933594
2024-05-09,AAPL,182.737045288086
2024-05-10,AAPL,181.477966308594
2024-05-13,AAPL,184.680206298828
2024-05-14,AAPL,185.820327758789
2024-05-15,AAPL,188.090682983398
2024-05-16,AAPL,188.209609985352
2024-05-17,AAPL,188.239395141602
2024-05-20,AAPL,189.399307250977
2024-05-21,AAPL,190.698089599609
2024-05-22,AAPL,189.260543823242
2024-05-23,AAPL,185.275054931641
2024-05-24,AAPL,188.348419189453
2024-05-28,AAPL,188.358352661133
2024-05-29,AAPL,188.655776977539
2024-05-30,AAPL,189.647171020508
2024-05-31,AAPL,190.598968505859
2024-06-03,AAPL,192.363647460938
2024-06-04,AAPL,192.680892944336
2024-06-05,AAPL,194.187850952148
2024-06-06,AAPL,192.809768676758
2024-06-07,AAPL,195.199096679688
2024-06-10,AAPL,191.461456298828
2024-06-11,AAPL,205.370986938477
2024-06-12,AAPL,211.240142822266
2024-06-13,AAPL,212.400085449219
2024-06-14,AAPL,210.665115356445
2024-06-17,AAPL,214.809234619141
2024-06-18,AAPL,212.449645996094
2024-06-20,AAPL,207.879241943359
2024-06-21,AAPL,205.708068847656
2024-06-24,AAPL,206.352493286133
2024-06-25,AAPL,207.274505615234
2024-06-26,AAPL,211.418609619141
2024-06-27,AAPL,212.261322021484
2024-06-28,AAPL,208.811172485352
2024-07-01,AAPL,214.888519287109
2024-07-02,AAPL,218.378311157227
2024-07-03,AAPL,219.647308349609
2024-07-05,AAPL,224.396148681641
2024-07-08,AAPL,225.863464355469
2024-07-09,AAPL,226.716064453125
2024-07-10,AAPL,230.979156494141
2024-07-11,AAPL,225.615615844727
2024-07-12,AAPL,228.560119628906
2024-07-15,AAPL,232.386932373047
2024-07-16,AAPL,232.803359985352
2024-07-17,AAPL,226.914352416992
2024-07-18,AAPL,222.25471496582
2024-07-19,AAPL,222.38362121582
2024-07-22,AAPL,222.036636352539
2024-07-23,AAPL,223.077621459961
2024-07-24,AAPL,216.663177490234
2024-07-25,AAPL,215.622177124023
2024-07-26,AAPL,216.088165283203
2024-07-29,AAPL,216.365753173828
2024-07-30,AAPL,216.920928955078
2024-07-31,AAPL,220.172744750977
2024-08-01,AAPL,216.484710693359
2024-08-02,AAPL,217.971832275391
2024-08-05,AAPL,207.472763061523
2024-08-06,AAPL,205.450271606445
2024-08-07,AAPL,208.01806640625
2024-08-08,AAPL,211.478088378906
2024-08-09,AAPL,214.382919311523
2024-08-12,AAPL,215.91145324707
2024-08-13,AAPL,219.623657226563
2024-08-14,AAPL,220.070297241211
2024-08-15,AAPL,223.047958374023
2024-08-16,AAPL,224.368087768555
2024-08-19,AAPL,224.209274291992
2024-08-20,AAPL,224.824630737305
2024-08-21,AAPL,224.715469360352
2024-08-22,AAPL,222.859375
2024-08-23,AAPL,225.152206420898
2024-08-26,AAPL,225.489639282227
2024-08-27,AAPL,226.33332824707
2024-08-28,AAPL,224.804809570313
2024-08-29,AAPL,228.08024597168
2024-08-30,AAPL,227.296127319336
2024-09-03,AAPL,221.112503051758
2024-09-04,AAPL,219.206756591797
2024-09-05,AAPL,220.725387573242
2024-09-06,AAPL,219.176986694336
2024-09-09,AAPL,219.266326904297
2024-09-10,AAPL,218.472259521484
2024-09-11,AAPL,221.003295898438
2024-09-12,AAPL,221.112503051758
2024-09-13,AAPL,220.844482421875
2024-09-16,AAPL,214.710479736328
2024-09-17,AAPL,215.176971435547
2024-09-18,AAPL,219.047943115234
2024-09-19,AAPL,227.167083740234
2024-09-20,AAPL,226.502059936523
2024-09-23,AAPL,224.784957885742
2024-09-24,AAPL,225.678268432617
2024-09-25,AAPL,224.685684204102
2024-09-26,AAPL,225.8271484375
2024-09-27,AAPL,226.095123291016
2024-09-30,AAPL,231.266342163086
2024-10-01,AAPL,224.526885986328
2024-10-02,AAPL,225.092636108398
2024-10-03,AAPL,223.990905761719
2024-10-04,AAPL,225.112487792969
2024-10-07,AAPL,220.04052734375
2024-10-08,AAPL,224.09016418457
2024-10-09,AAPL,227.832107543945
2024-10-10,AAPL,227.335815429688
2024-10-11,AAPL,225.85693359375
2024-10-14,AAPL,229.579025268555
2024-10-15,AAPL,232.110015869141
2024-10-16,AAPL,230.055419921875
2024-10-17,AAPL,230.422698974609
2024-10-18,AAPL,233.251480102539
2024-10-21,AAPL,234.720443725586
2024-10-22,AAPL,234.105087280273
2024-10-23,AAPL,229.043029785156
2024-10-24,AAPL,228.854446411133
2024-10-25,AAPL,229.688186645508
2024-10-28,AAPL,231.663391113281
2024-10-29,AAPL,231.931381225586
2024-10-30,AAPL,228.387939453125
2024-10-31,AAPL,224.229125976563
2024-11-01,AAPL,221.251449584961
2024-11-04,AAPL,220.358108520508
2024-11-05,AAPL,221.787414550781
2024-11-06,AAPL,221.062850952148
2024-11-07,AAPL,225.78742980957
2024-11-08,AAPL,225.519149780273
2024-11-11,AAPL,222.80647277832
2024-11-12,AAPL,222.80647277832
2024-11-13,AAPL,223.690841674805
2024-11-14,AAPL,226.77116394043
2024-11-15,AAPL,223.571578979492
2024-11-18,AAPL,226.57243347168
2024-11-19,AAPL,226.830749511719
2024-11-20,AAPL,227.546188354492
2024-11-21,AAPL,227.069244384766
2024-11-22,AAPL,228.410675048828
2024-11-25,AAPL,231.391616821289
2024-11-26,AAPL,233.567718505859
2024-11-27,AAPL,233.438552856445
2024-11-29,AAPL,235.823333740234
2024-12-02,AAPL,238.068954467773
2024-12-03,AAPL,241.109512329102
2024-12-04,AAPL,241.467254638672
2024-12-05,AAPL,241.497055053711
2024-12-06,AAPL,241.298324584961
2024-12-09,AAPL,245.183517456055
2024-12-10,AAPL,246.197021484375
2024-12-11,AAPL,244.925155639648
2024-12-12,AAPL,246.385833740234
2024-12-13,AAPL,246.554763793945
2024-12-16,AAPL,249.446258544922
2024-12-17,AAPL,251.870788574219
2024-12-18,AAPL,246.475250244141
2024-12-19,AAPL,248.204208374023
2024-12-20,AAPL,252.874374389648
2024-12-23,AAPL,253.6494140625
2024-12-24,AAPL,256.560821533203
2024-12-26,AAPL,257.375579833984
2024-12-27,AAPL,253.967391967773
2024-12-30,AAPL,250.598922729492
2024-12-31,AAPL,248.830230712891
2025-01-02,AAPL,242.30192565918
2025-01-03,AAPL,241.815032958984
2025-01-06,AAPL,243.444610595703
2025-01-07,AAPL,240.672348022461
2025-01-08,AAPL,241.159194946289
2025-01-10,AAPL,235.346374511719
2025-01-13,AAPL,232.911911010742
2025-01-14,AAPL,231.799011230469
2025-01-15,AAPL,236.35986328125
2025-01-16,AAPL,226.810897827148
2025-01-17,AAPL,228.519943237305
2025-01-21,AAPL,221.226577758789
2025-01-22,AAPL,222.408996582031
2025-01-23,AAPL,222.240112304688
2025-01-24,AAPL,221.365661621094
2025-01-27,AAPL,228.400726318359
2025-01-28,AAPL,236.747421264648
2025-01-29,AAPL,237.840438842773
2025-01-30,AAPL,236.081649780273
2025-01-31,AAPL,234.501770019531
2025-02-03,AAPL,226.562469482422
2025-02-04,AAPL,231.322082519531
2025-02-05,AAPL,230.994186401367
2025-02-06,AAPL,231.739410400391
2025-02-07,AAPL,226.18489074707
2025-02-10,AAPL,226.453460693359
2025-02-11,AAPL,231.397354125977
2025-02-12,AAPL,235.625015258789
2025-02-13,AAPL,240.260513305664
2025-02-14,AAPL,243.314407348633
2025-02-18,AAPL,243.185073852539
2025-02-19,AAPL,243.582946777344
2025-02-20,AAPL,244.537902832031
2025-02-21,AAPL,244.259384155273
2025-02-24,AAPL,245.801254272461
2025-02-25,AAPL,245.741546630859
2025-02-26,AAPL,239.0966796875
2025-02-27,AAPL,236.052764892578
2025-02-28,AAPL,240.568893432617
2025-03-03,AAPL,236.778915405273
2025-03-04,AAPL,234.68994140625
2025-03-05,AAPL,234.500961303711
2025-03-06,AAPL,234.093124389648
2025-03-07,AAPL,237.813461303711
2025-03-10,AAPL,226.284362792969
2025-03-11,AAPL,219.679275512695
2025-03-12,AAPL,215.839553833008
2025-03-13,AAPL,208.577896118164
2025-03-14,AAPL,212.367904663086
2025-03-17,AAPL,212.875228881836
2025-03-18,AAPL,211.572113037109
2025-03-19,AAPL,214.108703613281
2025-03-20,AAPL,212.974700927734
2025-03-21,AAPL,217.122787475586
2025-03-24,AAPL,219.569839477539
2025-03-25,AAPL,222.573959350586
2025-03-26,AAPL,220.365646362305
2025-03-27,AAPL,222.673461914063
2025-03-28,AAPL,216.754699707031
2025-03-31,AAPL,220.962493896484
2025-04-01,AAPL,222.016906738281
2025-04-02,AAPL,222.713241577148
2025-04-03,AAPL,202.122024536133
2025-04-04,AAPL,187.389892578125
2025-04-07,AAPL,180.506256103516
2025-04-08,AAPL,171.513763427734
2025-04-09,AAPL,197.804840087891
2025-04-10,AAPL,189.419143676758
2025-04-11,AAPL,197.108520507813
2025-04-14,AAPL,201.45556640625
2025-04-15,AAPL,201.077545166016
2025-04-16,AAPL,193.248916625977
2025-04-17,AAPL,195.944671630859
2025-04-21,AAPL,192.144729614258
2025-04-22,AAPL,198.690185546875
2025-04-23,AAPL,203.524612426758
2025-04-24,AAPL,207.274810791016
2025-04-25,AAPL,208.180023193359
2025-04-28,AAPL,209.035507202148
2025-04-29,AAPL,210.099884033203
2025-04-30,AAPL,211.383102416992
2025-05-01,AAPL,212.198791503906
2025-05-02,AAPL,204.270706176758
2025-05-05,AAPL,197.844650268555
2025-05-06,AAPL,197.46662902832
2025-05-07,AAPL,195.218521118164
2025-05-08,AAPL,196.451995849609
2025-05-09,AAPL,197.486541748047
2025-05-12,AAPL,209.957046508789
2025-05-13,AAPL,212.088592529297
2025-05-14,AAPL,211.490982055664
2025-05-15,AAPL,210.614456176758
2025-05-16,AAPL,210.425201416016
2025-05-19,AAPL,207.955001831055
2025-05-20,AAPL,206.042602539063
2025-05-21,AAPL,201.291442871094
2025-05-22,AAPL,200.564331054688
2025-05-23,AAPL,194.498382568359
2025-05-27,AAPL,199.418869018555
2025-05-28,AAPL,199.628036499023
2025-05-29,AAPL,199.159896850586
2025-05-30,AAPL,200.056335449219
2025-06-02,AAPL,200.902969360352
2025-06-03,AAPL,202.466781616211
2025-06-04,AAPL,202.0185546875
2025-06-05,AAPL,199.837203979492
2025-06-06,AAPL,203.114196777344
2025-06-09,AAPL,200.653945922852
2025-06-10,AAPL,201.869155883789
2025-06-11,AAPL,197.994506835938
2025-06-12,AAPL,198.412857055664
2025-06-13,AAPL,195.673721313477
2025-06-16,AAPL,197.635940551758
2025-06-17,AAPL,194.866912841797
2025-06-18,AAPL,195.803207397461
2025-06-20,AAPL,200.205749511719
2025-06-23,AAPL,200.703750610352
2025-06-24,AAPL,199.508514404297
2025-06-25,AAPL,200.763534545898
2025-06-26,AAPL,200.205749511719
2025-06-27,AAPL,200.285430908203
2025-06-30,AAPL,204.359252929688
2025-07-01,AAPL,206.998794555664
2025-07-02,AAPL,211.600540161133
2025-07-03,AAPL,212.706146240234
2025-07-07,AAPL,209.120376586914
2025-07-08,AAPL,209.180130004883
2025-07-09,AAPL,210.3056640625
2025-07-10,AAPL,211.570663452148
2025-07-11,AAPL,210.325592041016
2025-07-14,AAPL,207.795623779297
2025-07-15,AAPL,208.28369140625
2025-07-16,AAPL,209.329544067383
2025-07-17,AAPL,209.190093994141
2025-07-18,AAPL,210.345504760742
2025-07-21,AAPL,211.640380859375
2025-07-22,AAPL,213.552780151367
2025-07-23,AAPL,213.303787231445
2025-07-24,AAPL,212.915313720703
2025-07-25,AAPL,213.034851074219
2025-07-28,AAPL,213.204193115234
2025-07-29,AAPL,210.435150146484
2025-07-30,AAPL,208.223937988281
2025-07-31,AAPL,206.749786376953
2025-08-01,AAPL,201.580291748047
2025-08-04,AAPL,202.546463012695
2025-08-05,AAPL,202.1181640625
2025-08-06,AAPL,212.407333374023
2025-08-07,AAPL,219.160537719727
2025-08-08,AAPL,228.443710327148
2025-08-11,AAPL,226.539093017578
2025-08-12,AAPL,229.00212097168
2025-08-13,AAPL,232.671752929688
2025-08-14,AAPL,232.123306274414
2025-08-15,AAPL,230.936645507813
2025-08-18,AAPL,230.238632202148
2025-08-19,AAPL,229.909561157227
2025-08-20,AAPL,225.37239074707
2025-08-21,AAPL,224.265518188477
2025-08-22,AAPL,227.117446899414
2025-08-25,AAPL,226.519149780273
2025-08-26,AAPL,228.6630859375
2025-08-27,AAPL,229.839767456055
2025-08-28,AAPL,231.903930664063
2025-08-29,AAPL,231.485107421875
2025-09-02,AAPL,229.07194519043
2025-09-03,AAPL,237.797256469727
2025-09-04,AAPL,239.103530883789
2025-09-05,AAPL,239.013809204102
2025-09-08,AAPL,237.208923339844
2025-09-09,AAPL,233.688888549805
2025-09-10,AAPL,226.150192260742
2025-09-11,AAPL,229.381057739258
2025-09-12,AAPL,233.409683227539
2025-09-15,AAPL,236.032241821289
2025-09-16,AAPL,237.478149414063
2025-09-17,AAPL,238.315795898438
2025-09-18,AAPL,237.208923339844
2025-09-19,AAPL,244.807418823242
2025-09-22,AAPL,255.357559204102
2025-09-23,AAPL,253.71223449707
2025-09-24,AAPL,251.598190307617
2025-09-25,AAPL,256.145324707031
2025-09-26,AAPL,254.739318847656
2025-09-29,AAPL,253.71223449707
2025-09-30,AAPL,253.911666870117
2025-10-01,AAPL,254.729339599609
2025-10-02,AAPL,256.404602050781
2025-10-03,AAPL,257.292083740234
2025-10-06,AAPL,255.965835571289
2025-10-07,AAPL,255.756454467773
2025-10-08,AAPL,257.332000732422
2025-10-09,AAPL,253.323303222656
2025-10-10,AAPL,244.578079223633
2025-10-13,AAPL,246.961334228516
2025-10-14,AAPL,247.071014404297
2025-10-15,AAPL,248.636581420898
2025-10-16,AAPL,246.751907348633
2025-10-17,AAPL,251.578247070313
2025-10-20,AAPL,261.500183105469
2025-10-21,AAPL,262.028686523438
2025-10-22,AAPL,257.720886230469
2025-10-23,AAPL,258.84765625
2025-10-24,AAPL,262.078552246094
2025-10-27,AAPL,268.051635742188
2025-10-28,AAPL,268.241088867188
2025-10-29,AAPL,268.939147949219
2025-10-30,AAPL,270.634338378906
2025-10-31,AAPL,269.607238769531
2025-11-03,AAPL,268.290985107422
2025-11-04,AAPL,269.278198242188
2025-11-05,AAPL,269.377899169922
2025-11-06,AAPL,269.008941650391
2025-11-07,AAPL,267.712615966797
2025-11-10,AAPL,268.930328369141
2025-11-11,AAPL,274.739562988281
2025-11-12,AAPL,272.962890625
2025-11-13,AAPL,272.443817138672
2025-11-14,AAPL,271.904846191406
2025-11-17,AAPL,266.963989257813
2025-11-18,AAPL,266.944030761719
2025-11-19,AAPL,268.061981201172
2025-11-20,AAPL,265.756256103516
2025-11-21,AAPL,270.986511230469
2025-11-24,AAPL,275.408355712891
2025-11-25,AAPL,276.456359863281
2025-11-26,AAPL,277.035308837891
2025-11-28,AAPL,278.332885742188
2025-12-01,AAPL,282.575012207031
2025-12-02,AAPL,285.659271240234
2025-12-03,AAPL,283.623046875
2025-12-04,AAPL,280.179443359375
2025-12-05,AAPL,278.263000488281
2025-12-08,AAPL,277.374664306641
2025-12-09,AAPL,276.665985107422
2025-12-10,AAPL,278.263000488281
2025-12-11,AAPL,277.514404296875
2025-12-12,AAPL,277.763916015625
2025-12-15,AAPL,273.601654052734
2025-12-16,AAPL,274.100738525391
2025-12-17,AAPL,271.335876464844
2025-12-18,AAPL,271.685241699219
2025-12-19,AAPL,273.162506103516
2025-12-22,AAPL,270.467498779297
2025-12-23,AAPL,271.854919433594
2025-12-24,AAPL,273.302215576172
2025-12-26,AAPL,272.893005371094
2025-12-29,AAPL,273.252349853516
2025-12-30,AAPL,272.573547363281
2025-12-31,AAPL,271.355834960938
2026-01-02,AAPL,270.507446289063
2026-01-05,AAPL,266.764404296875
2026-01-06,AAPL,261.873474121094
2026-01-07,AAPL,259.847229003906
2026-01-08,AAPL,258.559631347656
2026-01-09,AAPL,258.889007568359
2026-01-12,AAPL,259.767364501953
2026-01-13,AAPL,260.565887451172
2026-01-14,AAPL,259.477905273438
2026-01-15,AAPL,257.731170654297
2026-01-16,AAPL,255.056121826172
2026-01-20,AAPL,246.24250793457
2026-01-21,AAPL,247.19075012207
2026-01-22,AAPL,247.889450073242
2026-01-23,AAPL,247.580017089844
2026-01-26,AAPL,254.936370849609
2026-01-27,AAPL,257.791046142578
2026-01-28,AAPL,255.964447021484
2026-01-29,AAPL,257.801025390625
2026-01-30,AAPL,258.998840332031
2026-02-02,AAPL,269.50927734375
2026-02-03,AAPL,268.980285644531
2026-02-04,AAPL,275.977233886719
2026-02-05,AAPL,275.398345947266
2026-02-06,AAPL,277.604217529297
2026-02-09,AAPL,274.367218017578
2026-02-10,AAPL,273.428070068359
2026-02-11,AAPL,275.246398925781
2026-02-12,AAPL,261.489105224609
2026-02-13,AAPL,255.544555664063
2026-02-17,AAPL,263.637115478516
2026-02-18,AAPL,264.106689453125
2026-02-19,AAPL,260.340118408203
2026-02-20,AAPL,264.336456298828
2026-02-23,AAPL,265.934967041016
2026-02-24,AAPL,271.889526367188
2026-02-25,AAPL,273.977600097656
2026-02-26,AAPL,272.698760986328
2026-02-27,AAPL,263.936828613281
2026-03-02,AAPL,264.476318359375
2026-03-03,AAPL,263.507232666016
2026-03-04,AAPL,262.278350830078
2026-03-05,AAPL,260.050415039063
2026-03-06,AAPL,257.222991943359
2026-03-09,AAPL,259.640777587891
2026-03-10,AAPL,260.589904785156
2026-03-11,AAPL,260.569915771484
2026-03-12,AAPL,255.524566650391
2026-03-13,AAPL,249.889770507813
2026-03-16,AAPL,252.587295532227
2026-03-17,AAPL,253.995986938477
2026-03-18,AAPL,249.709945678711
2026-03-19,AAPL,248.730850219727
2026-03-20,AAPL,247.761734008789
2026-03-23,AAPL,251.258514404297
2026-03-24,AAPL,251.40837097168
2026-03-25,AAPL,252.387466430664
2026-03-26,AAPL,252.6572265625
2026-03-27,AAPL,248.570983886719
2026-03-30,AAPL,246.402984619141
2026-03-31,AAPL,253.556381225586
2026-04-01,AAPL,255.39469909668
2026-04-02,AAPL,255.684432983398
2026-04-06,AAPL,258.621704101563
2026-04-07,AAPL,253.266662597656
2026-04-08,AAPL,258.661682128906
2026-04-09,AAPL,260.250213623047
2026-04-10,AAPL,260.240234375
2026-04-13,AAPL,258.96142578125
2026-04-14,AAPL,258.591735839844
2026-04-15,AAPL,266.184753417969
2026-04-16,AAPL,263.157531738281
2026-04-17,AAPL,269.981262207031
2026-04-20,AAPL,272.798645019531
2026-04-21,AAPL,265.925018310547
2026-04-22,AAPL,272.918579101563
2026-04-23,AAPL,273.178314208984
2026-04-24,AAPL,270.810485839844
2026-04-27,AAPL,267.363647460938
2026-04-28,AAPL,270.460815429688
2026-04-29,AAPL,269.921325683594
2026-04-30,AAPL,271.100250244141
2026-05-01,AAPL,279.882141113281
2026-05-04,AAPL,276.575164794922
2026-05-05,AAPL,283.918426513672
2026-05-06,AAPL,287.245361328125
2026-05-07,AAPL,287.175415039063
2026-05-08,AAPL,293.050018310547
2026-05-11,AAPL,292.679992675781
2026-05-12,AAPL,294.799987792969
2026-05-13,AAPL,298.869995117188
2026-05-14,AAPL,298.209991455078
2026-05-15,AAPL,300.230010986328
2026-05-18,AAPL,297.839996337891
2026-05-19,AAPL,298.970001220703
2026-05-20,AAPL,302.25
2026-05-21,AAPL,304.989990234375
2026-05-22,AAPL,308.820007324219
2026-05-26,AAPL,308.329986572266
2026-05-27,AAPL,310.850006103516
2026-05-28,AAPL,312.510009765625
2026-05-29,AAPL,312.059997558594
2026-06-01,AAPL,306.309997558594
2026-06-02,AAPL,315.200012207031
2026-06-03,AAPL,310.260009765625
2026-06-04,AAPL,311.230010986328
2026-06-05,AAPL,307.339996337891
2026-06-08,AAPL,301.540008544922
2026-06-09,AAPL,290.549987792969
2026-06-10,AAPL,291.579986572266
2026-06-11,AAPL,295.630004882813
2026-06-12,AAPL,291.130004882813
2026-06-15,AAPL,296.420013427734
2026-06-16,AAPL,299.239990234375
2026-06-17,AAPL,295.950012207031
2026-06-18,AAPL,298.010009765625
2026-06-22,AAPL,297.010009765625
2026-06-23,AAPL,294.299987792969
2026-06-24,AAPL,293.079986572266
2026-06-25,AAPL,275.149993896484
2026-06-26,AAPL,283.779998779297
2026-06-29,AAPL,281.739990234375
2026-06-30,AAPL,289.359985351563
2026-07-01,AAPL,294.380004882813
2026-07-02,AAPL,308.630004882813
2026-07-06,AAPL,312.660003662109
2026-07-07,AAPL,310.660003662109
2026-07-08,AAPL,313.390014648438
2026-07-09,AAPL,316.220001220703
2026-07-10,AAPL,315.320007324219
2026-07-13,AAPL,317.309997558594
2026-07-14,AAPL,314.859985351563
2026-07-15,AAPL,327.5
2026-07-16,AAPL,333.260009765625
2026-07-17,AAPL,333.739990234375
2026-07-20,AAPL,326.589996337891
2026-07-21,AAPL,327.739990234375
2026-07-22,AAPL,325.890014648438
2026-07-23,AAPL,321.660003662109
2026-07-24,AAPL,333.019989013672
2026-07-27,AAPL,336.910003662109
2026-07-28,AAPL,340.079986572266
2016-07-29,HD,108.563369750977
2016-08-01,HD,108.97957611084
2016-08-02,HD,107.762329101563
2016-08-03,HD,107.636695861816
2016-08-04,HD,106.843505859375
2016-08-05,HD,107.518905639648
2016-08-08,HD,106.969169616699
2016-08-09,HD,106.890602111816
2016-08-10,HD,106.490081787109
2016-08-11,HD,107.620971679688
2016-08-12,HD,107.251907348633
2016-08-15,HD,107.636695861816
2016-08-16,HD,106.984878540039
2016-08-17,HD,106.922027587891
2016-08-18,HD,105.861862182617
2016-08-19,HD,106.380157470703
2016-08-22,HD,106.285949707031
2016-08-23,HD,106.977020263672
2016-08-24,HD,106.066040039063
2016-08-25,HD,106.356605529785
2016-08-26,HD,105.516296386719
2016-08-29,HD,106.207382202148
2016-08-30,HD,105.852203369141
2016-08-31,HD,105.867980957031
2016-09-01,HD,105.954788208008
2016-09-02,HD,106.68098449707
2016-09-06,HD,105.852203369141
2016-09-07,HD,104.818099975586
2016-09-08,HD,103.610420227051
2016-09-09,HD,100.831909179688
2016-09-12,HD,101.502853393555
2016-09-13,HD,99.2373962402344
2016-09-14,HD,99.6636734008789
2016-09-15,HD,100.216232299805
2016-09-16,HD,99.5452423095703
2016-09-19,HD,99.6873626708984
2016-09-20,HD,100.113594055176
2016-09-21,HD,101.123970031738
2016-09-22,HD,101.629165649414
2016-09-23,HD,100.871391296387
2016-09-26,HD,99.024284362793
2016-09-27,HD,100.105712890625
2016-09-28,HD,101.250259399414
2016-09-29,HD,100.981880187988
2016-09-30,HD,101.573875427246
2016-10-03,HD,101.431816101074
2016-10-04,HD,101.195014953613
2016-10-05,HD,100.705627441406
2016-10-06,HD,102.765853881836
2016-10-07,HD,101.281845092773
2016-10-10,HD,100.445121765137
2016-10-11,HD,99.3400497436523
2016-10-12,HD,100.003074645996
2016-10-13,HD,99.6873626708984
2016-10-14,HD,99.7899703979492
2016-10-17,HD,98.7795867919922
2016-10-18,HD,99.2532196044922
2016-10-19,HD,99.3716125488281
2016-10-20,HD,99.6557769775391
2016-10-21,HD,99.9320220947266
2016-10-24,HD,100.863494873047
2016-10-25,HD,97.358757019043
2016-10-26,HD,96.861442565918
2016-10-27,HD,96.5062561035156
2016-10-28,HD,97.548210144043
2016-10-31,HD,96.3089065551758
2016-11-01,HD,94.6354827880859
2016-11-02,HD,94.9512100219727
2016-11-03,HD,94.8644027709961
2016-11-04,HD,95.4406280517578
2016-11-07,HD,97.6823806762695
2016-11-08,HD,98.0770721435547
2016-11-09,HD,99.4742126464844
2016-11-10,HD,101.850166320801
2016-11-11,HD,102.497459411621
2016-11-14,HD,100.776649475098
2016-11-15,HD,98.1954650878906
2016-11-16,HD,98.9295883178711
2016-11-17,HD,101.771255493164
2016-11-18,HD,101.297653198242
2016-11-21,HD,101.210807800293
2016-11-22,HD,103.38941192627
2016-11-23,HD,103.57096862793
2016-11-25,HD,103.855155944824
2016-11-28,HD,103.121032714844
2016-11-29,HD,102.859176635742
2016-11-30,HD,102.684577941895
2016-12-01,HD,102.74015045166
2016-12-02,HD,103.057540893555
2016-12-05,HD,102.906768798828
2016-12-06,HD,102.160865783691
2016-12-07,HD,105.112831115723
2016-12-08,HD,105.168365478516
2016-12-09,HD,105.850830078125
2016-12-12,HD,106.795120239258
2016-12-13,HD,108.35050201416
2016-12-14,HD,107.906097412109
2016-12-15,HD,107.794967651367
2016-12-16,HD,107.215721130371
2016-12-19,HD,107.477607727051
2016-12-20,HD,108.802795410156
2016-12-21,HD,108.580642700195
2016-12-22,HD,107.469665527344
2016-12-23,HD,107.168083190918
2016-12-27,HD,107.334747314453
2016-12-28,HD,107.183990478516
2016-12-29,HD,107.207778930664
2016-12-30,HD,106.398345947266
2017-01-03,HD,106.58088684082
2017-01-04,HD,107.525207519531
2017-01-05,HD,106.255531311035
2017-01-06,HD,105.961936950684
2017-01-09,HD,106.58088684082
2017-01-10,HD,108.001342773438
2017-01-11,HD,107.683898925781
2017-01-12,HD,107.183990478516
2017-01-13,HD,107.16015625
2017-01-17,HD,107.866424560547
2017-01-18,HD,108.048919677734
2017-01-19,HD,107.437919616699
2017-01-20,HD,107.604568481445
2017-01-23,HD,109.564636230469
2017-01-24,HD,109.556663513184
2017-01-25,HD,109.096382141113
2017-01-26,HD,109.874099731445
2017-01-27,HD,109.770965576172
2017-01-30,HD,109.882011413574
2017-01-31,HD,109.175765991211
2017-02-01,HD,109.064682006836
2017-02-02,HD,108.675849914551
2017-02-03,HD,109.493209838867
2017-02-06,HD,108.310821533203
2017-02-07,HD,108.43775177002
2017-02-08,HD,109.413818359375
2017-02-09,HD,110.072486877441
2017-02-10,HD,110.977111816406
2017-02-13,HD,110.99299621582
2017-02-14,HD,112.175407409668
2017-02-15,HD,112.834014892578
2017-02-16,HD,112.318168640137
2017-02-17,HD,113.47673034668
2017-02-21,HD,115.079719543457
2017-02-22,HD,115.262268066406
2017-02-23,HD,114.833740234375
2017-02-24,HD,115.817726135254
2017-02-27,HD,115.30192565918
2017-02-28,HD,114.992469787598
2017-03-01,HD,116.397010803223
2017-03-02,HD,117.404853820801
2017-03-03,HD,117.293716430664
2017-03-06,HD,116.754127502441
2017-03-07,HD,116.578468322754
2017-03-08,HD,117.297019958496
2017-03-09,HD,117.057487487793
2017-03-10,HD,117.241134643555
2017-03-13,HD,117.704177856445
2017-03-14,HD,117.488616943359
2017-03-15,HD,118.119338989258
2017-03-16,HD,118.742080688477
2017-03-17,HD,119.436645507813
2017-03-20,HD,117.999580383301
2017-03-21,HD,117.049522399902
2017-03-22,HD,117.648277282715
2017-03-23,HD,118.151260375977
2017-03-24,HD,117.927726745605
2017-03-27,HD,117.257110595703
2017-03-28,HD,117.520568847656
2017-03-29,HD,117.392807006836
2017-03-30,HD,117.32096862793
2017-03-31,HD,117.225151062012
2017-04-03,HD,117.057487487793
2017-04-04,HD,116.833961486816
2017-04-05,HD,117.073501586914
2017-04-06,HD,117.552520751953
2017-04-07,HD,117.46467590332
2017-04-10,HD,118.326934814453
2017-04-11,HD,118.318885803223
2017-04-12,HD,116.993606567383
2017-04-13,HD,116.490653991699
2017-04-17,HD,117.608390808105
2017-04-18,HD,117.967628479004
2017-04-19,HD,117.536499023438
2017-04-20,HD,118.734077453613
2017-04-21,HD,119.756004333496
2017-04-24,HD,121.264915466309
2017-04-25,HD,122.175117492676
2017-04-26,HD,123.125122070313
2017-04-27,HD,124.642036437988
2017-04-28,HD,124.626106262207
2017-05-01,HD,123.117172241211
2017-05-02,HD,123.707946777344
2017-05-03,HD,123.747833251953
2017-05-04,HD,123.636116027832
2017-05-05,HD,124.330703735352
2017-05-08,HD,125.256774902344
2017-05-09,HD,125.887474060059
2017-05-10,HD,126.246795654297
2017-05-11,HD,124.705963134766
2017-05-12,HD,125.280738830566
2017-05-15,HD,125.60807800293
2017-05-16,HD,126.350601196289
2017-05-17,HD,124.618141174316
2017-05-18,HD,124.306694030762
2017-05-19,HD,124.785743713379
2017-05-22,HD,124.514305114746
2017-05-23,HD,123.612167358398
2017-05-24,HD,123.747833251953
2017-05-25,HD,124.91349029541
2017-05-26,HD,123.668037414551
2017-05-30,HD,123.563674926758
2017-05-31,HD,123.266578674316
2017-06-01,HD,124.583450317383
2017-06-02,HD,124.744041442871
2017-06-05,HD,124.294357299805
2017-06-06,HD,123.820587158203
2017-06-07,HD,124.430877685547
2017-06-08,HD,123.258491516113
2017-06-09,HD,122.824928283691
2017-06-12,HD,122.198593139648
2017-06-13,HD,123.65202331543
2017-06-14,HD,125.876235961914
2017-06-15,HD,125.884300231934
2017-06-16,HD,125.779907226563
2017-06-19,HD,127.522384643555
2017-06-20,HD,126.606971740723
2017-06-21,HD,125.739776611328
2017-06-22,HD,124.848426818848
2017-06-23,HD,121.499946594238
2017-06-26,HD,121.588279724121
2017-06-27,HD,122.246795654297
2017-06-28,HD,123.041732788086
2017-06-29,HD,122.182556152344
2017-06-30,HD,123.178192138672
2017-07-03,HD,123.668037414551
2017-07-05,HD,122.608108520508
2017-07-06,HD,122.094215393066
2017-07-07,HD,122.238708496094
2017-07-10,HD,121.395545959473
2017-07-11,HD,120.929840087891
2017-07-12,HD,122.527793884277
2017-07-13,HD,123.089805603027
2017-07-14,HD,122.760688781738
2017-07-17,HD,123.571701049805
2017-07-18,HD,122.190505981445
2017-07-19,HD,123.097953796387
2017-07-20,HD,118.063163757324
2017-07-21,HD,117.758033752441
2017-07-24,HD,116.095893859863
2017-07-25,HD,118.014999389648
2017-07-26,HD,117.790145874023
2017-07-27,HD,118.625259399414
2017-07-28,HD,118.90633392334
2017-07-31,HD,120.126861572266
2017-08-01,HD,120.327621459961
2017-08-02,HD,120.849540710449
2017-08-03,HD,121.082397460938
2017-08-04,HD,122.656257629395
2017-08-07,HD,123.138084411621
2017-08-08,HD,123.138084411621
2017-08-09,HD,124.671745300293
2017-08-10,HD,123.563674926758
2017-08-11,HD,124.366622924805
2017-08-14,HD,123.868766784668
2017-08-15,HD,120.584579467773
2017-08-16,HD,122.254768371582
2017-08-17,HD,120.183044433594
2017-08-18,HD,118.432525634766
2017-08-21,HD,119.805717468262
2017-08-22,HD,120.37580871582
2017-08-23,HD,119.725364685059
2017-08-24,HD,119.042831420898
2017-08-25,HD,120.167022705078
2017-08-28,HD,121.564231872559
2017-08-29,HD,121.031059265137
2017-08-30,HD,121.160316467285
2017-08-31,HD,121.05525970459
2017-09-01,HD,121.790367126465
2017-09-05,HD,123.526977539063
2017-09-06,HD,126.459091186523
2017-09-07,HD,127.565673828125
2017-09-08,HD,128.963073730469
2017-09-11,HD,127.921089172363
2017-09-12,HD,129.165023803711
2017-09-13,HD,129.253860473633
2017-09-14,HD,128.736923217773
2017-09-15,HD,127.945320129395
2017-09-18,HD,127.468742370605
2017-09-19,HD,127.347595214844
2017-09-20,HD,128.171478271484
2017-09-21,HD,128.583374023438
2017-09-22,HD,129.213470458984
2017-09-25,HD,130.126205444336
2017-09-26,HD,130.255462646484
2017-09-27,HD,129.980819702148
2017-09-28,HD,131.143951416016
2017-09-29,HD,132.113174438477
2017-10-02,HD,132.484802246094
2017-10-03,HD,133.413696289063
2017-10-04,HD,133.510650634766
2017-10-05,HD,134.180999755859
2017-10-06,HD,133.962951660156
2017-10-09,HD,133.849884033203
2017-10-10,HD,133.40559387207
2017-10-11,HD,133.478302001953
2017-10-12,HD,132.945190429688
2017-10-13,HD,132.84831237793
2017-10-16,HD,132.646362304688
2017-10-17,HD,131.943634033203
2017-10-18,HD,132.024337768555
2017-10-19,HD,131.854751586914
2017-10-20,HD,132.008209228516
2017-10-23,HD,133.066390991211
2017-10-24,HD,134.108352661133
2017-10-25,HD,134.140670776367
2017-10-26,HD,135.41682434082
2017-10-27,HD,135.166488647461
2017-10-30,HD,133.526794433594
2017-10-31,HD,133.906387329102
2017-11-01,HD,133.58332824707
2017-11-02,HD,131.426681518555
2017-11-03,HD,132.783660888672
2017-11-06,HD,132.646362304688
2017-11-07,HD,132.194030761719
2017-11-08,HD,132.509002685547
2017-11-09,HD,131.878997802734
2017-11-10,HD,132.557525634766
2017-11-13,HD,133.559097290039
2017-11-14,HD,135.747970581055
2017-11-15,HD,133.656036376953
2017-11-16,HD,135.295700073242
2017-11-17,HD,135.48957824707
2017-11-20,HD,137.678482055664
2017-11-21,HD,139.625152587891
2017-11-22,HD,138.97900390625
2017-11-24,HD,139.197082519531
2017-11-27,HD,140.675216674805
2017-11-28,HD,142.621917724609
2017-11-29,HD,143.896484375
2017-11-30,HD,145.982849121094
2017-12-01,HD,146.469940185547
2017-12-04,HD,150.106948852539
2017-12-05,HD,148.442687988281
2017-12-06,HD,146.778411865234
2017-12-07,HD,147.752639770508
2017-12-08,HD,148.89729309082
2017-12-11,HD,147.955551147461
2017-12-12,HD,147.590301513672
2017-12-13,HD,148.588821411133
2017-12-14,HD,147.858154296875
2017-12-15,HD,148.223449707031
2017-12-18,HD,149.96891784668
2017-12-19,HD,150.983703613281
2017-12-20,HD,152.063430786133
2017-12-21,HD,152.688552856445
2017-12-22,HD,152.729141235352
2017-12-26,HD,154.539505004883
2017-12-27,HD,154.401489257813
2017-12-28,HD,154.068634033203
2017-12-29,HD,153.865692138672
2018-01-02,HD,152.647964477539
2018-01-03,HD,153.443557739258
2018-01-04,HD,154.66130065918
2018-01-05,HD,156.276794433594
2018-01-08,HD,155.903350830078
2018-01-09,HD,156.763900756836
2018-01-10,HD,155.708541870117
2018-01-11,HD,158.046630859375
2018-01-12,HD,159.459197998047
2018-01-16,HD,159.369934082031
2018-01-17,HD,162.21940612793
2018-01-18,HD,161.009735107422
2018-01-19,HD,163.445266723633
2018-01-22,HD,165.986267089844
2018-01-23,HD,166.343475341797
2018-01-24,HD,167.415054321289
2018-01-25,HD,166.725021362305
2018-01-26,HD,168.235015869141
2018-01-29,HD,166.359725952148
2018-01-30,HD,163.834915161133
2018-01-31,HD,163.096160888672
2018-02-01,HD,162.28434753418
2018-02-02,HD,157.470199584961
2018-02-05,HD,148.653747558594
2018-02-06,HD,155.091537475586
2018-02-07,HD,155.294494628906
2018-02-08,HD,147.119384765625
2018-02-09,HD,149.473709106445
2018-02-12,HD,149.425003051758
2018-02-13,HD,149.149002075195
2018-02-14,HD,149.936477661133
2018-02-15,HD,150.407287597656
2018-02-16,HD,151.787414550781
2018-02-20,HD,151.576354980469
2018-02-21,HD,148.613128662109
2018-02-22,HD,150.569671630859
2018-02-23,HD,152.907745361328
2018-02-26,HD,152.997039794922
2018-02-27,HD,150.171890258789
2018-02-28,HD,147.97184753418
2018-03-01,HD,145.836715698242
2018-03-02,HD,144.878753662109
2018-03-05,HD,147.541534423828
2018-03-06,HD,147.460357666016
2018-03-07,HD,145.802978515625
2018-03-08,HD,145.280426025391
2018-03-09,HD,148.725891113281
2018-03-12,HD,146.725555419922
2018-03-13,HD,145.615173339844
2018-03-14,HD,144.847640991211
2018-03-15,HD,145.386566162109
2018-03-16,HD,146.113204956055
2018-03-19,HD,144.594604492188
2018-03-20,HD,145.460006713867
2018-03-21,HD,145.345764160156
2018-03-22,HD,143.116806030273
2018-03-23,HD,140.267364501953
2018-03-26,HD,144.006713867188
2018-03-27,HD,142.618759155273
2018-03-28,HD,142.684097290039
2018-03-29,HD,145.525375366211
2018-04-02,HD,141.165496826172
2018-04-03,HD,141.867614746094
2018-04-04,HD,144.872192382813
2018-04-05,HD,146.252029418945
2018-04-06,HD,142.43098449707
2018-04-09,HD,140.847015380859
2018-04-10,HD,141.647216796875
2018-04-11,HD,141.1328125
2018-04-12,HD,141.541015625
2018-04-13,HD,141.08381652832
2018-04-16,HD,142.414672851563
2018-04-17,HD,142.806579589844
2018-04-18,HD,146.839859008789
2018-04-19,HD,144.57829284668
2018-04-20,HD,144.521148681641
2018-04-23,HD,145.051803588867
2018-04-24,HD,143.908798217773
2018-04-25,HD,144.831420898438
2018-04-26,HD,151.632507324219
2018-04-27,HD,152.23664855957
2018-04-30,HD,150.881286621094
2018-05-01,HD,150.742553710938
2018-05-02,HD,151.787582397461
2018-05-03,HD,149.566833496094
2018-05-04,HD,151.069122314453
2018-05-07,HD,149.868896484375
2018-05-08,HD,151.077255249023
2018-05-09,HD,152.155014038086
2018-05-10,HD,152.808151245117
2018-05-11,HD,155.379974365234
2018-05-14,HD,156.008697509766
2018-05-15,HD,153.477645874023
2018-05-16,HD,152.171371459961
2018-05-17,HD,151.314056396484
2018-05-18,HD,153.020431518555
2018-05-21,HD,154.955429077148
2018-05-22,HD,152.571380615234
2018-05-23,HD,152.408065795898
2018-05-24,HD,152.799942016602
2018-05-25,HD,152.555084228516
2018-05-29,HD,151.04460144043
2018-05-30,HD,153.606201171875
2018-05-31,HD,153.162887573242
2018-06-01,HD,153.819686889648
2018-06-04,HD,157.112030029297
2018-06-05,HD,157.588180541992
2018-06-06,HD,158.942932128906
2018-06-07,HD,161.061141967773
2018-06-08,HD,162.834564208984
2018-06-11,HD,163.910140991211
2018-06-12,HD,165.281219482422
2018-06-13,HD,164.460235595703
2018-06-14,HD,163.934799194336
2018-06-15,HD,164.649002075195
2018-06-18,HD,164.772171020508
2018-06-19,HD,163.557083129883
2018-06-20,HD,163.450378417969
2018-06-21,HD,164.460235595703
2018-06-22,HD,162.079238891602
2018-06-25,HD,161.233627319336
2018-06-26,HD,161.217163085938
2018-06-27,HD,160.116989135742
2018-06-28,HD,160.272964477539
2018-06-29,HD,160.182662963867
2018-07-02,HD,159.295928955078
2018-07-03,HD,158.967514038086
2018-07-05,HD,159.616165161133
2018-07-06,HD,159.673599243164
2018-07-09,HD,160.987289428711
2018-07-10,HD,162.243453979492
2018-07-11,HD,161.701538085938
2018-07-12,HD,162.522598266602
2018-07-13,HD,163.130172729492
2018-07-16,HD,163.286163330078
2018-07-17,HD,165.108840942383
2018-07-18,HD,165.00212097168
2018-07-19,HD,166.365020751953
2018-07-20,HD,166.217269897461
2018-07-23,HD,166.036605834961
2018-07-24,HD,165.839538574219
2018-07-25,HD,165.026733398438
2018-07-26,HD,163.71305847168
2018-07-27,HD,161.85758972168
2018-07-30,HD,161.97248840332
2018-07-31,HD,162.169540405273
2018-08-01,HD,161.167892456055
2018-08-02,HD,160.642425537109
2018-08-03,HD,160.626022338867
2018-08-06,HD,160.667037963867
2018-08-07,HD,161.783645629883
2018-08-08,HD,162.580062866211
2018-08-09,HD,162.629318237305
2018-08-10,HD,161.167892456055
2018-08-13,HD,159.394454956055
2018-08-14,HD,158.540618896484
2018-08-15,HD,159.271347045898
2018-08-16,HD,160.420761108398
2018-08-17,HD,160.560317993164
2018-08-20,HD,162.50617980957
2018-08-21,HD,164.394515991211
2018-08-22,HD,163.360046386719
2018-08-23,HD,164.337097167969
2018-08-24,HD,165.273040771484
2018-08-27,HD,165.831359863281
2018-08-28,HD,165.823150634766
2018-08-29,HD,166.433807373047
2018-08-30,HD,164.43669128418
2018-08-31,HD,165.682846069336
2018-09-04,HD,169.239593505859
2018-09-05,HD,168.472122192383
2018-09-06,HD,169.90803527832
2018-09-07,HD,170.188568115234
2018-09-10,HD,173.869186401367
2018-09-11,HD,176.476898193359
2018-09-12,HD,174.933746337891
2018-09-13,HD,172.845855712891
2018-09-14,HD,172.532272338867
2018-09-17,HD,171.979385375977
2018-09-18,HD,174.141494750977
2018-09-19,HD,174.686187744141
2018-09-20,HD,174.174499511719
2018-09-21,HD,175.272079467773
2018-09-24,HD,171.641098022461
2018-09-25,HD,171.203674316406
2018-09-26,HD,171.253204345703
2018-09-27,HD,170.692047119141
2018-09-28,HD,170.947845458984
2018-10-01,HD,171.319229125977
2018-10-02,HD,168.96728515625
2018-10-03,HD,168.133773803711
2018-10-04,HD,164.098403930664
2018-10-05,HD,162.060073852539
2018-10-08,HD,163.735275268555
2018-10-09,HD,161.540161132813
2018-10-10,HD,159.848449707031
2018-10-11,HD,156.580490112305
2018-10-12,HD,158.833374023438
2018-10-15,HD,157.76057434082
2018-10-16,HD,159.749389648438
2018-10-17,HD,152.809097290039
2018-10-18,HD,148.905792236328
2018-10-19,HD,148.418869018555
2018-10-22,HD,147.511123657227
2018-10-23,HD,147.329544067383
2018-10-24,HD,146.042190551758
2018-10-25,HD,147.775207519531
2018-10-26,HD,142.130523681641
2018-10-29,HD,142.931045532227
2018-10-30,HD,145.43977355957
2018-10-31,HD,145.142730712891
2018-11-01,HD,148.922317504883
2018-11-02,HD,148.484893798828
2018-11-05,HD,150.349945068359
2018-11-06,HD,150.201400756836
2018-11-07,HD,154.509140014648
2018-11-08,HD,155.144546508789
2018-11-09,HD,153.485794067383
2018-11-12,HD,148.072250366211
2018-11-13,HD,147.717407226563
2018-11-14,HD,148.46012878418
2018-11-15,HD,146.364028930664
2018-11-16,HD,146.083435058594
2018-11-19,HD,143.252883911133
2018-11-20,HD,139.506317138672
2018-11-21,HD,139.712615966797
2018-11-23,HD,139.341262817383
2018-11-26,HD,140.141799926758
2018-11-27,HD,142.947570800781
2018-11-28,HD,147.297637939453
2018-11-29,HD,145.828201293945
2018-11-30,HD,149.696838378906
2018-12-03,HD,150.875671386719
2018-12-04,HD,145.529403686523
2018-12-06,HD,146.077331542969
2018-12-07,HD,143.445678710938
2018-12-10,HD,142.532455444336
2018-12-11,HD,142.964157104492
2018-12-12,HD,144.624542236328
2018-12-13,HD,144.342239379883
2018-12-14,HD,143.030532836914
2018-12-17,HD,139.444229125977
2018-12-18,HD,141.162719726563
2018-12-19,HD,139.103881835938
2018-12-20,HD,136.281280517578
2018-12-21,HD,133.226226806641
2018-12-24,HD,131.283645629883
2018-12-26,HD,139.701629638672
2018-12-27,HD,141.395111083984
2018-12-28,HD,141.312118530273
2018-12-31,HD,142.640411376953
2019-01-02,HD,143.130187988281
2019-01-03,HD,139.975570678711
2019-01-04,HD,144.134735107422
2019-01-07,HD,146.973831176758
2019-01-08,HD,147.679534912109
2019-01-09,HD,149.207046508789
2019-01-10,HD,148.650833129883
2019-01-11,HD,148.94140625
2019-01-14,HD,148.443298339844
2019-01-15,HD,146.500717163086
2019-01-16,HD,146.973831176758
2019-01-17,HD,145.172409057617
2019-01-18,HD,149.082550048828
2019-01-22,HD,147.032012939453
2019-01-23,HD,146.849365234375
2019-01-24,HD,147.181396484375
2019-01-25,HD,149.763320922852
2019-01-28,HD,149.290084838867
2019-01-29,HD,149.173873901367
2019-01-30,HD,151.240982055664
2019-01-31,HD,152.361724853516
2019-02-01,HD,153.059036254883
2019-02-04,HD,154.769180297852
2019-02-05,HD,154.736053466797
2019-02-06,HD,153.349639892578
2019-02-07,HD,152.81005859375
2019-02-08,HD,153.200180053711
2019-02-11,HD,151.855346679688
2019-02-12,HD,154.013793945313
2019-02-13,HD,156.412963867188
2019-02-14,HD,155.831878662109
2019-02-15,HD,159.717010498047
2019-02-19,HD,159.667266845703
2019-02-20,HD,159.268768310547
2019-02-21,HD,159.243850708008
2019-02-22,HD,159.717010498047
2019-02-25,HD,157.716339111328
2019-02-26,HD,156.321655273438
2019-02-27,HD,152.477920532227
2019-02-28,HD,153.698303222656
2019-03-01,HD,153.723175048828
2019-03-04,HD,152.594223022461
2019-03-05,HD,152.751876831055
2019-03-06,HD,153.12548828125
2019-03-07,HD,151.514923095703
2019-03-08,HD,150.452255249023
2019-03-11,HD,151.456832885742
2019-03-12,HD,152.751876831055
2019-03-13,HD,151.497375488281
2019-03-14,HD,151.890472412109
2019-03-15,HD,152.408981323242
2019-03-18,HD,153.404266357422
2019-03-19,HD,153.998062133789
2019-03-20,HD,155.645736694336
2019-03-21,HD,158.882354736328
2019-03-22,HD,157.862075805664
2019-03-25,HD,158.639801025391
2019-03-26,HD,158.355453491211
2019-03-27,HD,158.280242919922
2019-03-28,HD,158.95768737793
2019-03-29,HD,160.488220214844
2019-04-01,HD,163.624542236328
2019-04-02,HD,162.512145996094
2019-04-03,HD,166.108535766602
2019-04-04,HD,167.647354125977
2019-04-05,HD,168.993881225586
2019-04-08,HD,170.240112304688
2019-04-09,HD,168.023712158203
2019-04-10,HD,166.794311523438
2019-04-11,HD,168.508865356445
2019-04-12,HD,170.491012573242
2019-04-15,HD,171.335723876953
2019-04-16,HD,171.009552001953
2019-04-17,HD,172.749176025391
2019-04-18,HD,172.004821777344
2019-04-22,HD,171.268814086914
2019-04-23,HD,172.330963134766
2019-04-24,HD,172.891311645508
2019-04-25,HD,172.707336425781
2019-04-26,HD,170.290298461914
2019-04-29,HD,169.077545166016
2019-04-30,HD,170.365524291992
2019-05-01,HD,166.26741027832
2019-05-02,HD,168.115737915039
2019-05-03,HD,167.739379882813
2019-05-06,HD,166.961563110352
2019-05-07,HD,162.896942138672
2019-05-08,HD,163.231430053711
2019-05-09,HD,162.737991333008
2019-05-10,HD,162.737991333008
2019-05-13,HD,159.191848754883
2019-05-14,HD,160.262390136719
2019-05-15,HD,160.379455566406
2019-05-16,HD,160.898025512695
2019-05-17,HD,161.065322875977
2019-05-20,HD,159.702087402344
2019-05-21,HD,160.120208740234
2019-05-22,HD,157.995834350586
2019-05-23,HD,160.580200195313
2019-05-24,HD,161.909973144531
2019-05-28,HD,160.203796386719
2019-05-29,HD,158.899124145508
2019-05-30,HD,159.810745239258
2019-05-31,HD,158.781997680664
2019-06-03,HD,158.547836303711
2019-06-04,HD,163.29833984375
2019-06-05,HD,165.65657043457
2019-06-06,HD,166.060821533203
2019-06-07,HD,166.170318603516
2019-06-10,HD,166.802001953125
2019-06-11,HD,166.768295288086
2019-06-12,HD,167.551574707031
2019-06-13,HD,170.423553466797
2019-06-14,HD,173.303970336914
2019-06-17,HD,174.323013305664
2019-06-18,HD,174.744140625
2019-06-19,HD,175.131591796875
2019-06-20,HD,177.919342041016
2019-06-21,HD,176.352798461914
2019-06-24,HD,173.076538085938
2019-06-25,HD,172.436462402344
2019-06-26,HD,173.851364135742
2019-06-27,HD,174.35676574707
2019-06-28,HD,175.156829833984
2019-07-01,HD,177.102386474609
2019-07-02,HD,176.984466552734
2019-07-03,HD,178.635208129883
2019-07-05,HD,178.096176147461
2019-07-08,HD,179.317428588867
2019-07-09,HD,178.550933837891
2019-07-10,HD,177.49821472168
2019-07-11,HD,180.269088745117
2019-07-12,HD,183.798034667969
2019-07-15,HD,184.193878173828
2019-07-16,HD,182.981079101563
2019-07-17,HD,181.591415405273
2019-07-18,HD,180.606002807617
2019-07-19,HD,179.426864624023
2019-07-22,HD,177.936141967773
2019-07-23,HD,179.46061706543
2019-07-24,HD,180.833419799805
2019-07-25,HD,181.540863037109
2019-07-26,HD,182.686294555664
2019-07-29,HD,183.63801574707
2019-07-30,HD,183.065292358398
2019-07-31,HD,179.974334716797
2019-08-01,HD,179.250045776367
2019-08-02,HD,178.677307128906
2019-08-05,HD,172.604873657227
2019-08-06,HD,175.855850219727
2019-08-07,HD,175.106323242188
2019-08-08,HD,178.188858032227
2019-08-09,HD,176.883392333984
2019-08-12,HD,174.348251342773
2019-08-13,HD,175.460067749023
2019-08-14,HD,169.783477783203
2019-08-15,HD,169.951919555664
2019-08-16,HD,171.518417358398
2019-08-19,HD,175.139999389648
2019-08-20,HD,182.837875366211
2019-08-21,HD,185.625610351563
2019-08-22,HD,186.147888183594
2019-08-23,HD,183.157928466797
2019-08-26,HD,184.151763916016
2019-08-27,HD,183.781173706055
2019-08-28,HD,186.931076049805
2019-08-29,HD,191.453811645508
2019-08-30,HD,191.950729370117
2019-09-03,HD,188.71662902832
2019-09-04,HD,189.936813354492
2019-09-05,HD,193.326248168945
2019-09-06,HD,195.85139465332
2019-09-09,HD,197.32585144043
2019-09-10,HD,197.436004638672
2019-09-11,HD,197.147888183594
2019-09-12,HD,198.113845825195
2019-09-13,HD,198.266387939453
2019-09-16,HD,195.732772827148
2019-09-17,HD,195.071853637695
2019-09-18,HD,195.597198486328
2019-09-19,HD,193.300811767578
2019-09-20,HD,190.37744140625
2019-09-23,HD,191.716293334961
2019-09-24,HD,191.004470825195
2019-09-25,HD,193.283905029297
2019-09-26,HD,194.715957641602
2019-09-27,HD,194.775253295898
2019-09-30,HD,196.605575561523
2019-10-01,HD,195.809051513672
2019-10-02,HD,191.123123168945
2019-10-03,HD,192.190811157227
2019-10-04,HD,193.139846801758
2019-10-07,HD,192.131500244141
2019-10-08,HD,192.072189331055
2019-10-09,HD,193.995697021484
2019-10-10,HD,196.258148193359
2019-10-11,HD,198.842636108398
2019-10-14,HD,198.43586730957
2019-10-15,HD,199.656066894531
2019-10-16,HD,199.893341064453
2019-10-17,HD,200.630554199219
2019-10-18,HD,201.613464355469
2019-10-21,HD,200.571228027344
2019-10-22,HD,200.994934082031
2019-10-23,HD,198.851089477539
2019-10-24,HD,198.190124511719
2019-10-25,HD,198.605392456055
2019-10-28,HD,200.655944824219
2019-10-29,HD,198.401977539063
2019-10-30,HD,200.181457519531
2019-10-31,HD,198.774826049805
2019-11-01,HD,201.113510131836
2019-11-04,HD,199.062911987305
2019-11-05,HD,196.758102416992
2019-11-06,HD,198.291854858398
2019-11-07,HD,197.385192871094
2019-11-08,HD,197.300384521484
2019-11-11,HD,196.419158935547
2019-11-12,HD,197.537673950195
2019-11-13,HD,198.961273193359
2019-11-14,HD,200.444137573242
2019-11-15,HD,201.071182250977
2019-11-18,HD,202.393081665039
2019-11-19,HD,191.385803222656
2019-11-20,HD,187.182861328125
2019-11-21,HD,185.183074951172
2019-11-22,HD,184.750946044922
2019-11-25,HD,185.064437866211
2019-11-26,HD,187.064239501953
2019-11-27,HD,188.962326049805
2019-11-29,HD,186.852386474609
2019-12-02,HD,184.40348815918
2019-12-03,HD,181.336044311523
2019-12-04,HD,182.581146240234
2019-12-05,HD,181.643035888672
2019-12-06,HD,182.734619140625
2019-12-09,HD,184.653381347656
2019-12-10,HD,184.116134643555
2019-12-11,HD,180.790267944336
2019-12-12,HD,180.82438659668
2019-12-13,HD,182.564056396484
2019-12-16,HD,183.80061340332
2019-12-17,HD,185.668182373047
2019-12-18,HD,185.906997680664
2019-12-19,HD,187.800170898438
2019-12-20,HD,188.627380371094
2019-12-23,HD,186.938873291016
2019-12-24,HD,188.18391418457
2019-12-26,HD,188.311828613281
2019-12-27,HD,187.586959838867
2019-12-30,HD,185.318557739258
2019-12-31,HD,186.231018066406
2020-01-02,HD,187.322601318359
2020-01-03,HD,186.700073242188
2020-01-06,HD,187.578460693359
2020-01-07,HD,186.350494384766
2020-01-08,HD,189.139038085938
2020-01-09,HD,192.038513183594
2020-01-10,HD,191.211303710938
2020-01-13,HD,190.460861206055
2020-01-14,HD,190.008880615234
2020-01-15,HD,191.526885986328
2020-01-16,HD,195.134124755859
2020-01-17,HD,197.769226074219
2020-01-21,HD,198.656097412109
2020-01-22,HD,198.613418579102
2020-01-23,HD,199.253067016602
2020-01-24,HD,197.845947265625
2020-01-27,HD,197.155212402344
2020-01-28,HD,199.432113647461
2020-01-29,HD,199.568572998047
2020-01-30,HD,198.519622802734
2020-01-31,HD,194.520111083984
2020-02-03,HD,197.453659057617
2020-02-04,HD,200.404373168945
2020-02-05,HD,203.056488037109
2020-02-06,HD,203.679016113281
2020-02-07,HD,202.365768432617
2020-02-10,HD,205.188415527344
2020-02-11,HD,206.066833496094
2020-02-12,HD,206.024215698242
2020-02-13,HD,206.680786132813
2020-02-14,HD,208.957733154297
2020-02-18,HD,208.028228759766
2020-02-19,HD,207.772369384766
2020-02-20,HD,210.65478515625
2020-02-21,HD,209.222122192383
2020-02-24,HD,204.41242980957
2020-02-25,HD,202.433929443359
2020-02-26,HD,200.643127441406
2020-02-27,HD,191.646194458008
2020-02-28,HD,185.770538330078
2020-03-02,HD,196.089233398438
2020-03-03,HD,194.383651733398
2020-03-04,HD,205.589218139648
2020-03-05,HD,200.242294311523
2020-03-06,HD,194.869735717773
2020-03-09,HD,179.477005004883
2020-03-10,HD,192.473419189453
2020-03-11,HD,182.763900756836
2020-03-12,HD,163.619583129883
2020-03-13,HD,176.565551757813
2020-03-16,HD,141.616516113281
2020-03-17,HD,149.068176269531
2020-03-18,HD,133.606750488281
2020-03-19,HD,138.328491210938
2020-03-20,HD,130.619216918945
2020-03-23,HD,139.410125732422
2020-03-24,HD,158.58024597168
2020-03-25,HD,156.0390625
2020-03-26,HD,167.585815429688
2020-03-27,HD,163.585235595703
2020-03-30,HD,168.349884033203
2020-03-31,HD,160.288619995117
2020-04-01,HD,153.35205078125
2020-04-02,HD,155.652786254883
2020-04-03,HD,153.412124633789
2020-04-06,HD,164.254898071289
2020-04-07,HD,165.078964233398
2020-04-08,HD,167.2509765625
2020-04-09,HD,173.011459350586
2020-04-13,HD,170.659164428711
2020-04-14,HD,177.853332519531
2020-04-15,HD,170.393051147461
2020-04-16,HD,171.569198608398
2020-04-17,HD,179.784942626953
2020-04-20,HD,176.891830444336
2020-04-21,HD,172.221633911133
2020-04-22,HD,175.277862548828
2020-04-23,HD,173.689682006836
2020-04-24,HD,182.154373168945
2020-04-27,HD,186.944763183594
2020-04-28,HD,186.833145141602
2020-04-29,HD,190.421600341797
2020-04-30,HD,188.721786499023
2020-05-01,HD,187.64013671875
2020-05-04,HD,190.447418212891
2020-05-05,HD,193.683898925781
2020-05-06,HD,192.233047485352
2020-05-07,HD,196.980484008789
2020-05-08,HD,201.255798339844
2020-05-11,HD,203.084335327148
2020-05-12,HD,199.942291259766
2020-05-13,HD,197.538482666016
2020-05-14,HD,201.298690795898
2020-05-15,HD,205.462326049805
2020-05-18,HD,210.630493164063
2020-05-19,HD,204.406402587891
2020-05-20,HD,204.48371887207
2020-05-21,HD,206.793045043945
2020-05-22,HD,207.651519775391
2020-05-26,HD,208.166610717773
2020-05-27,HD,212.356048583984
2020-05-28,HD,210.450225830078
2020-05-29,HD,213.317581176758
2020-06-01,HD,212.295913696289
2020-06-02,HD,216.948959350586
2020-06-03,HD,216.767593383789
2020-06-04,HD,214.997207641602
2020-06-05,HD,220.135696411133
2020-06-08,HD,221.75065612793
2020-06-09,HD,221.742034912109
2020-06-10,HD,219.747085571289
2020-06-11,HD,206.810104370117
2020-06-12,HD,209.383712768555
2020-06-15,HD,208.4423828125
2020-06-16,HD,215.860778808594
2020-06-17,HD,216.638076782227
2020-06-18,HD,215.221725463867
2020-06-19,HD,213.010894775391
2020-06-22,HD,215.178558349609
2020-06-23,HD,216.171676635742
2020-06-24,HD,212.561767578125
2020-06-25,HD,211.914108276367
2020-06-26,HD,208.140060424805
2020-06-29,HD,212.553161621094
2020-06-30,HD,216.344436645508
2020-07-01,HD,214.306304931641
2020-07-02,HD,214.60856628418
2020-07-06,HD,215.515380859375
2020-07-07,HD,213.615417480469
2020-07-08,HD,215.187194824219
2020-07-09,HD,214.142211914063
2020-07-10,HD,215.999008178711
2020-07-13,HD,215.575805664063
2020-07-14,HD,222.631530761719
2020-07-15,HD,222.640167236328
2020-07-16,HD,222.882019042969
2020-07-17,HD,224.868316650391
2020-07-20,HD,224.686996459961
2020-07-21,HD,226.630111694336
2020-07-22,HD,229.00505065918
2020-07-23,HD,227.830520629883
2020-07-24,HD,229.125946044922
2020-07-27,HD,230.948211669922
2020-07-28,HD,229.100036621094
2020-07-29,HD,228.564590454102
2020-07-30,HD,229.989517211914
2020-07-31,HD,229.28141784668
2020-08-03,HD,229.877258300781
2020-08-04,HD,231.336837768555
2020-08-05,HD,231.000015258789
2020-08-06,HD,232.632247924805
2020-08-07,HD,234.59260559082
2020-08-10,HD,237.261276245117
2020-08-11,HD,237.425338745117
2020-08-12,HD,243.176956176758
2020-08-13,HD,243.246063232422
2020-08-14,HD,242.287475585938
2020-08-17,HD,248.928604125977
2020-08-18,HD,246.130462646484
2020-08-19,HD,244.282409667969
2020-08-20,HD,242.399719238281
2020-08-21,HD,244.601974487305
2020-08-24,HD,247.641876220703
2020-08-25,HD,247.106384277344
2020-08-26,HD,252.115386962891
2020-08-27,HD,249.26545715332
2020-08-28,HD,247.244598388672
2020-08-31,HD,246.165084838867
2020-09-01,HD,246.942367553711
2020-09-02,HD,249.338516235352
2020-09-03,HD,238.42561340332
2020-09-04,HD,234.110778808594
2020-09-08,HD,233.763580322266
2020-09-09,HD,240.51789855957
2020-09-10,HD,236.750015258789
2020-09-11,HD,239.901458740234
2020-09-14,HD,243.651992797852
2020-09-15,HD,247.932006835938
2020-09-16,HD,244.502838134766
2020-09-17,HD,243.052993774414
2020-09-18,HD,238.91178894043
2020-09-21,HD,236.446182250977
2020-09-22,HD,237.279663085938
2020-09-23,HD,231.410766601563
2020-09-24,HD,230.672866821289
2020-09-25,HD,233.147125244141
2020-09-28,HD,236.428817749023
2020-09-29,HD,236.237854003906
2020-09-30,HD,241.099609375
2020-10-01,HD,241.021392822266
2020-10-02,HD,242.488647460938
2020-10-05,HD,244.910842895508
2020-10-06,HD,240.023025512695
2020-10-07,HD,245.509918212891
2020-10-08,HD,247.011810302734
2020-10-09,HD,248.227249145508
2020-10-12,HD,249.086730957031
2020-10-13,HD,252.08186340332
2020-10-14,HD,249.242950439453
2020-10-15,HD,249.633651733398
2020-10-16,HD,249.737884521484
2020-10-19,HD,246.325942993164
2020-10-20,HD,248.331466674805
2020-10-21,HD,247.003204345703
2020-10-22,HD,244.094711303711
2020-10-23,HD,245.692184448242
2020-10-26,HD,239.64973449707
2020-10-27,HD,240.344299316406
2020-10-28,HD,234.162857055664
2020-10-29,HD,234.08479309082
2020-10-30,HD,231.549667358398
2020-11-02,HD,235.048355102539
2020-11-03,HD,240.80436706543
2020-11-04,HD,245.449157714844
2020-11-05,HD,248.166458129883
2020-11-06,HD,246.768692016602
2020-11-09,HD,234.379959106445
2020-11-10,HD,239.24169921875
2020-11-11,HD,241.134231567383
2020-11-12,HD,239.823303222656
2020-11-13,HD,240.630767822266
2020-11-16,HD,242.714370727539
2020-11-17,HD,236.550354003906
2020-11-18,HD,234.258346557617
2020-11-19,HD,235.213394165039
2020-11-20,HD,234.24104309082
2020-11-23,HD,235.621429443359
2020-11-24,HD,237.279663085938
2020-11-25,HD,237.843887329102
2020-11-27,HD,239.606353759766
2020-11-30,HD,240.839111328125
2020-12-01,HD,240.135894775391
2020-12-02,HD,236.644287109375
2020-12-03,HD,234.060501098633
2020-12-04,HD,230.437927246094
2020-12-07,HD,229.259567260742
2020-12-08,HD,228.456451416016
2020-12-09,HD,231.82585144043
2020-12-10,HD,231.153747558594
2020-12-11,HD,230.926773071289
2020-12-14,HD,231.82585144043
2020-12-15,HD,233.920837402344
2020-12-16,HD,235.326217651367
2020-12-17,HD,239.149429321289
2020-12-18,HD,236.076965332031
2020-12-21,HD,236.548263549805
2020-12-22,HD,235.719009399414
2020-12-23,HD,235.518249511719
2020-12-24,HD,236.487182617188
2020-12-28,HD,235.029449462891
2020-12-29,HD,232.358367919922
2020-12-30,HD,231.546524047852
2020-12-31,HD,231.860733032227
2021-01-04,HD,230.376876831055
2021-01-05,HD,232.236129760742
2021-01-06,HD,233.562942504883
2021-01-07,HD,232.419418334961
2021-01-08,HD,234.889739990234
2021-01-11,HD,236.757766723633
2021-01-12,HD,241.209533691406
2021-01-13,HD,239.219314575195
2021-01-14,HD,234.235061645508
2021-01-15,HD,240.563598632813
2021-01-19,HD,238.468612670898
2021-01-20,HD,239.437576293945
2021-01-21,HD,243.583923339844
2021-01-22,HD,247.904724121094
2021-01-25,HD,248.847503662109
2021-01-26,HD,246.682662963867
2021-01-27,HD,239.219314575195
2021-01-28,HD,242.7109375
2021-01-29,HD,236.399841308594
2021-02-01,HD,235.745208740234
2021-02-02,HD,237.569534301758
2021-02-03,HD,239.324142456055
2021-02-04,HD,243.383087158203
2021-02-05,HD,243.417999267578
2021-02-08,HD,244.439376831055
2021-02-09,HD,241.593627929688
2021-02-10,HD,243.269607543945
2021-02-11,HD,241.846801757813
2021-02-12,HD,242.239593505859
2021-02-16,HD,240.389022827148
2021-02-17,HD,245.21630859375
2021-02-18,HD,247.075531005859
2021-02-19,HD,244.098876953125
2021-02-22,HD,240.790542602539
2021-02-23,HD,233.274856567383
2021-02-24,HD,226.928833007813
2021-02-25,HD,222.808746337891
2021-02-26,HD,225.506011962891
2021-03-01,HD,228.369155883789
2021-03-02,HD,227.208206176758
2021-03-03,HD,224.650588989258
2021-03-04,HD,219.037780761719
2021-03-05,HD,221.298645019531
2021-03-08,HD,226.108337402344
2021-03-09,HD,231.284622192383
2021-03-10,HD,233.858306884766
2021-03-11,HD,236.150848388672
2021-03-12,HD,239.883987426758
2021-03-15,HD,244.662322998047
2021-03-16,HD,247.771682739258
2021-03-17,HD,245.971115112305
2021-03-18,HD,248.720443725586
2021-03-19,HD,253.937927246094
2021-03-22,HD,253.797454833984
2021-03-23,HD,254.710983276367
2021-03-24,HD,257.143951416016
2021-03-25,HD,261.03515625
2021-03-26,HD,266.858795166016
2021-03-29,HD,265.444610595703
2021-03-30,HD,267.746032714844
2021-03-31,HD,268.123657226563
2021-04-01,HD,270.319610595703
2021-04-05,HD,277.039154052734
2021-04-06,HD,275.6162109375
2021-04-07,HD,274.465515136719
2021-04-08,HD,276.187072753906
2021-04-09,HD,280.403289794922
2021-04-12,HD,281.773620605469
2021-04-13,HD,281.430999755859
2021-04-14,HD,281.097229003906
2021-04-15,HD,283.486480712891
2021-04-16,HD,288.176971435547
2021-04-19,HD,287.096527099609
2021-04-20,HD,284.558074951172
2021-04-21,HD,286.306030273438
2021-04-22,HD,282.362213134766
2021-04-23,HD,284.496551513672
2021-04-26,HD,281.070892333984
2021-04-27,HD,281.597930908203
2021-04-28,HD,280.824981689453
2021-04-29,HD,285.770202636719
2021-04-30,HD,284.303314208984
2021-05-03,HD,290.100555419922
2021-05-04,HD,292.296478271484
2021-05-05,HD,291.664031982422
2021-05-06,HD,296.521453857422
2021-05-07,HD,297.988372802734
2021-05-10,HD,299.630920410156
2021-05-11,HD,290.443084716797
2021-05-12,HD,278.444610595703
2021-05-13,HD,285.840515136719
2021-05-14,HD,284.268218994141
2021-05-17,HD,281.088470458984
2021-05-18,HD,278.224914550781
2021-05-19,HD,276.204772949219
2021-05-20,HD,277.478363037109
2021-05-21,HD,277.364135742188
2021-05-24,HD,276.547210693359
2021-05-25,HD,278.224914550781
2021-05-26,HD,278.734405517578
2021-05-27,HD,279.999328613281
2021-05-28,HD,280.122222900391
2021-06-01,HD,277.838470458984
2021-06-02,HD,276.575866699219
2021-06-03,HD,274.986480712891
2021-06-04,HD,274.615600585938
2021-06-07,HD,273.688507080078
2021-06-08,HD,274.518463134766
2021-06-09,HD,271.375122070313
2021-06-10,HD,272.231567382813
2021-06-11,HD,274.403656005859
2021-06-14,HD,273.123382568359
2021-06-15,HD,270.589233398438
2021-06-16,HD,267.348693847656
2021-06-17,HD,267.64892578125
2021-06-18,HD,267.198638916016
2021-06-21,HD,271.604614257813
2021-06-22,HD,276.116577148438
2021-06-23,HD,275.198333740234
2021-06-24,HD,275.348510742188
2021-06-25,HD,276.929016113281
2021-06-28,HD,277.502960205078
2021-06-29,HD,280.99951171875
2021-06-30,HD,281.573425292969
2021-07-01,HD,283.913391113281
2021-07-02,HD,284.937713623047
2021-07-06,HD,281.900238037109
2021-07-07,HD,285.626373291016
2021-07-08,HD,281.264465332031
2021-07-09,HD,284.399047851563
2021-07-12,HD,284.089935302734
2021-07-13,HD,279.948822021484
2021-07-14,HD,281.864868164063
2021-07-15,HD,284.946502685547
2021-07-16,HD,283.913391113281
2021-07-19,HD,281.555816650391
2021-07-20,HD,287.277557373047
2021-07-21,HD,288.169342041016
2021-07-22,HD,288.434234619141
2021-07-23,HD,293.891082763672
2021-07-26,HD,292.42529296875
2021-07-27,HD,288.964050292969
2021-07-28,HD,287.427703857422
2021-07-29,HD,289.114105224609
2021-07-30,HD,289.785247802734
2021-08-02,HD,288.928649902344
2021-08-03,HD,293.096405029297
2021-08-04,HD,291.657135009766
2021-08-05,HD,294.129455566406
2021-08-06,HD,291.242126464844
2021-08-09,HD,290.288482666016
2021-08-10,HD,292.690185546875
2021-08-11,HD,297.564208984375
2021-08-12,HD,294.932952880859
2021-08-13,HD,292.548950195313
2021-08-16,HD,295.842407226563
2021-08-17,HD,283.215881347656
2021-08-18,HD,283.922241210938
2021-08-19,HD,285.114288330078
2021-08-20,HD,290.712341308594
2021-08-23,HD,289.387847900391
2021-08-24,HD,286.880218505859
2021-08-25,HD,285.979553222656
2021-08-26,HD,283.860443115234
2021-08-27,HD,285.5380859375
2021-08-30,HD,288.822814941406
2021-08-31,HD,288.010437011719
2021-09-01,HD,287.220550537109
2021-09-02,HD,290.859100341797
2021-09-03,HD,293.166656494141
2021-09-07,HD,291.933044433594
2021-09-08,HD,294.267059326172
2021-09-09,HD,294.435699462891
2021-09-10,HD,294.595428466797
2021-09-13,HD,297.701629638672
2021-09-14,HD,295.6337890625
2021-09-15,HD,295.855621337891
2021-09-16,HD,298.535797119141
2021-09-17,HD,297.896881103516
2021-09-20,HD,293.938659667969
2021-09-21,HD,296.609954833984
2021-09-22,HD,298.127563476563
2021-09-23,HD,298.109771728516
2021-09-24,HD,299.511932373047
2021-09-27,HD,302.990875244141
2021-09-28,HD,296.237213134766
2021-09-29,HD,299.014984130859
2021-09-30,HD,291.320617675781
2021-10-01,HD,292.740600585938
2021-10-04,HD,289.732177734375
2021-10-05,HD,292.403381347656
2021-10-06,HD,293.184326171875
2021-10-07,HD,299.503082275391
2021-10-08,HD,296.716461181641
2021-10-11,HD,299.050537109375
2021-10-12,HD,299.787078857422
2021-10-13,HD,300.213104248047
2021-10-14,HD,305.333770751953
2021-10-15,HD,310.978149414063
2021-10-18,HD,315.060485839844
2021-10-19,HD,317.705139160156
2021-10-20,HD,317.918151855469
2021-10-21,HD,323.589080810547
2021-10-22,HD,324.804870605469
2021-10-25,HD,329.481842041016
2021-10-26,HD,327.653625488281
2021-10-27,HD,330.422607421875
2021-10-28,HD,329.756958007813
2021-10-29,HD,329.907836914063
2021-11-01,HD,325.23974609375
2021-11-02,HD,325.958648681641
2021-11-03,HD,327.449584960938
2021-11-04,HD,330.298309326172
2021-11-05,HD,326.943664550781
2021-11-08,HD,327.112274169922
2021-11-09,HD,328.9404296875
2021-11-10,HD,327.103393554688
2021-11-11,HD,326.260345458984
2021-11-12,HD,330.697723388672
2021-11-15,HD,329.322082519531
2021-11-16,HD,348.180877685547
2021-11-17,HD,350.417205810547
2021-11-18,HD,360.179443359375
2021-11-19,HD,362.699798583984
2021-11-22,HD,362.788604736328
2021-11-23,HD,362.415802001953
2021-11-24,HD,365.734893798828
2021-11-26,HD,357.383911132813
2021-11-29,HD,361.040252685547
2021-11-30,HD,355.529022216797
2021-12-01,HD,356.830139160156
2021-12-02,HD,363.380004882813
2021-12-03,HD,363.415649414063
2021-12-06,HD,370.446746826172
2021-12-07,HD,370.87451171875
2021-12-08,HD,366.481170654297
2021-12-09,HD,366.561370849609
2021-12-10,HD,370.179382324219
2021-12-13,HD,361.125427246094
2021-12-14,HD,358.416381835938
2021-12-15,HD,363.415649414063
2021-12-16,HD,356.037017822266
2021-12-17,HD,345.744323730469
2021-12-20,HD,347.009796142578
2021-12-21,HD,347.963317871094
2021-12-22,HD,352.570495605469
2021-12-23,HD,353.844940185547
2021-12-27,HD,360.1005859375
2021-12-28,HD,361.998718261719
2021-12-29,HD,366.115814208984
2021-12-30,HD,365.313842773438
2021-12-31,HD,369.831848144531
2022-01-03,HD,364.155364990234
2022-01-04,HD,367.898132324219
2022-01-05,HD,362.90771484375
2022-01-06,HD,361.588836669922
2022-01-07,HD,350.761413574219
2022-01-10,HD,345.280944824219
2022-01-11,HD,344.576995849609
2022-01-12,HD,347.009796142578
2022-01-13,HD,344.853179931641
2022-01-14,HD,331.50390625
2022-01-18,HD,326.798675537109
2022-01-19,HD,320.534027099609
2022-01-20,HD,311.524597167969
2022-01-21,HD,311.096893310547
2022-01-24,HD,324.205535888672
2022-01-25,HD,319.901275634766
2022-01-26,HD,318.386352539063
2022-01-27,HD,317.62890625
2022-01-28,HD,326.638336181641
2022-01-31,HD,327.030487060547
2022-02-01,HD,328.563140869141
2022-02-02,HD,333.045593261719
2022-02-03,HD,325.0966796875
2022-02-04,HD,320.516174316406
2022-02-07,HD,318.448760986328
2022-02-08,HD,322.093536376953
2022-02-09,HD,324.704559326172
2022-02-10,HD,316.434753417969
2022-02-11,HD,312.157318115234
2022-02-14,HD,313.289031982422
2022-02-15,HD,314.803955078125
2022-02-16,HD,311.979034423828
2022-02-17,HD,310.063140869141
2022-02-18,HD,309.109558105469
2022-02-22,HD,281.751586914063
2022-02-23,HD,274.872039794922
2022-02-24,HD,279.140533447266
2022-02-25,HD,282.179321289063
2022-02-28,HD,281.448608398438
2022-03-01,HD,285.387451171875
2022-03-02,HD,291.732421875
2022-03-03,HD,289.049987792969
2022-03-04,HD,288.960998535156
2022-03-07,HD,287.633117675781
2022-03-08,HD,282.259643554688
2022-03-09,HD,284.375335693359
2022-03-10,HD,285.038726806641
2022-03-11,HD,284.007781982422
2022-03-14,HD,285.415252685547
2022-03-15,HD,294.541931152344
2022-03-16,HD,296.666595458984
2022-03-17,HD,301.552612304688
2022-03-18,HD,305.479400634766
2022-03-21,HD,295.285949707031
2022-03-22,HD,295.608703613281
2022-03-23,HD,284.240905761719
2022-03-24,HD,283.102264404297
2022-03-25,HD,278.530059814453
2022-03-28,HD,281.757476806641
2022-03-29,HD,284.832550048828
2022-03-30,HD,276.539794921875
2022-03-31,HD,268.354583740234
2022-04-01,HD,270.649658203125
2022-04-04,HD,273.957824707031
2022-04-05,HD,273.312255859375
2022-04-06,HD,267.646301269531
2022-04-07,HD,271.420776367188
2022-04-08,HD,278.915496826172
2022-04-11,HD,274.979919433594
2022-04-12,HD,274.594390869141
2022-04-13,HD,278.296966552734
2022-04-14,HD,273.007507324219
2022-04-18,HD,269.143432617188
2022-04-19,HD,275.948059082031
2022-04-20,HD,282.528594970703
2022-04-21,HD,278.2431640625
2022-04-22,HD,269.053833007813
2022-04-25,HD,273.384033203125
2022-04-26,HD,268.919372558594
2022-04-27,HD,270.389739990234
2022-04-28,HD,279.498352050781
2022-04-29,HD,269.313873291016
2022-05-02,HD,275.204040527344
2022-05-03,HD,273.401977539063
2022-05-04,HD,282.680969238281
2022-05-05,HD,268.157287597656
2022-05-06,HD,263.854064941406
2022-05-09,HD,266.292633056641
2022-05-10,HD,261.030059814453
2022-05-11,HD,253.678527832031
2022-05-12,HD,259.712097167969
2022-05-13,HD,265.396057128906
2022-05-16,HD,265.360290527344
2022-05-17,HD,269.806915283203
2022-05-18,HD,255.668884277344
2022-05-19,HD,257.98193359375
2022-05-20,HD,257.470855712891
2022-05-23,HD,256.430908203125
2022-05-24,HD,258.125366210938
2022-05-25,HD,263.190643310547
2022-05-26,HD,271.474395751953
2022-05-27,HD,276.539794921875
2022-05-31,HD,271.420776367188
2022-06-01,HD,268.118713378906
2022-06-02,HD,275.949676513672
2022-06-03,HD,275.236907958984
2022-06-06,HD,274.163299560547
2022-06-07,HD,272.250732421875
2022-06-08,HD,268.425506591797
2022-06-09,HD,270.527557373047
2022-06-10,HD,260.946411132813
2022-06-13,HD,255.46110534668
2022-06-14,HD,251.410354614258
2022-06-15,HD,252.366668701172
2022-06-16,HD,246.710006713867
2022-06-17,HD,244.247100830078
2022-06-21,HD,242.866744995117
2022-06-22,HD,242.668212890625
2022-06-23,HD,248.478317260742
2022-06-24,HD,255.316787719727
2022-06-27,HD,255.037155151367
2022-06-28,HD,243.723770141602
2022-06-29,HD,247.079879760742
2022-06-30,HD,247.440719604492
2022-07-01,HD,251.7802734375
2022-07-05,HD,255.975448608398
2022-07-06,HD,255.84001159668
2022-07-07,HD,258.645782470703
2022-07-08,HD,258.447296142578
2022-07-11,HD,258.375213623047
2022-07-12,HD,257.229431152344
2022-07-13,HD,259.087890625
2022-07-14,HD,261.162963867188
2022-07-15,HD,263.806274414063
2022-07-18,HD,264.383728027344
2022-07-19,HD,270.500427246094
2022-07-20,HD,272.728881835938
2022-07-21,HD,275.164764404297
2022-07-22,HD,276.599243164063
2022-07-25,HD,276.202209472656
2022-07-26,HD,269.011840820313
2022-07-27,HD,269.670471191406
2022-07-28,HD,270.320037841797
2022-07-29,HD,271.501892089844
2022-08-01,HD,275.904541015625
2022-08-02,HD,271.294342041016
2022-08-03,HD,276.400665283203
2022-08-04,HD,277.122467041016
2022-08-05,HD,279.395935058594
2022-08-08,HD,281.452911376953
2022-08-09,HD,275.354187011719
2022-08-10,HD,281.101043701172
2022-08-11,HD,280.298156738281
2022-08-12,HD,284.087310791016
2022-08-15,HD,283.834686279297
2022-08-16,HD,295.355499267578
2022-08-17,HD,293.894012451172
2022-08-18,HD,293.397766113281
2022-08-19,HD,289.888336181641
2022-08-22,HD,281.66943359375
2022-08-23,HD,276.878845214844
2022-08-24,HD,277.970520019531
2022-08-25,HD,279.477081298828
2022-08-26,HD,268.939758300781
2022-08-29,HD,267.333770751953
2022-08-30,HD,264.428741455078
2022-08-31,HD,261.904388427734
2022-09-01,HD,266.399291992188
2022-09-02,HD,265.064392089844
2022-09-06,HD,262.921417236328
2022-09-07,HD,270.122375488281
2022-09-08,HD,272.328979492188
2022-09-09,HD,272.2109375
2022-09-12,HD,270.185943603516
2022-09-13,HD,252.37873840332
2022-09-14,HD,250.934997558594
2022-09-15,HD,246.576232910156
2022-09-16,HD,250.59895324707
2022-09-19,HD,254.639801025391
2022-09-20,HD,248.964447021484
2022-09-21,HD,246.603439331055
2022-09-22,HD,244.396896362305
2022-09-23,HD,246.031372070313
2022-09-26,HD,242.072204589844
2022-09-27,HD,243.988235473633
2022-09-28,HD,256.247131347656
2022-09-29,HD,252.742034912109
2022-09-30,HD,250.571716308594
2022-10-03,HD,257.618377685547
2022-10-04,HD,262.939544677734
2022-10-05,HD,263.202880859375
2022-10-06,HD,263.693206787109
2022-10-07,HD,258.181274414063
2022-10-10,HD,256.492279052734
2022-10-11,HD,256.8828125
2022-10-12,HD,254.730606079102
2022-10-13,HD,256.828338623047
2022-10-14,HD,251.016738891602
2022-10-17,HD,255.402572631836
2022-10-18,HD,258.853271484375
2022-10-19,HD,250.163070678711
2022-10-20,HD,244.687408447266
2022-10-21,HD,250.199401855469
2022-10-24,HD,257.218780517578
2022-10-25,HD,263.575225830078
2022-10-26,HD,263.475372314453
2022-10-27,HD,264.301605224609
2022-10-28,HD,271.19384765625
2022-10-31,HD,268.905609130859
2022-11-01,HD,268.842010498047
2022-11-02,HD,262.185852050781
2022-11-03,HD,255.620544433594
2022-11-04,HD,257.917938232422
2022-11-07,HD,263.584289550781
2022-11-08,HD,264.374328613281
2022-11-09,HD,260.387908935547
2022-11-10,HD,283.044128417969
2022-11-11,HD,285.986297607422
2022-11-14,HD,278.70361328125
2022-11-15,HD,283.253051757813
2022-11-16,HD,285.959014892578
2022-11-17,HD,282.80810546875
2022-11-18,HD,284.388092041016
2022-11-21,HD,287.657135009766
2022-11-22,HD,295.012451171875
2022-11-23,HD,291.952331542969
2022-11-25,HD,296.374572753906
2022-11-28,HD,289.600402832031
2022-11-29,HD,286.912506103516
2022-11-30,HD,295.984161376953
2022-12-01,HD,298.797912597656
2022-12-02,HD,299.638397216797
2022-12-05,HD,292.412109375
2022-12-06,HD,290.009429931641
2022-12-07,HD,292.47607421875
2022-12-08,HD,296.075531005859
2022-12-09,HD,292.777496337891
2022-12-12,HD,299.629272460938
2022-12-13,HD,304.114837646484
2022-12-14,HD,304.608123779297
2022-12-15,HD,299.282073974609
2022-12-16,HD,295.390319824219
2022-12-19,HD,289.899841308594
2022-12-20,HD,287.625061035156
2022-12-21,HD,291.754302978516
2022-12-22,HD,288.79443359375
2022-12-23,HD,291.178863525391
2022-12-27,HD,291.927947998047
2022-12-28,HD,288.438110351563
2022-12-29,HD,292.713623046875
2022-12-30,HD,288.556884765625
2023-01-03,HD,288.602600097656
2023-01-04,HD,292.092376708984
2023-01-05,HD,288.200592041016
2023-01-06,HD,290.082550048828
2023-01-09,HD,290.338348388672
2023-01-10,HD,292.914611816406
2023-01-11,HD,300.56103515625
2023-01-12,HD,301.355926513672
2023-01-13,HD,302.580047607422
2023-01-17,HD,299.218109130859
2023-01-18,HD,295.710052490234
2023-01-19,HD,284.007415771484
2023-01-20,HD,287.771270751953
2023-01-23,HD,288.209747314453
2023-01-24,HD,290.228698730469
2023-01-25,HD,289.8359375
2023-01-26,HD,286.68408203125
2023-01-27,HD,289.315124511719
2023-01-30,HD,287.077026367188
2023-01-31,HD,296.148529052734
2023-02-01,HD,299.729766845703
2023-02-02,HD,310.418395996094
2023-02-03,HD,302.844970703125
2023-02-06,HD,300.807739257813
2023-02-07,HD,297.089630126953
2023-02-08,HD,293.060791015625
2023-02-09,HD,288.273651123047
2023-02-10,HD,289.178070068359
2023-02-13,HD,295.563903808594
2023-02-14,HD,290.904724121094
2023-02-15,HD,292.969421386719
2023-02-16,HD,293.471862792969
2023-02-17,HD,290.466217041016
2023-02-21,HD,269.956817626953
2023-02-22,HD,270.687622070313
2023-02-23,HD,273.4375
2023-02-24,HD,271.0166015625
2023-02-27,HD,270.422821044922
2023-02-28,HD,270.906982421875
2023-03-01,HD,265.653961181641
2023-03-02,HD,267.691192626953
2023-03-03,HD,272.651824951172
2023-03-06,HD,272.432586669922
2023-03-07,HD,265.571746826172
2023-03-08,HD,268.221862792969
2023-03-09,HD,265.010467529297
2023-03-10,HD,263.455322265625
2023-03-13,HD,263.648620605469
2023-03-14,HD,262.774383544922
2023-03-15,HD,264.982818603516
2023-03-16,HD,263.841857910156
2023-03-17,HD,265.369293212891
2023-03-20,HD,266.169830322266
2023-03-21,HD,266.326263427734
2023-03-22,HD,260.050689697266
2023-03-23,HD,261.246917724609
2023-03-24,HD,260.427947998047
2023-03-27,HD,258.817657470703
2023-03-28,HD,258.403564453125
2023-03-29,HD,260.740844726563
2023-03-30,HD,262.581176757813
2023-03-31,HD,271.562103271484
2023-04-03,HD,273.963775634766
2023-04-04,HD,271.414886474609
2023-04-05,HD,265.626892089844
2023-04-06,HD,265.571716308594
2023-04-10,HD,267.927368164063
2023-04-11,HD,270.31982421875
2023-04-12,HD,267.255706787109
2023-04-13,HD,268.829162597656
2023-04-14,HD,268.865997314453
2023-04-17,HD,271.819702148438
2023-04-18,HD,275.086334228516
2023-04-19,HD,273.209167480469
2023-04-20,HD,274.736633300781
2023-04-21,HD,276.089385986328
2023-04-24,HD,277.561676025391
2023-04-25,HD,272.675506591797
2023-04-26,HD,265.074859619141
2023-04-27,HD,270.467071533203
2023-04-28,HD,276.549438476563
2023-05-01,HD,273.936187744141
2023-05-02,HD,270.789123535156
2023-05-03,HD,269.684967041016
2023-05-04,HD,262.940032958984
2023-05-05,HD,266.501159667969
2023-05-08,HD,264.946044921875
2023-05-09,HD,267.384460449219
2023-05-10,HD,265.958221435547
2023-05-11,HD,264.725158691406
2023-05-12,HD,267.283325195313
2023-05-15,HD,265.50732421875
2023-05-16,HD,259.793060302734
2023-05-17,HD,269.050079345703
2023-05-18,HD,271.598876953125
2023-05-19,HD,267.660522460938
2023-05-22,HD,267.458129882813
2023-05-23,HD,271.396423339844
2023-05-24,HD,267.863006591797
2023-05-25,HD,263.860198974609
2023-05-26,HD,269.454833984375
2023-05-30,HD,269.059265136719
2023-05-31,HD,262.701324462891
2023-06-01,HD,267.279815673828
2023-06-02,HD,274.277069091797
2023-06-05,HD,271.644927978516
2023-06-06,HD,274.332672119141
2023-06-07,HD,279.615478515625
2023-06-08,HD,279.050109863281
2023-06-09,HD,275.583892822266
2023-06-12,HD,278.8369140625
2023-06-13,HD,278.114013671875
2023-06-14,HD,277.771118164063
2023-06-15,HD,279.912048339844
2023-06-16,HD,278.39208984375
2023-06-20,HD,279.346649169922
2023-06-21,HD,278.688629150391
2023-06-22,HD,279.133514404297
2023-06-23,HD,278.790649414063
2023-06-26,HD,285.352325439453
2023-06-27,HD,290.774108886719
2023-06-28,HD,284.073364257813
2023-06-29,HD,285.287414550781
2023-06-30,HD,287.901031494141
2023-07-03,HD,287.326385498047
2023-07-05,HD,288.04931640625
2023-07-06,HD,279.912048339844
2023-07-07,HD,280.644195556641
2023-07-10,HD,287.5673828125
2023-07-11,HD,290.700012207031
2023-07-12,HD,294.277435302734
2023-07-13,HD,291.571136474609
2023-07-14,HD,293.33203125
2023-07-17,HD,292.9150390625
2023-07-18,HD,293.573028564453
2023-07-19,HD,296.093933105469
2023-07-20,HD,295.732482910156
2023-07-21,HD,297.011413574219
2023-07-24,HD,301.311798095703
2023-07-25,HD,301.330383300781
2023-07-26,HD,305.463897705078
2023-07-27,HD,305.575073242188
2023-07-28,HD,307.113586425781
2023-07-31,HD,309.402770996094
2023-08-01,HD,307.762359619141
2023-08-02,HD,304.453674316406
2023-08-03,HD,305.704895019531
2023-08-04,HD,302.535217285156
2023-08-07,HD,305.074645996094
2023-08-08,HD,303.814147949219
2023-08-09,HD,304.184875488281
2023-08-10,HD,305.287750244141
2023-08-11,HD,306.872619628906
2023-08-14,HD,305.797546386719
2023-08-15,HD,307.827270507813
2023-08-16,HD,308.652069091797
2023-08-17,HD,303.322967529297
2023-08-18,HD,303.406402587891
2023-08-21,HD,300.338653564453
2023-08-22,HD,300.727966308594
2023-08-23,HD,302.220123291016
2023-08-24,HD,298.976257324219
2023-08-25,HD,299.226501464844
2023-08-28,HD,302.053253173828
2023-08-29,HD,305.269256591797
2023-08-30,HD,308.384552001953
2023-08-31,HD,308.076690673828
2023-09-01,HD,310.669708251953
2023-09-05,HD,305.726287841797
2023-09-06,HD,304.066101074219
2023-09-07,HD,306.323211669922
2023-09-08,HD,306.593719482422
2023-09-11,HD,306.276580810547
2023-09-12,HD,304.327239990234
2023-09-13,HD,303.954132080078
2023-09-14,HD,307.451782226563
2023-09-15,HD,299.775512695313
2023-09-18,HD,295.9140625
2023-09-19,HD,293.442413330078
2023-09-20,HD,289.944702148438
2023-09-21,HD,286.120513916016
2023-09-22,HD,285.159912109375
2023-09-25,HD,285.868743896484
2023-09-26,HD,282.184509277344
2023-09-27,HD,281.513000488281
2023-09-28,HD,283.070587158203
2023-09-29,HD,281.830078125
2023-10-02,HD,279.656799316406
2023-10-03,HD,272.297637939453
2023-10-04,HD,272.717407226563
2023-10-05,HD,272.073883056641
2023-10-06,HD,273.118530273438
2023-10-09,HD,275.487640380859
2023-10-10,HD,279.087860107422
2023-10-11,HD,277.99658203125
2023-10-12,HD,273.304992675781
2023-10-13,HD,272.279052734375
2023-10-16,HD,277.325042724609
2023-10-17,HD,276.028533935547
2023-10-18,HD,270.712066650391
2023-10-19,HD,267.475555419922
2023-10-20,HD,267.139770507813
2023-10-23,HD,265.889923095703
2023-10-24,HD,264.248321533203
2023-10-25,HD,262.028472900391
2023-10-26,HD,259.295623779297
2023-10-27,HD,257.859191894531
2023-10-30,HD,262.541442871094
2023-10-31,HD,265.535491943359
2023-11-01,HD,267.344940185547
2023-11-02,HD,274.713409423828
2023-11-03,HD,275.720733642578
2023-11-06,HD,274.750762939453
2023-11-07,HD,274.937286376953
2023-11-08,HD,276.009857177734
2023-11-09,HD,268.501525878906
2023-11-10,HD,271.971252441406
2023-11-13,HD,268.688110351563
2023-11-14,HD,283.201202392578
2023-11-15,HD,287.454345703125
2023-11-16,HD,285.822082519531
2023-11-17,HD,286.596252441406
2023-11-20,HD,287.454345703125
2023-11-21,HD,284.796051025391
2023-11-22,HD,288.396453857422
2023-11-24,HD,289.795471191406
2023-11-27,HD,290.000701904297
2023-11-28,HD,292.257873535156
2023-11-29,HD,292.041870117188
2023-11-30,HD,294.361145019531
2023-12-01,HD,300.117095947266
2023-12-04,HD,304.248657226563
2023-12-05,HD,303.760437011719
2023-12-06,HD,306.211090087891
2023-12-07,HD,306.267425537109
2023-12-08,HD,306.549133300781
2023-12-11,HD,311.112548828125
2023-12-12,HD,312.868499755859
2023-12-13,HD,322.446075439453
2023-12-14,HD,330.342895507813
2023-12-15,HD,332.399291992188
2023-12-18,HD,329.403930664063
2023-12-19,HD,330.587097167969
2023-12-20,HD,327.385131835938
2023-12-21,HD,327.676208496094
2023-12-22,HD,327.319427490234
2023-12-26,HD,327.995513916016
2023-12-27,HD,327.263061523438
2023-12-28,HD,326.164428710938
2023-12-29,HD,325.403869628906
2024-01-02,HD,324.023620605469
2024-01-03,HD,317.619720458984
2024-01-04,HD,317.929595947266
2024-01-05,HD,322.01416015625
2024-01-08,HD,326.699676513672
2024-01-09,HD,325.065887451172
2024-01-10,HD,335.028411865234
2024-01-11,HD,334.774932861328
2024-01-12,HD,334.004943847656
2024-01-16,HD,336.558959960938
2024-01-17,HD,333.99560546875
2024-01-18,HD,336.061370849609
2024-01-19,HD,340.296112060547
2024-01-22,HD,334.925140380859
2024-01-23,HD,329.375732421875
2024-01-24,HD,326.079895019531
2024-01-25,HD,329.55419921875
2024-01-26,HD,333.619934082031
2024-01-29,HD,333.99560546875
2024-01-30,HD,335.310150146484
2024-01-31,HD,331.422760009766
2024-02-01,HD,338.098937988281
2024-02-02,HD,335.432220458984
2024-02-05,HD,333.469757080078
2024-02-06,HD,334.512023925781
2024-02-07,HD,340.559020996094
2024-02-08,HD,341.526184082031
2024-02-09,HD,340.990997314453
2024-02-12,HD,343.150604248047
2024-02-13,HD,335.770263671875
2024-02-14,HD,336.371246337891
2024-02-15,HD,339.047271728516
2024-02-16,HD,340.239807128906
2024-02-20,HD,340.446380615234
2024-02-21,HD,341.911163330078
2024-02-22,HD,348.681182861328
2024-02-23,HD,349.263397216797
2024-02-26,HD,348.925384521484
2024-02-27,HD,352.643676757813
2024-02-28,HD,354.568572998047
2024-02-29,HD,357.385528564453
2024-03-01,HD,360.991241455078
2024-03-04,HD,357.160217285156
2024-03-05,HD,355.357391357422
2024-03-06,HD,356.528686523438
2024-03-07,HD,355.687957763672
2024-03-08,HD,352.665283203125
2024-03-11,HD,350.936645507813
2024-03-12,HD,353.789367675781
2024-03-13,HD,357.992767333984
2024-03-14,HD,354.478912353516
2024-03-15,HD,352.551971435547
2024-03-18,HD,351.305084228516
2024-03-19,HD,358.389556884766
2024-03-20,HD,363.112487792969
2024-03-21,HD,373.304748535156
2024-03-22,HD,368.657318115234
2024-03-25,HD,362.262420654297
2024-03-26,HD,358.880706787109
2024-03-27,HD,364.510528564453
2024-03-28,HD,362.347381591797
2024-04-01,HD,347.640014648438
2024-04-02,HD,342.888732910156
2024-04-03,HD,339.96044921875
2024-04-04,HD,337.863433837891
2024-04-05,HD,338.042907714844
2024-04-08,HD,341.991363525391
2024-04-09,HD,341.396240234375
2024-04-10,HD,331.137969970703
2024-04-11,HD,328.124633789063
2024-04-12,HD,323.873962402344
2024-04-15,HD,319.207641601563
2024-04-16,HD,316.279388427734
2024-04-17,HD,314.390197753906
2024-04-18,HD,314.446899414063
2024-04-19,HD,316.780029296875
2024-04-22,HD,317.488525390625
2024-04-23,HD,320.218353271484
2024-04-24,HD,314.560241699219
2024-04-25,HD,313.587310791016
2024-04-26,HD,316.524963378906
2024-04-29,HD,318.140197753906
2024-04-30,HD,315.703216552734
2024-05-01,HD,313.577850341797
2024-05-02,HD,316.940582275391
2024-05-03,HD,323.855072021484
2024-05-06,HD,323.326080322266
2024-05-07,HD,321.814727783203
2024-05-08,HD,320.057800292969
2024-05-09,HD,328.190704345703
2024-05-10,HD,327.236724853516
2024-05-13,HD,322.069763183594
2024-05-14,HD,321.635314941406
2024-05-15,HD,329.352630615234
2024-05-16,HD,323.741729736328
2024-05-17,HD,325.139770507813
2024-05-20,HD,319.103790283203
2024-05-21,HD,317.526245117188
2024-05-22,HD,312.274291992188
2024-05-23,HD,308.779296875
2024-05-24,HD,307.088470458984
2024-05-28,HD,310.489013671875
2024-05-29,HD,307.853576660156
2024-05-30,HD,313.10400390625
2024-05-31,HD,318.51611328125
2024-06-03,HD,311.991149902344
2024-06-04,HD,312.228942871094
2024-06-05,HD,314.131286621094
2024-06-06,HD,314.930267333984
2024-06-07,HD,311.059051513672
2024-06-10,HD,316.318939208984
2024-06-11,HD,319.324615478516
2024-06-12,HD,327.33349609375
2024-06-13,HD,330.890808105469
2024-06-14,HD,329.901580810547
2024-06-17,HD,332.431671142578
2024-06-18,HD,336.588256835938
2024-06-20,HD,336.179260253906
2024-06-21,HD,338.423980712891
2024-06-24,HD,333.744323730469
2024-06-25,HD,321.797637939453
2024-06-26,HD,325.126739501953
2024-06-27,HD,324.812805175781
2024-06-28,HD,327.428558349609
2024-07-01,HD,319.771667480469
2024-07-02,HD,318.611236572266
2024-07-03,HD,317.34619140625
2024-07-05,HD,318.240295410156
2024-07-08,HD,323.015167236328
2024-07-09,HD,320.627716064453
2024-07-10,HD,327.371490478516
2024-07-11,HD,336.512176513672
2024-07-12,HD,342.200073242188
2024-07-15,HD,340.954040527344
2024-07-16,HD,351.093505859375
2024-07-17,HD,353.728240966797
2024-07-18,HD,348.201934814453
2024-07-19,HD,345.614776611328
2024-07-22,HD,345.510192871094
2024-07-23,HD,342.057434082031
2024-07-24,HD,333.202117919922
2024-07-25,HD,336.036590576172
2024-07-26,HD,341.952819824219
2024-07-29,HD,344.00732421875
2024-07-30,HD,345.928741455078
2024-07-31,HD,350.180389404297
2024-08-01,HD,341.068237304688
2024-08-02,HD,338.072113037109
2024-08-05,HD,332.916778564453
2024-08-06,HD,336.626281738281
2024-08-07,HD,325.678436279297
2024-08-08,HD,331.328338623047
2024-08-09,HD,331.613677978516
2024-08-12,HD,328.921875
2024-08-13,HD,332.973846435547
2024-08-14,HD,338.290832519531
2024-08-15,HD,342.485504150391
2024-08-16,HD,344.378265380859
2024-08-19,HD,345.338958740234
2024-08-20,HD,349.333862304688
2024-08-21,HD,352.368041992188
2024-08-22,HD,347.51708984375
2024-08-23,HD,357.24755859375
2024-08-26,HD,355.839813232422
2024-08-27,HD,354.955230712891
2024-08-28,HD,354.489166259766
2024-08-29,HD,351.254699707031
2024-08-30,HD,352.632690429688
2024-09-03,HD,349.034606933594
2024-09-04,HD,348.967620849609
2024-09-05,HD,346.26904296875
2024-09-06,HD,344.546508789063
2024-09-09,HD,349.781005859375
2024-09-10,HD,354.900604248047
2024-09-11,HD,354.536987304688
2024-09-12,HD,358.307373046875
2024-09-13,HD,363.627899169922
2024-09-16,HD,365.560943603516
2024-09-17,HD,366.738037109375
2024-09-18,HD,367.474853515625
2024-09-19,HD,373.532287597656
2024-09-20,HD,373.072937011719
2024-09-23,HD,375.082489013672
2024-09-24,HD,383.407897949219
2024-09-25,HD,379.838500976563
2024-09-26,HD,379.618438720703
2024-09-27,HD,382.326538085938
2024-09-30,HD,387.752410888672
2024-10-01,HD,391.436676025391
2024-10-02,HD,393.551483154297
2024-10-03,HD,393.857727050781
2024-10-04,HD,390.776306152344
2024-10-07,HD,390.4892578125
2024-10-08,HD,396.345764160156
2024-10-09,HD,398.154388427734
2024-10-10,HD,392.307403564453
2024-10-11,HD,394.163879394531
2024-10-14,HD,397.532379150391
2024-10-15,HD,397.685455322266
2024-10-16,HD,400.5849609375
2024-10-17,HD,397.70458984375
2024-10-18,HD,397.130462646484
2024-10-21,HD,388.900726318359
2024-10-22,HD,384.546661376953
2024-10-23,HD,382.431854248047
2024-10-24,HD,385.340881347656
2024-10-25,HD,381.733245849609
2024-10-28,HD,385.541870117188
2024-10-29,HD,378.058563232422
2024-10-30,HD,375.618408203125
2024-10-31,HD,376.795440673828
2024-11-01,HD,375.685363769531
2024-11-04,HD,378.537048339844
2024-11-05,HD,382.862457275391
2024-11-06,HD,371.647125244141
2024-11-07,HD,382.240417480469
2024-11-08,HD,388.422302246094
2024-11-11,HD,390.709381103516
2024-11-12,HD,385.723663330078
2024-11-13,HD,392.527526855469
2024-11-14,HD,388.250030517578
2024-11-15,HD,390.604064941406
2024-11-18,HD,392.766784667969
2024-11-19,HD,389.283508300781
2024-11-20,HD,382.776275634766
2024-11-21,HD,392.7763671875
2024-11-22,HD,401.915161132813
2024-11-25,HD,410.211822509766
2024-11-26,HD,411.025207519531
2024-11-27,HD,410.9482421875
2024-11-29,HD,412.814483642578
2024-12-02,HD,410.726989746094
2024-12-03,HD,413.026123046875
2024-12-04,HD,411.650512695313
2024-12-05,HD,410.322967529297
2024-12-06,HD,414.969329833984
2024-12-09,HD,412.862579345703
2024-12-10,HD,406.523132324219
2024-12-11,HD,405.359161376953
2024-12-12,HD,398.663818359375
2024-12-13,HD,401.12646484375
2024-12-16,HD,395.094848632813
2024-12-17,HD,392.940002441406
2024-12-18,HD,378.847015380859
2024-12-19,HD,370.381561279297
2024-12-20,HD,377.673400878906
2024-12-23,HD,377.529083251953
2024-12-24,HD,381.078796386719
2024-12-26,HD,380.116790771484
2024-12-27,HD,377.923461914063
2024-12-30,HD,374.623870849609
2024-12-31,HD,374.200622558594
2025-01-02,HD,373.690795898438
2025-01-03,HD,374.383422851563
2025-01-06,HD,374.566192626953
2025-01-07,HD,369.621612548828
2025-01-08,HD,372.478698730469
2025-01-10,HD,375.06640625
2025-01-13,HD,374.383422851563
2025-01-14,HD,377.846527099609
2025-01-15,HD,390.650512695313
2025-01-16,HD,393.767272949219
2025-01-17,HD,393.8154296875
2025-01-21,HD,402.521270751953
2025-01-22,HD,394.508056640625
2025-01-23,HD,398.634979248047
2025-01-24,HD,398.74072265625
2025-01-27,HD,408.716461181641
2025-01-28,HD,402.906097412109
2025-01-29,HD,397.701812744141
2025-01-30,HD,398.74072265625
2025-01-31,HD,396.316558837891
2025-02-03,HD,393.218994140625
2025-02-04,HD,395.845184326172
2025-02-05,HD,398.086608886719
2025-02-06,HD,398.413665771484
2025-02-07,HD,391.8818359375
2025-02-10,HD,398.250091552734
2025-02-11,HD,400.529998779297
2025-02-12,HD,391.660583496094
2025-02-13,HD,396.749450683594
2025-02-14,HD,393.930816650391
2025-02-18,HD,387.976165771484
2025-02-19,HD,380.395751953125
2025-02-20,HD,379.635803222656
2025-02-21,HD,370.650909423828
2025-02-24,HD,367.880432128906
2025-02-25,HD,378.337158203125
2025-02-26,HD,375.633941650391
2025-02-27,HD,375.431945800781
2025-02-28,HD,381.521301269531
2025-03-03,HD,374.873992919922
2025-03-04,HD,367.168548583984
2025-03-05,HD,371.661041259766
2025-03-06,HD,367.216674804688
2025-03-07,HD,362.474060058594
2025-03-10,HD,360.405822753906
2025-03-11,HD,354.16259765625
2025-03-12,HD,350.863006591797
2025-03-13,HD,336.16748046875
2025-03-14,HD,340.097900390625
2025-03-17,HD,342.827850341797
2025-03-18,HD,338.413421630859
2025-03-19,HD,342.140563964844
2025-03-20,HD,344.173492431641
2025-03-21,HD,339.942993164063
2025-03-24,HD,352.160247802734
2025-03-25,HD,349.468933105469
2025-03-26,HD,350.572570800781
2025-03-27,HD,351.153411865234
2025-03-28,HD,346.719604492188
2025-03-31,HD,354.793395996094
2025-04-01,HD,353.854370117188
2025-04-02,HD,359.053039550781
2025-04-03,HD,344.551086425781
2025-04-04,HD,342.605224609375
2025-04-07,HD,330.610656738281
2025-04-08,HD,324.540771484375
2025-04-09,HD,344.047698974609
2025-04-10,HD,342.334167480469
2025-04-11,HD,342.566497802734
2025-04-14,HD,345.799896240234
2025-04-15,HD,342.808502197266
2025-04-16,HD,334.947692871094
2025-04-17,HD,343.728210449219
2025-04-21,HD,335.828643798828
2025-04-22,HD,343.118286132813
2025-04-23,HD,345.044860839844
2025-04-24,HD,348.162048339844
2025-04-25,HD,346.167785644531
2025-04-28,HD,345.528869628906
2025-04-29,HD,347.542449951172
2025-04-30,HD,348.984893798828
2025-05-01,HD,346.864807128906
2025-05-02,HD,352.886291503906
2025-05-05,HD,350.185363769531
2025-05-06,HD,347.910308837891
2025-05-07,HD,351.172760009766
2025-05-08,HD,353.215423583984
2025-05-09,HD,351.134063720703
2025-05-12,HD,364.571044921875
2025-05-13,HD,361.676513671875
2025-05-14,HD,360.911712646484
2025-05-15,HD,366.545989990234
2025-05-16,HD,368.627349853516
2025-05-19,HD,367.272033691406
2025-05-20,HD,365.016418457031
2025-05-21,HD,359.004577636719
2025-05-22,HD,354.444946289063
2025-05-23,HD,351.134063720703
2025-05-27,HD,358.57861328125
2025-05-28,HD,356.313323974609
2025-05-29,HD,356.535949707031
2025-05-30,HD,356.535949707031
2025-06-02,HD,356.216491699219
2025-06-03,HD,361.173095703125
2025-06-04,HD,360.514801025391
2025-06-05,HD,359.716033935547
2025-06-06,HD,357.816558837891
2025-06-09,HD,355.74169921875
2025-06-10,HD,358.381530761719
2025-06-11,HD,351.124481201172
2025-06-12,HD,353.754577636719
2025-06-13,HD,345.474700927734
2025-06-16,HD,344.403198242188
2025-06-17,HD,339.746978759766
2025-06-18,HD,338.042297363281
2025-06-20,HD,340.565216064453
2025-06-23,HD,347.715118408203
2025-06-24,HD,351.085510253906
2025-06-25,HD,352.488220214844
2025-06-26,HD,354.085754394531
2025-06-27,HD,359.190032958984
2025-06-30,HD,357.144409179688
2025-07-01,HD,363.495544433594
2025-07-02,HD,362.219512939453
2025-07-03,HD,362.053924560547
2025-07-07,HD,358.118530273438
2025-07-08,HD,357.982147216797
2025-07-09,HD,361.430480957031
2025-07-10,HD,363.631896972656
2025-07-11,HD,360.485565185547
2025-07-14,HD,360.524536132813
2025-07-15,HD,349.351623535156
2025-07-16,HD,348.143707275391
2025-07-17,HD,349.741241455078
2025-07-18,HD,350.091949462891
2025-07-21,HD,354.611755371094
2025-07-22,HD,361.401245117188
2025-07-23,HD,366.602935791016
2025-07-24,HD,363.427368164063
2025-07-25,HD,365.619110107422
2025-07-28,HD,367.460174560547
2025-07-29,HD,367.567291259766
2025-07-30,HD,362.443511962891
2025-07-31,HD,357.991882324219
2025-08-01,HD,363.982604980469
2025-08-04,HD,370.957183837891
2025-08-05,HD,375.428314208984
2025-08-06,HD,376.782287597656
2025-08-07,HD,376.168609619141
2025-08-08,HD,377.805114746094
2025-08-11,HD,377.493377685547
2025-08-12,HD,385.744018554688
2025-08-13,HD,396.634460449219
2025-08-14,HD,389.952117919922
2025-08-15,HD,389.036499023438
2025-08-18,HD,384.477691650391
2025-08-19,HD,396.653961181641
2025-08-20,HD,391.335357666016
2025-08-21,HD,387.400024414063
2025-08-22,HD,402.099182128906
2025-08-25,HD,398.309936523438
2025-08-26,HD,396.985168457031
2025-08-27,HD,397.6669921875
2025-08-28,HD,396.8974609375
2025-08-29,HD,396.235046386719
2025-09-02,HD,395.786987304688
2025-09-03,HD,397.150726318359
2025-09-04,HD,403.302825927734
2025-09-05,HD,410.414886474609
2025-09-08,HD,411.384765625
2025-09-09,HD,406.878448486328
2025-09-10,HD,404.811462402344
2025-09-11,HD,414.793853759766
2025-09-12,HD,414.078735351563
2025-09-15,HD,414.098297119141
2025-09-16,HD,412.863983154297
2025-09-17,HD,408.504638671875
2025-09-18,HD,408.974853515625
2025-09-19,HD,407.221313476563
2025-09-22,HD,403.606506347656
2025-09-23,HD,402.538696289063
2025-09-24,HD,401.421905517578
2025-09-25,HD,399.149200439453
2025-09-26,HD,401.735412597656
2025-09-29,HD,398.512451171875
2025-09-30,HD,396.935241699219
2025-10-01,HD,388.931671142578
2025-10-02,HD,386.962646484375
2025-10-03,HD,387.011596679688
2025-10-06,HD,381.398315429688
2025-10-07,HD,378.9296875
2025-10-08,HD,375.971221923828
2025-10-09,HD,369.995483398438
2025-10-10,HD,368.095001220703
2025-10-13,HD,371.641265869141
2025-10-14,HD,379.821136474609
2025-10-15,HD,380.389312744141
2025-10-16,HD,379.497894287109
2025-10-17,HD,383.915954589844
2025-10-20,HD,380.967315673828
2025-10-21,HD,382.936370849609
2025-10-22,HD,381.045684814453
2025-10-23,HD,377.185943603516
2025-10-24,HD,378.802307128906
2025-10-27,HD,377.421051025391
2025-10-28,HD,377.891265869141
2025-10-29,HD,370.338348388672
2025-10-30,HD,371.817565917969
2025-10-31,HD,371.856781005859
2025-11-03,HD,370.642059326172
2025-11-04,HD,375.275665283203
2025-11-05,HD,366.223907470703
2025-11-06,HD,361.551086425781
2025-11-07,HD,363.549530029297
2025-11-10,HD,362.883361816406
2025-11-11,HD,366.615753173828
2025-11-12,HD,363.569152832031
2025-11-13,HD,360.571472167969
2025-11-14,HD,354.977783203125
2025-11-17,HD,350.735992431641
2025-11-18,HD,329.625061035156
2025-11-19,HD,327.685363769531
2025-11-20,HD,325.608581542969
2025-11-21,HD,336.32568359375
2025-11-24,HD,329.722991943359
2025-11-25,HD,343.917785644531
2025-11-26,HD,348.228179931641
2025-11-28,HD,349.648620605469
2025-12-01,HD,350.050262451172
2025-12-02,HD,346.817504882813
2025-12-03,HD,350.618438720703
2025-12-04,HD,346.240814208984
2025-12-05,HD,349.632476806641
2025-12-08,HD,344.998474121094
2025-12-09,HD,340.423583984375
2025-12-10,HD,346.201324462891
2025-12-11,HD,352.442474365234
2025-12-12,HD,354.601745605469
2025-12-15,HD,351.979064941406
2025-12-16,HD,347.729583740234
2025-12-17,HD,351.742431640625
2025-12-18,HD,350.007141113281
2025-12-19,HD,340.157379150391
2025-12-22,HD,341.527893066406
2025-12-23,HD,340.127807617188
2025-12-24,HD,342.464538574219
2025-12-26,HD,344.870269775391
2025-12-29,HD,342.572998046875
2025-12-30,HD,341.488464355469
2025-12-31,HD,339.27001953125
2026-01-02,HD,340.965881347656
2026-01-05,HD,339.260131835938
2026-01-06,HD,344.387176513672
2026-01-07,HD,344.160400390625
2026-01-08,HD,354.513000488281
2026-01-09,HD,369.38134765625
2026-01-12,HD,369.677124023438
2026-01-13,HD,374.409729003906
2026-01-14,HD,370.672973632813
2026-01-15,HD,373.837921142578
2026-01-16,HD,374.833740234375
2026-01-20,HD,369.8447265625
2026-01-21,HD,379.240997314453
2026-01-22,HD,375.681671142578
2026-01-23,HD,378.383178710938
2026-01-26,HD,381.104461669922
2026-01-27,HD,375.021026611328
2026-01-28,HD,370.032073974609
2026-01-29,HD,366.591064453125
2026-01-30,HD,369.33203125
2026-02-02,HD,372.8125
2026-02-03,HD,375.750671386719
2026-02-04,HD,381.765045166016
2026-02-05,HD,377.002838134766
2026-02-06,HD,379.743804931641
2026-02-09,HD,375.652069091797
2026-02-10,HD,384.210205078125
2026-02-11,HD,385.196197509766
2026-02-12,HD,384.74267578125
2026-02-13,HD,385.560974121094
2026-02-17,HD,377.663452148438
2026-02-18,HD,378.136688232422
2026-02-19,HD,373.266021728516
2026-02-20,HD,376.884521484375
2026-02-23,HD,371.698364257813
2026-02-24,HD,379.083251953125
2026-02-25,HD,370.298309326172
2026-02-26,HD,369.825012207031
2026-02-27,HD,375.376007080078
2026-03-02,HD,365.605102539063
2026-03-03,HD,361.769714355469
2026-03-04,HD,363.928955078125
2026-03-05,HD,356.603271484375
2026-03-06,HD,352.896057128906
2026-03-09,HD,348.597229003906
2026-03-10,HD,352.136810302734
2026-03-11,HD,345.915435791016
2026-03-12,HD,336.40673828125
2026-03-13,HD,336.505981445313
2026-03-16,HD,340.029541015625
2026-03-17,HD,338.888122558594
2026-03-18,HD,328.466278076172
2026-03-19,HD,325.766540527344
2026-03-20,HD,318.362091064453
2026-03-23,HD,328.4365234375
2026-03-24,HD,328.446441650391
2026-03-25,HD,330.034545898438
2026-03-26,HD,325.984893798828
2026-03-27,HD,319.25537109375
2026-03-30,HD,321.091613769531
2026-03-31,HD,326.441497802734
2026-04-01,HD,327.106475830078
2026-04-02,HD,319.235534667969
2026-04-06,HD,324.218139648438
2026-04-07,HD,316.396820068359
2026-04-08,HD,333.657348632813
2026-04-09,HD,337.051879882813
2026-04-10,HD,334.828582763672
2026-04-13,HD,338.620147705078
2026-04-14,HD,340.158569335938
2026-04-15,HD,336.386901855469
2026-04-16,HD,334.639984130859
2026-04-17,HD,346.798767089844
2026-04-20,HD,348.376953125
2026-04-21,HD,341.359588623047
2026-04-22,HD,336.972503662109
2026-04-23,HD,337.627593994141
2026-04-24,HD,333.389373779297
2026-04-27,HD,329.826080322266
2026-04-28,HD,326.610198974609
2026-04-29,HD,320.40673828125
2026-04-30,HD,326.352142333984
2026-05-01,HD,321.468780517578
2026-05-04,HD,310.094116210938
2026-05-05,HD,313.07177734375
2026-05-06,HD,320.644958496094
2026-05-07,HD,320.238037109375
2026-05-08,HD,315.086669921875
2026-05-11,HD,309.081695556641
2026-05-12,HD,308.148681640625
2026-05-13,HD,300.297576904297
2026-05-14,HD,302.084167480469
2026-05-15,HD,295.295104980469
2026-05-18,HD,297.577972412109
2026-05-19,HD,300.188385009766
2026-05-20,HD,308.267791748047
2026-05-21,HD,311.443969726563
2026-05-22,HD,310.7392578125
2026-05-26,HD,308.228088378906
2026-05-27,HD,315.483673095703
2026-05-28,HD,318.818634033203
2026-05-29,HD,314.778961181641
2026-06-01,HD,308.376983642578
2026-06-02,HD,309.200775146484
2026-06-03,HD,310.640014648438
2026-06-04,HD,309.950012207031
2026-06-05,HD,310.779998779297
2026-06-08,HD,309.709991455078
2026-06-09,HD,321.329986572266
2026-06-10,HD,318.920013427734
2026-06-11,HD,326.010009765625
2026-06-12,HD,328.390014648438
2026-06-15,HD,329.820007324219
2026-06-16,HD,337.089996337891
2026-06-17,HD,327.480010986328
2026-06-18,HD,334.279998779297
2026-06-22,HD,326.619995117188
2026-06-23,HD,324.450012207031
2026-06-24,HD,342.859985351563
2026-06-25,HD,345
2026-06-26,HD,348.859985351563
2026-06-29,HD,350.809997558594
2026-06-30,HD,352.679992675781
2026-07-01,HD,350.839996337891
2026-07-02,HD,357.899993896484
2026-07-06,HD,350.649993896484
2026-07-07,HD,345.209991455078
2026-07-08,HD,336.209991455078
2026-07-09,HD,338.730010986328
2026-07-10,HD,343.299987792969
2026-07-13,HD,337.109985351563
2026-07-14,HD,337.739990234375
2026-07-15,HD,341.440002441406
2026-07-16,HD,348.019989013672
2026-07-17,HD,338.869995117188
2026-07-20,HD,333.040008544922
2026-07-21,HD,331.600006103516
2026-07-22,HD,331.450012207031
2026-07-23,HD,324.709991455078
2026-07-24,HD,332.980010986328
2026-07-27,HD,336.089996337891
2026-07-28,HD,344.470001220703
