Date,EWMA_Volatility,Raw_99_VaR,Scaled_99_VaR,Raw_Breach,Scaled_Breach
2016-07-29,0.005543780171649398,,,False,False
2016-08-01,0.005374894294409765,,,False,False
2016-08-02,0.005248826592771605,,,False,False
2016-08-03,0.005238294530749018,,,False,False
2016-08-04,0.0053270306076409054,,,False,False
2016-08-05,0.005165354379766125,,,False,False
2016-08-08,0.005754076663138228,,,False,False
2016-08-09,0.0055790742214273615,,,False,False
2016-08-10,0.00540964400918891,,,False,False
2016-08-11,0.005336146005010982,,,False,False
2016-08-12,0.005336400611189359,,,False,False
2016-08-15,0.005183521263173159,,,False,False
2016-08-16,0.005302387562298605,,,False,False
2016-08-17,0.0052359929642021115,,,False,False
2016-08-18,0.0051188877590258915,,,False,False
2016-08-19,0.004980766611513176,,,False,False
2016-08-22,0.004830582827857375,,,False,False
2016-08-23,0.004684527623220432,,,False,False
2016-08-24,0.004549045009365114,,,False,False
2016-08-25,0.004685582654040173,,,False,False
2016-08-26,0.004551432197459895,,,False,False
2016-08-29,0.0044228085184663535,,,False,False
2016-08-30,0.004430876087609527,,,False,False
2016-08-31,0.004296384391188685,,,False,False
2016-09-01,0.0042040795618838635,,,False,False
2016-09-02,0.004079548465735745,,,False,False
2016-09-06,0.004111275246745086,,,False,False
2016-09-07,0.003990428935385777,,,False,False
2016-09-08,0.0039013974787961226,,,False,False
2016-09-09,0.003933742900757356,,,False,False
2016-09-12,0.006418267061732038,,,False,False
2016-09-13,0.00730276042285767,,,False,False
2016-09-14,0.007588102413860076,,,False,False
2016-09-15,0.007398506006691761,,,False,False
2016-09-16,0.00786483446404376,,,False,False
2016-09-19,0.007633081169805417,,,False,False
2016-09-20,0.007414162976806484,,,False,False
2016-09-21,0.00719481568400054,,,False,False
2016-09-22,0.0073617425280449915,,,False,False
2016-09-23,0.0072727348128452905,,,False,False
2016-09-26,0.00741394507853783,,,False,False
2016-09-27,0.007614912779379164,,,False,False
2016-09-28,0.0075227279325379625,,,False,False
2016-09-29,0.007521360040606662,,,False,False
2016-09-30,0.007897411293836785,,,False,False
2016-10-03,0.00801663637515927,,,False,False
2016-10-04,0.007823325777152331,,,False,False
2016-10-05,0.007585230928129126,,,False,False
2016-10-06,0.007579670843618708,,,False,False
2016-10-07,0.007376255576009734,,,False,False
2016-10-10,0.007155590178867163,,,False,False
2016-10-11,0.007041119038047081,,,False,False
2016-10-12,0.007418535095698472,,,False,False
2016-10-13,0.007226693098975299,,,False,False
2016-10-14,0.007092919455094199,,,False,False
2016-10-17,0.006916508506124963,,,False,False
2016-10-18,0.006750790821029836,,,False,False
2016-10-19,0.007019707023426601,,,False,False
2016-10-20,0.006900171947204724,,,False,False
2016-10-21,0.006875228556540912,,,False,False
2016-10-24,0.006674162181707785,,,False,False
2016-10-25,0.006628989961500418,,,False,False
2016-10-26,0.00665014569966045,,,False,False
2016-10-27,0.006500355248989226,,,False,False
2016-10-28,0.0063367985789038175,,,False,False
2016-10-31,0.006548219410872599,,,False,False
2016-11-01,0.006377241056962171,,,False,False
2016-11-02,0.0066709535863599435,,,False,False
2016-11-03,0.006659770814765918,,,False,False
2016-11-04,0.006578828332844565,,,False,False
2016-11-07,0.006402235856013492,,,False,False
2016-11-08,0.008545681202148974,,,False,False
2016-11-09,0.008401968156252448,,,False,False
2016-11-10,0.009978030111906667,,,False,False
2016-11-11,0.010483347717486016,,,False,False
2016-11-14,0.010175437228367851,,,False,False
2016-11-15,0.009893948230543707,,,False,False
2016-11-16,0.009604491899434816,,,False,False
2016-11-17,0.009315431115686808,,,False,False
2016-11-18,0.00919031340726585,,,False,False
2016-11-21,0.008949518062214236,,,False,False
2016-11-22,0.008780590764427741,,,False,False
2016-11-23,0.00854412067537726,,,False,False
2016-11-25,0.00834210733979444,,,False,False
2016-11-28,0.008090055426980158,,,False,False
2016-11-29,0.007924145586867307,,,False,False
2016-11-30,0.007803749620274736,,,False,False
2016-12-01,0.007587622915353182,,,False,False
2016-12-02,0.007400865789725476,,,False,False
2016-12-05,0.00717660607190007,,,False,False
2016-12-06,0.007093260350079151,,,False,False
2016-12-07,0.006903627606351222,,,False,False
2016-12-08,0.007488460829995061,,,False,False
2016-12-09,0.007299753570116422,,,False,False
2016-12-12,0.007261101608372386,,,False,False
2016-12-13,0.007043765394719504,,,False,False
2016-12-14,0.00723332677160415,,,False,False
2016-12-15,0.007074370870771655,,,False,False
2016-12-16,0.007016168610939967,,,False,False
2016-12-19,0.006908852920699003,,,False,False
2016-12-20,0.00670284231309706,,,False,False
2016-12-21,0.006701921660478225,,,False,False
2016-12-22,0.006518053998806357,,,False,False
2016-12-23,0.0063422702305632045,,,False,False
2016-12-27,0.006171892034411823,,,False,False
2016-12-28,0.00600138913839903,,,False,False
2016-12-29,0.005932735444026096,,,False,False
2016-12-30,0.005768279302578308,,,False,False
2017-01-03,0.005686452897511476,,,False,False
2017-01-04,0.005929751248971265,,,False,False
2017-01-05,0.005787655086253282,,,False,False
2017-01-06,0.005666152999865873,,,False,False
2017-01-09,0.005778250711435658,,,False,False
2017-01-10,0.005603917319966348,,,False,False
2017-01-11,0.005456621717275518,,,False,False
2017-01-12,0.0053754915640033575,,,False,False
2017-01-13,0.005421099262589415,,,False,False
2017-01-17,0.005266273882390354,,,False,False
2017-01-18,0.0054902180331994465,,,False,False
2017-01-19,0.005325634093575279,,,False,False
2017-01-20,0.005258255823724098,,,False,False
2017-01-23,0.005181026321765334,,,False,False
2017-01-24,0.005041002285950853,,,False,False
2017-01-25,0.005025996923339587,,,False,False
2017-01-26,0.005451548509578557,,,False,False
2017-01-27,0.005316888140783174,,,False,False
2017-01-30,0.005401390616732455,,,False,False
2017-01-31,0.0056403953453388455,,,False,False
2017-02-01,0.005654551636039134,,,False,False
2017-02-02,0.0056535946615826884,,,False,False
2017-02-03,0.0055516562327690335,,,False,False
2017-02-06,0.00720474571283873,,,False,False
2017-02-07,0.007030599978004374,,,False,False
2017-02-08,0.0068229277779832806,,,False,False
2017-02-09,0.006620002075980107,,,False,False
2017-02-10,0.006687764037909434,,,False,False
2017-02-13,0.006587419895207682,,,False,False
2017-02-14,0.006756864757731132,,,False,False
2017-02-15,0.006779725406341005,,,False,False
2017-02-16,0.006859537276042571,,,False,False
2017-02-17,0.0066612294035169415,,,False,False
2017-02-21,0.0064596584228389315,,,False,False
2017-02-22,0.006359710860108181,,,False,False
2017-02-23,0.0061662754206668535,,,False,False
2017-02-24,0.005979099438575083,,,False,False
2017-02-27,0.00580005912070912,,,False,False
2017-02-28,0.005695365022504598,,,False,False
2017-03-01,0.005528018453339914,,,False,False
2017-03-02,0.006920803208904923,,,False,False
2017-03-03,0.007066536653243731,,,False,False
2017-03-06,0.0069517910364393105,,,False,False
2017-03-07,0.006777701538359065,,,False,False
2017-03-08,0.006588727112799351,,,False,False
2017-03-09,0.006407312312653684,,,False,False
2017-03-10,0.006216500402727206,,,False,False
2017-03-13,0.00613983237889969,,,False,False
2017-03-14,0.005953061189702671,,,False,False
2017-03-15,0.005820515556186988,,,False,False
2017-03-16,0.005919314825975023,,,False,False
2017-03-17,0.005747297267946882,,,False,False
2017-03-20,0.0059993151433298175,,,False,False
2017-03-21,0.00582761506058653,,,False,False
2017-03-22,0.006892840908503716,,,False,False
2017-03-23,0.006726117689592731,,,False,False
2017-03-24,0.006545605900115392,,,False,False
2017-03-27,0.006370157813087758,,,False,False
2017-03-28,0.00621824473254429,,,False,False
2017-03-29,0.006381050116556975,,,False,False
2017-03-30,0.00624614432910605,,,False,False
2017-03-31,0.006153825454569124,,,False,False
2017-04-03,0.00603867737004806,,,False,False
2017-04-04,0.0058561925909622,,,False,False
2017-04-05,0.005717420972594125,,,False,False
2017-04-06,0.005590071334395943,,,False,False
2017-04-07,0.005457883662069173,,,False,False
2017-04-10,0.005297096549059255,,,False,False
2017-04-11,0.005171314183440575,,,False,False
2017-04-12,0.005025522645142601,,,False,False
2017-04-13,0.005036720887588132,,,False,False
2017-04-17,0.005200496506839362,,,False,False
2017-04-18,0.005643795650168248,,,False,False
2017-04-19,0.005676903829585278,,,False,False
2017-04-20,0.005573767144685793,,,False,False
2017-04-21,0.0059682403761083845,,,False,False
2017-04-24,0.005791540716929638,,,False,False
2017-04-25,0.007026116872760612,,,False,False
2017-04-26,0.00777164082269311,,,False,False
2017-04-27,0.00753698126171824,,,False,False
2017-04-28,0.007328507360904909,,,False,False
2017-05-01,0.0071240715576001215,,,False,False
2017-05-02,0.006915905244753784,,,False,False
2017-05-03,0.006709075488138242,,,False,False
2017-05-04,0.006504690442112435,,,False,False
2017-05-05,0.006317664018068196,,,False,False
2017-05-08,0.0061524566935576295,,,False,False
2017-05-09,0.005980769151842976,,,False,False
2017-05-10,0.005804156801207839,,,False,False
2017-05-11,0.005646776403195964,,,False,False
2017-05-12,0.005494341224538226,,,False,False
2017-05-15,0.005327657964315237,,,False,False
2017-05-16,0.0052551989012130105,,,False,False
2017-05-17,0.005096906023639964,,,False,False
2017-05-18,0.007157190370445088,,,False,False
2017-05-19,0.007028982354650986,,,False,False
2017-05-22,0.00691090052020159,,,False,False
2017-05-23,0.006724933476315692,,,False,False
2017-05-24,0.006640757854315263,,,False,False
2017-05-25,0.006507725911793867,,,False,False
2017-05-26,0.006492463979256013,,,False,False
2017-05-30,0.006296343014020592,,,False,False
2017-05-31,0.006187416171984104,,,False,False
2017-06-01,0.0061345904355029155,,,False,False
2017-06-02,0.006308269899768204,,,False,False
2017-06-05,0.006250831275293279,,,False,False
2017-06-06,0.006061423916306247,,,False,False
2017-06-07,0.005885808128332919,,,False,False
2017-06-08,0.0058270974517993825,,,False,False
2017-06-09,0.0056758139485374795,,,False,False
2017-06-12,0.005510820001334765,,,False,False
2017-06-13,0.005486570150948518,,,False,False
2017-06-14,0.005586812529993053,,,False,False
2017-06-15,0.0054688377711619345,,,False,False
2017-06-16,0.005363239069077676,,,False,False
2017-06-19,0.005209296431333128,,,False,False
2017-06-20,0.005791071908712158,,,False,False
2017-06-21,0.005683016927823321,,,False,False
2017-06-22,0.005511164751583843,,,False,False
2017-06-23,0.005343730447510607,,,False,False
2017-06-26,0.0052143365117837,,,False,False
2017-06-27,0.005067624494020456,,,False,False
2017-06-28,0.005057831275510449,,,False,False
2017-06-29,0.005841397569539019,,,False,False
2017-06-30,0.005887315206951211,,,False,False
2017-07-03,0.005724045202282557,,,False,False
2017-07-05,0.005640400635727178,,,False,False
2017-07-06,0.00557135300662098,,,False,False
2017-07-07,0.005669763304289662,,,False,False
2017-07-10,0.00560892376932295,,,False,False
2017-07-11,0.005444727941670903,,,False,False
2017-07-12,0.005279441929198207,,,False,False
2017-07-13,0.005260530982886115,,,False,False
2017-07-14,0.005219078520790671,,,False,False
2017-07-17,0.005145535469006083,,,False,False
2017-07-18,0.0050003974176442995,,,False,False
2017-07-19,0.0049529681565562735,,,False,False
2017-07-20,0.005056059939009614,,,False,False
2017-07-21,0.0050517842645132404,,,False,False
2017-07-24,0.0048980901092095155,,,False,False
2017-07-25,0.004785631150515763,,,False,False
2017-07-26,0.0054740574717453685,,,False,False
2017-07-27,0.0054109126240510326,1621.3564580822845,1444.9634473932877,False,False
2017-07-28,0.005519324193129883,1621.3564580822845,1473.9143407965912,False,False
2017-07-31,0.005396613774060677,1621.3564580822845,1441.144994387045,False,False
2017-08-01,0.005270121698863924,1621.3564580822845,1407.3657712238755,False,False
2017-08-02,0.005222817445916244,1621.3564580822845,1394.7333520434547,False,False
2017-08-03,0.0052167508847428675,1621.3564580822845,1393.1133001675585,False,False
2017-08-04,0.00507196341134123,1621.3564580822845,1354.4483611375208,False,False
2017-08-07,0.005235307675428431,1621.3564580822845,1398.0688198930816,False,False
2017-08-08,0.005167363037317271,1621.3564580822845,1379.9244650793298,False,False
2017-08-09,0.005011288584381759,1621.3564580822845,1338.245381487905,False,False
2017-08-10,0.004874403902431187,1621.3564580822845,1301.6908525813656,True,True
2017-08-11,0.0061423872201294295,2053.964251061408,2389.9944526269755,False,False
2017-08-14,0.005970831927518604,2053.964251061408,2323.2425232932155,False,False
2017-08-15,0.006274253966544024,2053.964251061408,2441.30362300686,False,False
2017-08-16,0.006083175874568107,2053.964251061408,2366.9553991852813,False,False
2017-08-17,0.005916940492151788,2053.964251061408,2302.273439620226,False,False
2017-08-18,0.00672937132818582,2053.964251061408,2618.389164936468,False,False
2017-08-21,0.0065365191325155595,2053.964251061408,2543.3506397978426,False,False
2017-08-22,0.006341890451467787,2053.964251061408,2467.6208866325123,False,False
2017-08-23,0.0067553585155791405,2053.964251061408,2628.5007439502224,False,False
2017-08-24,0.006638475547930802,2053.964251061408,2583.0217413613527,False,False
2017-08-25,0.006446554118420738,2053.964251061408,2508.345376060562,False,False
2017-08-28,0.006284393988948159,2053.964251061408,2445.249091833048,False,False
2017-08-29,0.006093182948066028,2053.964251061408,2370.8491377741943,False,False
2017-08-30,0.005931689975590365,2053.964251061408,2308.0124434202125,False,False
2017-08-31,0.005824174663081379,2053.964251061408,2266.1783826129035,False,False
2017-09-01,0.005760455575513966,2053.964251061408,2241.385372931993,False,False
2017-09-05,0.005613673976013898,2053.964251061408,2184.2728536490613,False,False
2017-09-06,0.006193914801346741,2053.964251061408,2410.04376388874,False,False
2017-09-07,0.006110283066063578,2053.964251061408,2377.50277026084,False,False
2017-09-08,0.005927167331798311,1939.3128850654261,1958.0374970477885,False,False
2017-09-11,0.005794723078681588,1939.3128850654261,1914.284587883277,False,False
2017-09-12,0.006617477223896579,1939.3128850654261,2186.08111006678,False,False
2017-09-13,0.0066449331968412954,1939.3128850654261,2195.1511803945186,False,False
2017-09-14,0.006460054697822569,1939.3128850654261,2134.0766378327603,False,False
2017-09-15,0.006296619535498385,1939.3128850654261,2080.085893476678,False,False
2017-09-18,0.006107610220688236,1939.3128850654261,2017.6467374730805,False,False
2017-09-19,0.005945890933268788,1939.3128850654261,1964.2228317459148,False,False
2017-09-20,0.005774549254851921,1939.3128850654261,1907.6201727746623,False,False
2017-09-21,0.005616781854078647,1939.3128850654261,1855.5017713135528,False,False
2017-09-22,0.005474286019363411,1939.3128850654261,1808.428325951432,False,False
2017-09-25,0.0053226030639601275,1939.3128850654261,1758.319918728087,False,False
2017-09-26,0.005304386715296325,1939.3128850654261,1752.3021548037134,False,False
2017-09-27,0.0051506258842246525,1939.3128850654261,1701.5073221354378,False,False
2017-09-28,0.005231347450187063,1939.3128850654261,1728.1736610671687,False,False
2017-09-29,0.005142307520582482,1939.3128850654261,1698.7593538373153,False,False
2017-10-02,0.005053419546005136,1939.3128850654261,1669.3952448935127,False,False
2017-10-03,0.005063580636255482,1939.3128850654261,1672.7519572330355,False,False
2017-10-04,0.004977857723251108,1939.3128850654261,1644.433425188521,False,False
2017-10-05,0.00483213943101296,1939.3128850654261,1596.295442196653,False,False
2017-10-06,0.004908828701261114,1939.3128850654261,1621.6297137569532,False,False
2017-10-09,0.004761025640770107,1939.3128850654261,1572.803028357469,False,False
2017-10-10,0.004648608192765557,1939.3128850654261,1535.6659667235867,False,False
2017-10-11,0.004530798116334945,1939.3128850654261,1496.7474523189635,False,False
2017-10-12,0.00439636308300595,1939.3128850654261,1452.3368896606662,False,False
2017-10-13,0.004311282915120045,1939.3128850654261,1424.2306882241062,False,False
2017-10-16,0.004206012087271012,1939.3128850654261,1389.4545098685794,False,False
2017-10-17,0.004445349233085026,1939.3128850654261,1468.5194459006873,False,False
2017-10-18,0.004358097568598522,1939.3128850654261,1439.69589137948,False,False
2017-10-19,0.004413134039878854,1939.3128850654261,1457.8771689509683,False,False
2017-10-20,0.004332884703662035,1939.3128850654261,1431.3668309379445,False,False
2017-10-23,0.004573118886785501,1939.3128850654261,1510.7281029075812,False,False
2017-10-24,0.004438799198305045,1939.3128850654261,1466.3556443765826,False,False
2017-10-25,0.004918418990686371,1939.3128850654261,1624.7978622587598,False,False
2017-10-26,0.004915591508860163,1939.3128850654261,1623.8638047017484,False,False
2017-10-27,0.004829505579070661,1939.3128850654261,1595.425350198908,False,False
2017-10-30,0.005313347475256727,1939.3128850654261,1755.262338483763,False,False
2017-10-31,0.005159858583517997,1939.3128850654261,1704.5573408717655,False,False
2017-11-01,0.005004438077599311,1939.3128850654261,1653.2142352424878,False,False
2017-11-02,0.004864731989088753,1939.3128850654261,1607.0623814890096,False,False
2017-11-03,0.0047394780945344125,1939.3128850654261,1565.6848045690986,False,False
2017-11-06,0.004668408744190563,1939.3128850654261,1542.207071433823,False,False
2017-11-07,0.004526319065889698,1939.3128850654261,1495.2677996903105,False,False
2017-11-08,0.004392754322800043,1939.3128850654261,1451.1447370849983,False,False
2017-11-09,0.004264145500793586,1939.3128850654261,1408.6588611440898,False,False
2017-11-10,0.004157613677105577,1939.3128850654261,1373.4661132878016,False,False
2017-11-13,0.004031597838755886,1939.3128850654261,1331.8368285218958,False,False
2017-11-14,0.003916442038934909,1939.3128850654261,1293.7951533961843,False,False
2017-11-15,0.003807956535738287,1939.3128850654261,1257.9570082495993,False,False
2017-11-16,0.0041965150696514075,1939.3128850654261,1386.317173672662,False,False
2017-11-17,0.0043392253309410276,1939.3128850654261,1433.4614547729198,False,False
2017-11-20,0.004398466256901687,1939.3128850654261,1453.0316723654792,False,False
2017-11-21,0.004314308319832012,1939.3128850654261,1425.2301295319287,False,False
2017-11-22,0.004719524169511304,1939.3128850654261,1559.0930329484597,False,False
2017-11-24,0.004613320304228599,1939.3128850654261,1524.0086260279186,False,False
2017-11-27,0.004479378328758132,1939.3128850654261,1479.7609448475969,False,False
2017-11-28,0.004349957723947564,1939.3128850654261,1437.0068967629093,False,False
2017-11-29,0.005346306717623882,1939.3128850654261,1766.150411793749,False,False
2017-11-30,0.00520674805366721,1939.3128850654261,1720.047259686156,False,False
2017-12-01,0.006607374303383351,1939.3128850654261,2182.7436140780183,False,False
2017-12-04,0.006406145977653846,1939.3128850654261,2116.267912416501,False,False
2017-12-05,0.006273137611458164,1939.3128850654261,2072.3286487086903,False,False
2017-12-06,0.006162748019866269,1939.3128850654261,2035.8614886774342,False,False
2017-12-07,0.00599678093254523,1939.3128850654261,1981.0343238516684,False,False
2017-12-08,0.005846845926771391,1939.3128850654261,1931.5033511304748,False,False
2017-12-11,0.006105522155703659,1939.3128850654261,2016.956945991382,False,False
2017-12-12,0.0059352113374397004,1939.3128850654261,1960.6948312836225,False,False
2017-12-13,0.00588141505628311,1939.3128850654261,1942.9232500526991,False,False
2017-12-14,0.005748167006646,1939.3128850654261,1898.9048070102303,False,False
2017-12-15,0.005869955049794875,1939.3128850654261,1939.1374412229075,False,False
2017-12-18,0.00621050341618049,1939.3128850654261,2051.6374658744967,False,False
2017-12-19,0.0061953222528579295,1939.3128850654261,2046.622374285145,False,False
2017-12-20,0.006048828844024097,1939.3128850654261,1998.22833181765,False,False
2017-12-21,0.00586623445589749,1939.3128850654261,1937.908344429354,False,False
2017-12-22,0.005832114330454848,1939.3128850654261,1926.6367738323422,False,False
2017-12-26,0.005659903605264041,1939.3128850654261,1869.7470255864316,False,False
2017-12-27,0.005502735586483289,1939.3128850654261,1817.8266297409418,False,False
2017-12-28,0.005353903942772777,1939.3128850654261,1768.6601522620576,False,False
2017-12-29,0.0052372290420904435,1939.3128850654261,1730.116642738593,False,False
2018-01-02,0.0052527032162633484,1939.3128850654261,1735.2285303520653,False,False
2018-01-03,0.0051190384501288416,1939.3128850654261,1691.0724251715353,False,False
2018-01-04,0.00508196673095356,1939.3128850654261,1678.8257966959388,False,False
2018-01-05,0.005203945956352232,1939.3128850654261,1719.1215878928747,False,False
2018-01-08,0.005468147794103961,1939.3128850654261,1806.4005655474275,False,False
2018-01-09,0.005305385661096503,1939.3128850654261,1752.6321561727948,False,False
2018-01-10,0.0052664003531644405,1939.3128850654261,1739.7533743716785,False,False
2018-01-11,0.0051218412129724585,1939.3128850654261,1691.9983168219521,False,False
2018-01-12,0.005206963658005777,1939.3128850654261,1720.118484498247,False,False
2018-01-16,0.005805623851680097,1939.3128850654261,1917.8856541402358,False,False
2018-01-17,0.005629613448833262,1939.3128850654261,1859.7406838108714,False,False
2018-01-18,0.005940273875053262,1939.3128850654261,1962.3672386787014,False,False
2018-01-19,0.0057742679696797606,1939.3128850654261,1907.5272503239162,False,False
2018-01-22,0.005744824939588247,1939.3128850654261,1897.8007564156703,False,False
2018-01-23,0.0060999182293562555,1939.3128850654261,2015.1056910318603,False,False
2018-01-24,0.006011925026719648,1939.3128850654261,1986.037169661884,False,False
2018-01-25,0.005843723932090077,1939.3128850654261,1930.4720013626352,False,False
2018-01-26,0.00567548432017259,1939.3128850654261,1874.8941088918211,False,False
2018-01-29,0.005812359705340527,1939.3128850654261,1920.110840861554,False,False
2018-01-30,0.005791748849765672,1939.3128850654261,1913.302052480417,True,True
2018-01-31,0.0065532143639137255,2053.964251061408,2400.809886989079,False,False
2018-02-01,0.0063544018765512925,2053.964251061408,2327.973724640262,False,False
2018-02-02,0.006172938651720551,2053.964251061408,2261.493570000794,True,True
2018-02-05,0.008641456142083509,2215.04873523256,3607.236541415109,True,True
2018-02-06,0.013891975111687051,2461.601937838436,6646.5512706265345,False,False
2018-02-07,0.015200293768690767,2461.601937838436,7272.510283810832,False,False
2018-02-08,0.014767002897865512,2461.601937838436,7065.204269735722,True,False
2018-02-09,0.017861503298412244,3414.5800400303415,8736.869622237966,False,False
2018-02-12,0.017860787569063646,3414.5800400303415,8736.519526621767,False,False
2018-02-13,0.017747010112704915,3414.5800400303415,8680.865823484446,False,False
2018-02-14,0.01725977790140397,3414.5800400303415,8442.538498243604,False,False
2018-02-15,0.017371112188535383,3414.5800400303415,8496.997136741207,False,False
2018-02-16,0.017099522706303154,3414.5800400303415,8364.15042964209,False,False
2018-02-20,0.016585895787605172,3414.5800400303415,8112.912258466709,False,False
2018-02-21,0.016109924605930533,3414.5800400303415,7880.093212457099,False,False
2018-02-22,0.015704546920657397,3414.5800400303415,7681.804640391005,False,False
2018-02-23,0.015256863315010522,3414.5800400303415,7462.822328028873,False,False
2018-02-26,0.015543432736829557,3414.5800400303415,7602.996401527805,False,False
2018-02-27,0.015418252601115557,3414.5800400303415,7541.765131866168,False,False
2018-02-28,0.015193225691742094,3414.5800400303415,7431.694286437057,False,False
2018-03-01,0.015192501931129403,3414.5800400303415,7431.340262366119,False,False
2018-03-02,0.015138018711547945,3414.5800400303415,7404.690053918922,False,False
2018-03-05,0.014679008729212585,3414.5800400303415,7180.167498120033,False,False
2018-03-06,0.01474673574936942,3414.5800400303415,7213.295848804018,False,False
2018-03-07,0.014310996130168514,3414.5800400303415,7000.155880762227,False,False
2018-03-08,0.013954865887955172,3414.5800400303415,6825.956461890771,False,False
2018-03-09,0.013556360419699367,3414.5800400303415,6631.029402184136,False,False
2018-03-12,0.014031601968462312,3414.5800400303415,6863.491551715603,False,False
2018-03-13,0.0136540148391184,3414.5800400303415,6678.796598273128,False,False
2018-03-14,0.013350542539715826,3414.5800400303415,6530.354562373678,False,False
2018-03-15,0.013055074413664578,3414.5800400303415,6385.827729905653,False,False
2018-03-16,0.012741129259528952,3414.5800400303415,6232.262946785736,False,False
2018-03-19,0.01236611619222384,3414.5800400303415,6048.827083580896,False,False
2018-03-20,0.012620146381070103,3414.5800400303415,6173.084745603084,False,False
2018-03-21,0.012305604433624554,3414.5800400303415,6019.228043866177,False,False
2018-03-22,0.012019450258693356,3414.5800400303415,5879.2570864129375,True,False
2018-03-23,0.013844427669223705,4510.03409173141,6771.936131000997,False,False
2018-03-26,0.014696234282109043,4510.03409173141,7188.593295619436,False,False
2018-03-27,0.016928605945286786,4510.03409173141,8280.547306640234,False,False
2018-03-28,0.017210153509267943,4510.03409173141,8418.264962196175,False,False
2018-03-29,0.0166865933711587,4510.03409173141,8162.168003858522,False,False
2018-04-02,0.016341012563961352,4510.03409173141,7993.128791089718,False,False
2018-04-03,0.016438067116212575,4510.03409173141,8040.602564998714,False,False
2018-04-04,0.016270925393347076,4510.03409173141,7958.845984003547,False,False
2018-04-05,0.016257529210258647,4510.03409173141,7952.2933045832415,False,False
2018-04-06,0.01585872862228243,4510.03409173141,7757.221888465104,False,False
2018-04-09,0.016506852644022508,4510.03409173141,8074.248679680765,False,False
2018-04-10,0.01603084060459173,4510.03409173141,7841.409648293525,False,False
2018-04-11,0.01614224310850869,4510.03409173141,7895.901654708229,False,False
2018-04-12,0.01585044603423928,4510.03409173141,7753.170499807681,False,False
2018-04-13,0.015665456556575388,4510.03409173141,7662.6837742038515,False,False
2018-04-16,0.01524472401416471,4510.03409173141,7456.884446596217,False,False
2018-04-17,0.01495424929112132,4510.03409173141,7314.800113526034,False,False
2018-04-18,0.014701551037753311,4510.03409173141,7191.1939614257335,False,False
2018-04-19,0.014273773425355993,4510.03409173141,6981.948571248534,False,False
2018-04-20,0.01388373009249029,4510.03409173141,6791.1607249325,False,False
2018-04-23,0.013606249006887268,4510.03409173141,6655.432167988126,False,False
2018-04-24,0.013191993122770855,4510.03409173141,6452.800867066678,False,False
2018-04-25,0.013724728417668053,4510.03409173141,6713.385809829869,False,False
2018-04-26,0.01330698528448278,4510.03409173141,6509.048737566228,False,False
2018-04-27,0.01343184533455116,4510.03409173141,6570.123438852459,False,False
2018-04-30,0.01302552274874553,4510.03409173141,6371.372673172508,False,False
2018-05-01,0.012742614486317676,4510.03409173141,6232.989438425086,False,False
2018-05-02,0.012354978750816294,4510.03409173141,6043.3792569407005,False,False
2018-05-03,0.012001121366060593,4510.03409173141,5870.291595514605,False,False
2018-05-04,0.011662287974581256,4510.03409173141,5704.552849141626,False,False
2018-05-07,0.011831355578627696,4510.03409173141,5787.251465782097,False,False
2018-05-08,0.011530371695119973,4510.03409173141,5640.026626715186,False,False
2018-05-09,0.011191099862945671,4510.03409173141,5474.073419155766,False,False
2018-05-10,0.011105611057919055,4510.03409173141,5432.256975645949,False,False
2018-05-11,0.010984455530122223,4510.03409173141,5372.994323858489,False,False
2018-05-14,0.010734875418957915,4510.03409173141,5250.913396227945,False,False
2018-05-15,0.010431101410727913,4510.03409173141,5102.323780886547,False,False
2018-05-16,0.010428337656949876,4510.03409173141,4697.14413131855,False,False
2018-05-17,0.010153593394194338,4510.03409173141,4573.393496858075,False,False
2018-05-18,0.009864679564923151,4510.03409173141,4443.260589556831,False,False
2018-05-21,0.009565812086275171,4510.03409173141,4308.644347778568,False,False
2018-05-22,0.009566553799796873,4510.03409173141,4308.978431256701,False,False
2018-05-23,0.009297492692003202,4510.03409173141,4187.787610148521,False,False
2018-05-24,0.009050239298475425,4510.03409173141,4076.419445387995,False,False
2018-05-25,0.008827550345969307,4510.03409173141,3976.115625087691,False,False
2018-05-29,0.008563304931262302,4510.03409173141,3857.093894132168,False,False
2018-05-30,0.009125219589450917,4510.03409173141,4110.192156370878,False,False
2018-05-31,0.009318682657199295,4510.03409173141,4197.332019232488,False,False
2018-06-01,0.009275044397593414,4510.03409173141,4177.676422937895,False,False
2018-06-04,0.009410066905968054,4510.03409173141,4238.4934202073655,False,False
2018-06-05,0.00930494289201432,4510.03409173141,4191.14333801336,False,False
2018-06-06,0.00902861521843516,4510.03409173141,4066.6795017845575,False,False
2018-06-07,0.00925318859273844,4510.03409173141,4167.83210557046,False,False
2018-06-08,0.008971427095514753,4510.03409173141,4040.920760095014,False,False
2018-06-11,0.008744043460879357,4510.03409173141,3938.5023555400235,False,False
2018-06-12,0.008479462568370844,4510.03409173141,3819.329518277974,False,False
2018-06-13,0.008228205839112473,4510.03409173141,3706.1581663220154,False,False
2018-06-14,0.008053380268870862,4510.03409173141,3627.413027041113,False,False
2018-06-15,0.007809615424576966,4510.03409173141,3517.616178735786,False,False
2018-06-18,0.007635520831961651,4510.03409173141,3439.2002872583616,False,False
2018-06-19,0.007413932644820567,4510.03409173141,3339.392274990404,False,False
2018-06-20,0.007427550382864498,4510.03409173141,3345.525992600924,False,False
2018-06-21,0.007205712875852106,4510.03409173141,3245.6056813828495,False,False
2018-06-22,0.007135740233379018,4510.03409173141,3214.08852133709,False,False
2018-06-25,0.00694396527095781,4510.03409173141,3127.7090168654167,False,False
2018-06-26,0.0075968713156114274,4510.03409173141,3421.791726577382,False,False
2018-06-27,0.0073684561214648284,4510.03409173141,3318.9086857722486,False,False
2018-06-28,0.007451621398923516,4510.03409173141,3356.368088008253,False,False
2018-06-29,0.007408219839095439,4510.03409173141,3336.819106306393,False,False
2018-07-02,0.0071978268350103665,4510.03409173141,3242.053641577692,False,False
2018-07-03,0.007120886951629993,4510.03409173141,3207.398288675534,False,False
2018-07-05,0.0071578961103059046,4510.03409173141,3224.06799752062,False,False
2018-07-06,0.00719664656198584,4510.03409173141,3241.5220216117027,False,False
2018-07-09,0.007161550115131026,4510.03409173141,3225.7138386781207,False,False
2018-07-10,0.008244730131309183,4510.03409173141,3713.6010574777542,False,False
2018-07-11,0.008024176967210835,4510.03409173141,3614.259241507893,False,False
2018-07-12,0.007950754099592493,4510.03409173141,3581.188026988076,False,False
2018-07-13,0.008117572574853182,4510.03409173141,3656.3266011158566,False,False
2018-07-16,0.007930799578859055,4510.03409173141,3572.2000882542475,False,False
2018-07-17,0.007721823285945121,4510.03409173141,3478.0727402400394,False,False
2018-07-18,0.007489627346047384,4510.03409173141,3373.4867714802162,False,False
2018-07-19,0.0073372078450456,4510.03409173141,3304.8338002991472,False,False
2018-07-20,0.007349409861814575,4510.03409173141,3310.329847065378,False,False
2018-07-23,0.007140202620283787,4510.03409173141,3216.098474903125,False,False
2018-07-24,0.00694677360990788,4510.03409173141,3128.9739522033406,False,False
2018-07-25,0.006827443486391038,4510.03409173141,3075.2251374060843,False,False
2018-07-26,0.007125725791620634,4510.03409173141,3209.577804683944,False,False
2018-07-27,0.006937550447556238,4510.03409173141,3124.8196445526537,False,False
2018-07-30,0.0068381716359262774,4510.03409173141,3080.05732315678,False,False
2018-07-31,0.006906638233393325,4510.03409173141,3110.896128636901,False,False
2018-08-01,0.006758005397053233,4510.03409173141,3043.9487514131856,False,False
2018-08-02,0.006565848466643287,4510.03409173141,2957.3972004700936,False,False
2018-08-03,0.006461582666747208,4510.03409173141,2910.433676062854,False,False
2018-08-06,0.006378923158649288,4510.03409173141,2873.2020830580886,False,False
2018-08-07,0.006202212315348522,4510.03409173141,2793.6077768651576,False,False
2018-08-08,0.006169066199483148,4510.03409173141,2778.678064313197,False,False
2018-08-09,0.006026510733917616,4510.03409173141,2606.0362795004817,False,False
2018-08-10,0.005861065414118773,4510.03409173141,2534.4929728167704,False,False
2018-08-13,0.005958321904865623,4510.03409173141,2576.549471924411,False,False
2018-08-14,0.005857171095820288,4510.03409173141,2532.8089577676215,False,False
2018-08-15,0.005763929166450072,4510.03409173141,2492.48847026864,False,False
2018-08-16,0.0057052862365105225,4510.03409173141,2467.129583558531,False,False
2018-08-17,0.00625371649809328,4510.03409173141,2704.2865756496267,False,False
2018-08-20,0.006198741058367485,4510.03409173141,2680.513617011955,False,False
2018-08-21,0.006010696834240461,4510.03409173141,2599.1978952183285,False,False
2018-08-22,0.00584720122444369,4510.03409173141,2528.4976991211975,False,False
2018-08-23,0.005673553381984488,4510.03409173141,2453.407386121541,False,False
2018-08-24,0.00551615926075428,4510.03409173141,2385.345648871572,False,False
2018-08-27,0.00551499891448299,4510.03409173141,2384.8438818270456,False,False
2018-08-28,0.006315050220544767,4510.03409173141,2730.809038302155,False,False
2018-08-29,0.006135106791882178,4510.03409173141,2652.996333064082,False,False
2018-08-30,0.0060965872534224095,4510.03409173141,2636.33937862927,False,False
2018-08-31,0.0060011180377070395,4510.03409173141,2595.0557485629583,False,False
2018-09-04,0.005822800633278205,4510.03409173141,2517.946182891312,False,False
2018-09-05,0.005655968591293334,4510.03409173141,2445.803217717649,False,False
2018-09-06,0.0056629326196996396,4510.03409173141,2448.8146635574726,False,False
2018-09-07,0.005490430508998694,4510.03409173141,2374.2197978672825,False,False
2018-09-10,0.005411896923631487,4510.03409173141,2340.2596206333246,False,False
2018-09-11,0.0052475043171821435,4510.03409173141,2269.171537428313,False,False
2018-09-12,0.005277543857330089,4510.03409173141,2282.161497108376,False,False
2018-09-13,0.005130602460206806,4510.03409173141,2218.619817889491,False,False
2018-09-14,0.00539576097523657,4510.03409173141,2333.2819732386833,False,False
2018-09-17,0.005239612569921652,4510.03409173141,2265.75891931851,False,False
2018-09-18,0.005225448865493245,4510.03409173141,2259.634126843685,False,False
2018-09-19,0.005429867676351736,4510.03409173141,2348.030690100658,False,False
2018-09-20,0.005733319103196986,4510.03409173141,2479.2518000165833,False,False
2018-09-21,0.00605152756081857,4510.03409173141,2616.8542737562534,False,False
2018-09-24,0.005867298369773361,4510.03409173141,2537.188281807586,False,False
2018-09-25,0.005800023627011022,4510.03409173141,2508.096751389163,False,False
2018-09-26,0.005666512881746433,4510.03409173141,2450.3628716659473,False,False
2018-09-27,0.005690948180973288,4510.03409173141,2460.929396658136,False,False
2018-09-28,0.005551147874312461,4510.03409173141,2400.475729996105,False,False
2018-10-01,0.005409208547075161,4510.03409173141,2339.097089419481,False,False
2018-10-02,0.0053222293072502655,4510.03409173141,2301.4847686994117,False,False
2018-10-03,0.005187618264564725,4510.03409173141,2243.2750887787283,False,False
2018-10-04,0.005138792850128715,4510.03409173141,2222.1615776609656,False,False
2018-10-05,0.005542639093111286,4510.03409173141,2396.796288693563,False,False
2018-10-08,0.0057197522616855324,4510.03409173141,2473.3851082046704,False,False
2018-10-09,0.005546172859097873,4510.03409173141,2398.3243905705704,False,False
2018-10-10,0.005408530033939791,4510.03409173141,2338.8036808577176,True,True
2018-10-11,0.009738257418716562,5337.335918431785,5553.801872190813,False,False
2018-10-12,0.010578031343994689,5337.335918431785,6032.731294354451,False,False
2018-10-15,0.01092934097381979,5337.335918431785,6233.085833770441,False,False
2018-10-16,0.010763991785604865,5337.335918431785,6138.7859409263365,False,False
2018-10-17,0.012184152904274808,5337.335918431785,6948.714569894662,False,False
2018-10-18,0.01183259002213174,5337.335918431785,6748.215598765975,False,False
2018-10-19,0.012226309364797048,5337.335918431785,6972.7567182284465,False,False
2018-10-22,0.011854328361896531,5337.335918431785,6760.613138376294,False,False
2018-10-23,0.011710730835632838,5337.335918431785,6678.718382886212,False,False
2018-10-24,0.011659535504830086,5337.335918431785,6649.521298455759,True,False
2018-10-25,0.014175753572196349,5759.862027099778,8277.831514531896,False,False
2018-10-26,0.014898879752241167,5759.862027099778,8700.095957241916,False,False
2018-10-29,0.014889320198238794,5759.862027099778,8694.513722972484,False,False
2018-10-30,0.01447037475408439,5759.862027099778,8449.873479839818,False,False
2018-10-31,0.014325418744414738,5759.862027099778,8365.227438346988,False,False
2018-11-01,0.01471470924428971,5759.862027099778,8592.550885510555,False,False
2018-11-02,0.01443128469000174,5759.862027099778,8427.047112075983,False,False
2018-11-05,0.014171002912816534,5759.862027099778,8275.05740042722,False,False
2018-11-06,0.013764391023348903,5759.862027099778,8037.619249737286,False,False
2018-11-07,0.01347035179223817,5759.862027099778,7865.917110489387,False,False
2018-11-08,0.014907260269367149,5759.862027099778,8704.989701226685,False,False
2018-11-09,0.0144564926562146,5759.862027099778,8441.767126505645,False,False
2018-11-12,0.014523921211811107,5759.862027099778,8481.14155691271,False,False
2018-11-13,0.01588954134915579,5759.862027099778,9278.58582343573,False,False
2018-11-14,0.015410125193681455,5759.862027099778,8998.634134084636,False,False
2018-11-15,0.015269423368459569,5759.862027099778,8916.472293654628,False,False
2018-11-16,0.015284418396274445,5759.862027099778,8925.228534596255,False,False
2018-11-19,0.014892069338550432,5759.862027099778,8696.119064106106,False,False
2018-11-20,0.015045584532519913,5759.862027099778,8785.763181022225,False,False
2018-11-21,0.015529996399422914,5759.862027099778,9068.632080896985,False,False
2018-11-23,0.015057423849405279,5759.862027099778,8792.676666779797,False,False
2018-11-26,0.01473490654093324,5759.862027099778,8604.344954715603,False,False
2018-11-27,0.01513488890506404,5759.862027099778,8837.911840750705,False,False
2018-11-28,0.014730098511198352,5759.862027099778,8601.537339595914,False,False
2018-11-29,0.016018943931268594,5759.862027099778,9354.149550388214,False,False
2018-11-30,0.015590293639116752,5759.862027099778,9103.842229580432,False,False
2018-12-03,0.015361679474676055,5759.862027099778,8970.34459748366,False,False
2018-12-04,0.015116349633170425,5759.862027099778,8827.08596342744,True,False
2018-12-06,0.017459197880721013,6148.880092625354,10195.175706139811,False,False
2018-12-07,0.016935353278193493,6148.880092625354,9889.280337866427,False,False
2018-12-10,0.017755647203159364,6148.880092625354,10368.285201253699,False,False
2018-12-11,0.017215585616939255,6148.880092625354,10052.920039505318,False,False
2018-12-12,0.01670366349460426,6148.880092625354,9753.98671961733,False,False
2018-12-13,0.016289709890143125,6148.880092625354,9512.261426135698,False,False
2018-12-14,0.015799937854837458,6148.880092625354,9226.262493652735,False,False
2018-12-17,0.015892316186144898,6148.880092625354,9280.206169963281,False,False
2018-12-18,0.016112209274040116,6148.880092625354,9408.611190799484,False,False
2018-12-19,0.015628263326266368,6148.880092625354,9126.01436112062,False,False
2018-12-20,0.015438584224700224,6148.880092625354,9015.252584923273,False,False
2018-12-21,0.015448631710366562,6148.880092625354,9021.119743453297,False,False
2018-12-24,0.016346328823674684,6148.880092625354,9545.323653827492,False,False
2018-12-26,0.01686875581196701,6148.880092625354,9850.391216246902,False,False
2018-12-27,0.021375321456124377,6148.880092625354,12481.968502175465,False,False
2018-12-28,0.020880949914979168,6148.880092625354,12193.283720633692,False,False
2018-12-31,0.02027017951204489,6148.880092625354,11836.628643088536,False,False
2019-01-02,0.019899233644915543,6148.880092625354,11620.017415087843,False,False
2019-01-03,0.019293883258653985,6148.880092625354,11266.52731812691,False,False
2019-01-04,0.020302360627733874,6148.880092625354,11855.420579070376,False,False
2019-01-07,0.02158111808537269,6148.880092625354,12602.1419952106,False,False
2019-01-08,0.020969531839131594,6148.880092625354,12245.010511709195,False,False
2019-01-09,0.020390295020372,6148.880092625354,11906.769248676115,False,False
2019-01-10,0.019840407384382,6148.880092625354,11585.666234330742,False,False
2019-01-11,0.019263521154791442,6148.880092625354,11248.797581296989,False,False
2019-01-14,0.0186856036782215,6148.880092625354,10911.326738848631,False,False
2019-01-15,0.018131188774971142,6148.880092625354,10587.580058654268,False,False
2019-01-16,0.017748433995759424,6148.880092625354,10364.07309956669,False,False
2019-01-17,0.01761122929148192,6148.880092625354,10283.953378295719,False,False
2019-01-18,0.017120115856276336,6148.880092625354,9997.171144783393,False,False
2019-01-22,0.017019537101123194,6148.880092625354,9938.438888691411,False,False
2019-01-23,0.016922506163832913,6148.880092625354,9881.77835586715,False,False
2019-01-24,0.016407119647946444,6148.880092625354,9580.822027750844,False,False
2019-01-25,0.01591007539484618,6148.880092625354,9290.576534876292,False,False
2019-01-28,0.015699578720840688,6148.880092625354,9167.658483789091,False,False
2019-01-29,0.015856538255279835,6148.880092625354,9259.313899077559,False,False
2019-01-30,0.015376750554791988,6148.880092625354,8979.14524863115,False,False
2019-01-31,0.015382198232686854,6148.880092625354,8982.326381791336,False,False
2019-02-01,0.014927007915563496,6148.880092625354,8716.521200218214,False,False
2019-02-04,0.014473788253911971,6148.880092625354,6879.579730971118,False,False
2019-02-05,0.01415904824059521,5759.862027099778,6298.521649386013,False,False
2019-02-06,0.013781496863206087,5759.862027099778,6130.571411217961,False,False
2019-02-07,0.013376907313071928,5759.862027099778,5950.593491986843,False,False
2019-02-08,0.013249373643532132,5366.435356417573,5504.901478271468,False,False
2019-02-11,0.012872204647743801,5366.435356417573,5348.193831681177,False,False
2019-02-12,0.012521126303519188,5366.435356417573,5202.3264308433545,False,False
2019-02-13,0.01276960925617569,5366.435356417573,5305.567097927401,False,False
2019-02-14,0.012420680080682983,5366.435356417573,5160.5926421032555,False,False
2019-02-15,0.012062089823147283,5366.435356417573,5011.6041622013645,False,False
2019-02-19,0.012491444412995113,5366.435356417573,5189.9940831097965,False,False
2019-02-20,0.012115575072446446,5366.435356417573,5033.8264223514825,False,False
2019-02-21,0.011786646199519718,5366.435356417573,4897.161770305501,False,False
2019-02-22,0.011453504041751827,5366.435356417573,4758.7465662278155,False,False
2019-02-25,0.011192195945240473,5366.435356417573,4650.177258314014,False,False
2019-02-26,0.010947913726958969,5366.435356417573,4548.681928745001,False,False
2019-02-27,0.010630130128092276,5366.435356417573,4416.647958669317,False,False
2019-02-28,0.010395173786973135,5366.435356417573,4319.027380945824,False,False
2019-03-01,0.010187964375965922,5366.435356417573,4232.935206051036,False,False
2019-03-04,0.009973412462611268,5366.435356417573,4143.792339620624,False,False
2019-03-05,0.009853284172823105,5366.435356417573,4093.8809688774563,False,False
2019-03-06,0.00955424260876901,5366.435356417573,3969.6340125823103,False,False
2019-03-07,0.00945448543438846,5366.435356417573,3928.186512384159,False,False
2019-03-08,0.009455826539958856,5366.435356417573,3928.743720161343,False,False
2019-03-11,0.009169809795955641,5366.435356417573,3809.9083669412835,False,False
2019-03-12,0.009760774331108293,5366.435356417573,4055.444618744096,False,False
2019-03-13,0.009536421075745406,5366.435356417573,3962.229452478098,False,False
2019-03-14,0.00939572638076147,5366.435356417573,3903.7730714264458,False,False
2019-03-15,0.009175076821477182,5366.435356417573,3812.0967312639837,False,False
2019-03-18,0.009031647057128587,5366.435356417573,3752.503972916788,False,False
2019-03-19,0.009006781991131948,5366.435356417573,3742.17293823961,False,False
2019-03-20,0.00874835409630641,5366.435356417573,3634.8003077646476,False,False
2019-03-21,0.008766511746382466,5366.435356417573,3642.344519093793,False,False
2019-03-22,0.009020060352092522,5366.435356417573,3495.5602573934993,False,False
2019-03-25,0.010069373510170959,5366.435356417573,4073.3875922210996,False,False
2019-03-26,0.009762852475018903,5366.435356417573,3949.389909536871,False,False
2019-03-27,0.00948194398927987,5366.435356417573,3835.7533323254684,False,False
2019-03-28,0.009215242049976367,5366.435356417573,3727.863763100248,False,False
2019-03-29,0.009012770790418288,5366.435356417573,3645.9575833729596,False,False
2019-04-01,0.009087057549315474,5366.435356417573,3676.008982464717,False,False
2019-04-02,0.009467996951241228,5366.435356417573,3830.1113038877056,False,False
2019-04-03,0.009183705336410568,5366.435356417573,3715.1061414261094,False,False
2019-04-04,0.009022394661237549,5366.435356417573,3649.850750703054,False,False
2019-04-05,0.008769946523540828,5366.435356417573,3547.727305710726,False,False
2019-04-08,0.008559713167829561,5366.435356417573,3462.681106782831,False,False
2019-04-09,0.008312451948934665,5366.435356417573,3362.6559383782046,False,False
2019-04-10,0.008286655607438768,5366.435356417573,3352.2204830573796,False,False
2019-04-11,0.008074287050558987,5366.435356417573,3266.3105261272676,False,False
2019-04-12,0.007862726253477347,5366.435356417573,3180.7273341876403,False,False
2019-04-15,0.007834268656582426,5366.435356417573,3169.2153148967564,False,False
2019-04-16,0.0076175734547175265,5366.435356417573,3081.5550899901386,False,False
2019-04-17,0.0073938532379680105,5366.435356417573,2991.05301911989,False,False
2019-04-18,0.007247742174954007,5366.435356417573,2931.9463636197934,False,False
2019-04-22,0.007044777233915116,5366.435356417573,2849.8404737500205,False,False
2019-04-23,0.006833700814913722,5366.435356417573,2764.4532284261413,False,False
2019-04-24,0.006924104120253956,5366.435356417573,2801.024292345532,False,False
2019-04-25,0.0068295671893908545,5366.435356417573,2762.781043071339,False,False
2019-04-26,0.006653796130036068,5366.435356417573,2691.675958775465,False,False
2019-04-29,0.00667928650526051,5366.435356417573,2701.9876408334826,False,False
2019-04-30,0.00656071094817425,5366.435356417573,2654.0199889743076,False,False
2019-05-01,0.006374741386341423,5366.435356417573,2578.7892802380134,False,False
2019-05-02,0.006328432119876622,5366.435356417573,2560.0556826381185,False,False
2019-05-03,0.006197185247845136,5366.435356417573,2506.962073635446,False,False
2019-05-06,0.006408251627177708,5366.435356417573,2592.345257588241,False,False
2019-05-07,0.006232246893178643,5366.435356417573,2521.145644333276,False,True
2019-05-08,0.007509737068295906,5366.435356417573,3447.2148366517704,False,False
2019-05-09,0.0073107222554814845,5366.435356417573,3355.8605310072153,False,False
2019-05-10,0.007108332286974633,5366.435356417573,3262.9569185529617,False,False
2019-05-13,0.006926143293459918,5366.435356417573,3179.3262140679785,False,True
2019-05-14,0.009420198925672878,5366.435356417573,4710.540606986585,False,False
2019-05-15,0.009375702734556355,5366.435356417573,4688.290427689481,False,False
2019-05-16,0.009188329709419409,5366.435356417573,4594.595140517139,False,False
2019-05-17,0.009102164658901811,5366.435356417573,4551.5085801834675,False,False
2019-05-20,0.008871778074442404,5366.435356417573,4436.304499042106,False,False
2019-05-21,0.008654723667635483,5366.435356417573,4327.767131067539,False,False
2019-05-22,0.008618301817604984,5366.435356417573,4309.55450043161,False,False
2019-05-23,0.008445312260519753,5366.435356417573,4223.051620857186,False,False
2019-05-24,0.00848958268064572,5366.435356417573,4245.188904086248,False,False
2019-05-28,0.008286956574505898,5366.435356417573,4143.8663621167825,False,False
2019-05-29,0.008382059813151908,5366.435356417573,4191.422435086437,False,False
2019-05-30,0.008186300156005015,5366.435356417573,4093.533439166498,False,False
2019-05-31,0.0079451294136819,5366.435356417573,3972.9367740754806,False,False
2019-06-03,0.008263237765157649,5366.435356417573,4132.005846700297,False,False
2019-06-04,0.008031853456032799,5366.435356417573,4016.302856503167,False,False
2019-06-05,0.009654684803412293,5366.435356417573,4827.7945267362165,False,False
2019-06-06,0.009660049864701044,5366.435356417573,4830.477308624268,False,False
2019-06-07,0.009426838831589205,5366.435356417573,4713.86087088889,False,False
2019-06-10,0.009508549546872521,5366.435356417573,4754.720055010682,False,False
2019-06-11,0.00941852249208401,5366.435356417573,4709.702311685436,False,False
2019-06-12,0.009133822029282215,5366.435356417573,4567.3387478756695,False,False
2019-06-13,0.008885090962741251,5366.435356417573,4442.961566628767,False,False
2019-06-14,0.008637150294229666,5366.435356417573,4318.979621410578,False,False
2019-06-17,0.008393476269895046,5366.435356417573,4197.131198086112,False,False
2019-06-18,0.008152546202645465,5366.435356417573,4076.6548818025794,False,False
2019-06-19,0.008444612252987434,5366.435356417573,4222.701584309953,False,False
2019-06-20,0.008251424339331534,5366.435356417573,4126.098580569231,False,False
2019-06-21,0.008234315690623654,5366.435356417573,4117.543455024111,False,False
2019-06-24,0.007988856889955893,5366.435356417573,3994.802559952712,False,False
2019-06-25,0.007771992834528219,5366.435356417573,3886.3603765818466,False,False
2019-06-26,0.007847879775820868,5366.435356417573,3924.307400983297,False,False
2019-06-27,0.007609389305519251,5366.435356417573,3805.0509974190963,False,False
2019-06-28,0.007448905268634755,5366.435356417573,3724.8014635735517,False,False
2019-07-01,0.007371280049105048,5366.435356417573,3685.985218650697,False,False
2019-07-02,0.007507172201112076,5366.435356417573,3753.9376584293686,False,False
2019-07-03,0.007306553642864359,5366.435356417573,3653.618984418621,False,False
2019-07-05,0.007210584606968136,5366.435356417573,3605.6299722789204,False,False
2019-07-08,0.006991264765767697,5366.435356417573,3495.9597810182063,False,False
2019-07-09,0.006924565652070424,5366.435356417573,3462.607100676737,False,False
2019-07-10,0.006714442300763556,5366.435356417573,3357.535585030754,False,False
2019-07-11,0.006512583764093251,5366.435356417573,3256.5968637410183,False,False
2019-07-12,0.006681449880627591,5366.435356417573,3341.037829940924,False,False
2019-07-15,0.006864150910583421,5366.435356417573,3432.396900735041,False,False
2019-07-16,0.0066650267763058504,5366.435356417573,3332.825508692644,False,False
2019-07-17,0.006462758848576634,5366.435356417573,3231.682072701833,False,False
2019-07-18,0.006524801111282369,5366.435356417573,3262.706109469063,False,False
2019-07-19,0.006334550820403268,5366.435356417573,3167.5720546844395,False,False
2019-07-22,0.0063213009921238746,5366.435356417573,3160.9465200605805,False,False
2019-07-23,0.006140346038073632,5366.435356417573,3070.4605689872938,False,False
2019-07-24,0.006246980540180503,5366.435356417573,3123.7828136918383,False,False
2019-07-25,0.006058774557772411,5366.435356417573,3029.6710088768677,False,False
2019-07-26,0.005942334793682881,5366.435356417573,2971.4456740044952,False,False
2019-07-29,0.005965039679809186,5366.435356417573,2982.7991803283885,False,False
2019-07-30,0.005788262365375077,5366.435356417573,2894.4022447003626,False,False
2019-07-31,0.005663289199235882,5366.435356417573,2831.909809187351,False,False
2019-08-01,0.005542799141122961,5366.435356417573,2771.6591376296324,False,False
2019-08-02,0.0060791198278873256,5366.435356417573,3039.8445966951917,False,False
2019-08-05,0.00603318924534991,5366.435356417573,3016.8771545156637,True,True
2019-08-06,0.009954787671054753,5759.862027099778,5877.684806366904,False,False
2019-08-07,0.010365679008036545,5759.862027099778,6120.290660780851,False,False
2019-08-08,0.01005239277390067,5759.862027099778,5935.314566938236,False,False
2019-08-09,0.010378567109169375,5759.862027099778,6127.900285286616,False,False
2019-08-12,0.01007341344852516,5759.862027099778,5947.72597177605,False,False
2019-08-13,0.010061439502996573,5759.862027099778,5940.6560994662395,False,False
2019-08-14,0.010567697960067006,5759.862027099778,6239.57032441448,True,False
2019-08-15,0.012884141095430235,5793.0232549501425,7829.258039622575,False,False
2019-08-16,0.012530472290010124,5793.0232549501425,7614.345433676245,False,False
2019-08-19,0.012701265409961224,5793.0232549501425,7718.130652852683,False,False
2019-08-20,0.012587009677298694,5793.0232549501425,7648.701297267749,False,False
2019-08-21,0.012237370877115433,5793.0232549501425,7436.237589596177,False,False
2019-08-22,0.011989225563477476,5793.0232549501425,7285.44805093739,False,False
2019-08-23,0.011632951869841748,5793.0232549501425,7068.952542269537,False,False
2019-08-26,0.012958348900066703,5793.0232549501425,7874.351619920208,False,False
2019-08-27,0.013003892449370936,5793.0232549501425,7902.026898924221,False,False
2019-08-28,0.012697312774469977,5793.0232549501425,7715.728769563115,False,False
2019-08-29,0.012451004974829684,5793.0232549501425,7566.055826192487,False,False
2019-08-30,0.012654497381327887,5793.0232549501425,7689.711299054647,False,False
2019-09-03,0.0123034479771742,5793.0232549501425,7476.390414921377,False,False
2019-09-04,0.012349986369677993,5793.0232549501425,7504.670226587726,False,False
2019-09-05,0.012208612428076368,5793.0232549501425,7418.762049963501,False,False
2019-09-06,0.012624691324301288,5793.0232549501425,7671.599163377421,False,False
2019-09-09,0.012248608833565162,5793.0232549501425,7443.066516742448,False,False
2019-09-10,0.01188197731342197,5793.0232549501425,7220.2769062127845,False,False
2019-09-11,0.011526119517243952,5793.0232549501425,7004.034124404278,False,False
2019-09-12,0.01124586752417954,5793.0232549501425,6833.734439421938,False,False
2019-09-13,0.010917218740413202,5793.0232549501425,6634.025656860762,False,False
2019-09-16,0.010606804349868413,5793.0232549501425,6445.397300124641,False,False
2019-09-17,0.010361338043983481,5793.0232549501425,6296.235704130657,False,False
2019-09-18,0.010046172863017,5793.0232549501425,6104.720452270671,False,False
2019-09-19,0.009740130835016878,5793.0232549501425,5918.749032799628,False,False
2019-09-20,0.009443548109170492,5793.0232549501425,5738.525712242421,False,False
2019-09-23,0.009344463020732366,5793.0232549501425,5678.315045538681,False,False
2019-09-24,0.009060540021157786,5793.0232549501425,5505.784613700935,False,False
2019-09-25,0.009130818752673187,5793.0232549501425,5548.490628766741,False,False
2019-09-26,0.008955346125401891,5793.0232549501425,5441.861830803271,False,False
2019-09-27,0.008723108859988058,5793.0232549501425,5300.739076568135,False,False
2019-09-30,0.00847209788619739,5793.0232549501425,5148.208172875912,False,False
2019-10-01,0.008242325739077305,5793.0232549501425,5008.583387894372,False,False
2019-10-02,0.008334799523367414,5793.0232549501425,5064.776588026622,False,False
2019-10-03,0.00942722208196909,5793.0232549501425,5728.604936090179,False,False
2019-10-04,0.00920816670054649,5793.0232549501425,5595.4923682113795,False,False
2019-10-07,0.009866132906857325,5793.0232549501425,5995.31624257008,False,False
2019-10-08,0.009587238611384432,5793.0232549501425,5825.841584627187,False,False
2019-10-09,0.009753417751884362,5793.0232549501425,5926.82304409274,False,False
2019-10-10,0.009705018749480411,5735.42594599738,5130.475789781125,False,False
2019-10-11,0.009763009889930287,5735.42594599738,5161.132313975456,False,False
2019-10-14,0.01018150383469345,5735.42594599738,5382.365585873294,False,False
2019-10-15,0.009876075983842285,5735.42594599738,5220.903744864416,False,False
2019-10-16,0.010456946642479242,5735.42594599738,5527.976088366139,False,False
2019-10-17,0.010184540734568433,5735.42594599738,5383.9710172162695,False,False
2019-10-18,0.0099148014716009,5735.42594599738,5241.375645282298,False,False
2019-10-21,0.009616062318604226,5735.42594599738,5083.449727623332,False,False
2019-10-22,0.009486694213430848,5735.42594599738,5015.060376845684,False,False
2019-10-23,0.009333923767424828,5735.42594599738,4934.299577216119,False,False
2019-10-24,0.00908710478725729,5400.950103772033,4803.82081824661,False,False
2019-10-25,0.008813877005419397,5400.950103772033,4659.381270420909,False,False
2019-10-28,0.008848241200057694,5400.950103772033,4677.547610247562,False,False
2019-10-29,0.008857829983654131,5400.950103772033,4682.616639310243,False,False
2019-10-30,0.008590369797926201,5400.950103772033,4541.226082215135,False,False
2019-10-31,0.008369431043670534,5400.950103772033,4424.428685013425,False,False
2019-11-01,0.008129807862588916,5400.950103772033,4297.753924155761,False,False
2019-11-04,0.008825354863246539,5400.950103772033,4665.4489425419815,False,False
2019-11-05,0.008557101138656008,5400.950103772033,4523.638887862384,False,False
2019-11-06,0.008324002119398165,5400.950103772033,4400.413069778507,False,False
2019-11-07,0.008080974172729606,5400.950103772033,4271.938408491529,False,False
2019-11-08,0.008152962858628392,5400.950103772033,4309.994616282128,False,False
2019-11-11,0.007979711449204363,5400.950103772033,4218.406729175467,False,False
2019-11-12,0.007761950202035448,5318.512414624899,4103.28909412582,False,False
2019-11-13,0.007527244399855708,5318.512414624899,3979.213863887983,False,False
2019-11-14,0.007306987872745869,5318.512414624899,3862.7771202764566,False,False
2019-11-15,0.0070898410244706845,5318.512414624899,3747.9842819872206,False,False
2019-11-18,0.0074093420419505465,5318.512414624899,3916.8857830872194,False,False
2019-11-19,0.007210528506472781,5318.512414624899,3811.7846950028634,False,False
2019-11-20,0.006995284205934629,5318.512414624899,3697.9976224267816,False,False
2019-11-21,0.006935096211467088,5318.512414624899,3666.1797500019875,False,False
2019-11-22,0.006723846831884447,5318.512414624899,3554.504558481822,False,False
2019-11-25,0.006568179696567551,5318.512414624899,3472.2124486339485,False,False
2019-11-26,0.0069302230910203684,5318.512414624899,3663.603616238833,False,False
2019-11-27,0.00673632018823872,5318.512414624899,3561.0984924498875,False,False
2019-11-29,0.00658987307818306,5318.512414624899,3483.680470700656,False,False
2019-12-02,0.006434996648917417,5318.512414624899,3401.8063608955954,False,False
2019-12-03,0.006686720785072321,5318.512414624899,3534.8781889449165,False,False
2019-12-04,0.007021668485426365,4779.119326407682,3711.945447841381,False,False
2019-12-05,0.007004854228628481,4779.119326407682,3703.0567336975446,False,False
2019-12-06,0.006852217745736113,4779.119326407682,3622.3667525309897,False,False
2019-12-09,0.0071579344140688395,4779.119326407682,3783.9812744501332,False,False
2019-12-10,0.006980725569208963,4779.119326407682,3690.301322689365,False,False
2019-12-11,0.0067748633124900615,4779.119326407682,3581.4739879474746,False,False
2019-12-12,0.006569433003585833,4779.119326407682,3472.874998751619,False,False
2019-12-13,0.006960605213891758,4779.119326407682,3679.664867624068,False,False
2019-12-16,0.006794816226158833,4779.119326407682,3592.0219264065013,False,False
2019-12-17,0.007109321956545541,4779.119326407682,3758.282711382607,False,False
2019-12-18,0.006923671738158748,4779.119326407682,3660.140299153675,False,False
2019-12-19,0.006717317054721752,4779.119326407682,3551.052647206775,False,False
2019-12-20,0.006526295669552037,4779.119326407682,3450.070813246264,False,False
2019-12-23,0.00636932593288256,4779.119326407682,3367.0900942492826,False,False
2019-12-24,0.006192112700843256,4779.119326407682,3273.407823243347,False,False
2019-12-26,0.006003505256420123,4779.119326407682,3173.7020985699987,False,False
2019-12-27,0.006033517041378341,4779.119326407682,3189.5675739607086,False,False
2019-12-30,0.005849785620105947,4779.119326407682,3092.4395175403574,False,False
2019-12-31,0.0057955804720667215,4779.119326407682,3063.7844261,False,False
2020-01-02,0.005659781509830993,4663.495531943453,2991.9954573187592,False,False
2020-01-03,0.006111862440535245,4663.495531943453,3230.984204262092,False,False
2020-01-06,0.006347334068084011,4663.495531943453,3355.4642815812613,False,False
2020-01-07,0.006222160590830548,4663.495531943453,3289.2923852512313,False,False
2020-01-08,0.0063163585696589634,4663.495531943453,3339.0893472459084,False,False
2020-01-09,0.006826672603337944,4663.495531943453,3608.8625298186603,False,False
2020-01-10,0.0069253014977396846,4663.495531943453,3661.001857723421,False,False
2020-01-13,0.006780039895792178,4663.495531943453,3584.210544773469,False,False
2020-01-14,0.0066240110939402115,4663.495531943453,3501.7272429815034,False,False
2020-01-15,0.006433536572299482,4663.495531943453,3401.034503784042,False,False
2020-01-16,0.006340131669303417,4663.495531943453,3351.6567945968422,False,False
2020-01-17,0.006742571935241942,4663.495531943453,3564.4034254409326,False,False
2020-01-21,0.006768231577801055,4663.495531943453,3577.968177691516,False,False
2020-01-22,0.006628132666863924,4663.495531943453,3503.90607752544,False,False
2020-01-23,0.00643676700696039,4663.495531943453,3402.7422456489558,False,False
2020-01-24,0.006409818668759708,4663.495531943453,3388.4962353853653,False,False
2020-01-27,0.007087631744753697,4663.495531943453,3746.8163650162755,False,False
2020-01-28,0.008063999386103847,4663.495531943453,4302.42634938016,False,False
2020-01-29,0.008447765343813028,4663.495531943453,4507.178940419336,False,False
2020-01-30,0.008209366122115912,4663.495531943453,4379.984598754467,False,False
2020-01-31,0.008105001036072038,4663.495531943453,4324.302166917448,True,True
2020-02-03,0.010754585033059845,5247.564483966149,6535.198637552388,False,False
2020-02-04,0.010573375068263688,5247.564483966149,6425.083453060716,False,False
2020-02-05,0.011254234981916189,5247.564483966149,6838.819061304813,False,False
2020-02-06,0.01198423006341072,5247.564483966149,7282.412454014793,False,False
2020-02-07,0.011621636735496932,5247.564483966149,7062.076716719164,False,False
2020-02-10,0.011485956287451424,5247.564483966149,6979.628284121926,False,False
2020-02-11,0.011218576526135667,5247.564483966149,6817.150620270803,False,False
2020-02-12,0.01087746179645577,5247.564483966149,6609.866702778837,False,False
2020-02-13,0.010821403841298477,5247.564483966149,6575.802173925167,False,False
2020-02-14,0.010498922190744414,5247.564483966149,6379.840950237027,False,False
2020-02-18,0.0101820902450582,5247.564483966149,6187.312861666742,False,False
2020-02-19,0.00996812184679955,5247.564483966149,6057.291481903532,False,False
2020-02-20,0.009794697626168879,5247.564483966149,5951.907431575215,False,False
2020-02-21,0.00959948832883611,5247.564483966149,5833.285324813769,False,False
2020-02-24,0.009533498955800565,5247.564483966149,5793.1858082420795,True,True
2020-02-25,0.012826468721579685,5848.382017513509,9396.222343910567,True,False
2020-02-26,0.014724599925944642,6191.599805548117,10786.726871795256,False,False
2020-02-27,0.014276163900729942,6191.599805548117,10458.21832502371,True,False
2020-02-28,0.017968674213403486,6593.927216058738,13163.222224241134,False,False
2020-03-02,0.017596017914815514,6593.927216058738,12890.22725458903,False,False
2020-03-03,0.02235125090477315,6593.927216058738,16373.744615495028,False,False
2020-03-04,0.022983981291407735,6593.927216058738,16837.260765233463,False,False
2020-03-05,0.02514632375306701,6593.927216058738,18421.317218686312,False,False
2020-03-06,0.02559873651107597,6640.596660812487,18752.73898080561,False,False
2020-03-09,0.025258642953139208,6640.596660812487,18503.598335981907,True,False
2020-03-10,0.03168223251110438,7319.591860953082,23209.29536318593,False,False
2020-03-11,0.03339050493091768,7319.591860953082,24460.715986348616,True,False
2020-03-12,0.03418911649734246,8178.837252182089,25045.750886244412,True,False
2020-03-13,0.04029490658567833,8979.308964485965,29518.639137920858,False,False
2020-03-16,0.047502934515860185,8979.308964485965,34798.98827869083,True,False
2020-03-17,0.05748447605515864,12804.322882487151,42111.11647812535,False,False
2020-03-18,0.05832159258178722,12804.322882487151,42724.35876504806,False,False
2020-03-19,0.05912483507792013,13924.65791210125,43312.786122068355,False,False
2020-03-20,0.057505379430815524,13924.65791210125,42126.42955997771,False,False
2020-03-23,0.05681604117420616,13924.65791210125,41621.444464713895,False,False
2020-03-24,0.05539775916837064,13924.65791210125,40582.46067560777,False,False
2020-03-25,0.060002403885017555,13924.65791210125,43955.66233473122,False,False
2020-03-26,0.058211992496082034,13924.65791210125,42644.06957582914,False,False
2020-03-27,0.0583749690342236,13924.65791210125,42763.46048711266,False,False
2020-03-30,0.05723591694486216,13924.65791210125,41929.0307679703,False,False
2020-03-31,0.056237120681276856,13924.65791210125,41197.34756095283,False,False
2020-04-01,0.054708064689175745,13924.65791210125,40077.21462413768,False,False
2020-04-02,0.05422030456331802,13924.65791210125,39719.898616705155,False,False
2020-04-03,0.05304154875066007,13924.65791210125,38856.38333862423,False,False
2020-04-06,0.05174909799314543,13924.65791210125,37909.579120739116,False,False
2020-04-07,0.0530377388973659,13924.65791210125,38853.59237336117,False,False
2020-04-08,0.051439506274049134,13924.65791210125,37682.78305616305,False,False
2020-04-09,0.05086541234410391,13924.65791210125,37262.22192362162,False,False
2020-04-13,0.049498487607084356,13924.65791210125,36260.860673286355,False,False
2020-04-14,0.04827772248353426,13924.65791210125,35366.570843438676,False,False
2020-04-15,0.04717353701873198,13924.65791210125,34557.683193890916,False,False
2020-04-16,0.04608984790327165,13924.65791210125,33763.81045295408,False,False
2020-04-17,0.04472471626255518,13924.65791210125,32763.762762251907,False,False
2020-04-20,0.04388546614060922,13924.65791210125,32148.95747802812,False,False
2020-04-21,0.04284977644994864,13924.65791210125,31390.247436785823,False,False
2020-04-22,0.042116648505512666,13924.65791210125,30853.183547886703,False,False
2020-04-23,0.04098561848203434,13924.65791210125,30024.630513616183,False,False
2020-04-24,0.03973999639040682,13924.65791210125,29112.131338396764,False,False
2020-04-27,0.03878240115197967,13924.65791210125,28410.630561289392,False,False
2020-04-28,0.037905342808683545,13924.65791210125,27768.128296552473,False,False
2020-04-29,0.036766139939078644,13924.65791210125,26933.588121077715,False,False
2020-04-30,0.03612612383684963,13924.65791210125,26464.734710933026,False,False
2020-05-01,0.03509812421976873,13924.65791210125,25711.65814861343,False,False
2020-05-04,0.0347421297514062,13924.65791210125,25450.8690529905,False,False
2020-05-05,0.03369215604502509,13924.65791210125,24681.69504145463,False,False
2020-05-06,0.03279968297512449,13924.65791210125,24027.90048718033,False,False
2020-05-07,0.0318485949971397,13924.65791210125,23331.166701463444,False,False
2020-05-08,0.030975487377264143,13924.65791210125,22691.55859851686,False,False
2020-05-11,0.03032062278241112,13924.65791210125,22161.294792432273,False,False
2020-05-12,0.02940123946864898,13924.65791210125,21489.318995967256,False,False
2020-05-13,0.028968653930260917,13924.65791210125,21173.1429164732,False,False
2020-05-14,0.028496060623379737,13924.65791210125,20827.725222849844,False,False
2020-05-15,0.027960777489205044,13924.65791210125,20436.48763452617,False,False
2020-05-18,0.027134469561084635,13924.65791210125,19832.5404888553,False,False
2020-05-19,0.02732666529170021,13924.65791210125,19973.01604157018,False,False
2020-05-20,0.02685852725654437,13924.65791210125,19630.854698939158,False,False
2020-05-21,0.026334861572953328,13924.65791210125,19248.10828670274,False,False
2020-05-22,0.02555165523278043,13924.65791210125,18675.664022861885,False,False
2020-05-26,0.024777064339011102,13924.65791210125,18109.516775045013,False,False
2020-05-27,0.02464284839925795,13924.65791210125,18011.418558921352,False,False
2020-05-28,0.02477189369880383,13924.65791210125,18105.73756237114,False,False
2020-05-29,0.024079054672525448,13924.65791210125,17599.342624007146,False,False
2020-06-01,0.02334551328004407,13924.65791210125,17063.198391156453,False,False
2020-06-02,0.022663608123642338,13924.65791210125,16564.79500083214,False,False
2020-06-03,0.02211921485929374,13924.65791210125,16166.89883290638,False,False
2020-06-04,0.02173200256583979,13924.65791210125,15883.885985707715,False,False
2020-06-05,0.02107523401793916,13924.65791210125,15403.854902412595,False,False
2020-06-08,0.02203756231918848,13924.65791210125,16107.219121681146,False,False
2020-06-09,0.021503658425809376,13924.65791210125,15716.989618253354,False,False
2020-06-10,0.02088396958144131,13924.65791210125,15264.060031081783,False,False
2020-06-11,0.020299517810343677,13924.65791210125,14836.885164516465,True,False
2020-06-12,0.025697358241187417,15305.633793801935,19469.06686547797,False,False
2020-06-15,0.02520350645596771,15305.633793801935,19094.910372898605,False,False
2020-06-16,0.024511167865139516,15305.633793801935,18570.374496802957,False,False
2020-06-17,0.024446358078708073,15305.633793801935,18521.272715455307,False,False
2020-06-18,0.0237534320196611,15305.633793801935,17996.29175633107,False,False
2020-06-19,0.023030748437105775,15305.633793801935,17448.76563091007,False,False
2020-06-22,0.022332014743897895,15305.633793801935,16919.384639037416,False,False
2020-06-23,0.021687807120125406,15305.633793801935,16431.31418507243,False,False
2020-06-24,0.02115237737319602,15305.633793801935,16025.657018024567,False,False
2020-06-25,0.02145258089480933,15305.633793801935,16253.099947398285,False,False
2020-06-26,0.0212968016348258,15305.633793801935,16135.077044016218,False,False
2020-06-29,0.022153711392541752,15305.633793801935,16784.296828169467,False,False
2020-06-30,0.021759092334832683,15305.633793801935,16485.321939434958,False,False
2020-07-01,0.021412046305299845,15305.633793801935,16222.389762089819,False,False
2020-07-02,0.02081693594348366,15305.633793801935,15771.516823408996,False,False
2020-07-06,0.020217988000015393,15305.633793801935,15317.736421124911,False,False
2020-07-07,0.020070979477784853,15305.633793801935,15206.358484052995,False,False
2020-07-08,0.01993424539349976,15305.633793801935,15102.764760342143,False,False
2020-07-09,0.01946613865564451,15305.633793801935,14748.113465296667,False,False
2020-07-10,0.019119863385007395,15305.633793801935,14485.765237334073,False,False
2020-07-13,0.018879585859507095,15305.633793801935,14303.723987555366,False,False
2020-07-14,0.018319340492155254,15305.633793801935,13879.265783888153,False,False
2020-07-15,0.0186707450064125,15305.633793801935,14145.500076171928,False,False
2020-07-16,0.018149352314130455,15305.633793801935,13750.477790459274,False,False
2020-07-17,0.017605576751906608,15305.633793801935,13338.497590728837,False,False
2020-07-20,0.017084710234424122,15305.633793801935,12943.87395036562,False,False
2020-07-21,0.016609839209112822,15305.633793801935,12584.097834179265,False,False
2020-07-22,0.0161058836962658,15305.633793801935,12202.286463346636,False,False
2020-07-23,0.01562983197771807,15305.633793801935,11841.615819584651,False,False
2020-07-24,0.015754133391706834,15305.633793801935,11935.790190261472,False,False
2020-07-27,0.015320102870235615,15305.633793801935,11606.956028988132,False,False
2020-07-28,0.014939529985100994,15305.633793801935,11318.622929595911,False,False
2020-07-29,0.014543119269647901,15305.633793801935,11018.290628784605,False,False
2020-07-30,0.014290565372721113,15305.633793801935,10826.948442546807,False,False
2020-07-31,0.014066363243488055,15305.633793801935,10657.086381067476,False,False
2020-08-03,0.013648860149907304,15305.633793801935,9437.638964159823,False,False
2020-08-04,0.013425547238731152,15305.633793801935,9283.22704927693,False,False
2020-08-05,0.013021209601602156,15305.633793801935,9003.643802256052,False,False
2020-08-06,0.012920997639272905,15305.633793801935,8934.351252551096,False,False
2020-08-07,0.012616719030500172,15305.633793801935,8723.954807531225,False,False
2020-08-10,0.012264283773991799,15305.633793801935,8480.259973483879,False,False
2020-08-11,0.012092735410755513,15305.633793801935,8361.641165808016,False,False
2020-08-12,0.011737318228989036,15305.633793801935,8115.8844501313615,False,False
2020-08-13,0.011795099668194389,15305.633793801935,8155.837996146219,False,False
2020-08-14,0.011458494472540836,15305.633793801935,7923.089013802796,False,False
2020-08-17,0.011112587436013736,15305.633793801935,7683.9081818468485,False,False
2020-08-18,0.010805156804790612,15305.633793801935,7471.332239816459,False,False
2020-08-19,0.01054827944083822,15305.633793801935,7293.711853028026,False,False
2020-08-20,0.010235869153655007,15305.633793801935,7077.692678771583,False,False
2020-08-21,0.009929867763693,15305.633793801935,6866.104999707253,False,False
2020-08-24,0.00973473522718219,15305.633793801935,6731.178682819005,False,False
2020-08-25,0.009857408545066029,15305.633793801935,6816.002358349972,False,False
2020-08-26,0.009709436140255018,15305.633793801935,6713.685379647959,False,False
2020-08-27,0.009477110215327763,15305.633793801935,6553.041327514945,False,False
2020-08-28,0.009567677313067085,15305.633793801935,6615.664840475571,False,False
2020-08-31,0.009285409048339093,15305.633793801935,6420.487664925072,False,False
2020-09-01,0.00907230316404671,15305.633793801935,6273.133499448976,False,False
2020-09-02,0.008940322473267651,15305.633793801935,6181.874149134537,False,False
2020-09-03,0.009490834374620465,15305.633793801935,6562.531032814037,False,True
2020-09-04,0.012122076906483766,15305.633793801935,9184.038437948533,False,False
2020-09-08,0.011753103022887504,15305.633793801935,8904.493079864335,False,False
2020-09-09,0.01334177763515769,15305.633793801935,10108.119225535655,False,False
2020-09-10,0.01386354184689751,15305.633793801935,10503.422985207511,False,False
2020-09-11,0.01419930154562813,15305.633793801935,10757.804309698753,False,False
2020-09-14,0.013835180664217891,15305.633793801935,10481.935727381588,False,False
2020-09-15,0.013795905337583328,15305.633793801935,10452.179596294687,False,False
2020-09-16,0.01347392924889124,15305.633793801935,10208.24113612316,False,False
2020-09-17,0.013072163342613099,15305.633793801935,9903.851586809044,False,False
2020-09-18,0.01275723254420756,15305.633793801935,9665.250843705091,False,False
2020-09-21,0.012534837680490355,15305.633793801935,9496.75801920497,False,False
2020-09-22,0.012734785498071544,15305.633793801935,9648.244307933872,False,False
2020-09-23,0.012397985612486163,15305.633793801935,9393.074907593047,False,False
2020-09-24,0.013275392778572677,15305.633793801935,10057.82412517638,False,False
2020-09-25,0.012974256891873252,15305.633793801935,9829.674808864585,False,False
2020-09-28,0.013040635657225883,15305.633793801935,9879.965294328844,False,False
2020-09-29,0.013216078589201579,15305.633793801935,10012.885968183778,False,False
2020-09-30,0.01290044108472967,15305.633793801935,9773.749803985906,False,False
2020-10-01,0.013050524165432007,15305.633793801935,9887.457116081801,False,False
2020-10-02,0.012661997732092117,15305.633793801935,9593.09817697591,False,False
2020-10-05,0.01237386153922532,15305.633793801935,9374.797807239976,False,False
2020-10-06,0.013135638700043308,15305.633793801935,9951.942365889132,False,False
2020-10-07,0.013184096682454058,15305.633793801935,9988.655544374884,False,False
2020-10-08,0.013587999467578203,15305.633793801935,10294.664055324898,False,False
2020-10-09,0.013177497988996244,15305.633793801935,9983.656182068878,False,False
2020-10-12,0.012913551761230548,15305.633793801935,9783.682834262852,False,False
2020-10-13,0.013291944525132344,15305.633793801935,10070.364210327782,False,False
2020-10-14,0.013043866732530458,15305.633793801935,9882.41325106283,False,False
2020-10-15,0.01275382952659833,15305.633793801935,9662.672618474438,False,False
2020-10-16,0.012365928515143619,15305.633793801935,9368.787517199946,False,False
2020-10-19,0.012005451840358583,15305.633793801935,9095.679891934933,False,False
2020-10-20,0.012260840247618355,15305.633793801935,9289.169585736961,False,False
2020-10-21,0.012185222125118684,15305.633793801935,9231.87909426425,False,False
2020-10-22,0.011814011183703866,15305.633793801935,8950.638876037514,False,False
2020-10-23,0.011533581352223638,15305.633793801935,8738.17707008376,False,False
2020-10-26,0.01119840596809186,15305.633793801935,8484.238439346816,False,False
2020-10-27,0.01219528717301542,15305.633793801935,9239.50466762734,False,False
2020-10-28,0.012081976247369024,15305.633793801935,9153.65701094242,False,False
2020-10-29,0.014048296333729268,15305.633793801935,10643.398364157529,False,False
2020-10-30,0.013836109065167317,15305.633793801935,10482.63911097428,False,False
2020-11-02,0.013588698994072132,15305.633793801935,10295.19403696568,False,False
2020-11-03,0.0138041171700632,15305.633793801935,10458.401119695583,False,False
2020-11-04,0.01452755176784496,15305.633793801935,11006.496236120374,False,False
2020-11-05,0.014463002729438195,15305.633793801935,10957.592005068744,False,False
2020-11-06,0.015359164634319739,15305.633793801935,11636.550358868253,False,False
2020-11-09,0.014965598874921986,15305.633793801935,11338.373479604597,False,False
2020-11-10,0.016554454546838616,15305.633793801935,12542.1368013362,False,False
2020-11-11,0.016109227380698813,15305.633793801935,12204.819736035308,False,False
2020-11-12,0.015618757608089118,15305.633793801935,11833.225554687555,False,False
2020-11-13,0.015300648996685548,15305.633793801935,11592.217207923959,False,False
2020-11-16,0.01500550220229423,15305.633793801935,11368.605402336641,False,False
2020-11-17,0.014752284565647018,15305.633793801935,11176.760347559717,False,False
2020-11-18,0.014510660865532364,15305.633793801935,10993.699196694934,False,False
2020-11-19,0.014259739841326289,15305.633793801935,10803.594122376735,False,False
2020-11-20,0.013833530114146026,15305.633793801935,10480.685222586022,False,False
2020-11-23,0.01351038601952365,15305.633793801935,10235.861847111428,False,False
2020-11-24,0.013204777107400156,15305.633793801935,10004.323636491712,False,False
2020-11-25,0.01337942056926538,15305.633793801935,10136.63860851179,False,False
2020-11-27,0.012990166858266726,15305.633793801935,9841.72866267457,False,False
2020-11-30,0.012608526625670094,15305.633793801935,9552.586909765845,False,False
2020-12-01,0.012478862730281435,15305.633793801935,9454.349767034419,False,False
2020-12-02,0.012479690203122408,15305.633793801935,9454.976684553296,False,False
2020-12-03,0.012179295988453055,15305.633793801935,9227.389280567673,False,False
2020-12-04,0.011825097643243526,15305.633793801935,8959.038300602999,False,False
2020-12-07,0.011708916706413696,15305.633793801935,8871.016239875822,False,False
2020-12-08,0.011435498027811634,15305.633793801935,8663.866287495026,False,False
2020-12-09,0.01112030395432091,15305.633793801935,8425.066079520431,False,False
2020-12-10,0.010803269656382397,15305.633793801935,8184.871663920083,False,False
2020-12-11,0.010485678141818807,15305.633793801935,7944.255084779407,False,False
2020-12-14,0.01023468789128301,15305.633793801935,7754.097562578063,False,False
2020-12-15,0.009935587667086451,15305.633793801935,7527.49052345336,False,False
2020-12-16,0.0104222039757339,15305.633793801935,7896.165208297209,False,False
2020-12-17,0.010111701667658787,15305.633793801935,7660.91961841745,False,False
2020-12-18,0.00988898162502424,15305.633793801935,7492.180428900912,False,False
2020-12-21,0.009671408430642113,15305.633793801935,7327.340641487592,False,False
2020-12-22,0.009693393707747454,15305.633793801935,7343.997327595268,False,False
2020-12-23,0.009648902994416737,15305.633793801935,7310.289867684458,False,False
2020-12-24,0.009503009310140633,15305.633793801935,7199.756564308945,False,False
2020-12-28,0.009292100451975671,15305.633793801935,7039.96587206752,False,False
2020-12-29,0.00932064205187475,15305.633793801935,7061.589819232339,False,False
2020-12-30,0.009062421377463789,15305.633793801935,6865.954317365921,False,False
2020-12-31,0.008802929006933819,15305.633793801935,6669.355341490185,False,False
2021-01-04,0.008744269270173674,15305.633793801935,6624.913016852155,False,False
2021-01-05,0.008909407704601585,15305.633793801935,6750.026703316012,False,False
2021-01-06,0.00866128847556943,15305.633793801935,6562.044350604933,False,False
2021-01-07,0.00967522702366401,15305.633793801935,7330.233718751706,False,False
2021-01-08,0.009968439647819214,15305.633793801935,7552.380140648501,False,False
2021-01-11,0.009729686781718002,15305.633793801935,7371.4940172259485,False,False
2021-01-12,0.00947122069505886,15305.633793801935,7175.672583894336,False,False
2021-01-13,0.009310954178212958,15305.633793801935,7054.250004052293,False,False
2021-01-14,0.009042213547590657,15305.633793801935,6850.644277037511,False,False
2021-01-15,0.00883833138259645,15305.633793801935,6696.177212147217,False,False
2021-01-19,0.008589483299649928,15305.633793801935,6507.642658487665,False,False
2021-01-20,0.008327962521771887,15305.633793801935,6309.50690214137,False,False
2021-01-21,0.008274425890541918,15305.633793801935,6268.945991428839,False,False
2021-01-22,0.008221299923090005,15305.633793801935,6228.696211552373,False,False
2021-01-25,0.0079840796484315,15305.633793801935,6048.9712240331855,False,False
2021-01-26,0.007740968782155904,15305.633793801935,5864.783352781205,False,False
2021-01-27,0.007529739551609865,15305.633793801935,5704.749937095194,False,True
2021-01-28,0.009528042428018337,15305.633793801935,7668.498998518852,False,False
2021-01-29,0.009383945883235373,15305.633793801935,7196.949265440321,False,False
2021-02-01,0.01053641596896685,15305.633793801935,8080.827842763001,False,False
2021-02-02,0.010588557732720692,15305.633793801935,8120.8175904678965,False,False
2021-02-03,0.011152081906480288,15305.633793801935,8553.008370216798,False,False
2021-02-04,0.010812682822391928,15305.633793801935,8292.708703177512,False,False
2021-02-05,0.010962759387260063,15305.633793801935,8407.808836610415,False,False
2021-02-08,0.010632053136214544,15305.633793801935,8154.17607485391,False,False
2021-02-09,0.010478283436043602,15305.633793801935,8036.243518074215,False,False
2021-02-10,0.01015911107947194,15305.633793801935,7791.456593068495,False,False
2021-02-11,0.009867451241620862,15305.633793801935,7567.770194841201,False,False
2021-02-12,0.009568610858498687,15305.633793801935,7338.576729474209,False,False
2021-02-16,0.00929464670500491,15305.633793801935,7128.461908078391,False,False
2021-02-17,0.009017260429010663,15305.633793801935,6915.722514639804,False,False
2021-02-18,0.00878715156092973,15305.633793801935,6739.242186458777,False,False
2021-02-19,0.00854493238525587,15305.633793801935,6553.473945664052,False,False
2021-02-22,0.00830236463211897,15305.633793801935,5740.751907937203,False,False
2021-02-23,0.008072580691163614,15305.633793801935,5581.865535692177,False,False
2021-02-24,0.007854280159632427,15305.633793801935,5430.919480149985,False,False
2021-02-25,0.007914770654179285,15305.633793801935,5356.246818269119,False,False
2021-02-26,0.008645260025246147,15305.633793801935,5850.598649865181,False,False
2021-03-01,0.008655587768146124,15305.633793801935,5857.587853022786,False,False
2021-03-02,0.010169367152578528,15305.633793801935,6882.023855744613,False,False
2021-03-03,0.01002713936735161,15305.633793801935,6785.772535854645,False,False
2021-03-04,0.009758938697216243,15305.633793801935,6604.2702474324715,False,False
2021-03-05,0.009902322743039694,15305.633793801935,6701.304055838135,False,False
2021-03-08,0.010513628719995477,13197.94652958806,7012.578540747548,False,False
2021-03-09,0.010315658567601027,13197.94652958806,6880.532671584456,False,False
2021-03-10,0.010045684036661017,13197.94652958806,6700.459962851871,False,False
2021-03-11,0.010064861458554477,9860.397640949166,6713.251281702722,False,False
2021-03-12,0.00985054942627758,9860.397640949166,6570.305397023467,False,False
2021-03-15,0.009863032451350092,7804.647467631754,6578.631560718085,False,False
2021-03-16,0.009616005584825362,7804.647467631754,6413.864918361309,False,False
2021-03-17,0.009323714791571933,7482.477370760338,6218.907287745268,False,False
2021-03-18,0.009138646049568246,7482.477370760338,6095.466644813875,False,False
2021-03-19,0.008874249395552054,7482.477370760338,5919.114373720912,False,False
2021-03-22,0.009198243317246717,7482.477370760338,6135.217955378455,False,False
2021-03-23,0.008925005100271926,7482.477370760338,5952.968371728486,False,False
2021-03-24,0.008926105686666944,7482.477370760338,5953.702461617095,False,False
2021-03-25,0.008665981201780684,7482.477370760338,5780.199722532622,False,False
2021-03-26,0.00856993327274862,7482.477370760338,5716.135861809396,False,False
2021-03-29,0.00905730904842432,7482.477370760338,6041.214956459514,False,False
2021-03-30,0.008783716175387724,7482.477370760338,5858.728817614891,False,False
2021-03-31,0.008520125007535706,7078.041263943147,5682.913804888208,False,False
2021-04-01,0.008313419115336418,7078.041263943147,5545.0412070927405,False,False
2021-04-05,0.008251841060255524,7078.041263943147,5503.968713556804,False,False
2021-04-06,0.008465506956323974,7078.041263943147,5646.483626111169,False,False
2021-04-07,0.008290296110162835,7078.041263943147,5529.618188628195,False,False
2021-04-08,0.008088462922672212,7078.041263943147,5394.995679397336,False,False
2021-04-09,0.007910986848265338,7078.041263943147,5276.61933722018,False,False
2021-04-12,0.00812906043469677,7078.041263943147,5422.074174293176,False,False
2021-04-13,0.007885800070022717,7078.041263943147,5259.819784437908,False,False
2021-04-14,0.0076460347169175925,7078.041263943147,5099.896563371331,False,False
2021-04-15,0.007419342143382829,7078.041263943147,4948.692871586654,False,False
2021-04-16,0.007878287312172454,7078.041263943147,5254.808783394816,False,False
2021-04-19,0.007760982319417219,7078.041263943147,5176.566485057476,False,False
2021-04-20,0.007553713985388994,7078.041263943147,5038.318739194195,False,False
2021-04-21,0.007529452994837421,7078.041263943147,5022.136685761428,False,False
2021-04-22,0.007630103750140339,7078.041263943147,5089.270626434538,False,False
2021-04-23,0.007927285913127545,7078.041263943147,5287.490795165959,False,False
2021-04-26,0.008376154583504243,7078.041263943147,5586.885693856929,False,False
2021-04-27,0.0081357891254371,7078.041263943147,5426.5622034551,False,False
2021-04-28,0.007888334124118839,7078.041263943147,5261.509995672185,False,False
2021-04-29,0.00791700208047243,7078.041263943147,5280.631490342236,False,False
2021-04-30,0.0078121459396207705,7078.041263943147,5210.692562234238,False,False
2021-05-03,0.007676948951055276,7078.041263943147,5120.516322798945,False,False
2021-05-04,0.007695152080518253,7078.041263943147,5132.6577896936005,False,False
2021-05-05,0.007482939626849492,7078.041263943147,4991.112321586412,False,False
2021-05-06,0.007370792571087645,7078.041263943147,4916.310361427039,False,False
2021-05-07,0.007662897158073238,7078.041263943147,5111.143792671696,False,False
2021-05-10,0.007672951081940334,7078.041263943147,5117.849748592188,False,False
2021-05-11,0.007570871939588181,7078.041263943147,5049.763075362497,False,False
2021-05-12,0.008258120484125976,7078.041263943147,5584.563134628769,False,True
2021-05-13,0.009208482696863047,7078.041263943147,6470.115845416566,False,False
2021-05-14,0.00979515900909712,7078.041263943147,6882.329651846298,False,False
2021-05-17,0.009983984682519088,7078.041263943147,7015.003407322334,False,False
2021-05-18,0.00968900901550718,7078.041263943147,6807.7459470030335,False,False
2021-05-19,0.009731109813076,7078.041263943147,6837.327045911706,False,False
2021-05-20,0.009548872318377127,7078.041263943147,6709.2823135822555,False,False
2021-05-21,0.009384798632549199,7078.041263943147,6593.999938685378,False,False
2021-05-24,0.009122738337436124,7078.041263943147,6409.869661887089,False,False
2021-05-25,0.008911041479061292,7078.041263943147,6261.126025949921,False,False
2021-05-26,0.008744776921080834,7078.041263943147,6144.304288152987,False,False
2021-05-27,0.008480374496568193,7078.041263943147,5958.5283712379705,False,False
2021-05-28,0.008245590508409843,7078.041263943147,5793.563126469586,False,False
2021-06-01,0.008001455093415405,7078.041263943147,5622.027329641629,False,False
2021-06-02,0.007758032935622181,7078.041263943147,5450.992685595444,False,False
2021-06-03,0.007537278857472237,7078.041263943147,5295.8852150167295,False,False
2021-06-04,0.007307667751894051,7078.041263943147,5134.554570067902,False,False
2021-06-07,0.00717955055957809,7078.041263943147,5044.536148644776,False,False
2021-06-08,0.007047026255719714,7078.041263943147,4951.421177750714,False,False
2021-06-09,0.00683309874703997,7078.041263943147,4801.11022976459,False,False
2021-06-10,0.006727828866038518,6840.619738773794,4440.709129909329,False,False
2021-06-11,0.006618882099043025,6840.619738773794,4368.798724263732,False,False
2021-06-14,0.00641727543240971,6840.619738773794,4235.728073538886,False,False
2021-06-15,0.0062582700719829455,6840.619738773794,4130.776450985588,False,False
2021-06-16,0.006138694696664013,6840.619738773794,4051.850623431984,False,False
2021-06-17,0.006077766912486476,6840.619738773794,4011.6351879847316,False,False
2021-06-18,0.0061542646476444585,6840.619738773794,4062.127582737552,False,True
2021-06-21,0.006911292052479711,6840.619738773794,4756.351367851993,False,False
2021-06-22,0.00798764123149698,6840.619738773794,5497.094900469505,False,False
2021-06-23,0.00781694474673594,6840.619738773794,5379.62157527709,False,False
2021-06-24,0.007581518193341116,6840.619738773794,5217.60101519001,False,False
2021-06-25,0.00773045408318883,6667.193268485186,5320.098698404723,False,False
2021-06-28,0.0075353169908712,6667.193268485186,5185.805346464746,False,False
2021-06-29,0.007307115144971035,6667.193268485186,5028.756830260867,False,False
2021-06-30,0.0071444179606490665,6667.193268485186,4916.788623835874,False,False
2021-07-01,0.007024709692488976,6667.193268485186,4834.40539061653,False,False
2021-07-02,0.0069232410094227795,6667.193268485186,4764.574640326809,False,False
2021-07-06,0.0069677706539707064,6667.193268485186,4795.2199428472695,False,False
2021-07-07,0.006911607885510466,6667.193268485186,4756.568724151862,False,False
2021-07-08,0.00682613842516648,6667.193268485186,4697.748639350088,False,False
2021-07-09,0.007280871541974631,6667.193268485186,5010.695982005363,False,False
2021-07-12,0.008139663132559946,6667.193268485186,5601.7163766817375,False,False
2021-07-13,0.007962207950042929,6667.193268485186,5479.59171552024,False,False
2021-07-14,0.0077287374140337164,6667.193268485186,5318.917286648126,False,False
2021-07-15,0.007527939657642868,6667.193268485186,5180.728265547715,False,False
2021-07-16,0.007355540575018469,6667.193268485186,5062.08321246205,False,False
2021-07-19,0.007342541294163993,6667.193268485186,5053.137107044453,True,True
2021-07-20,0.00895228307546954,6840.558600837914,6741.811010133742,False,False
2021-07-21,0.009352889394514077,6840.558600837914,7043.500765662607,False,False
2021-07-22,0.009210189488790025,6840.558600837914,6936.035911452218,False,False
2021-07-23,0.008937911418016817,6840.558600837914,6730.987961126932,False,False
2021-07-26,0.008917916447039001,6840.558600837914,6715.930091045173,False,False
2021-07-27,0.008646872161609805,6840.558600837914,6511.81128332477,False,False
2021-07-28,0.008433012044723102,6840.558600837914,6350.756893232258,False,False
2021-07-29,0.008316211194883679,6840.558600837914,6262.796174295865,False,False
2021-07-30,0.008160288947691937,6840.558600837914,6145.373801256466,False,False
2021-08-02,0.008014888288095911,6840.558600837914,6035.875055575462,False,False
2021-08-03,0.007817400875457082,6840.558600837914,5887.150668548475,False,False
2021-08-04,0.007961366046217586,6840.558600837914,5995.568372180802,False,False
2021-08-05,0.00823214042987274,6840.558600837914,6199.483921499236,False,False
2021-08-06,0.008226244236319439,6840.558600837914,6195.04359915013,False,False
2021-08-09,0.008141250534513735,6840.558600837914,6131.036298465476,False,False
2021-08-10,0.00791321827231629,6840.558600837914,5959.309108542161,False,False
2021-08-11,0.007787533830113096,6840.558600837914,5864.6583083937785,False,False
2021-08-12,0.0077598015210261495,6840.558600837914,5843.773581541126,False,False
2021-08-13,0.007526215775858589,6840.558600837914,5667.864158737451,False,False
2021-08-16,0.007299532107631492,6840.558600837914,5497.152571828568,False,False
2021-08-17,0.007262166131512996,6840.558600837914,5469.012895382193,False,False
2021-08-18,0.0073014308734017,6840.558600837914,5498.582499799717,False,False
2021-08-19,0.007604838056371253,6840.558600837914,5727.0732512039895,False,False
2021-08-20,0.007373562888460986,6840.558600837914,5552.903884547073,False,False
2021-08-23,0.0073968332332047864,6840.558600837914,5570.428382497014,False,False
2021-08-24,0.007302534484231072,6840.558600837914,5499.4136102078255,False,False
2021-08-25,0.007094576335988767,6840.558600837914,5342.803891586584,False,False
2021-08-26,0.006885919037431404,6840.558600837914,5185.667654841187,False,False
2021-08-27,0.00688354320105599,6840.558600837914,5183.878453170617,False,False
2021-08-30,0.006969800548619151,6840.558600837914,5248.8373838259395,False,False
2021-08-31,0.006757474179878298,6840.558600837914,5088.938033185297,False,False
2021-09-01,0.00658024995142854,6840.558600837914,4955.47350301433,False,False
2021-09-02,0.006396067447778832,6667.193268485186,4401.773781676803,False,False
2021-09-03,0.00631167947157223,6667.193268485186,4343.697974286125,False,False
2021-09-07,0.006123686638032502,6269.504042794215,4214.321301420415,False,False
2021-09-08,0.006001021069936146,6269.504042794215,4129.902854309051,False,False
2021-09-09,0.005848854453553558,6269.504042794215,4025.1817850101415,False,False
2021-09-10,0.005807737617388779,6269.504042794215,3996.8851773065317,False,False
2021-09-13,0.006208437047049931,6269.504042794215,4272.646535080802,False,False
2021-09-14,0.006592600891777346,6269.504042794215,4537.0281028793925,False,False
2021-09-15,0.006747050386911848,6269.504042794215,4643.320249393945,False,False
2021-09-16,0.006800711468627279,6269.504042794215,4680.249807207384,False,False
2021-09-17,0.006617521599997153,6269.504042794215,4554.178534915699,False,False
2021-09-20,0.006634313039286176,6269.504042794215,4565.734403865253,True,True
2021-09-21,0.008525486546635234,6840.558600837914,6785.52889364515,False,False
2021-09-22,0.008267600942641251,6840.558600837914,6580.274893467656,False,False
2021-09-23,0.00831286368752936,6840.558600837914,6616.300011983051,False,False
2021-09-24,0.008633493880188664,6840.558600837914,6871.493123198901,False,False
2021-09-27,0.008390746144381669,6840.558600837914,6678.28751948642,False,False
2021-09-28,0.008168908104202288,6840.558600837914,6501.7241734401,False,False
2021-09-29,0.008913728870518266,6840.558600837914,7094.53524677628,False,False
2021-09-30,0.008660460346095066,6840.558600837914,6892.95603121787,False,False
2021-10-01,0.009423714861645775,6840.558600837914,7500.438729143011,False,False
2021-10-04,0.00963289558928355,6840.558600837914,7666.927980356484,False,False
2021-10-05,0.009912611209329682,6840.558600837914,7889.556731389584,False,False
2021-10-06,0.01003933614294391,6840.558600837914,7990.418505539469,False,False
2021-10-07,0.009787286988050476,6840.558600837914,7789.8097996559045,False,False
2021-10-08,0.009961651300735758,6840.558600837914,7928.588281713743,False,False
2021-10-11,0.009658191506556411,6840.558600837914,7687.061280269321,False,False
2021-10-12,0.009654239259373202,6840.558600837914,7683.915643089577,False,False
2021-10-13,0.00947683321927781,6840.558600837914,7542.7162165947275,False,False
2021-10-14,0.009203490361523894,6840.558600837914,7325.159617447579,False,False
2021-10-15,0.010032017152440037,6840.558600837914,7984.593240170193,False,False
2021-10-18,0.010439496169867921,6840.558600837914,8308.910290134021,False,False
2021-10-19,0.010121552746185035,6840.558600837914,8055.855608017826,False,False
2021-10-20,0.010077694949201809,6840.558600837914,8020.948703055462,False,False
2021-10-21,0.009917457916088768,6840.558600837914,7893.414278823729,False,False
2021-10-22,0.009645491726219585,6840.558600837914,7676.953384849264,False,False
2021-10-25,0.009454067327529044,6840.558600837914,7524.596591936846,False,False
2021-10-26,0.009173519995351584,6840.558600837914,7301.305872033414,False,False
2021-10-27,0.00889447885608251,6269.504042794215,7079.213947699399,False,False
2021-10-28,0.008889281032455022,6269.504042794215,7075.076942472137,False,False
2021-10-29,0.008856261913814278,6269.504042794215,7048.796661299457,False,False
2021-11-01,0.008593853266697107,6269.504042794215,6839.942721150008,False,False
2021-11-02,0.008343849911958004,6269.504042794215,6640.962290202061,False,False
2021-11-03,0.008163048873320589,6269.504042794215,6497.060746874961,False,False
2021-11-04,0.00792878474314853,6269.504042794215,6310.607338575992,False,False
2021-11-05,0.007819287467954633,6269.504042794215,6223.457248016428,False,False
2021-11-08,0.007656079771779264,6269.504042794215,6093.55844024688,False,False
2021-11-09,0.007585515720702493,6269.504042794215,6037.395732721049,False,False
2021-11-10,0.007514402311308459,6269.504042794215,5980.795784843673,False,False
2021-11-11,0.0074405643046166,6269.504042794215,5922.027299887877,False,False
2021-11-12,0.007227174060684072,6269.504042794215,5752.187648167632,False,False
2021-11-15,0.007139153796633121,6269.504042794215,5682.131347958029,False,False
2021-11-16,0.0069927600582238274,6269.504042794215,5565.614954859381,False,False
2021-11-17,0.006949436518539396,6269.504042794215,5531.133271181197,False,False
2021-11-18,0.007008623877966877,6269.504042794215,5578.241144184907,False,False
2021-11-19,0.006848535720753728,6269.504042794215,5450.825211926009,False,False
2021-11-22,0.006712890492517532,6269.504042794215,5342.86367677526,False,False
2021-11-23,0.006542417072783245,6269.504042794215,5207.18199938618,False,False
2021-11-24,0.006994938007203162,6269.504042794215,5567.348408504205,False,False
2021-11-26,0.006791571646901082,6269.504042794215,5405.486876464154,True,True
2021-11-29,0.00936220639158388,6840.558600837914,8617.146438793849,False,False
2021-11-30,0.009193234738628204,6840.558600837914,8461.621830958558,False,False
2021-12-01,0.009451897873087886,6840.558600837914,8699.700123054343,False,False
2021-12-02,0.009221696775903685,6840.558600837914,8487.818811978943,False,False
2021-12-03,0.00984524530578146,6840.558600837914,9061.744312967858,False,False
2021-12-06,0.009643803690436381,6840.558600837914,8876.333756343496,False,False
2021-12-07,0.010594377471306884,6840.558600837914,9751.259295050115,False,False
2021-12-08,0.011126314883434914,6840.558600837914,10240.864243377342,False,False
2021-12-09,0.010801504341257285,6840.558600837914,9941.902664264459,False,False
2021-12-10,0.010474903929326266,6840.558600837914,9641.293656209482,False,False
2021-12-13,0.010267668852559732,6840.558600837914,9450.550691457367,False,False
2021-12-14,0.010306897878311268,6840.558600837914,9486.657806106761,False,False
2021-12-15,0.009993539791789506,6840.558600837914,9198.237277184686,False,False
2021-12-16,0.010292133465341042,6840.558600837914,9473.06836967203,False,False
2021-12-17,0.0099812996383165,6840.558600837914,9186.971215478863,False,False
2021-12-20,0.010536921307958264,6840.558600837914,9698.375588723004,False,False
2021-12-21,0.010888161869129696,6840.558600837914,10021.663841968433,False,False
2021-12-22,0.01119671802649514,6840.558600837914,10305.664587241445,False,False
2021-12-23,0.011118584289005976,6840.558600837914,10233.748862508046,False,False
2021-12-27,0.010844061839453344,6840.558600837914,9981.073365986416,False,False
2021-12-28,0.010824268601446238,6840.558600837914,9962.85530677353,False,False
2021-12-29,0.010503461424215115,6840.558600837914,9667.578498167626,False,False
2021-12-30,0.010209935146847569,6840.558600837914,9397.411530049521,False,False
2021-12-31,0.009942334492395654,6840.558600837914,9151.106980664437,False,False
2022-01-03,0.009658883536060094,6840.558600837914,8890.213522776627,False,False
2022-01-04,0.009599537622994182,6840.558600837914,8835.590456157139,False,False
2022-01-05,0.009697012414926414,6840.558600837914,8925.308042059332,False,False
2022-01-06,0.009931351981461925,6840.558600837914,9140.998476213323,False,False
2022-01-07,0.009665473764413082,6840.558600837914,8896.27928979858,False,False
2022-01-10,0.009372068587491372,6840.558600837914,8626.223784751457,False,False
2022-01-11,0.00911915245961162,6840.558600837914,8393.43514289544,False,False
2022-01-12,0.008900510331248031,6840.558600837914,8192.192918680825,False,False
2022-01-13,0.008637175729488617,6840.558600837914,7949.8149224210765,False,False
2022-01-14,0.008508577946051614,6840.558600837914,7831.4511644316,False,False
2022-01-18,0.008452500993972814,6840.558600837914,7779.836909448007,False,False
2022-01-19,0.009272315488191098,6840.558600837914,8534.409202970102,False,False
2022-01-20,0.009638892520065601,6840.558600837914,8871.813425077471,False,False
2022-01-21,0.009425965959532467,6840.558600837914,8675.831914301109,False,False
2022-01-24,0.009758252788171513,6840.558600837914,8981.674804566705,False,False
2022-01-25,0.009539041561700289,6443.74074529154,7873.976109743038,False,False
2022-01-26,0.009363391778662066,6443.74074529154,7728.986470440325,False,False
2022-01-27,0.009128312308942909,6443.74074529154,7534.940756676838,False,False
2022-01-28,0.00887698441699559,6443.74074529154,7327.482826642142,False,False
2022-01-31,0.010368377958189652,6443.74074529154,8558.549599716769,False,False
2022-02-01,0.01016892446336789,6443.74074529154,8393.911250772268,False,False
2022-02-02,0.010131292896634414,6443.74074529154,8362.848375585594,False,False
2022-02-03,0.010062545356999113,6443.74074529154,8306.100904553976,False,False
2022-02-04,0.010365962412540992,6443.74074529154,8556.555694081017,False,False
2022-02-07,0.010050615040738878,6443.74074529154,8296.253057198752,False,False
2022-02-08,0.009752308433337391,6443.74074529154,8050.016673295302,False,False
2022-02-09,0.010449564668743529,6443.74074529154,8625.564950807859,False,False
2022-02-10,0.010279075746356853,6443.74074529154,8484.835329999996,False,False
2022-02-11,0.010850672965617186,6443.74074529154,8956.6587118083,False,False
2022-02-14,0.010978475266335523,6443.74074529154,9062.152775977891,False,False
2022-02-15,0.010687873335236785,6443.74074529154,8822.27619633242,False,False
2022-02-16,0.010712337801106713,6443.74074529154,8842.47032365134,False,False
2022-02-17,0.01039043881899124,6443.74074529154,8576.75967771973,True,False
2022-02-18,0.011281583811879424,6878.562055234047,9312.352906759817,False,False
2022-02-22,0.011027399585660867,6878.562055234047,9102.53722331062,False,False
2022-02-23,0.01113191920365016,6878.562055234047,9188.812659865114,False,False
2022-02-24,0.01152710528151221,6878.562055234047,9515.017941167422,False,False
2022-02-25,0.011176128054524332,6878.562055234047,9225.30473649261,False,False
2022-02-28,0.012233166219378169,6878.562055234047,10097.83403656017,False,False
2022-03-01,0.012055555789699777,6878.562055234047,9951.225986780422,False,False
2022-03-02,0.012387106826535535,6878.562055234047,10224.903895228486,False,False
2022-03-03,0.013228024213343015,6878.562055234047,10919.036882401404,False,False
2022-03-04,0.0128305373149799,6878.562055234047,10590.932395026766,False,False
2022-03-07,0.012592008591584086,6878.562055234047,10394.039504125958,False,False
2022-03-08,0.013185393208240187,6878.562055234047,10883.847234307013,False,False
2022-03-09,0.012797138910582834,6878.562055234047,10563.363772264718,False,False
2022-03-10,0.01380833818461209,6878.562055234047,11398.055483627451,False,False
2022-03-11,0.013464099708490376,6878.562055234047,11113.904762666176,False,False
2022-03-14,0.013137958137346693,6878.562055234047,10844.692083072641,False,False
2022-03-15,0.012751050250427186,6878.562055234047,10525.320012139728,False,False
2022-03-16,0.013369598073236448,6878.562055234047,11035.898642920487,False,False
2022-03-17,0.013500762053543476,6878.562055234047,11144.167596432864,False,False
2022-03-18,0.0134566990567821,6878.562055234047,11107.795914689093,False,False
2022-03-21,0.013167079445882239,6878.562055234047,10868.73018860035,False,False
2022-03-22,0.012788014150038938,6878.562055234047,10555.831763302913,False,False
2022-03-23,0.012504498040268205,6878.562055234047,10321.804155746904,False,False
2022-03-24,0.012500316537858266,6878.562055234047,10318.35254586915,False,False
2022-03-25,0.012366952979239473,6878.562055234047,10208.267956376332,False,False
2022-03-28,0.012023563109373197,6878.562055234047,9924.817715158086,False,False
2022-03-29,0.011679989899657043,6878.562055234047,9641.21613655562,False,False
2022-03-30,0.011454437111780994,6878.562055234047,9455.034196605524,False,False
2022-03-31,0.011128261803160561,6878.562055234047,9185.793668502869,False,False
2022-04-01,0.011461501918199363,6878.562055234047,9460.86582199455,False,False
2022-04-04,0.011144801792602998,6878.562055234047,9199.446558144116,False,False
2022-04-05,0.010865023024857721,6878.562055234047,8968.503929475351,False,False
2022-04-06,0.010698461365211433,6878.562055234047,8831.016057096249,False,False
2022-04-07,0.010596163182742976,6878.562055234047,8746.574298496425,False,False
2022-04-08,0.010278269757268841,6878.562055234047,8484.170028482788,False,False
2022-04-11,0.010182374543878017,6878.562055234047,8405.013583425483,False,False
2022-04-12,0.010263005004109035,6878.562055234047,8471.569779188976,False,False
2022-04-13,0.010002953963472361,6878.562055234047,8256.911349613794,False,False
2022-04-14,0.009785148481475507,6878.562055234047,8077.124402390493,False,False
2022-04-18,0.009545248246835959,6878.562055234047,7879.099401235465,False,False
2022-04-19,0.0092958248726412,6878.562055234047,7673.21355023903,False,False
2022-04-20,0.009212633958659866,6878.562055234047,7604.543834838402,False,False
2022-04-21,0.009272794840366291,6878.562055234047,7654.203472259358,False,False
2022-04-22,0.009367778082725636,6878.562055234047,7732.607133290279,True,True
2022-04-25,0.012187925359202666,7022.876729018477,12301.08065186539,False,False
2022-04-26,0.011989893910854565,7022.876729018477,12101.210637409124,True,False
2022-04-27,0.013185155308887858,7634.736920674526,13307.569096617048,False,False
2022-04-28,0.013098596440723696,7634.736920674526,13220.206597500857,False,False
2022-04-29,0.013124979011107086,7634.736920674526,13246.83410928198,True,False
2022-05-02,0.014713810791731062,8541.396965929724,14850.416942265543,False,False
2022-05-03,0.014302921343637729,8541.396965929724,14435.712709097577,False,False
2022-05-04,0.013889164575484822,8541.396965929724,14018.11453506043,False,False
2022-05-05,0.015242130185773535,8541.396965929724,15383.641365990292,True,False
2022-05-06,0.01691522368618557,9297.400354620147,17072.268222499577,False,False
2022-05-09,0.01641013091672116,9297.400354620147,16562.48606427817,False,False
2022-05-10,0.016547323469748184,9297.400354620147,16700.952342162494,False,False
2022-05-11,0.016052299923898734,9297.400354620147,16201.332892370852,False,False
2022-05-12,0.015795675004851864,9297.400354620147,15942.325412964981,False,False
2022-05-13,0.015346474805054359,9297.400354620147,15488.954742921374,False,False
2022-05-16,0.015289955864587972,9297.400354620147,15431.911068584293,False,False
2022-05-17,0.014825940384231759,9297.400354620147,14963.587569764537,False,False
2022-05-18,0.015287038723012127,9297.400354620147,15428.966843645283,False,False
2022-05-19,0.016514773886800414,9433.033120806747,16668.100561959985,False,False
2022-05-20,0.01606816808495508,9433.033120806747,16217.348376811235,False,False
2022-05-23,0.0155956243888032,9433.033120806747,15740.417484425534,False,False
2022-05-24,0.016502002145351143,9433.033120806747,16655.210244945236,False,False
2022-05-25,0.016001102751201143,9433.033120806747,16149.66039422702,False,False
2022-05-26,0.015606151945887162,9433.033120806747,15751.042781589762,False,False
2022-05-27,0.01567234876007556,9433.033120806747,15817.85418108797,False,False
2022-05-31,0.015868691738517314,9433.033120806747,16016.020049523964,False,False
2022-06-01,0.015413054465736153,9433.033120806747,15556.152543341295,False,False
2022-06-02,0.015082017677068264,9433.033120806747,15222.04233868177,False,False
2022-06-03,0.01483557097930553,9433.033120806747,14973.307577332394,False,False
2022-06-06,0.014688392576485309,9433.033120806747,14824.762738900376,False,False
2022-06-07,0.01424687523453547,9433.033120806747,14379.146255991629,False,False
2022-06-08,0.013953773560548955,9433.033120806747,14083.323363690888,False,False
2022-06-09,0.013674657819421673,9433.033120806747,13801.616252626294,False,False
2022-06-10,0.014208405419284706,9433.033120806747,14340.319278789582,True,False
2022-06-13,0.015858793870553334,9779.680057187035,16006.030287647509,False,False
2022-06-14,0.016776975102678983,9779.680057187035,16932.736109723995,False,False
2022-06-15,0.01630255571086081,9779.680057187035,16453.91210731428,False,False
2022-06-16,0.015995180974955288,9779.680057187035,16143.683638950326,False,False
2022-06-17,0.016917196403106932,9779.680057187035,17074.259254544642,False,False
2022-06-21,0.016402064123455105,9779.680057187035,16554.344377186797,False,False
2022-06-22,0.01679016137524326,9779.680057187035,16946.04480644884,False,False
2022-06-23,0.016293495209644883,9779.680057187035,16444.767486476965,False,False
2022-06-24,0.01583636283475028,9779.680057187035,15983.390997334667,False,False
2022-06-27,0.016970739325052414,9779.680057187035,17128.29928037156,False,False
2022-06-28,0.0164537839220162,9779.680057187035,16606.544353363865,False,False
2022-06-29,0.016336123574635344,9779.680057187035,16487.79162227944,False,False
2022-06-30,0.01588682539788529,9779.680057187035,16034.322065644412,False,False
2022-07-01,0.015606412377428882,9779.680057187035,15751.305631033334,False,False
2022-07-05,0.015337259384879067,9779.680057187035,15479.653764824105,False,False
2022-07-06,0.014880077555591993,9779.680057187035,15018.227362144235,False,False
2022-07-07,0.0144435522767343,9779.680057187035,14577.64928970371,False,False
2022-07-08,0.01443922595565678,9779.680057187035,14573.282802140653,False,False
2022-07-11,0.013999510664497122,9779.680057187035,14129.485100645106,False,False
2022-07-12,0.013697769497105229,9779.680057187035,13824.9425040437,False,False
2022-07-13,0.013394374745768954,9779.680057187035,13518.730971272687,False,False
2022-07-14,0.01306766255520882,9779.680057187035,13188.985515210037,False,False
2022-07-15,0.01286021053192922,9779.680057187035,12979.607463199882,False,False
2022-07-18,0.013675336331215628,9779.680057187035,12410.527407493066,False,False
2022-07-19,0.013385610832603376,9779.680057187035,12147.598134377535,False,False
2022-07-20,0.014763292561091825,9779.680057187035,13397.86039017161,False,False
2022-07-21,0.01431860572470642,9779.680057187035,12994.30189354326,False,False
2022-07-22,0.01399464326310802,9779.680057187035,12700.30217673275,False,False
2022-07-25,0.01365156778804182,9779.680057187035,12388.957177017535,False,False
2022-07-26,0.01330537217467603,9779.680057187035,12074.780615361586,False,False
2022-07-27,0.013085190485303556,9779.680057187035,11874.963161194277,False,False
2022-07-28,0.013184028560994982,9779.680057187035,11964.659869016547,False,False
2022-07-29,0.012842624402943174,9779.680057187035,11654.831609007864,False,False
2022-08-01,0.012932020796292456,9779.680057187035,11735.959879854105,False,False
2022-08-02,0.012648740756431746,9779.680057187035,11478.879935819225,False,False
2022-08-03,0.012844239598844676,9779.680057187035,11656.297418149123,False,False
2022-08-04,0.01302018756330546,9779.680057187035,11815.972250441826,False,False
2022-08-05,0.012623692702587036,9779.680057187035,11456.148534469005,False,False
2022-08-08,0.012355141496808334,9779.680057187035,11212.435179352156,False,False
2022-08-09,0.011983747830983167,9779.680057187035,10875.391090851641,False,False
2022-08-10,0.01162009353973093,9779.680057187035,10545.370575148741,False,False
2022-08-11,0.012251233096035444,9779.680057187035,11118.137092312267,False,False
2022-08-12,0.011890282023681847,9779.680057187035,10790.569779325375,False,False
2022-08-15,0.011948211661251977,9779.680057187035,10843.141601864698,False,False
2022-08-16,0.011659896055985157,9779.680057187035,10581.491823423472,False,False
2022-08-17,0.011446452428392965,9779.680057187035,10387.789239002122,False,False
2022-08-18,0.01112495118214824,9779.680057187035,10096.023103864687,False,False
2022-08-19,0.010786816163815667,9779.680057187035,9789.161626324958,False,False
2022-08-22,0.010750056877318863,9779.680057187035,9755.802144590885,False,False
2022-08-23,0.01152678704029608,9779.680057187035,10460.693837371537,False,False
2022-08-24,0.011245322904902984,9779.680057187035,10205.261847845335,False,False
2022-08-25,0.010902927473361976,9779.680057187035,9894.533995570102,False,False
2022-08-26,0.01101487034855886,9779.680057187035,9996.123461968331,False,False
2022-08-29,0.013010096702260037,9838.523297718279,12773.306387413892,False,False
2022-08-30,0.012693421070250923,9838.523297718279,12462.394411457735,False,False
2022-08-31,0.012512298682378787,9838.523297718279,12284.568542299598,False,False
2022-09-01,0.012235676591976795,9838.523297718279,12012.981113313173,False,False
2022-09-02,0.01196252638722969,9838.523297718279,11744.802379913483,False,False
2022-09-06,0.01185373507043632,9838.523297718279,11637.99111989798,False,False
2022-09-07,0.01153768995078097,9838.523297718279,11327.698180653078,False,False
2022-09-08,0.011624103669404588,9838.523297718279,11412.539126060003,False,False
2022-09-09,0.011418959080143464,9838.523297718279,11211.12827168124,False,False
2022-09-12,0.011451868843021944,9838.523297718279,11243.439060294437,False,False
2022-09-13,0.011197671708993906,9838.523297718279,10993.868442177616,True,True
2022-09-14,0.015088908649404,10365.898620839836,16882.929924509677,False,False
2022-09-15,0.01462942619180365,10365.898620839836,16368.816524166796,False,False
2022-09-16,0.014211631040455443,10365.898620839836,15901.346912751906,False,False
2022-09-19,0.013831000289255626,10365.898620839836,14203.706926116643,False,False
2022-09-20,0.013575214993328599,10365.898620839836,13941.028934404085,False,False
2022-09-21,0.013459659544472995,10365.898620839836,13822.359590543547,False,False
2022-09-22,0.013948689700151997,10365.898620839836,14324.567736305331,False,False
2022-09-23,0.013548016545916563,10365.898620839836,13913.09756517506,False,False
2022-09-26,0.013584704198433073,10365.898620839836,13950.773846951768,False,False
2022-09-27,0.013563041032659163,10365.898620839836,13928.526919664553,False,False
2022-09-28,0.013163525421505479,10365.898620839836,13518.245484153085,False,False
2022-09-29,0.013595768528049838,10365.898620839836,13962.136329196277,False,False
2022-09-30,0.013541306126552173,10365.898620839836,13906.206318843644,False,False
2022-10-03,0.013554013950496345,10365.898620839836,13919.256582974716,False,False
2022-10-04,0.014808626919486274,10365.898620839836,15207.67785002373,False,False
2022-10-05,0.016185103910954193,10365.898620839836,16621.24703290785,False,False
2022-10-06,0.015698722942655213,10365.898620839836,16121.759462690225,False,False
2022-10-07,0.015389952640902822,10365.898620839836,15804.668667963939,False,False
2022-10-10,0.01576080836552148,10365.898620839836,16185.517913441,False,False
2022-10-11,0.015301902631197429,10365.898620839836,15714.24595763628,False,False
2022-10-12,0.0148389979026185,10365.898620839836,15238.867245905913,False,False
2022-10-13,0.014387279994835307,10365.898620839836,14774.97680839249,False,False
2022-10-14,0.015884154690152297,10365.898620839836,16312.188075311416,False,False
2022-10-17,0.015734273622230392,10365.898620839836,16158.268133296095,False,False
2022-10-18,0.016097612405646,10365.898620839836,16531.39787710328,False,False
2022-10-19,0.015844165731497342,10365.898620839836,16271.121526461959,False,False
2022-10-20,0.015394445888155193,10365.898620839836,15809.282995618089,False,False
2022-10-21,0.015027674588595788,10365.898620839836,15432.628238991436,False,False
2022-10-24,0.01664091508508503,10365.898620839836,17089.34103880798,False,False
2022-10-25,0.016568002964121798,10365.898620839836,17014.464140834967,False,False
2022-10-26,0.01617508309540677,10365.898620839836,16610.956184507904,False,False
2022-10-27,0.015688787609874535,10365.898620839836,16111.55640057766,False,False
2022-10-28,0.01528035072586297,10365.898620839836,15692.113288945076,False,False
2022-10-31,0.016403926913102076,10365.898620839836,16845.966700769903,False,False
2022-11-01,0.0159487641003805,10365.898620839836,16378.53852779919,False,False
2022-11-02,0.015466479318796317,10365.898620839836,15883.257525031126,False,False
2022-11-03,0.01556433303588928,10365.898620839836,15983.748125143346,False,False
2022-11-04,0.015349526377828054,10365.898620839836,15763.153030567984,False,False
2022-11-07,0.015359066448616884,10365.898620839836,15772.950179487445,False,False
2022-11-08,0.01527960732590309,10365.898620839836,15691.349856442856,False,False
2022-11-09,0.015036308954982947,10365.898620839836,15441.49527731774,False,False
2022-11-10,0.01526193777465669,10365.898620839836,15673.204160385367,False,False
2022-11-11,0.01833106117686003,10365.898620839836,18825.031823844147,False,False
2022-11-14,0.01777585826472305,10365.898620839836,18254.867751571936,False,False
2022-11-15,0.01733564764138592,10365.898620839836,17802.79468752168,False,False
2022-11-16,0.016810227964942363,10365.898620839836,17263.216425549064,False,False
2022-11-17,0.01631028694802056,10365.898620839836,16749.80340145866,False,False
2022-11-18,0.015816577767321885,10365.898620839836,16242.790144086035,False,False
2022-11-21,0.015390649163269564,10365.898620839836,15805.383959653462,False,False
2022-11-22,0.014954365511964855,10365.898620839836,15357.343688509656,False,False
2022-11-23,0.014868112421351264,10365.898620839836,15268.76631919972,False,False
2022-11-25,0.014434745901614613,10365.898620839836,11718.258668359327,False,False
2022-11-28,0.014013799433378384,10365.898620839836,11376.530477648837,False,False
2022-11-29,0.014144621397359813,10365.898620839836,11482.732943829118,False,False
2022-11-30,0.01371992753069996,10365.898620839836,11137.96258082403,False,False
2022-12-01,0.014867414154884854,10365.898620839836,12069.502711307168,False,False
2022-12-02,0.014445236555363297,10365.898620839836,11726.775076965696,False,False
2022-12-05,0.014006652095105366,10365.898620839836,11370.72820310626,False,False
2022-12-06,0.014085326156579243,10365.898620839836,11434.596525356268,False,False
2022-12-07,0.01390248736808474,10365.898620839836,11286.16632555979,False,False
2022-12-08,0.013479935456005003,10365.898620839836,10943.134820862066,False,False
2022-12-09,0.013177417537733386,10365.898620839836,10697.548009547025,False,False
2022-12-12,0.01298740261820652,10365.898620839836,10543.292160982746,False,False
2022-12-13,0.013204963619290319,10365.898620839836,10719.910170348745,False,False
2022-12-14,0.012818391271313885,10365.898620839836,10406.087204672835,False,False
2022-12-15,0.012484255620400016,10365.898620839836,10134.832828986777,False,False
2022-12-16,0.013521391074950925,10365.898620839836,10976.788871260758,False,False
2022-12-19,0.013203316913210068,10365.898620839836,10718.57335930055,False,False
2022-12-20,0.012901588339152214,10365.898620839836,10473.627344833494,False,False
2022-12-21,0.012517744905547907,10365.898620839836,10162.0197367894,False,False
2022-12-22,0.012692009452971002,10365.898620839836,10303.489289308503,False,False
2022-12-23,0.012685711551680858,10365.898620839836,10298.376595473175,False,False
2022-12-27,0.012343742237415882,10365.898620839836,10020.762780272576,False,False
2022-12-28,0.011967809147599841,10365.898620839836,9715.57686162283,False,False
2022-12-29,0.011850858444792639,10365.898620839836,9620.635212058502,False,False
2022-12-30,0.011836327192843953,10365.898620839836,9608.838608898985,False,False
2023-01-03,0.011495168837264353,10365.898620839836,9331.883137372,False,False
2023-01-04,0.011219272591793396,10365.898620839836,9107.908043380481,False,False
2023-01-05,0.010881346076626837,10365.898620839836,8833.57620944248,False,False
2023-01-06,0.010787575044123386,10365.898620839836,8757.452028111955,False,False
2023-01-09,0.011777678814629305,10365.898620839836,9561.227319370006,False,False
2023-01-10,0.011439283489455297,10365.898620839836,9286.514901182649,False,False
2023-01-11,0.011299739273187257,10365.898620839836,9173.23163086755,False,False
2023-01-12,0.011341363086934758,10365.898620839836,9207.022223343602,False,False
2023-01-13,0.011068631138255916,10365.898620839836,8985.615934412192,False,False
2023-01-17,0.010856843296705752,10365.898620839836,8813.684628727018,False,False
2023-01-18,0.011169087431317502,10365.898620839836,9067.167271372582,False,False
2023-01-19,0.011384202390784023,10365.898620839836,9241.799561794845,False,False
2023-01-20,0.011202934520395136,10365.898620839836,9094.644647675988,False,False
2023-01-23,0.01111871178654858,10365.898620839836,9026.27186247442,False,False
2023-01-24,0.010950519065658368,10365.898620839836,8889.731474236189,False,False
2023-01-25,0.010822697738885726,10365.898620839836,8785.96495277029,False,False
2023-01-26,0.010502392672487001,10365.898620839836,8525.938372016524,False,False
2023-01-27,0.010328271684021197,10365.898620839836,8384.585361971196,False,False
2023-01-30,0.010040690063658476,10365.898620839836,8151.12397382862,False,False
2023-01-31,0.009954347479442304,10365.898620839836,8081.030274719825,False,False
2023-02-01,0.009955783681613544,10365.898620839836,8082.196196770504,False,False
2023-02-02,0.009680105686910922,10365.898620839836,7858.3982807477105,False,False
2023-02-03,0.009419179469222721,10365.898620839836,7646.575992148576,False,False
2023-02-06,0.009134068108306847,10365.898620839836,7415.119983205152,False,False
2023-02-07,0.008856805011014046,10365.898620839836,7190.035266410512,False,False
2023-02-08,0.008891286941716795,10365.898620839836,7218.028012948161,False,False
2023-02-09,0.008742153082862,10365.898620839836,7096.959783123928,False,False
2023-02-10,0.008753157513713531,10365.898620839836,7105.893280678733,False,False
2023-02-13,0.008566003410341128,10365.898620839836,6953.959868818857,False,False
2023-02-14,0.008756048330259602,10365.898620839836,7108.2400719752695,False,False
2023-02-15,0.00859850827987639,10365.898620839836,6980.3476190287765,False,False
2023-02-16,0.008388031631655617,10365.898620839836,6809.480752073785,False,False
2023-02-17,0.008709790265690815,10365.898620839836,7070.687352321641,False,False
2023-02-21,0.008461030010070088,10365.898620839836,6868.7415029357635,False,True
2023-02-22,0.009902265716944704,10365.898620839836,8880.657358159195,False,False
2023-02-23,0.009629854692381166,10365.898620839836,8636.350748047313,False,False
2023-02-24,0.009435342348424115,10365.898620839836,8461.906077706963,False,False
2023-02-27,0.009389914334489149,10365.898620839836,8421.16483345538,False,False
2023-02-28,0.0091691555055505,10365.898620839836,8223.181505736973,False,False
2023-03-01,0.009037875690275822,10365.898620839836,8105.44571770395,False,False
2023-03-02,0.008772505574829616,10365.898620839836,7867.453612085113,False,False
2023-03-03,0.00856464232105908,10365.898620839836,7681.0354339777095,False,False
2023-03-06,0.009071881494032659,10365.898620839836,8135.943171517627,False,False
2023-03-07,0.00882754814051456,10365.898620839836,7916.817482933932,False,False
2023-03-08,0.010047365231410461,10365.898620839836,9010.787078734218,False,False
2023-03-09,0.009741825005005526,10365.898620839836,8736.769178447676,False,False
2023-03-10,0.010499555218897456,10365.898620839836,9416.325008582999,False,False
2023-03-13,0.010588156036628368,10365.898620839836,9495.784955065199,False,False
2023-03-14,0.01028088490308201,10365.898620839836,9220.214723859533,False,False
2023-03-15,0.010239725809121544,10365.898620839836,9183.301978727912,False,False
2023-03-16,0.010222604183943142,10365.898620839836,9167.946777103294,False,False
2023-03-17,0.010515109178018038,10365.898620839836,9430.274278927898,False,False
2023-03-20,0.010741879141081698,10365.898620839836,9633.648577159935,False,False
2023-03-21,0.010715020305374166,10365.898620839836,9609.560744761182,False,False
2023-03-22,0.010799165778865036,10365.898620839836,9685.025001091304,False,False
2023-03-23,0.0111377686677383,10365.898620839836,9988.694516990146,False,False
2023-03-24,0.010826880824667644,10365.898620839836,9709.880709115527,False,False
2023-03-27,0.010509312735456286,10365.898620839836,9425.075850430965,False,False
2023-03-28,0.010213914539987852,10365.898620839836,9160.153636347712,False,False
2023-03-29,0.009915914178760237,10365.898620839836,8892.897719740511,False,False
2023-03-30,0.009964370770804918,10365.898620839836,8936.355086265885,False,False
2023-03-31,0.009730600742001144,10365.898620839836,8726.702913141422,False,False
2023-04-03,0.010020930411051999,10365.898620839836,8987.079516380456,False,False
2023-04-04,0.009973845509352732,10365.898620839836,8944.85232407049,False,False
2023-04-05,0.010024056622878558,10365.898620839836,8989.883199583299,False,False
2023-04-06,0.009720891836611652,10365.898620839836,8717.995667289664,False,False
2023-04-10,0.00943318202337659,10365.898620839836,8459.968631563048,False,False
2023-04-11,0.009173184427222175,10365.898620839836,8226.794766975538,False,False
2023-04-12,0.008951617736102,10365.898620839836,8028.086923531958,False,False
2023-04-13,0.008685320305350276,10365.898620839836,7789.263172941484,False,False
2023-04-14,0.008852489573037496,10365.898620839836,7939.185729009052,False,False
2023-04-17,0.008604122398442061,10365.898620839836,7716.44238524866,False,False
2023-04-18,0.008389066436509593,10365.898620839836,7523.573564582349,False,False
2023-04-19,0.008135268915784566,10365.898620839836,7295.960118898657,False,False
2023-04-20,0.007909377659124257,10365.898620839836,7093.373871675314,False,False
2023-04-21,0.00771491379136723,10365.898620839836,6918.972676286529,False,False
2023-04-24,0.007483554102200833,9838.523297718279,6374.082222942253,False,False
2023-04-25,0.007273393335906667,9838.523297718279,6195.0787726963845,False,False
2023-04-26,0.0076541902513885835,9838.523297718279,6519.420765334709,False,False
2023-04-27,0.007526888767975,9838.523297718279,6410.992321937465,False,False
2023-04-28,0.00815356277032596,9838.523297718279,6944.758973907095,False,False
2023-05-01,0.008230775771212952,9838.523297718279,7010.52478646253,False,False
2023-05-02,0.007980155806147572,9838.523297718279,6797.0604027991785,False,False
2023-05-03,0.00821408856799242,9838.523297718279,6996.311539127639,False,False
2023-05-04,0.008301678106643347,9838.523297718279,7070.915519215976,False,False
2023-05-05,0.008321547151949917,9494.278126257632,7087.838885673392,False,False
2023-05-08,0.009656344532494388,9494.278126257632,8224.746314732569,False,False
2023-05-09,0.009375996528711683,9494.278126257632,7985.961213062339,False,False
2023-05-10,0.009099996826099422,9494.278126257632,7750.8797565868945,False,False
2023-05-11,0.008822921636510663,9494.278126257632,7514.882259106831,False,False
2023-05-12,0.008622926052287204,9494.278126257632,7344.536955170189,False,False
2023-05-15,0.008368938907162785,9494.278126257632,7128.204591632214,False,False
2023-05-16,0.008128548694514199,9494.278126257632,6923.4533517685195,False,False
2023-05-17,0.008231164089219083,9494.278126257632,7010.855534508969,False,False
2023-05-18,0.008763182367494038,9043.275251878822,7463.9996159869725,False,False
2023-05-19,0.008602049803291078,9043.275251878822,7326.755707678601,False,False
2023-05-22,0.008371690203615908,9043.275251878822,7130.54799552459,False,False
2023-05-23,0.008147885957387834,9043.275251878822,6939.923775024623,False,False
2023-05-24,0.008159342809965218,9043.275251878822,6949.682095649699,False,False
2023-05-25,0.00820826770249595,9043.275251878822,6991.3536441520055,False,False
2023-05-26,0.00797199356058439,9043.275251878822,6790.108248297045,False,False
2023-05-30,0.008160927224624805,9043.275251878822,6951.031613429288,False,False
2023-05-31,0.007915896778582085,9043.275251878822,6742.328076463986,False,False
2023-06-01,0.00791898650063813,9043.275251878822,6744.9597327816,False,False
2023-06-02,0.007889319581777172,9043.275251878822,6719.691073326665,False,False
2023-06-05,0.009497252277259907,9043.275251878822,8089.240230050202,False,False
2023-06-06,0.009288583258611281,9043.275251878822,7911.507368887904,False,False
2023-06-07,0.009024106511242342,9043.275251878822,7686.240535674234,False,False
2023-06-08,0.008806590674697898,9043.275251878822,7500.972438725672,False,False
2023-06-09,0.00854935146063135,9043.275251878822,7281.870140668787,False,False
2023-06-12,0.008289603650933569,8248.308993008432,7060.631158010014,False,False
2023-06-13,0.00819110843275501,8187.59700171835,6976.738316365141,False,False
2023-06-14,0.008107119552706552,8187.59700171835,6905.201180409344,False,False
2023-06-15,0.00815855726058374,8187.59700171835,6949.0130076362575,False,False
2023-06-16,0.008769069124340426,7992.423866564663,7469.013633611875,False,False
2023-06-20,0.00854530009234929,7992.423866564663,7278.419406673604,False,False
2023-06-21,0.008395390517161183,7992.423866564663,7150.73462679417,False,False
2023-06-22,0.008168789819804437,7992.423866564663,6957.728542118017,False,False
2023-06-23,0.00791994169716495,7992.423866564663,6745.773316958032,False,False
2023-06-26,0.007853435997644348,7992.423866564663,6689.127398287658,False,False
2023-06-27,0.007635737958517557,7992.423866564663,6503.704111141331,False,False
2023-06-28,0.007640492355718759,7992.423866564663,6507.753646731922,False,False
2023-06-29,0.007531969579305812,7992.423866564663,6415.319879237055,False,False
2023-06-30,0.007907470117406973,7992.423866564663,6735.150707200463,False,False
2023-07-03,0.008132100988779362,7992.423866564663,6926.47900180285,False,False
2023-07-05,0.007893037772087401,7992.423866564663,6722.85802454186,False,False
2023-07-06,0.00773714996971891,7992.423866564663,6590.081317608144,False,False
2023-07-07,0.007853822885849572,7992.423866564663,6689.4569285078605,False,False
2023-07-10,0.00763702098153963,7992.423866564663,6504.796920002594,False,False
2023-07-11,0.007487437032108933,7992.423866564663,6377.389490339821,False,False
2023-07-12,0.007528500442292777,7992.423866564663,6412.3650580034855,False,False
2023-07-13,0.007382352922795494,7992.423866564663,6287.884591472112,False,False
2023-07-14,0.007174933395185282,7992.423866564663,6111.2159784607475,False,False
2023-07-17,0.007133237143987043,7992.423866564663,6075.701391421433,False,False
2023-07-18,0.0071910923670705125,7992.423866564663,6124.979307225135,False,False
2023-07-19,0.00790771259927165,7992.423866564663,6735.3572399951645,False,False
2023-07-20,0.007687069583294579,7992.423866564663,6547.425582583587,False,False
2023-07-21,0.00746691095040128,7992.423866564663,6359.906496199252,False,False
2023-07-24,0.00726160875939503,7992.423866564663,6185.0413147423305,False,False
2023-07-25,0.0074109171521878694,7992.423866564663,6312.2140403269605,False,False
2023-07-26,0.0071879860055409795,7992.423866564663,6122.333478313762,False,False
2023-07-27,0.006986857449562419,7992.423866564663,5951.023170981052,False,False
2023-07-28,0.00690774363587455,7992.423866564663,5883.638350008259,False,False
2023-07-31,0.0067811702203620485,7992.423866564663,5775.83003504224,False,False
2023-08-01,0.006643416625175695,7992.423866564663,5658.4990543033555,False,False
2023-08-02,0.006701109003677624,7992.423866564663,5707.638267995985,False,False
2023-08-03,0.007024991362595005,7992.423866564663,5983.503553140746,False,False
2023-08-04,0.006829332247731997,7992.423866564663,5816.851816710038,False,False
2023-08-07,0.006657899096604686,7992.423866564663,5670.834431641331,False,False
2023-08-08,0.006968248165355267,7992.423866564663,5935.17280015102,False,False
2023-08-09,0.006798631427503029,7992.423866564663,5790.702536598112,False,False
2023-08-10,0.006734129013074894,7992.423866564663,5735.762906640426,False,False
2023-08-11,0.006533560568147796,7992.423866564663,5564.92967127743,False,False
2023-08-14,0.006356516304953164,7992.423866564663,5414.133047735825,False,False
2023-08-15,0.006171073244435547,7992.423866564663,5256.182787836492,False,False
2023-08-16,0.0064093660465537865,7992.423866564663,5459.147568085796,False,False
2023-08-17,0.0062567469417076,7992.423866564663,5329.154958986418,False,False
2023-08-18,0.006439484131624495,7992.423866564663,5484.8005062508055,False,False
2023-08-21,0.006249055767666797,7992.423866564663,5322.6040374513395,False,False
2023-08-22,0.006058825329029481,7992.423866564663,5160.576150618259,False,False
2023-08-23,0.006046616464217276,7992.423866564663,5150.177307087631,False,False
2023-08-24,0.006132355679613353,7992.423866564663,5223.205282993415,False,False
2023-08-25,0.006356643620477732,7992.423866564663,5414.24148813871,False,False
2023-08-28,0.006270645026076034,7444.009602622726,4651.627097267232,False,False
2023-08-29,0.006224070707689072,7444.009602622726,4617.077802809543,False,False
2023-08-30,0.006693631090704861,7444.009602622726,4965.402383830556,False,False
2023-08-31,0.006517874441678539,7444.009602622726,4835.024346525623,False,False
2023-09-01,0.006493547872954419,7444.009602622726,4816.978654927695,False,False
2023-09-05,0.0064513443967644385,7444.009602622726,4785.671694857746,False,False
2023-09-06,0.006437692004035807,7444.009602622726,4775.544213602635,False,False
2023-09-07,0.006483645904658341,7444.009602622726,4809.633275967352,False,False
2023-09-08,0.00628831828349026,7444.009602622726,4664.737296097357,False,False
2023-09-11,0.006188218540328991,7444.009602622726,4590.482307052024,False,False
2023-09-12,0.0060470228700532066,7444.009602622726,4485.7419489006,False,False
2023-09-13,0.0058637160894976035,6684.369043606571,3799.680406275805,False,False
2023-09-14,0.005696956845683708,6684.369043606571,3691.6206329829074,False,False
2023-09-15,0.006252508973020064,6684.369043606571,4051.61768957397,False,False
2023-09-18,0.006399808580399987,6684.369043606571,4147.067643744852,False,False
2023-09-19,0.006306307678723135,6684.369043606571,4086.4791809597964,False,False
2023-09-20,0.006139322148458742,6684.369043606571,3978.272774341029,False,False
2023-09-21,0.005977110724324935,6684.369043606571,3873.1599822910766,False,False
2023-09-22,0.0061813528242984335,6684.369043606571,4005.508597667579,False,False
2023-09-25,0.00602891483731388,6684.369043606571,3906.7289801900624,False,False
2023-09-26,0.005869231634437815,6684.369043606571,3803.2544722297807,False,True
2023-09-27,0.006293884878673247,6684.369043606571,4217.072427492471,False,False
2023-09-28,0.006102279715578205,6684.369043606571,4088.6918063293424,False,False
2023-09-29,0.006178757460254115,6684.369043606571,4139.933955591147,False,False
2023-10-02,0.0063334367939862106,6684.369043606571,4243.573276290325,False,False
2023-10-03,0.006143204286854053,6684.369043606571,4116.112371602012,False,True
2023-10-04,0.007190759130032687,6684.369043606571,5371.66647662728,False,False
2023-10-05,0.007149136858350396,6684.369043606571,5340.573659104992,False,False
2023-10-06,0.006969532579337764,6684.369043606571,5206.405031400371,False,False
2023-10-09,0.007291797886456702,6684.369043606571,5447.144808039631,False,False
2023-10-10,0.007221640648312406,6684.369043606571,5394.735698317337,False,False
2023-10-11,0.00701910962853591,6684.369043606571,5243.4402551329395,False,False
2023-10-12,0.006955736701428704,6684.369043606571,5196.099185586369,False,False
2023-10-13,0.006798596310322405,6684.369043606571,5078.711611372633,False,False
2023-10-16,0.006646353089160014,6684.369043606571,4964.982338479014,False,False
2023-10-17,0.006847964707191898,6684.369043606571,5115.590966900077,False,False
2023-10-18,0.006661815518908075,6684.369043606571,4976.533137778905,False,True
2023-10-19,0.0072939806781686925,6684.369043606571,5750.824468045882,False,False
2023-10-20,0.0075401096211846225,6684.369043606571,5944.880966169984,False,False
2023-10-23,0.007605936660004507,6684.369043606571,5996.781260701536,False,False
2023-10-24,0.007608660319870442,6684.369043606571,5998.9286875306925,False,False
2023-10-25,0.007426124624397634,6684.369043606571,5855.011286301663,False,False
2023-10-26,0.007237352459935171,6684.369043606571,5706.17683908055,False,False
2023-10-27,0.007581110739332938,6684.369043606571,5977.207653594632,False,False
2023-10-30,0.00809914525078132,6684.369043606571,6385.643825169124,False,False
2023-10-31,0.00900438948565187,6684.369043606571,7099.369419621629,False,False
2023-11-01,0.00874534339190293,6684.369043606571,6895.12859694685,False,False
2023-11-02,0.009006485331636966,6684.369043606571,7101.021856460188,False,False
2023-11-03,0.0097166315828409,6684.369043606571,7660.925510926682,False,False
2023-11-06,0.009597698234537707,6684.369043606571,7567.154381050266,False,False
2023-11-07,0.00933193785313647,6684.369043606571,7357.61978376598,False,False
2023-11-08,0.009062413386414508,6684.369043606571,7145.117452549107,False,False
2023-11-09,0.008800485058369412,6684.369043606571,6938.604177527068,False,False
2023-11-10,0.008837736607736285,6684.369043606571,6967.9745763564515,False,False
2023-11-13,0.00937018135030406,6684.369043606571,7387.772268254085,False,False
2023-11-14,0.009094400579008751,6684.369043606571,7170.33725199081,False,False
2023-11-15,0.009680450602142086,6684.369043606571,7632.399185143643,False,False
2023-11-16,0.009478633714895516,6684.369043606571,7473.279831192485,False,False
2023-11-17,0.009214588151951083,6684.369043606571,7265.0972555785,False,False
2023-11-20,0.008935685106890408,6684.369043606571,7045.20053161979,False,False
2023-11-21,0.008689862339105993,6684.369043606571,6851.385432546575,False,False
2023-11-22,0.008442216569007352,6684.369043606571,6656.133015940381,False,False
2023-11-24,0.008292513600457754,6684.369043606571,6538.102062410314,False,False
2023-11-27,0.008061694471839036,6684.369043606571,6356.116346911157,False,False
2023-11-28,0.007819012365601036,6684.369043606571,6164.777453090451,False,False
2023-11-29,0.007584547042313572,6684.369043606571,5979.916952691049,False,False
2023-11-30,0.007363200289494227,6684.369043606571,5805.3995830679105,False,False
2023-12-01,0.007555912249051431,6684.369043606571,5957.340299832311,False,False
2023-12-04,0.007545416414480505,6684.369043606571,5949.065023967692,False,False
2023-12-05,0.007317140877464597,6684.369043606571,5769.084763304732,False,False
2023-12-06,0.007097028659632055,6684.369043606571,5595.5407433958335,False,False
2023-12-07,0.0069082736210645136,6684.369043606571,5446.719798817502,False,False
2023-12-08,0.006777170343503921,6684.369043606571,5343.353479423062,False,False
2023-12-11,0.006662722209029637,6684.369043606571,5253.118645921671,False,False
2023-12-12,0.006471032757105577,6684.369043606571,5101.984109235735,False,False
2023-12-13,0.006469617653435645,6684.369043606571,5100.868392980245,False,False
2023-12-14,0.007386369532752274,6684.369043606571,5823.667008896619,False,False
2023-12-15,0.007400668320908106,6009.3191813749345,5834.9406637660495,False,False
2023-12-18,0.007177069847614853,6009.3191813749345,5658.647960512633,False,False
2023-12-19,0.006979599842298762,6009.3191813749345,5502.955837324553,False,False
2023-12-20,0.007163073769742197,6009.3191813749345,5647.612972810012,False,False
2023-12-21,0.007479696201805318,6009.3191813749345,5897.248954831554,False,False
2023-12-22,0.007415839582020097,6009.3191813749345,5846.90220623011,False,False
2023-12-26,0.007195605074908344,6009.3191813749345,5673.261769260337,False,False
2023-12-27,0.007033449875060465,6009.3191813749345,5545.413049603434,False,False
2023-12-28,0.006894257514868047,6009.3191813749345,5435.669020097644,False,False
2023-12-29,0.006717512003458087,6009.3191813749345,5296.316798521856,False,False
2024-01-02,0.0065146539619631615,6009.3191813749345,5136.376562861431,False,False
2024-01-03,0.006321479762627868,6009.3191813749345,4984.071400406367,False,False
2024-01-04,0.006363447684853432,6009.3191813749345,5017.160349316006,False,False
2024-01-05,0.006204209085168871,6009.3191813749345,4891.611177234397,False,False
2024-01-08,0.006042190537857992,6009.3191813749345,4763.870199123307,False,False
2024-01-09,0.006391038138137778,6009.3191813749345,5038.913608727153,False,False
2024-01-10,0.006250998716591682,6009.3191813749345,4928.501727005459,False,False
2024-01-11,0.006202957752209459,6009.3191813749345,4890.624583422571,False,False
2024-01-12,0.006017716050114299,6009.3191813749345,4744.573673786932,False,False
2024-01-16,0.005867340374749854,6009.3191813749345,4626.012335137773,False,False
2024-01-17,0.005699227601803227,6009.3191813749345,4493.466460572167,False,False
2024-01-18,0.005612765565088401,6009.3191813749345,4425.296826152249,False,False
2024-01-19,0.0056194194367252285,6009.3191813749345,4430.542966703572,False,False
2024-01-22,0.00668789018115077,6009.3191813749345,5272.961938119923,False,False
2024-01-23,0.006584541700892406,6009.3191813749345,5191.478452595476,False,False
2024-01-24,0.006445687973096017,6009.3191813749345,5082.001412481991,False,False
2024-01-25,0.006254209604162074,6009.3191813749345,4931.033300863232,False,False
2024-01-26,0.006267924508959869,6009.3191813749345,4941.846602072564,False,False
2024-01-29,0.006089168263589381,6009.3191813749345,4800.9090488967695,False,False
2024-01-30,0.006100169000561552,6009.3191813749345,4809.582407126994,False,False
2024-01-31,0.006059424617377351,6009.3191813749345,4777.458138351173,False,False
2024-02-01,0.006393982293751872,6009.3191813749345,5041.2348819646795,False,False
2024-02-02,0.006763366359527981,6009.3191813749345,5332.469945135268,False,False
2024-02-05,0.006724003155962285,6009.3191813749345,5301.43464572958,False,False
2024-02-06,0.006573715034474533,6009.3191813749345,5182.942337558918,False,False
2024-02-07,0.006401505208259974,6009.3191813749345,5047.166205714097,False,False
2024-02-08,0.0062210099163646235,6009.3191813749345,4904.857528628393,False,False
2024-02-09,0.006077790909975313,6009.3191813749345,4791.938753192364,False,False
2024-02-12,0.005895843006431496,6009.3191813749345,4648.484787274792,False,False
2024-02-13,0.00576343399049051,6009.3191813749345,4544.088978969131,False,True
2024-02-14,0.00647548329439764,6009.3191813749345,5584.969736106813,False,False
2024-02-15,0.006341139771859105,6009.3191813749345,5469.10124050451,False,False
2024-02-16,0.006586301089920573,6009.3191813749345,5680.547781185412,False,False
2024-02-20,0.0065176983597565585,6009.3191813749345,5621.379352457968,False,False
2024-02-21,0.006365146866028667,5789.123141871325,5018.500042017336,False,False
2024-02-22,0.006245009337567868,5789.123141871325,4923.779495214849,False,False
2024-02-23,0.006978962583601698,5789.123141871325,5502.453400716992,False,False
2024-02-26,0.006769424029955597,5789.123141871325,5337.246020210263,False,False
2024-02-27,0.006605087361256231,5789.123141871325,5207.677355711038,False,False
2024-02-28,0.006413918451679313,5789.123141871325,5056.95323246033,False,False
2024-02-29,0.006220047156536157,5789.123141871325,4904.098455767813,False,False
2024-03-01,0.00603133674505065,5789.123141871325,4755.312696711163,False,False
2024-03-04,0.005863878420865746,5789.123141871325,4623.28281198952,False,False
2024-03-05,0.005770835199403393,5789.123141871325,4549.924345854147,False,False
2024-03-06,0.006134426537998403,5390.225903734874,4669.202453029869,False,False
2024-03-07,0.005957145085151929,5390.225903734874,4534.265146440564,False,False
2024-03-08,0.005777668795232315,5047.178511354716,4397.657245447296,False,False
2024-03-11,0.005603823404944056,5047.178511354716,4265.335288740528,False,False
2024-03-12,0.005464825484061925,5047.178511354716,4159.537390741629,False,False
2024-03-13,0.005656213433121702,5047.178511354716,4305.21181942618,False,False
2024-03-14,0.005592566821300719,5047.178511354716,4256.76737002235,False,False
2024-03-15,0.0054458945116500805,5047.178511354716,4145.128131412155,False,False
2024-03-18,0.005315051803318714,5047.178511354716,4045.537551768303,False,False
2024-03-19,0.005229320012672882,5047.178511354716,3980.2830272081674,False,False
2024-03-20,0.00560210680880917,5047.178511354716,4264.02870615547,False,False
2024-03-21,0.005924635904626715,4958.064676574356,4509.520870098826,False,False
2024-03-22,0.006219498968396807,4958.064676574356,4733.955107290368,False,False
2024-03-25,0.0064677678282167314,4958.064676574356,4922.9242900006975,False,False
2024-03-26,0.006407091956715964,4958.064676574356,4876.741011694859,False,False
2024-03-27,0.006212722212780859,4958.064676574356,4728.796997767078,False,False
2024-03-28,0.006810851072023003,4958.064676574356,5184.061189049192,False,False
2024-04-01,0.006603365468814656,4958.064676574356,5026.134073699808,False,False
2024-04-02,0.006770385757555288,4958.064676574356,5153.261122505901,True,True
2024-04-03,0.007198816181369558,5179.076238177464,5559.434014037547,False,False
2024-04-04,0.007018888642038483,5179.076238177464,5420.481267222313,False,False
2024-04-05,0.007287033828331499,5179.076238177464,5627.561908236016,False,False
2024-04-08,0.007441818980279623,5179.076238177464,5747.0979287327455,False,False
2024-04-09,0.007215889290309579,5179.076238177464,5572.619073938391,False,False
2024-04-10,0.007021955117975252,5179.076238177464,5422.849416400815,False,False
2024-04-11,0.0074066660835090245,5224.894186554215,5719.950380431097,False,False
2024-04-12,0.007192185666225172,5224.894186554215,5554.313462200192,True,True
2024-04-15,0.0077410050046632095,5503.3555620874195,6191.995584306778,False,False
2024-04-16,0.007570453468306099,5503.3555620874195,6055.572166496843,False,False
2024-04-17,0.0073398391491141515,5503.3555620874195,5871.10479497929,False,False
2024-04-18,0.007302967170230854,5503.3555620874195,5841.611062538542,False,False
2024-04-19,0.007092622080774645,5503.3555620874195,5673.356958025128,False,False
2024-04-22,0.0070065382186910155,5503.3555620874195,5604.4988583880895,False,False
2024-04-23,0.007043270212957122,5503.3555620874195,5633.880617754155,False,False
2024-04-24,0.007114516404667807,5503.3555620874195,5690.8701306411085,False,False
2024-04-25,0.006898040868217634,5503.3555620874195,5517.71230875591,False,False
2024-04-26,0.0071413645019870005,5503.3555620874195,5712.345804658545,False,False
2024-04-29,0.007078379452642156,5503.3555620874195,5661.964342925128,False,False
2024-04-30,0.006944215679755704,5503.3555620874195,5554.64733579409,True,True
2024-05-01,0.007734190682990232,5789.123141871325,6865.997989152526,False,False
2024-05-02,0.007499826083261291,5789.123141871325,6657.941718441949,False,False
2024-05-03,0.007627243786913175,5789.123141871325,6771.0562940859545,False,False
2024-05-06,0.009354731208174438,5789.123141871325,8304.626598571955,False,False
2024-05-07,0.009095693931531508,5789.123141871325,8074.667253962381,False,False
2024-05-08,0.00885066061065792,5789.123141871325,7857.139867148204,False,False
2024-05-09,0.008698398360708667,5789.123141871325,7721.969641222093,False,False
2024-05-10,0.00901214309093057,5789.123141871325,8000.495317030482,False,False
2024-05-13,0.008744769529186049,5789.123141871325,7763.13546743072,False,False
2024-05-14,0.008490677199035453,5789.123141871325,7537.565980023337,False,False
2024-05-15,0.008337014936182306,5789.123141871325,7401.152898034203,False,False
2024-05-16,0.00852196514143873,5789.123141871325,7565.341730380524,False,False
2024-05-17,0.008297081096794572,5789.123141871325,7365.701785930342,False,False
2024-05-20,0.00809790590951691,5789.123141871325,7188.884780584829,False,False
2024-05-21,0.008019179830607395,5789.123141871325,7118.996007261023,False,False
2024-05-22,0.007848659800070802,5789.123141871325,6967.617506941735,False,False
2024-05-23,0.00782715472992277,5789.123141871325,6948.526463748592,False,False
2024-05-24,0.008088970128077815,5789.123141871325,7180.952075030094,False,False
2024-05-28,0.007869992614525126,5789.123141871325,6986.555630806263,False,False
2024-05-29,0.007767064151407854,5789.123141871325,6895.181284122,False,False
2024-05-30,0.007958987681998807,5789.123141871325,7065.560659174991,False,False
2024-05-31,0.007726039910470056,5789.123141871325,6858.7621722419535,False,False
2024-06-03,0.008000487897814533,5789.123141871325,7102.402315919611,False,False
2024-06-04,0.007927454452763032,5789.123141871325,7037.567156377021,False,False
2024-06-05,0.007687046901891952,5789.123141871325,6824.146279065558,False,False
2024-06-06,0.007518887354078359,5789.123141871325,6674.863288191775,False,False
2024-06-07,0.007293244046795141,5789.123141871325,6474.54931125821,False,False
2024-06-10,0.007072064578158542,5789.123141871325,6278.198089889876,False,False
2024-06-11,0.006857138798194668,5789.123141871325,6087.398556553512,False,False
2024-06-12,0.0066549912535271635,5789.123141871325,5907.942852383753,False,False
2024-06-13,0.0065457326051938155,5789.123141871325,5810.948908155802,False,False
2024-06-14,0.006363751408073247,5789.123141871325,5649.395801346401,False,False
2024-06-17,0.006216043970794028,5789.123141871325,5518.269092824406,False,False
2024-06-18,0.006309749596345276,5789.123141871325,5601.455900982904,False,False
2024-06-20,0.006168921427003374,5789.123141871325,5476.436236075483,False,False
2024-06-21,0.006067501016170395,5789.123141871325,5386.4006569980575,False,False
2024-06-24,0.006018488576399409,5789.123141871325,5342.89005237188,False,False
2024-06-25,0.006198644099718302,5789.123141871325,5502.822424295766,False,False
2024-06-26,0.00627545927466176,5789.123141871325,5571.0147999839055,False,False
2024-06-27,0.006088291073396952,5789.123141871325,5404.856950224166,False,False
2024-06-28,0.005919264959245222,5789.123141871325,5254.804668421444,False,False
2024-07-01,0.005791140427298178,5789.123141871325,5141.06260868089,False,False
2024-07-02,0.005652181024253713,5789.123141871325,5017.701933856119,False,False
2024-07-03,0.005705351336558582,5789.123141871325,5064.903673809432,False,False
2024-07-05,0.005531557389106684,5789.123141871325,4910.618766358681,False,False
2024-07-08,0.005374197093160058,5789.123141871325,4770.922769734472,False,False
2024-07-09,0.005243832937979201,5789.123141871325,4655.192493094426,False,False
2024-07-10,0.0050939599882957815,5789.123141871325,4522.143359276475,False,False
2024-07-11,0.005799028906231315,5789.123141871325,5148.065575469839,False,False
2024-07-12,0.005623258170083975,5789.123141871325,4992.025781468678,False,False
2024-07-15,0.005848709827728055,5789.123141871325,5192.169622173274,False,False
2024-07-16,0.006360111051740801,5789.123141871325,5646.164089033781,False,False
2024-07-17,0.007831596510513985,5789.123141871325,6952.4696373601,False,False
2024-07-18,0.007688467301616753,5789.123141871325,6825.407233450317,True,True
2024-07-19,0.008390231698286605,5873.957057954668,8023.441151569338,True,False
2024-07-22,0.008693030173246323,5915.727724433745,8313.002373712985,False,False
2024-07-23,0.008485929306365055,5915.727724433745,8114.95520676762,False,False
2024-07-24,0.008233059046208704,5915.727724433745,7873.139518678717,True,False
2024-07-25,0.008886672720082594,6306.006005884831,8498.179569629769,False,False
2024-07-26,0.008623124568601353,6306.006005884831,8246.152788957377,False,False
2024-07-29,0.009107802276042323,6306.006005884831,8709.642142168483,False,False
2024-07-30,0.008861908254216698,6306.006005884831,8474.497716533191,False,False
2024-07-31,0.00889230906164424,6306.006005884831,8503.569510748943,False,False
2024-08-01,0.00862929966724122,6306.006005884831,8252.057934646291,True,False
2024-08-02,0.009083107556526682,6751.255141787804,8686.026986364297,False,False
2024-08-05,0.009248291819954272,6751.255141787804,8843.98999196845,True,True
2024-08-06,0.011325848133965522,7186.755223490711,11018.629845837642,False,False
2024-08-07,0.011288891703712048,7186.755223490711,10982.675873952272,False,False
2024-08-08,0.011105289998255392,7186.755223490711,10804.0544402581,False,False
2024-08-09,0.011668245874812851,7186.755223490711,11351.739907161305,False,False
2024-08-12,0.011339705112969053,7186.755223490711,11032.110948587338,False,False
2024-08-13,0.011007263390358027,7186.755223490711,10708.686844411133,False,False
2024-08-14,0.011007968928140195,7186.755223490711,10709.373244190825,False,False
2024-08-15,0.010817620286953673,7186.755223490711,10524.187888172979,False,False
2024-08-16,0.010822271291530685,7186.755223490711,10528.712732338221,False,False
2024-08-19,0.010499089348594715,7186.755223490711,10214.297232505516,False,False
2024-08-20,0.010252277257643815,7186.755223490711,9974.180021017446,False,False
2024-08-21,0.00994000637938926,7186.755223490711,9670.379618749748,False,False
2024-08-22,0.009637289918274127,7186.755223490711,9375.874466127532,False,False
2024-08-23,0.009399935411945011,7186.755223490711,9144.958298389165,False,False
2024-08-26,0.009645835058371405,7186.755223490711,9384.187815785679,False,False
2024-08-27,0.009352568485362563,7186.755223490711,9098.876219168824,False,False
2024-08-28,0.009080369406557593,7186.755223490711,8834.060652312037,False,False
2024-08-29,0.008816218937823053,7186.755223490711,8577.075373667714,False,False
2024-08-30,0.008750244288041279,7186.755223490711,8512.890313391825,False,False
2024-09-03,0.008618423728576663,7186.755223490711,8384.645440810855,True,False
2024-09-04,0.00915632171596019,7477.397399888909,8907.95272408845,False,False
2024-09-05,0.008885025235674986,7477.397399888909,8644.015272395409,False,False
2024-09-06,0.008751874750602389,7477.397399888909,8514.476548985476,False,False
2024-09-09,0.00867938104716575,7477.397399888909,8443.94926706592,False,False
2024-09-10,0.009110337853536776,7477.397399888909,8863.216192843076,False,False
2024-09-11,0.008923590067185867,7477.397399888909,8681.534016992659,False,False
2024-09-12,0.008652109896656558,7477.397399888909,8417.417857728922,False,False
2024-09-13,0.008487100207257094,7477.397399888909,8256.884124010852,False,False
2024-09-16,0.00845522445997613,7477.397399888909,8225.87301948305,False,False
2024-09-17,0.008290178195473877,7477.397399888909,8065.303702776894,False,False
2024-09-18,0.008042693608727999,7477.397399888909,7824.532237218831,False,False
2024-09-19,0.007802205208904735,7477.397399888909,7590.567184136086,False,False
2024-09-20,0.008455223582081775,7477.397399888909,8225.872165401941,False,False
2024-09-23,0.008227831883380478,7477.397399888909,8004.648560037512,False,False
2024-09-24,0.007980933530115378,7477.397399888909,7764.4474261359865,False,False
2024-09-25,0.007746153855502809,7477.397399888909,7536.036246745015,False,False
2024-09-26,0.008046245784617663,7477.397399888909,7827.988058876737,False,False
2024-09-27,0.007986627713331865,7477.397399888909,7769.987152291125,False,False
2024-09-30,0.007814678996152374,7477.397399888909,7602.702614775076,False,False
2024-10-01,0.007616593294564729,7477.397399888909,7409.990069301175,False,False
2024-10-02,0.007534874804147369,7477.397399888909,7330.4882265412325,False,False
2024-10-03,0.0073217324164392365,7477.397399888909,7123.127413749578,False,False
2024-10-04,0.007199596221829297,7477.397399888909,7004.304213644129,False,False
2024-10-07,0.007285405530102074,7477.397399888909,7087.785909142907,False,False
2024-10-08,0.007614639623200972,7477.397399888909,7408.089392076562,False,False
2024-10-09,0.0074545504623749065,7477.397399888909,7252.342715570882,False,False
2024-10-10,0.007826040173603041,7477.397399888909,7613.7556156153705,False,False
2024-10-11,0.007591138858846963,7477.397399888909,7385.226095619804,False,False
2024-10-14,0.00794836212514269,7477.397399888909,7732.759533917423,False,False
2024-10-15,0.00778675859924349,7477.397399888909,7575.539570113964,False,False
2024-10-16,0.007824207311840746,7477.397399888909,7611.972470982099,False,False
2024-10-17,0.007839874160034175,7477.397399888909,7627.214349475653,False,False
2024-10-18,0.007926605641608986,7477.397399888909,7711.593203946423,False,False
2024-10-21,0.007711329798226484,7477.397399888909,7502.156806342902,False,False
2024-10-22,0.007857078749870133,7477.397399888909,7643.952257737318,False,False
2024-10-23,0.00761842958312087,7477.397399888909,7411.7765477751,False,False
2024-10-24,0.007644275552899099,7477.397399888909,7436.921434994534,False,False
2024-10-25,0.007431491130417599,7477.397399888909,7229.9088774755355,False,False
2024-10-28,0.007337732991557974,7477.397399888909,7138.693966688353,False,False
2024-10-29,0.007391539320286437,7477.397399888909,7191.040776623444,False,False
2024-10-30,0.007299853137672923,7477.397399888909,7101.841619417151,False,False
2024-10-31,0.00707765792155586,7477.397399888909,6885.673539909925,False,False
2024-11-01,0.00736565081645798,7477.397399888909,7165.854509107384,False,False
2024-11-04,0.007150371210721479,7477.397399888909,6956.414451205263,False,False
2024-11-05,0.007147190039918601,7477.397399888909,6953.319570968596,False,False
2024-11-06,0.007515640147270263,7477.397399888909,7311.775317641727,False,False
2024-11-07,0.013608896410515839,7477.397399888909,13239.749499035534,False,False
2024-11-08,0.013215484560844327,7477.397399888909,12857.00910756792,False,False
2024-11-11,0.012846492381415664,7477.397399888909,12498.025992745792,False,False
2024-11-12,0.012507717578123155,7477.397399888909,12168.440595305923,False,False
2024-11-13,0.012448148216083374,7477.397399888909,12110.487076708,False,False
2024-11-14,0.012070305587767727,7477.397399888909,11742.893585064487,False,False
2024-11-15,0.011749634766275854,7477.397399888909,11430.921091474067,False,False
2024-11-18,0.011428115066033775,7477.397399888909,11118.122745318624,False,False
2024-11-19,0.011084608697034232,7477.397399888909,10783.93412783727,False,False
2024-11-20,0.010851679750679945,7477.397399888909,10557.323474939507,False,False
2024-11-21,0.010524556451542568,7477.397399888909,10239.07352981315,False,False
2024-11-22,0.010538023931538743,7477.397399888909,10252.175698876237,False,False
2024-11-25,0.010487149826616781,7477.397399888909,10202.681574971088,False,False
2024-11-26,0.010432677680450341,7477.397399888909,10149.687008169827,False,False
2024-11-27,0.010116118537040425,7477.397399888909,9841.714661702557,False,False
2024-11-29,0.009807943607519356,7477.397399888909,9541.899103874586,False,False
2024-12-02,0.009552770158642945,7477.397399888909,9293.64733973315,False,False
2024-12-03,0.009291572541039338,7477.397399888909,9039.534814918543,False,False
2024-12-04,0.009024963638459789,7477.397399888909,8780.157788458231,False,False
2024-12-05,0.008750709693993296,7477.397399888909,8513.343095016007,False,False
2024-12-06,0.008604774100979573,7477.397399888909,8371.366064975431,False,False
2024-12-09,0.008374191931302902,7477.397399888909,8147.038531472843,False,False
2024-12-10,0.008120069659661874,7477.397399888909,7899.8094309520075,False,False
2024-12-11,0.008022717841967982,7477.397399888909,7805.098321346753,False,False
2024-12-12,0.007848684982468303,7477.397399888909,7635.786174728006,False,False
2024-12-13,0.007812005480447123,7477.397399888909,7600.101619282752,False,False
2024-12-16,0.00757695420578653,7477.397399888909,7371.426207106747,False,False
2024-12-17,0.007422212862312158,7477.397399888909,7220.88228620793,False,False
2024-12-18,0.0072989491288851065,7477.397399888909,7100.962132239457,True,True
2024-12-19,0.009672398486644728,7553.187693594918,9566.237702189343,False,False
2024-12-20,0.009379485119016078,7553.187693594918,9276.539246862729,False,False
2024-12-23,0.009781177904511777,7553.187693594918,9673.82319609334,False,False
2024-12-24,0.00950148856778194,7553.187693594918,9397.203629434707,False,False
2024-12-26,0.00951190283533167,7553.187693594918,9407.503593710628,False,False
2024-12-27,0.009223563266247016,7553.187693594918,9122.328736551959,False,False
2024-12-30,0.009171129001488676,7553.187693594918,9070.469971519644,False,False
2024-12-31,0.009142552335733467,7553.187693594918,9042.20695302141,False,False
2025-01-02,0.008867671374693955,7553.187693594918,8770.342987042233,False,False
2025-01-03,0.008686164788500785,7553.187693594918,8590.828552185745,False,False
2025-01-06,0.008630323883694044,7553.187693594918,8535.600537167113,False,False
2025-01-07,0.008367775564379738,7553.187693594918,8275.933854250887,False,False
2025-01-08,0.008140315145816491,7553.187693594918,8050.969959843522,False,False
2025-01-10,0.007969387829192365,7553.187693594918,7881.918680279152,True,True
2025-01-13,0.008882393891709143,8299.015611673025,9410.676001321503,False,False
2025-01-14,0.009045450666295713,8299.015611673025,9583.430609388028,False,False
2025-01-15,0.008936292887304183,8299.015611673025,9467.780650194934,False,False
2025-01-16,0.010054611603163826,8299.015611673025,10652.611589857754,False,False
2025-01-17,0.009815958253506351,8299.015611673025,10399.764285669531,False,False
2025-01-21,0.00970883320636747,8299.015611673025,10286.267955452597,False,False
2025-01-22,0.009796402360100485,8299.015611673025,10379.045301688111,False,False
2025-01-23,0.009532506363846786,8299.015611673025,10099.454039572662,False,False
2025-01-24,0.00948417720477214,8299.015611673025,10048.250494333317,False,False
2025-01-27,0.009199198099054473,8299.015611673025,9746.32220070534,False,False
2025-01-28,0.00920450065901802,8299.015611673025,9751.940131457215,False,False
2025-01-29,0.008943031348152827,8299.015611673025,9474.919882317186,False,False
2025-01-30,0.008673911635790139,8299.015611673025,9189.79422255805,False,False
2025-01-31,0.008499728388280718,8299.015611673025,9005.251392420876,False,False
2025-02-03,0.008344088520340347,8299.015611673025,8840.354812970325,False,False
2025-02-04,0.008225271851498296,8299.015611673025,8714.471499568459,False,False
2025-02-05,0.008008617797031152,8299.015611673025,8484.931902943945,False,False
2025-02-06,0.008161573567514398,8299.015611673025,8646.984747717457,False,False
2025-02-07,0.007925623776042792,8299.015611673025,8397.001796365657,False,False
2025-02-10,0.008026819581846962,8299.015611673025,8504.216242462737,False,False
2025-02-11,0.007785666961629104,8299.015611673025,8248.72102310996,False,False
2025-02-12,0.007610023413048562,8299.015611673025,8062.631040210565,False,False
2025-02-13,0.00750071292369782,8299.015611673025,7938.947910573244,False,False
2025-02-14,0.007527423085695963,8299.015611673025,7967.218634562197,False,False
2025-02-18,0.007339187319218608,8299.015611673025,7767.985047012253,False,False
2025-02-19,0.007117848040828232,8299.015611673025,7533.713849116737,False,False
2025-02-20,0.00691696322579994,8299.015611673025,7321.092182515409,False,False
2025-02-21,0.007234502888370517,8299.015611673025,7657.1843468647685,True,True
2025-02-24,0.008073819550325986,8752.476152346828,9305.207934909222,False,False
2025-02-25,0.007860264127159337,8752.476152346828,9059.081847274163,False,False
2025-02-26,0.007720732098864671,8752.476152346828,8898.268922391653,False,False
2025-02-27,0.0077773029425252955,8752.476152346828,8963.467736909883,False,False
2025-02-28,0.0075417371601278005,8752.476152346828,8691.974353400989,False,False
2025-03-03,0.008333816526881564,8752.476152346828,9604.858665795287,False,False
2025-03-04,0.008711959174079483,8752.476152346828,10040.674197626387,False,False
2025-03-05,0.009208400827903383,8752.476152346828,10612.83125260975,False,False
2025-03-06,0.009490646980004217,8752.476152346828,10938.124519044002,False,False
2025-03-07,0.009406872744008464,8752.476152346828,10841.573353803116,False,False
2025-03-10,0.009166741717754246,8752.476152346828,10564.818452731733,True,True
2025-03-11,0.01032689830595696,9993.202314892722,12263.851539912212,False,False
2025-03-12,0.010469130132117825,9993.202314892722,12432.760920890745,False,False
2025-03-13,0.010265328166401404,9993.202314892722,12190.73306537805,False,False
2025-03-14,0.0104074220801303,9993.202314892722,12359.478666532177,False,False
2025-03-17,0.01103955648504586,9993.202314892722,13110.178660419337,False,False
2025-03-18,0.010993817274661912,9993.202314892722,13055.860425739134,False,False
2025-03-19,0.010721303242509793,9993.202314892722,12732.232601213293,False,False
2025-03-20,0.010540211510648797,9993.202314892722,12517.17459939606,False,False
2025-03-21,0.01022040008153842,9993.202314892722,12137.37809407806,False,False
2025-03-24,0.009926635058614545,9993.202314892722,11788.513360251918,False,False
2025-03-25,0.010258088098885449,9993.202314892722,12182.135022623681,False,False
2025-03-26,0.00994658749181618,9993.202314892722,11812.208149470838,False,False
2025-03-27,0.009668026925629661,9993.202314892722,11481.399679456686,False,False
2025-03-28,0.0093815764432464,9993.202314892722,11141.221429859894,False,False
2025-03-31,0.009923214497396861,9993.202314892722,11784.451225260947,False,False
2025-04-01,0.010005967080873425,9993.202314892722,11882.725205330582,False,False
2025-04-02,0.009702952603717887,9993.202314892722,11522.876153642328,False,False
2025-04-03,0.009528117493113435,9993.202314892722,11315.248289312503,True,True
2025-04-04,0.013240819301367023,12036.482972961505,17301.159733503016,True,True
2025-04-07,0.018720587696273508,13375.222231809488,30845.751642789928,False,False
2025-04-08,0.0185196504817528,13375.222231809488,30514.669119342572,False,False
2025-04-09,0.018026406661435283,13375.222231809488,29701.95551079044,False,False
2025-04-10,0.026358607590995887,13375.222231809488,43430.85145577247,False,False
2025-04-11,0.02613904693770518,13375.222231809488,43069.08325213419,False,False
2025-04-14,0.025691257860631693,13375.222231809488,42331.26503382513,False,False
2025-04-15,0.02499445343014644,13375.222231809488,41183.14635533823,False,False
2025-04-16,0.024248411836528285,13375.222231809488,39953.90002582702,False,False
2025-04-17,0.023929918977623955,13375.222231809488,39429.12207626934,False,False
2025-04-21,0.023723069059132348,13375.222231809488,39088.29724124595,False,False
2025-04-22,0.023799850829725463,13375.222231809488,39214.80990552947,False,False
2025-04-23,0.024022431192807874,13375.222231809488,39581.55365906926,False,False
2025-04-24,0.023439850009733452,13375.222231809488,38621.63964480712,False,False
2025-04-25,0.023045675379747634,13375.222231809488,37972.16149071843,False,False
2025-04-28,0.022345025061876377,13375.222231809488,36817.7059766001,False,False
2025-04-29,0.021677409201774623,13375.222231809488,35717.681054968736,False,False
2025-04-30,0.0210518348183521,13375.222231809488,34686.92751356236,False,False
2025-05-01,0.020435687790998327,13375.222231809488,33671.70734582259,False,False
2025-05-02,0.019837688449067307,13375.222231809488,32686.38896356754,False,False
2025-05-05,0.019414253037175935,13375.222231809488,31988.698070318307,False,False
2025-05-06,0.018845231544989845,13375.222231809488,31051.12624233153,False,False
2025-05-07,0.018477870221982284,13375.222231809488,30445.828143975697,False,False
2025-05-08,0.01792276724156881,13375.222231809488,29531.189728355075,False,False
2025-05-09,0.017446302547646217,13375.222231809488,28746.122942325717,False,False
2025-05-12,0.016928343195464664,13375.222231809488,27892.685764088365,False,False
2025-05-13,0.017781543615776597,13375.222231809488,29298.496772452414,False,False
2025-05-14,0.017469913842725983,13375.222231809488,28785.027070540673,False,False
2025-05-15,0.01694740662837323,13375.222231809488,27924.096418844343,False,False
2025-05-16,0.01644631919068969,13375.222231809488,27098.458949290693,False,False
2025-05-19,0.01611764240364572,13375.222231809488,26556.901028759887,False,False
2025-05-20,0.015673996068713624,13375.222231809488,25825.90877111439,False,False
2025-05-21,0.01521282533522416,13375.222231809488,25066.04171240176,False,False
2025-05-22,0.015578318505964585,13375.222231809488,25668.261672303932,False,False
2025-05-23,0.015105469910371271,13375.222231809488,24889.153100449817,False,False
2025-05-27,0.014747587361926504,13375.222231809488,24299.473097571838,False,False
2025-05-28,0.015172997179931357,13375.222231809488,25000.417202825232,False,False
2025-05-29,0.014748975945139124,13375.222231809488,24301.76105421117,False,False
2025-05-30,0.014324079715352853,13375.222231809488,23601.6631838567,False,False
2025-06-02,0.013906703060505253,13375.222231809488,22913.955252577904,False,False
2025-06-03,0.013483929256180208,13375.222231809488,22217.354484436226,False,False
2025-06-04,0.013130005516291121,13375.222231809488,21634.197376431584,False,False
2025-06-05,0.012764331775999645,13375.222231809488,21031.679893630215,False,False
2025-06-06,0.012383434261694767,13375.222231809488,20404.078329073403,False,False
2025-06-09,0.012292712568960114,13375.222231809488,20254.596974742646,False,False
2025-06-10,0.011935284799642896,13375.222231809488,19665.666307529144,False,False
2025-06-11,0.011595655220391497,13375.222231809488,19106.061565300923,False,False
2025-06-12,0.01124362161351544,13375.222231809488,18526.01881323626,False,False
2025-06-13,0.011028483454287507,13375.222231809488,18171.5375151009,False,False
2025-06-16,0.011461202729912153,13375.222231809488,18884.52535092738,False,False
2025-06-17,0.011311228380270454,13375.222231809488,18637.413902457323,False,False
2025-06-18,0.011076721823282431,13375.222231809488,18251.01946159807,False,False
2025-06-20,0.01073986477559264,13375.222231809488,17695.982995823488,False,False
2025-06-23,0.010422416331617647,13375.222231809488,17172.925919779238,False,False
2025-06-24,0.01017661282963338,13375.222231809488,16767.917599626766,False,False
2025-06-25,0.010287064624610423,13375.222231809488,16949.908074051906,False,False
2025-06-26,0.009973715876632613,13375.222231809488,16433.60603190893,False,False
2025-06-27,0.009985567535356012,13375.222231809488,16453.13390824851,False,False
2025-06-30,0.009721426715457745,13375.222231809488,16017.911346783374,False,False
2025-07-01,0.00982088361339541,13375.222231809488,16181.785623740938,False,False
2025-07-02,0.009908359694845074,13375.222231809488,16325.919212218929,False,False
2025-07-03,0.009620415522343608,13375.222231809488,15851.476071006173,False,False
2025-07-07,0.009610425198118396,13375.222231809488,15835.01509954088,False,False
2025-07-08,0.009899755326261934,13375.222231809488,16311.741867967532,False,False
2025-07-09,0.009635141236451676,13375.222231809488,15875.739503731129,False,False
2025-07-10,0.00938681343026813,13375.222231809488,15466.571909219056,False,False
2025-07-11,0.009215270485728375,13375.222231809488,15183.922072088173,False,False
2025-07-14,0.009050109045150873,13375.222231809488,14911.786984254732,False,False
2025-07-15,0.008778408127933509,13375.222231809488,14464.107715335555,False,False
2025-07-16,0.009009822015818602,13375.222231809488,14845.406391862516,False,False
2025-07-17,0.008898100741974472,13375.222231809488,14661.32420800575,False,False
2025-07-18,0.008743409334303094,13375.222231809488,14406.440503513144,False,False
2025-07-21,0.00848622197663342,13375.222231809488,13982.675102071002,False,False
2025-07-22,0.00822933332893054,13375.222231809488,13559.40188247691,False,False
2025-07-23,0.008283536180649925,13375.222231809488,13648.711455957873,False,False
2025-07-24,0.008557574867251286,13375.222231809488,14100.242647422796,False,False
2025-07-25,0.008400532544713098,13375.222231809488,13841.485360685258,False,False
2025-07-28,0.008233779296370727,13375.222231809488,13566.727464862299,False,False
2025-07-29,0.00807221351098116,13375.222231809488,13300.516907215602,False,False
2025-07-30,0.007984106465617747,13375.222231809488,13155.343684913354,False,False
2025-07-31,0.00774109604201065,13375.222231809488,12754.937496026143,False,False
2025-08-01,0.007728544624182237,13375.222231809488,12734.25663261622,False,False
2025-08-04,0.008411646274734496,13375.222231809488,13859.797358237198,False,False
2025-08-05,0.00899560359852012,13375.222231809488,14821.978827735893,False,False
2025-08-06,0.008724066131085716,12696.791070757394,13454.647572315458,False,False
2025-08-07,0.008470472773822325,12696.791070757394,13063.544479171598,False,False
2025-08-08,0.008333703148677448,12696.791070757394,12852.612205473553,False,False
2025-08-11,0.008501558518453764,12696.791070757394,13111.486314120408,False,False
2025-08-12,0.008295994586436768,12696.791070757394,12794.45636302765,False,False
2025-08-13,0.008766606396084257,12696.791070757394,13520.255084293021,False,False
2025-08-14,0.008991516812251849,12696.791070757394,13867.122054282527,False,False
2025-08-15,0.008724381209347936,12696.791070757394,13455.13350019727,False,False
2025-08-18,0.008607212763473454,12696.791070757394,13274.431047676902,False,False
2025-08-19,0.008348122399478276,12696.791070757394,12874.85022325871,False,False
2025-08-20,0.008104573578601436,12696.791070757394,12499.238266366878,False,False
2025-08-21,0.007870304445411926,12696.791070757394,12137.937861627233,False,False
2025-08-22,0.00764496943756691,12696.791070757394,11790.416067236352,False,False
2025-08-25,0.008729854065135373,12696.791070757394,13463.573984797873,False,False
2025-08-26,0.008679546855505494,12696.791070757394,13385.98794111753,False,False
2025-08-27,0.008421441684475601,12696.791070757394,12987.926525646893,False,False
2025-08-28,0.008203836054444833,12696.791070757394,12652.325325722097,False,False
2025-08-29,0.007954290240644975,12696.791070757394,12267.464536340864,False,False
2025-09-02,0.007711985027886732,12696.791070757394,11893.770527880688,False,False
2025-09-03,0.007580538830619191,12696.791070757394,11691.048284332572,False,False
2025-09-04,0.007421084493602782,12696.791070757394,11445.130626649021,False,False
2025-09-05,0.007488644517884872,12696.791070757394,11549.3247378621,False,False
2025-09-08,0.0073587877747009625,12696.791070757394,11349.053821963993,False,False
2025-09-09,0.0071347039574804596,12696.791070757394,11003.461670086781,False,False
2025-09-10,0.007452018644388742,12696.791070757394,11492.838666744101,False,False
2025-09-11,0.007276965635710947,12696.791070757394,11222.864035322995,False,False
2025-09-12,0.008274080297597072,12696.791070757394,12760.659160128713,False,False
2025-09-15,0.008023689449844211,12696.791070757394,12374.495121339063,False,False
2025-09-16,0.007794399388277183,12696.791070757394,12020.87366502911,False,False
2025-09-17,0.007639778877379541,12696.791070757394,11782.410951620011,False,False
2025-09-18,0.00762835065268306,12696.791070757394,11764.7858289584,False,False
2025-09-19,0.007402279202208228,12696.791070757394,11416.128259586847,False,False
2025-09-22,0.007535842819267235,12696.791070757394,11622.116083270274,False,False
2025-09-23,0.007450519191206325,12696.791070757394,11490.526142536068,False,False
2025-09-24,0.0072256837922068514,12696.791070757394,11143.774867400745,False,False
2025-09-25,0.007061525891140895,12696.791070757394,10890.603161470704,False,False
2025-09-26,0.007042064265417856,12696.791070757394,10860.5885660569,False,False
2025-09-29,0.006934580325264891,12696.791070757394,10694.82199428723,False,False
2025-09-30,0.006734513935475968,12696.791070757394,10386.270600335283,False,False
2025-10-01,0.006611573982034309,12696.791070757394,10196.66706899335,False,False
2025-10-02,0.0064994105163678805,12696.791070757394,10023.683522289828,False,False
2025-10-03,0.006309395779488819,12696.791070757394,9730.634240012567,False,False
2025-10-06,0.006508362256878567,12696.791070757394,10037.489299540983,False,False
2025-10-07,0.006324972234165501,12696.791070757394,9754.656949716033,False,False
2025-10-08,0.006138439728919798,12696.791070757394,9466.978121844779,False,False
2025-10-09,0.005954924567263122,12696.791070757394,9183.952777106846,False,False
2025-10-10,0.006061276197763519,12696.791070757394,9347.97304995018,False,True
2025-10-13,0.007587705281624994,12696.791070757394,14254.627452690536,False,False
2025-10-14,0.007968558549369793,12696.791070757394,14970.11668749108,False,False
2025-10-15,0.00792197340383149,12696.791070757394,14882.599596377113,False,False
2025-10-16,0.007689157431848608,12696.791070757394,14445.220333151266,False,False
2025-10-17,0.007925463577840332,12696.791070757394,14889.15640484483,False,False
2025-10-20,0.007705856119103806,12696.791070757394,14476.591288787653,False,False
2025-10-21,0.008208717381958735,12696.791070757394,15421.290601206303,False,False
2025-10-22,0.007962023579211412,12696.791070757394,14957.839778786181,False,False
2025-10-23,0.008122759173263355,12696.791070757394,15259.805383215491,False,False
2025-10-24,0.007877573433637377,12696.791070757394,14799.187680582183,False,False
2025-10-27,0.007995511207010631,12696.791070757394,15020.751244220697,False,False
2025-10-28,0.007961049138784716,12696.791070757394,14956.009148214509,False,False
2025-10-29,0.00773567774181956,12696.791070757394,14532.615621055436,False,False
2025-10-30,0.00757844828011573,12696.791070757394,14237.236805196211,False,False
2025-10-31,0.00735236795185536,12696.791070757394,13812.511445667833,False,False
2025-11-03,0.007177129799889785,12696.791070757394,13483.300639626577,False,False
2025-11-04,0.00720641071320917,12696.791070757394,13538.309169261109,False,False
2025-11-05,0.006997913884012393,12696.791070757394,13146.617015315089,False,False
2025-11-06,0.00703635385320186,12696.791070757394,13218.832187063483,False,False
2025-11-07,0.007074258560109405,12696.791070757394,13290.041789389361,False,False
2025-11-10,0.006882305500111163,12696.791070757394,12929.429554580352,False,False
2025-11-11,0.006869004556140087,12696.791070757394,12904.441762614324,False,False
2025-11-12,0.0074470232854894295,12696.791070757394,13990.335500145979,False,False
2025-11-13,0.007469836029478536,12696.791070757394,14033.19261631861,False,False
2025-11-14,0.008189878806223409,12696.791070757394,15385.89954832808,False,False
2025-11-17,0.008218605548307346,12696.791070757394,15439.86698527212,False,False
2025-11-18,0.008196495999986727,12696.791070757394,15398.330926245038,False,False
2025-11-19,0.008412913135033357,12696.791070757394,15804.902547040469,False,False
2025-11-20,0.00815826677949437,12696.791070757394,15326.511677117767,False,False
2025-11-21,0.008150491254891146,12696.791070757394,15311.9042032697,False,False
2025-11-24,0.008301155611738477,12696.791070757394,15594.949497933278,False,False
2025-11-25,0.0080885071906512,12696.791070757394,15195.457964130212,False,False
2025-11-26,0.008801139500464714,12696.791070757394,16534.243237161594,False,False
2025-11-28,0.008858391476752438,12696.791070757394,16641.79954867097,False,False
2025-12-01,0.00868674498682789,12696.791070757394,16319.33621138747,False,False
2025-12-02,0.008800699493151968,12696.791070757394,16533.416618297673,False,False
2025-12-03,0.008583793851002103,12696.791070757394,16125.927264603279,False,False
2025-12-04,0.008589737191902988,12696.791070757394,16137.09271017898,False,False
2025-12-05,0.008381969058003499,12696.791070757394,15746.769518205494,False,False
2025-12-08,0.00812789812909563,12696.791070757394,15269.459672380135,False,False
2025-12-09,0.007999546585638494,12696.791070757394,15028.33230026277,False,False
2025-12-10,0.007994781046110688,12696.791070757394,15019.379528896641,False,False
2025-12-11,0.008104544268747864,12696.791070757394,15225.585989035351,False,False
2025-12-12,0.009220780269511163,12696.791070757394,17322.600534222638,False,False
2025-12-15,0.00900276369098767,12696.791070757394,16913.024122117044,False,False
2025-12-16,0.008728897750172597,12696.791070757394,16398.52641649933,False,False
2025-12-17,0.008583244112779621,12696.791070757394,16124.894499983788,False,False
2025-12-18,0.008458861574676738,12696.791070757394,15891.223491889892,False,False
2025-12-19,0.008209480358280896,11546.99689776673,12975.382434974455,False,False
2025-12-22,0.00805303582739847,11546.99689776673,12728.116161170405,False,False
2025-12-23,0.00786307139116139,11546.99689776673,12427.870457222272,False,False
2025-12-24,0.007644782280606473,11546.99689776673,12082.856574829162,False,False
2025-12-26,0.007572349734399155,11546.99689776673,11968.37429985412,False,False
2025-12-29,0.007342151093291606,11546.99689776673,11604.536971055473,False,False
2025-12-30,0.0072955356788718135,11546.99689776673,11530.859612311138,False,False
2025-12-31,0.007079727716086061,11546.99689776673,11189.767274251846,False,False
2026-01-02,0.007034508943902712,11546.99689776673,11118.297359383592,False,False
2026-01-05,0.007008660900013894,11546.99689776673,11077.443585451956,False,False
2026-01-06,0.007241386305849446,11546.99689776673,11445.274557847784,False,False
2026-01-07,0.007328477199149157,11546.99689776673,11582.924883794107,False,False
2026-01-08,0.007377338855219296,11546.99689776673,11660.152509203643,False,False
2026-01-09,0.007156662901985515,11546.99689776673,11311.366135103533,False,False
2026-01-12,0.006979270869310294,11546.99689776673,11030.991572472816,False,False
2026-01-13,0.006779917772314,11546.99689776673,10715.906748557709,False,False
2026-01-14,0.007378725981468443,11546.99689776673,11662.344912715529,False,False
2026-01-15,0.007177383429930259,11546.99689776673,11344.115683504175,False,False
2026-01-16,0.007176905183640995,11546.99689776673,11343.359797841442,False,False
2026-01-20,0.0070083885331080065,11546.99689776673,11077.013099646243,False,False
2026-01-21,0.007400845545489285,11546.99689776673,11697.305688542934,False,False
2026-01-22,0.007786025647858169,11546.99689776673,12306.096856370936,False,False
2026-01-23,0.00775409510878673,11546.99689776673,12255.629477471746,False,False
2026-01-26,0.00767793979229513,11546.99689776673,12135.263228597261,False,False
2026-01-27,0.007884293145370045,11546.99689776673,12461.412211971774,True,False
2026-01-28,0.0090330670274708,11873.525497570383,15447.8954345153,False,False
2026-01-29,0.00876276863900221,11873.525497570383,14985.644769433064,False,False
2026-01-30,0.0085172195060885,11873.525497570383,14565.71903238814,False,False
2026-02-02,0.008397317272894313,11873.525497570383,14360.668283277593,False,False
2026-02-03,0.00900186319263203,11873.525497570383,15394.532210675681,False,False
2026-02-04,0.008733199266437088,11873.525497570383,14935.076720501173,False,False
2026-02-05,0.008777455130726199,11873.525497570383,15010.760866519702,False,False
2026-02-06,0.009092375888107228,11873.525497570383,15549.322455333977,False,False
2026-02-09,0.0112111434327375,11873.525497570383,19172.73180012852,False,False
2026-02-10,0.010893356396170168,11873.525497570383,18629.26844527825,False,False
2026-02-11,0.010561804185185715,11873.525497570383,18062.264583711174,False,False
2026-02-12,0.010302930239653157,11873.525497570383,17619.55142447681,False,False
2026-02-13,0.010704593233597555,11873.525497570383,18306.455209370422,False,False
2026-02-17,0.010382106411266714,11873.525497570383,17754.954518051985,False,False
2026-02-18,0.01011340106692479,11873.525497570383,17295.428196652407,False,False
2026-02-19,0.009828631828383533,11873.525497570383,16808.430213954653,False,False
2026-02-20,0.009582443086864805,11873.525497570383,16387.41065054718,False,False
2026-02-23,0.009392199123520911,11873.525497570383,16062.065023879433,False,False
2026-02-24,0.009922266872627506,11873.525497570383,16968.560141927977,False,False
2026-02-25,0.009773985239839947,11873.525497570383,16714.976375617458,False,False
2026-02-26,0.009738748730403486,11873.525497570383,16654.716675163963,False,False
2026-02-27,0.009442249749358452,11873.525497570383,16147.659078702565,False,False
2026-03-02,0.009372430111803519,11873.525497570383,16028.257057556893,False,False
2026-03-03,0.00908821231046567,11873.525497570383,15542.202114939659,False,False
2026-03-04,0.009069157117097807,11873.525497570383,15509.614884740213,False,False
2026-03-05,0.008852311442223518,11873.525497570383,15138.776353298157,False,False
2026-03-06,0.009671947772346508,11873.525497570383,16540.477047377368,False,False
2026-03-09,0.009739553463015537,11873.525497570383,16656.092888271414,False,False
2026-03-10,0.009574081570749255,11873.525497570383,16373.111207596714,False,False
2026-03-11,0.009285014546458636,11873.525497570383,15878.76336857063,False,False
2026-03-12,0.009131163203191487,11873.525497570383,15615.654564437678,False,False
2026-03-13,0.009856287712282216,11873.525497570383,16855.725911121153,False,False
2026-03-16,0.009598496155592471,11873.525497570383,16414.863798669947,False,False
2026-03-17,0.009576178144773977,11873.525497570383,16376.696662703614,False,False
2026-03-18,0.009289898638367685,11873.525497570383,15887.11589610907,False,False
2026-03-19,0.009939828802470236,11873.525497570383,16998.59366819472,False,False
2026-03-20,0.009701786020728945,11873.525497570383,16591.504914164936,False,False
2026-03-23,0.00957828337058353,11873.525497570383,16380.296913656379,False,False
2026-03-24,0.00966922247052058,11873.525497570383,16535.816373709564,False,False
2026-03-25,0.009379620810564995,11873.525497570383,16040.554227746215,False,False
2026-03-26,0.00913054592914205,11873.525497570383,15614.598933505109,False,False
2026-03-27,0.009140136100909729,11873.525497570383,15630.999561355608,True,False
2026-03-30,0.010348563244303216,12293.150199452473,17697.590686452066,False,False
2026-03-31,0.010034041795230647,12293.150199452473,17159.711974558388,False,False
2026-04-01,0.01183591862345254,12293.150199452473,20241.190806011447,False,False
2026-04-02,0.011566750470915483,12293.150199452473,19780.873013389202,False,False
2026-04-06,0.011219079626243519,11873.525497570383,16281.194044217067,False,False
2026-04-07,0.010963131422427635,11546.99689776673,14453.46008549176,False,False
2026-04-08,0.010692987637014355,11546.99689776673,14097.310709062056,False,False
2026-04-09,0.012597217546301238,11546.99689776673,16607.789688742392,False,False
2026-04-10,0.012305549393946003,11546.99689776673,16223.26323951535,False,False
2026-04-13,0.012013686481461817,11546.99689776673,15838.480024439066,False,False
2026-04-14,0.011865834753491945,11546.99689776673,15643.556788874099,False,False
2026-04-15,0.011568075497668277,11546.99689776673,15251.000013505249,False,False
2026-04-16,0.011217795856806502,11546.99689776673,14789.201954822944,False,False
2026-04-17,0.010902128198399962,11546.99689776673,14373.035284438427,False,False
2026-04-20,0.011476304621052077,11546.99689776673,15130.012072097436,False,False
2026-04-21,0.011138873977698862,11265.689473378901,14685.153742172613,False,False
2026-04-22,0.010799858827770676,11265.689473378901,14238.206446818653,False,False
2026-04-23,0.010691267407090237,11265.689473378901,14095.042810084286,False,False
2026-04-24,0.010367161312174343,11265.689473378901,13667.7511608436,False,False
2026-04-27,0.01010314169645984,11265.689473378901,13319.675704071286,False,False
2026-04-28,0.009798767578797914,11265.689473378901,12918.398095405231,False,False
2026-04-29,0.00956190583327521,11265.689473378901,12606.126751317463,False,False
2026-04-30,0.009272903367358646,11265.689473378901,12225.11466227249,False,False
2026-05-01,0.00953472975864669,11265.689473378901,12570.298638455464,False,False
2026-05-04,0.009269902278911554,11265.689473378901,12221.158118251285,False,False
2026-05-05,0.009531900846623424,11265.689473378901,12566.569086611364,False,False
2026-05-06,0.009402019594280903,11265.689473378901,12395.337581281963,False,False
2026-05-07,0.009505472857859893,11265.689473378901,12531.72722747319,False,False
2026-05-08,0.009332786413118776,11265.689473378901,12304.062654259624,False,False
2026-05-11,0.009057964162181662,11265.689473378901,11941.745330725706,False,False
2026-05-12,0.00880862393174256,11265.689473378901,11613.022730448707,False,False
2026-05-13,0.008658871099842265,11265.689473378901,11415.59313709982,False,False
2026-05-14,0.008471672457335353,11265.689473378901,11168.796122334788,False,False
2026-05-15,0.008336391880101043,11265.689473378901,10990.446310765583,False,False
2026-05-18,0.008252228409550007,11265.689473378901,10879.487742871623,False,False
2026-05-19,0.008004759784834647,11265.689473378901,10553.232610837187,False,False
2026-05-20,0.007818299771530162,11265.689473378901,10307.409382418762,False,False
2026-05-21,0.00823576169838322,11265.689473378901,10857.77853010951,False,False
2026-05-22,0.008033510108338133,11265.689473378901,10591.136165687629,False,False
2026-05-26,0.007916726320274918,11265.689473378901,10437.171960173213,False,False
2026-05-27,0.007730994277832459,11265.689473378901,10192.308466468556,False,False
2026-05-28,0.007499456415441976,11265.689473378901,9887.055968492035,False,False
2026-05-29,0.00727114637883586,11265.689473378901,9586.058938167924,False,False
2026-06-01,0.007143463866018385,11265.689473378901,9417.726184366637,False,False
2026-06-02,0.007029753768433115,11265.689473378901,9267.81423918974,False,False
2026-06-03,0.006941614423192399,11265.689473378901,9151.613998646062,False,False
2026-06-04,0.006837585411824898,11265.689473378901,9014.465304026073,False,False
2026-06-05,0.00843087243820581,11265.689473378901,11115.006614095399,False,False
2026-06-08,0.008349121621249777,11265.689473378901,11007.2288155539,False,False
2026-06-09,0.008169382615678369,11265.689473378901,10770.266359962263,False,False
2026-06-10,0.007921956854892297,11265.689473378901,10444.067738432645,False,False
2026-06-11,0.008530482395130554,11265.689473378901,11246.329361315604,False,False
2026-06-12,0.00902628464768582,11265.689473378901,11899.980019278584,False,False
2026-06-15,0.008967342897311884,11265.689473378901,11822.273002590277,False,False
2026-06-16,0.008969004100541189,11265.689473378901,11824.463082563187,False,False
2026-06-17,0.008999574401416343,11265.689473378901,11864.766040402093,False,False
2026-06-18,0.009046867276945609,11265.689473378901,11927.115533667496,False,False
2026-06-22,0.008786928008816187,11265.689473378901,11584.41948344277,False,False
2026-06-23,0.008627806166049834,11265.689473378901,11374.638070219129,False,False
2026-06-24,0.008366735465101633,11265.689473378901,11030.450373269072,False,False
2026-06-25,0.008190378022156832,11265.689473378901,10797.946067321634,False,False
2026-06-26,0.007944704302394941,11265.689473378901,10474.05728355966,False,False
2026-06-29,0.0078047822885803685,11265.689473378901,10289.588342722798,False,False
2026-06-30,0.007639084008858945,11265.689473378901,10071.136754402976,False,False
2026-07-01,0.007517259429081163,11265.689473378901,9910.526921919543,False,False
2026-07-02,0.007449997539914579,11265.689473378901,9821.850886498203,False,False
2026-07-06,0.008097764289128619,11265.689473378901,10675.846929574069,False,False
2026-07-07,0.007873861159290932,11265.689473378901,10380.659831524204,False,False
2026-07-08,0.007655838887510234,11265.689473378901,10093.225878439953,False,False
2026-07-09,0.0078086499996179205,11265.689473378901,10294.687415692872,False,False
2026-07-10,0.007686512577111924,11265.689473378901,10133.66514084137,False,False
2026-07-13,0.007462751075647573,11265.689473378901,9838.664761345004,False,False
2026-07-14,0.007237061624224264,11265.689473378901,9541.122631074617,False,False
2026-07-15,0.007139253026462026,11265.689473378901,9412.174741160388,False,False
2026-07-16,0.007051174076014758,11265.689473378901,9296.054123281332,False,False
2026-07-17,0.0069590514687207,11265.689473378901,9174.602470811653,False,False
2026-07-20,0.0067511932865235574,11265.689473378901,8900.568545277993,False,False
2026-07-21,0.006706153890753991,11265.689473378901,8841.189971406444,False,False
2026-07-22,0.006868241776038154,11265.689473378901,9054.88172516065,False,False
2026-07-23,0.006672507827219991,11265.689473378901,8796.83202132954,False,False
2026-07-24,0.006657864432409063,11265.689473378901,8777.52661357142,False,False
2026-07-27,0.00692784957603435,11265.689473378901,9133.466841477559,False,False
2026-07-28,0.006805188177968261,11265.689473378901,8971.7537731336,False,False
