Date,Portfolio_Value,Daily_PnL,Daily_Return
2016-07-29,100000.0,0.0,0.0
2016-08-01,100256.27499730837,256.2749973083701,0.002562749973083811
2016-08-02,99747.93188035823,-508.34311695014185,-0.005070436907453346
2016-08-03,100402.51817133177,654.5862909735442,0.006562404639714137
2016-08-04,100434.96460218719,32.44643085541611,0.00032316351667649457
2016-08-05,101596.81422207646,1161.849619889268,0.011568178716358846
2016-08-08,101573.224144661,-23.590077415457927,-0.00023219308199851074
2016-08-09,101541.79852050409,-31.42562415690918,-0.00030938886130216225
2016-08-10,101134.3512136784,-407.44730682569207,-0.004012606756649273
2016-08-11,101674.4478747819,540.0966611034964,0.005340387856568762
2016-08-12,101542.95624336376,-131.49163141813187,-0.0012932613273698434
2016-08-15,102243.84232229769,700.8860789339233,0.006902360388781004
2016-08-16,101829.10787079242,-414.7344515052682,-0.004056326934564147
2016-08-17,102102.4474030656,273.33953227318125,0.0026842966415852043
2016-08-18,101926.97923412002,-175.4681689455756,-0.0017185500779710594
2016-08-19,101977.90292393543,50.92368981540494,0.0004996095263298805
2016-08-22,101935.56791934898,-42.33500458644994,-0.0004151389994558885
2016-08-23,102042.23509173605,106.6671723870677,0.0010464176004931769
2016-08-24,101383.22565176329,-659.0094399727532,-0.006458202717534611
2016-08-25,101267.53371684226,-115.69193492103659,-0.0011411348788449294
2016-08-26,101144.45286736073,-123.08084948152828,-0.0012154028538473582
2016-08-29,101605.20661779685,460.7537504361244,0.004555403063382535
2016-08-30,101632.13904932204,26.932431525186985,0.0002650694036427925
2016-08-31,101396.36809127791,-235.77095804412966,-0.002319846460475561
2016-09-01,101326.01160300265,-70.35648827525438,-0.0006938758221785024
2016-09-02,101790.05660354586,464.0450005432067,0.0045797223556114375
2016-09-06,101867.90435306862,77.8477495227562,0.0007647873684357709
2016-09-07,102076.99865295853,209.09429988991178,0.002052602350247623
2016-09-08,101626.87784993796,-450.1208030205744,-0.004409620276462967
2016-09-09,99485.13394074792,-2141.7439091900305,-0.021074581395214453
2016-09-12,101037.43185017523,1552.2979094273032,0.015603315268709617
2016-09-13,99911.66090548663,-1125.7709446886001,-0.01114211757042638
2016-09-14,100231.10511136365,319.4442058770219,0.00319726649504104
2016-09-15,101550.83602861821,1319.7309172545647,0.013166879840227796
2016-09-16,101407.43448563473,-143.40154298348352,-0.0014121158287960789
2016-09-19,101221.49618595096,-185.93829968376667,-0.0018335766073453996
2016-09-20,101348.02227265308,126.52608670211339,0.0012499922592497104
2016-09-21,102321.50881926525,973.4865466121701,0.009605382767048365
2016-09-22,102904.70159531724,583.1927760519902,0.005699610793289844
2016-09-23,101942.34819367826,-962.3534016389749,-0.009351889531962532
2016-09-26,100896.23309615771,-1046.1150975205528,-0.010261830495929547
2016-09-27,101490.8296883328,594.5965921750903,0.005893149564943911
2016-09-28,102252.00047386246,761.1707855296554,0.007499897161813873
2016-09-29,100986.35229009365,-1265.6481837688043,-0.012377735182719785
2016-09-30,101965.40789555149,979.0556054578337,0.009694929891569837
2016-10-03,101594.49223381483,-370.9156617366534,-0.003637661726578867
2016-10-04,101569.71903777707,-24.77319603775686,-0.00024384388851261818
2016-10-05,102330.68182647247,760.9627886953967,0.0074920241574398805
2016-10-06,102596.48592217732,265.8040957048506,0.002597501462519247
2016-10-07,102697.24770695216,100.76178477483336,0.0009821173100534875
2016-10-10,103201.58683070041,504.3391237482574,0.004910931256769446
2016-10-11,101978.16933644714,-1223.41749425327,-0.011854638400669693
2016-10-12,102270.34167352546,292.17233707831474,0.0028650478722989092
2016-10-13,101809.5726701737,-460.7690033517574,-0.004505402014033155
2016-10-14,102117.0178864489,307.4452162751986,0.0030198065683981756
2016-10-17,101792.6530770315,-324.36480941739865,-0.0031764030729733994
2016-10-18,102847.03863674504,1054.3855597135407,0.010358169551938357
2016-10-19,103324.41278181109,477.37414506604546,0.004641593490621876
2016-10-20,102655.70647684675,-668.706304964333,-0.0064719100448838995
2016-10-21,102795.83507922498,140.12860237823043,0.0013650347086144876
2016-10-24,103399.87666828866,604.0415890636796,0.005876129014352971
2016-10-25,102678.84749946577,-721.0291688228899,-0.006973211110647526
2016-10-26,102332.25332829398,-346.59417117178964,-0.0033755167652577134
2016-10-27,102056.5016170562,-275.75171123778273,-0.002694670568360702
2016-10-28,101112.50543887146,-943.9961781847378,-0.009249740714480592
2016-10-31,100863.87806928261,-248.62736958885216,-0.00245891809830745
2016-11-01,99832.58330891095,-1031.2947603716602,-0.010224619359403109
2016-11-02,99185.46293128555,-647.1203776253969,-0.00648205581962169
2016-11-03,98674.94070398073,-510.52222730482754,-0.005147147699038457
2016-11-04,98452.64791952481,-222.29278445591626,-0.0022527784954315955
2016-11-07,100813.43760788269,2360.7896883578796,0.023978935439985305
2016-11-08,101387.5908199468,574.1532120641059,0.005695205179861995
2016-11-09,103772.66431333448,2385.073493387681,0.023524313716293932
2016-11-10,105483.76822392915,1711.1039105946693,0.016488965778387543
2016-11-11,105691.62665224464,207.85842831549235,0.0019705252458770417
2016-11-14,106015.40094202441,323.7742897797725,0.00306338638201753
2016-11-15,106222.72622831781,207.3252862934023,0.00195561479229589
2016-11-16,106111.51478480878,-111.21144350903342,-0.001046964688799168
2016-11-17,106848.10999543399,736.595210625208,0.006941708561215121
2016-11-18,106483.2260063612,-364.88398907278315,-0.0034149784127054383
2016-11-21,107068.16261391151,584.9366075503058,0.005493227708140314
2016-11-22,107386.12393029909,317.9613163875765,0.002969709282619748
2016-11-23,107817.64974811263,431.5258178135409,0.004018450447970556
2016-11-25,107898.43775969553,80.78801158290298,0.0007493022874422994
2016-11-28,107402.02162902073,-496.4161306747992,-0.004600772179671253
2016-11-29,108002.24902406687,600.2273950461386,0.005588604254763485
2016-11-30,108254.54616826185,252.2971441949776,0.002336036022164256
2016-12-01,108612.25448071623,357.70831245438603,0.0033043260086129678
2016-12-02,108554.05287014277,-58.20161057346559,-0.0005358659651411024
2016-12-05,109165.06340845334,611.0105383105692,0.005628629444554001
2016-12-06,109434.16221925236,269.098810799027,0.002465063477242291
2016-12-07,110934.42009887226,1500.257879619894,0.01370922798873453
2016-12-08,111277.53439551214,343.11429663987656,0.0030929471333971392
2016-12-09,112014.87976445067,737.3453689385351,0.0066261835593679486
2016-12-12,111908.17110033418,-106.70866411649331,-0.0009526293679990028
2016-12-13,112997.31447510347,1089.1433747692936,0.00973247408174327
2016-12-14,112568.27967719157,-429.034797911896,-0.003796858358137589
2016-12-15,113247.22944207264,678.9497648810648,0.006031448351419
2016-12-16,112688.74259965001,-558.4868424226297,-0.004931571793624356
2016-12-19,112801.22579381142,112.48319416141021,0.000998175962980019
2016-12-20,113555.58191075774,754.356116946321,0.006687481555610164
2016-12-21,113317.28683446396,-238.2950762937835,-0.0020984884431402007
2016-12-22,113068.82057407174,-248.46626039221883,-0.0021926598079883286
2016-12-23,113313.65356606647,244.83299199472822,0.0021653448824501265
2016-12-27,113525.6214794309,211.96791336443857,0.001870629943467872
2016-12-28,112988.78440399311,-536.8370754377975,-0.004728774601203689
2016-12-29,112789.02672273644,-199.75768125666946,-0.001767942564479985
2016-12-30,112315.15994117809,-473.8667815583467,-0.0042013553563435835
2017-01-03,113316.20962716703,1001.049685988939,0.008912863468415244
2017-01-04,113624.71236281602,308.50273564898816,0.002722494307425327
2017-01-05,113260.00373115737,-364.7086316586501,-0.0032097650596826233
2017-01-06,114088.32714466317,828.323413505801,0.007313468004751078
2017-01-09,114024.12787827931,-64.19926638386096,-0.0005627154678362611
2017-01-10,114259.22441130514,235.0965330258332,0.002061813910796184
2017-01-11,114703.63067264562,444.40626134048216,0.0038894563098095247
2017-01-12,114004.94804506384,-698.6826275817875,-0.006091198887816951
2017-01-13,114158.34184909407,153.39380403023097,0.0013455012844669767
2017-01-17,113217.7907366895,-940.5511124045734,-0.008239004676923956
2017-01-18,113295.73043412309,77.93969743359776,0.0006884050371098738
2017-01-19,112835.84220991156,-459.888224211536,-0.004059184070303035
2017-01-20,113261.22353226892,425.381322357367,0.0037699131235802152
2017-01-23,113456.98987267542,195.76634040649515,0.001728449810986854
2017-01-24,113999.8558361332,542.865963457778,0.00478477319085413
2017-01-25,115137.4173971756,1137.5615610423993,0.009978622803502146
2017-01-26,115408.69624415757,271.27884698197886,0.002356131074628731
2017-01-27,116168.68376810463,759.9875239470566,0.006585184207776207
2017-01-30,115175.05773067578,-993.626037428854,-0.008553303740725271
2017-01-31,114498.76367023244,-676.2940604433388,-0.00587187950037571
2017-02-01,115144.37420725857,645.6105370261357,0.005638580857392883
2017-02-02,114730.40328241572,-413.9709248428553,-0.0035952336159967846
2017-02-03,116973.6064958752,2243.2032134594774,0.01955195091520512
2017-02-06,116592.92467062549,-380.68182524970325,-0.003254424965200342
2017-02-07,116734.74018723908,141.8155166135839,0.001216330382089792
2017-02-08,116613.02905328295,-121.71113395612338,-0.0010426299297099373
2017-02-09,117507.63999859848,894.6109453155223,0.007671620852132799
2017-02-10,118065.3340142775,557.6940156790224,0.004746023455884929
2017-02-13,119128.44296870413,1063.1089544266288,0.009004412373051496
2017-02-14,119977.6274824797,849.1845137755736,0.00712831035656758
2017-02-15,120938.2549694793,960.6274869995977,0.008006721812696904
2017-02-16,120752.2558759637,-185.99909351559472,-0.0015379673996663845
2017-02-17,120686.98930316207,-65.26657280162908,-0.0005404998219550317
2017-02-21,121231.7246389495,544.7353357874235,0.004513621053376937
2017-02-22,121262.17638470785,30.451745758356992,0.00025118627858389253
2017-02-23,121217.74661536972,-44.4297693381377,-0.0003663942926208641
2017-02-24,121123.80805843357,-93.9385569361475,-0.0007749571292907653
2017-02-27,121570.19984802499,446.3917895914201,0.0036854173985023664
2017-02-28,121440.74399984817,-129.4558481768181,-0.0010648649779193553
2017-03-01,123611.5613199415,2170.8173200933234,0.01787552717970864
2017-03-02,122493.09021478586,-1118.471105155637,-0.009048272614733177
2017-03-03,123082.16498301418,589.0747682283254,0.0048090448791471285
2017-03-06,122723.5036649122,-358.6613181019784,-0.002913999100937814
2017-03-07,122483.0568685028,-240.4467964094074,-0.0019592562893733234
2017-03-08,122234.54118947018,-248.51567903261457,-0.002028980051497431
2017-03-09,122118.10222945291,-116.43896001727262,-0.0009525863874826346
2017-03-10,122701.92319689652,583.8209674436075,0.004780789717372391
2017-03-13,122730.47342270463,28.550225808110554,0.00023267952990679852
2017-03-14,122353.58891979457,-376.884502910063,-0.0030708306779849703
2017-03-15,123246.09814347395,892.5092236793862,0.007294507922153803
2017-03-16,123090.6620934586,-155.43605001535616,-0.001261184348687494
2017-03-17,121973.51211945385,-1117.1499740047439,-0.009075830408293073
2017-03-20,121794.78725163119,-178.7248678226606,-0.0014652760645903484
2017-03-21,119831.67186332615,-1963.1153883050429,-0.016118221744984784
2017-03-22,120204.26895839995,372.5970950737974,0.0031093373669923707
2017-03-23,119927.21746835104,-277.051490048907,-0.002304839024850125
2017-03-24,119656.98116415234,-270.2363041986973,-0.0022533358974163864
2017-03-27,119303.91140685567,-353.06975729667465,-0.002950682474700872
2017-03-28,120322.22312569538,1018.3117188397155,0.008535442860435838
2017-03-29,119899.78346216414,-422.43966353124415,-0.003510903078061789
2017-03-30,120435.12131177956,535.3378496154182,0.004464877534865241
2017-03-31,119976.98459122071,-458.1367205588467,-0.003804012613337515
2017-04-03,119912.55209931458,-64.43249190613278,-0.0005370404342605051
2017-04-04,120241.53323504646,328.9811357318831,0.0027435087484370957
2017-04-05,119887.09965281282,-354.4335822336434,-0.002947680162567523
2017-04-06,120202.21896468088,315.1193118680676,0.0026284672227507855
2017-04-07,120083.98878730796,-118.23017737292685,-0.0009835939668274563
2017-04-10,120380.90335819937,296.91457089141477,0.0024725575315232007
2017-04-11,120212.12886229028,-168.77449590909237,-0.0014020038992970107
2017-04-12,119585.94171873278,-626.1871435575013,-0.00520901800412199
2017-04-13,118712.78415712221,-873.1575616105692,-0.0073015067579117465
2017-04-17,119941.71237484012,1228.928217717912,0.010352113518720563
2017-04-18,119201.37731513832,-740.3350597017998,-0.00617245697967117
2017-04-19,118773.44677280678,-427.93054233153816,-0.0035899798472982525
2017-04-20,120001.76424007899,1228.317467272209,0.010341684110774185
2017-04-21,119882.52060166169,-119.24363841730519,-0.000993682377691929
2017-04-24,121949.5174787552,2066.9968770935084,0.017241853664068385
2017-04-25,123811.93202859192,1862.4145498367288,0.01527201245516352
2017-04-26,123901.76968998605,89.83766139412182,0.0007255977668887414
2017-04-27,123620.45591671622,-281.3137732698233,-0.0022704580731469637
2017-04-28,123359.2895379664,-261.1663787498255,-0.0021126469467623865
2017-05-01,123535.54914987636,176.25961190996168,0.0014288312827523963
2017-05-02,123650.25915528265,114.71000540629029,0.0009285586715377381
2017-05-03,123649.07782564667,-1.1813296359759988,-9.553798302142091e-06
2017-05-04,123459.83631376307,-189.24151188360702,-0.001530472488848189
2017-05-05,123751.3939076781,291.55759391502943,0.0023615582412894742
2017-05-08,123970.47214097192,219.07823329382518,0.0017703092173431134
2017-05-09,123841.6258174272,-128.84632354472706,-0.0010393307480366376
2017-05-10,124078.301466886,236.6756494588044,0.0019111154904225547
2017-05-11,123843.49781835004,-234.80364853596257,-0.001892382840190887
2017-05-12,123887.05196014901,43.55414179897343,0.00035168694817433455
2017-05-15,124376.42214250818,489.3701823591691,0.003950131790338984
2017-05-16,124445.22837380119,68.80623129301239,0.0005532096044229551
2017-05-17,121814.86569686468,-2630.3626769365073,-0.02113670979039539
2017-05-18,122371.9254424418,557.0597455771203,0.004573002994259889
2017-05-19,122945.54150638382,573.6160639420123,0.004687480906000907
2017-05-22,123233.79441027179,288.25290388797293,0.002344557601326347
2017-05-23,123867.86360604303,634.0691957712406,0.005145254179712122
2017-05-24,124346.75123704367,478.88763100064534,0.0038661168204510155
2017-05-25,125123.73135435815,776.9801173144806,0.006248495514235897
2017-05-26,125049.75627635875,-73.9750779994065,-0.0005912154089291466
2017-05-30,124534.46133140796,-515.2949449507869,-0.004120719306417442
2017-05-31,123882.16380704775,-652.2975243602123,-0.005237887709044098
2017-06-01,124945.32268594246,1063.158878894712,0.008582017347958493
2017-06-02,125603.76569792727,658.4430119848112,0.005269849225487677
2017-06-05,125660.73167676698,56.96597883971117,0.0004535371891374318
2017-06-06,125493.44942238886,-167.28225437812216,-0.0013312213938752038
2017-06-07,126097.66522319295,604.215800804086,0.004814719840638082
2017-06-08,126378.26353076444,280.5983075714903,0.002225245860617786
2017-06-09,126225.93975555421,-152.32377521022863,-0.0012053004286860514
2017-06-12,125583.2478173434,-642.6919382108026,-0.005091599551212855
2017-06-13,126458.76052797063,875.5127106272266,0.006971572449699925
2017-06-14,126848.00598065999,389.24545268935617,0.0030780426050693865
2017-06-15,126430.29325031782,-417.712730342173,-0.003293017711337609
2017-06-16,126268.46906317674,-161.8241871410719,-0.0012799478905002326
2017-06-19,127729.03658165292,1460.5675184761785,0.011567159476253641
2017-06-20,127270.7644550284,-458.27212662452075,-0.003587846106797854
2017-06-21,127209.16312329593,-61.60133173246868,-0.0004840179282040724
2017-06-22,127172.83088685524,-36.33223644069221,-0.0002856102150871065
2017-06-23,126866.92031946436,-305.910567390878,-0.0024054710841739935
2017-06-26,127048.47087913605,181.550559671683,0.001431031503046798
2017-06-27,126425.69827286231,-622.7726062737347,-0.0049018504667104335
2017-06-28,128063.96978544375,1638.271512581443,0.012958374246394122
2017-06-29,127223.24334646043,-840.726438983329,-0.00656489440700514
2017-06-30,127445.93972249074,222.6963760303188,0.001750437814447725
2017-07-03,127970.20267358092,524.2629510901752,0.004113610462849859
2017-07-05,128526.71421043664,556.5115368557163,0.004348758736244518
2017-07-06,127622.65567314379,-904.0585372928472,-0.007034012678583168
2017-07-07,128203.43992927,580.7842561262078,0.0045507927496326595
2017-07-10,128344.50067342194,141.0607441519387,0.0011002882935884362
2017-07-11,128385.58583930567,41.08516588373459,0.000320116293788697
2017-07-12,129021.71656589517,636.1307265895011,0.004954845377936001
2017-07-13,129604.93315351671,583.216587621544,0.004520297847096844
2017-07-14,130099.04406242202,494.11090890530613,0.0038124390552327636
2017-07-17,130279.9637580758,180.91969565377804,0.0013906304766311273
2017-07-18,129740.66196155864,-539.3017965171603,-0.004139560535330045
2017-07-19,130578.7642376164,838.1022760577616,0.0064598273462339595
2017-07-20,129927.91790826338,-650.8463293530222,-0.004984319871251586
2017-07-21,129904.23252003583,-23.685388227546355,-0.00018229637331890203
2017-07-24,130218.18536460602,313.95284457018715,0.002416802274104235
2017-07-25,131762.35340094724,1544.168036341216,0.011858313276426058
2017-07-26,131195.47186652798,-566.8815344192553,-0.004302302742682951
2017-07-27,130276.84704197312,-918.6248245548632,-0.007001955261759507
2017-07-28,130648.48902630307,371.6419843299518,0.0028527093859602726
2017-07-31,130985.04052642336,336.5515001202875,0.002576007595866958
2017-08-01,131563.47712824983,578.43660182647,0.004416050867349197
2017-08-02,132237.18341809412,673.7062898442964,0.005120769871318931
2017-08-03,132032.89769781864,-204.28572027548216,-0.0015448432505522636
2017-08-04,133001.20731940115,968.3096215825062,0.007333851172445449
2017-08-07,133526.99713370606,525.7898143049097,0.0039532709883018935
2017-08-08,133463.72787237668,-63.269261329376604,-0.0004738312302943193
2017-08-09,133677.25657682732,213.52870445064036,0.0015999006460754028
2017-08-10,131536.0061635098,-2141.2504133175244,-0.01601806072439027
2017-08-11,131767.3801983266,231.37403481680667,0.0017590167252699018
2017-08-14,133068.9768152503,1301.5966169236926,0.00987798812547247
2017-08-15,133054.18225735892,-14.794557891378645,-0.00011117961710882529
2017-08-16,133312.10255884338,257.9203014844679,0.0019384606865313625
2017-08-17,131397.56370776205,-1914.5388510813355,-0.014361328149004815
2017-08-18,131183.85898760305,-213.70472015900305,-0.0016263978884288877
2017-08-21,131311.78519166174,127.92620405869093,0.0009751672579687565
2017-08-22,132811.6996402623,1499.9144486005534,0.011422542511407396
2017-08-23,132224.57251606876,-587.1271241935319,-0.004420748516763551
2017-08-24,132027.81108401506,-196.7614320536959,-0.0014880852197860506
2017-08-25,132380.85955955752,353.048475542455,0.0026740462683108035
2017-08-28,132409.89847503684,29.038915479322895,0.00021935886786006442
2017-08-29,132698.82334335393,288.9248683170881,0.0021820488622423806
2017-08-30,133197.4488610028,498.6255176488776,0.0037575730144847608
2017-08-31,133816.75697570544,619.3081147026387,0.004649549371992245
2017-09-01,134126.49675144968,309.7397757442377,0.002314656121882086
2017-09-05,132507.50185499762,-1618.994896452059,-0.012070656698446536
2017-09-06,133117.81684555134,610.3149905537139,0.004605890096860854
2017-09-07,133220.76747849555,102.95063294420834,0.0007733798178470863
2017-09-08,133626.0819425184,405.314464022842,0.0030424270306674828
2017-09-11,135533.6239580304,1907.5420155120082,0.014275222230436757
2017-09-12,136490.6475764706,957.023618440202,0.007061152727212194
2017-09-13,136225.46802592376,-265.1795505468326,-0.0019428404455203996
2017-09-14,135865.45747263706,-360.0105532867019,-0.002642755121371243
2017-09-15,135968.22854438203,102.77107174496632,0.0007564179568280149
2017-09-18,136266.58021482264,298.35167044060654,0.002194274895206183
2017-09-19,136453.5993702546,187.01915543197538,0.0013724506415082605
2017-09-20,136704.92628411474,251.32691386013175,0.0018418489143563477
2017-09-21,136392.95970709418,-311.9665770205611,-0.0022820434164325665
2017-09-22,136169.97744843597,-222.98225865821587,-0.0016348516751676367
2017-09-25,135487.71710934382,-682.2603390921431,-0.0050103580236730005
2017-09-26,135644.76960185907,157.0524925152422,0.001159164061997453
2017-09-27,136507.96961172548,863.2000098664139,0.0063636807552553964
2017-09-28,136980.30502576393,472.3354140384472,0.0034601306823471845
2017-09-29,137441.5586416103,461.25361584636266,0.0033672987934989518
2017-10-02,138159.0296214549,717.4709798445983,0.005220189489522964
2017-10-03,138623.32399334517,464.2943718902825,0.0033605792771012055
2017-10-04,138758.73093004627,135.40693670109613,0.0009767976470367312
2017-10-05,139588.96784077183,830.2369107255654,0.005983312942982488
2017-10-06,139662.30606286417,73.33822209233767,0.0005253869501777864
2017-10-09,139348.85057319072,-313.455489673448,-0.0022443814548812613
2017-10-10,139612.7238080495,263.8732348587655,0.0018936161566698306
2017-10-11,139713.98664178874,101.26283373925253,0.0007253123567625419
2017-10-12,139344.85229539816,-369.1343463905796,-0.0026420715295814023
2017-10-13,139610.83124314106,265.97894774290035,0.0019087820135548217
2017-10-16,140619.51738723918,1008.6861440981156,0.007224984874858453
2017-10-17,140990.4760102852,370.95862304602633,0.00263803083624925
2017-10-18,141723.60807103812,733.1320607529196,0.005199869391883105
2017-10-19,141328.3529272507,-395.2551437874208,-0.00278891533434078
2017-10-20,142371.05226024904,1042.699332998338,0.0073778496062646415
2017-10-23,142248.6808397742,-122.3714204748394,-0.0008595245910745231
2017-10-24,143631.5062256928,1382.825385918608,0.009721182493609204
2017-10-25,142931.86566487578,-699.6405608170317,-0.004871080024167251
2017-10-26,143387.93056050697,456.0648956311925,0.0031907852983636964
2017-10-27,144858.0338876632,1470.1033271562192,0.010252629502424337
2017-10-30,144684.22548140815,-173.80840625503333,-0.0011998534122713567
2017-10-31,144762.82756827486,78.60208686671103,0.0005432664591125125
2017-11-01,144970.83726252127,208.0096942464006,0.0014368999123639536
2017-11-02,145246.51848806388,275.68122554261936,0.001901632292040878
2017-11-03,145735.1842592294,488.66577116551343,0.0033643888765957364
2017-11-06,145714.86394888654,-20.32031034285319,-0.00013943311250563806
2017-11-07,145598.9311429801,-115.93280590645736,-0.0007956141382194915
2017-11-08,145473.6487212052,-125.28242177490029,-0.0008604625102081043
2017-11-09,145212.2067331547,-261.4419880505011,-0.0017971776355973912
2017-11-10,145169.56139679515,-42.64533635953558,-0.00029367597476082086
2017-11-13,145024.43541835505,-145.12597844010452,-0.0009996997789600837
2017-11-14,144854.55879771875,-169.8766206362925,-0.0011713655022772551
2017-11-15,143674.75158031666,-1179.8072174020926,-0.008144771053078315
2017-11-16,144559.40819190012,884.6566115834576,0.0061573561245305
2017-11-17,143801.93861196146,-757.4695799386536,-0.005239849757361581
2017-11-20,144185.80324142508,383.8646294636128,0.002669398153938962
2017-11-21,145472.40706260514,1286.6038211800624,0.008923235105371408
2017-11-22,145123.44994496243,-348.95711764271255,-0.0023987856163851795
2017-11-24,145267.44360900938,143.9936640469532,0.0009922150011012487
2017-11-27,145414.14670713767,146.70309812828782,0.0010098828373625857
2017-11-28,147364.73816799323,1950.5914608555613,0.013414041928011544
2017-11-29,147660.82121679382,296.0830488005886,0.0020091851855568166
2017-11-30,150230.69816148904,2569.876944695221,0.01740391881555481
2017-12-01,150247.54827283073,16.850111341685988,0.00011216157248750136
2017-12-04,149707.2585688623,-540.2897039684176,-0.003595996807796986
2017-12-05,149099.65393628014,-607.6046325821662,-0.004058618388918522
2017-12-06,148788.8689578845,-310.78497839564807,-0.002084411131688224
2017-12-07,149164.25191768399,375.3829597994918,0.0025229236731798554
2017-12-08,150545.25431753646,1381.0023998524703,0.009258266522293557
2017-12-11,150810.30011113954,265.0457936030871,0.0017605722266345047
2017-12-12,151558.77956189192,748.4794507523766,0.004963052591240746
2017-12-13,152007.45646230542,448.6769004134985,0.0029604151056803474
2017-12-14,150863.61781128173,-1143.8386510236887,-0.0075248851447451415
2017-12-15,152394.88510919394,1531.2672979122144,0.010150010453996217
2017-12-18,153302.00519166433,907.1200824703847,0.005952431289412363
2017-12-19,152855.39281775983,-446.6123739044997,-0.0029132846197681417
2017-12-20,152942.9264571316,87.53363937177346,0.0005726565334605027
2017-12-21,153748.7516804631,805.8252233314852,0.005268796942742959
2017-12-22,153592.75829601954,-155.99338444354362,-0.0010145993560178868
2017-12-26,153336.00816232795,-256.7501336915884,-0.0016716291610360257
2017-12-27,153616.655249267,280.64708693904686,0.001830275160430217
2017-12-28,154053.01752816912,436.3622789021174,0.0028405922404315387
2017-12-29,153207.35272452672,-845.6648036424012,-0.005489440046104743
2018-01-02,153531.82274956314,324.4700250364258,0.0021178489104229925
2018-01-03,154216.74921026145,684.9264606983052,0.004461136775634644
2018-01-04,155271.04954960625,1054.3003393448016,0.006836484005426469
2018-01-05,156607.4108038273,1336.3612542210612,0.008606635030145249
2018-01-08,156478.72065087807,-128.6901529492461,-0.0008217373129962846
2018-01-09,157200.52774503225,721.807094154181,0.00461281311063777
2018-01-10,156941.91568265512,-258.6120623771276,-0.0016451093777278825
2018-01-11,157945.4461465885,1003.5304639333917,0.006394279434963623
2018-01-12,159794.09914267412,1848.6529960856133,0.011704376676804573
2018-01-16,159858.0013820484,63.902239374263445,0.00039990362420838643
2018-01-17,161387.9489375929,1529.9475555445242,0.009570666105652492
2018-01-18,161661.61780439995,273.6688668070419,0.0016957205826617638
2018-01-19,162512.29521486632,850.6774104663637,0.005262086461955473
2018-01-22,164162.43794815027,1650.142733283952,0.01015395623514026
2018-01-23,164886.3614992633,723.9235511130246,0.004409800196447433
2018-01-24,165167.52491450895,281.1634152456536,0.0017051950973332453
2018-01-25,165392.1359858053,224.61107129635639,0.0013598985116027862
2018-01-26,166656.25395326456,1264.1179674592568,0.00764315642895963
2018-01-29,165746.52833151617,-909.7256217483955,-0.0054586947694355015
2018-01-30,163460.57532620837,-2285.9530053077906,-0.013791860549474455
2018-01-31,163528.89656490774,68.32123869936913,0.0004179676877009708
2018-02-01,163786.98725297785,258.0906880701077,0.001578257381365411
2018-02-02,159618.94347193578,-4168.04378104207,-0.025447954388490568
2018-02-05,152397.9812869842,-7220.9621849515825,-0.0452387544227868
2018-02-06,156781.51773474534,4383.536447761144,0.028763743526933006
2018-02-07,156181.64323367746,-599.8745010678831,-0.0038261812344666524
2018-02-08,149372.26723526287,-6809.375998414587,-0.043599080259556944
2018-02-09,152038.49808424403,2666.230848981155,0.01784957072909532
2018-02-12,154449.56688879573,2411.0688045517018,0.01585827823171293
2018-02-13,155305.09001291724,855.5231241215079,0.005539174640337263
2018-02-14,158260.6239118482,2955.5338989309676,0.019030502468947663
2018-02-15,160171.089288139,1910.4653762907838,0.012071640620821222
2018-02-16,159849.49295504895,-321.5963330900413,-0.0020078300929295967
2018-02-20,159215.6982569368,-633.7946981121495,-0.0039649465656446115
2018-02-21,158152.62225633152,-1063.0760006052733,-0.006676954673713875
2018-02-22,158777.62595512022,625.0036987886997,0.0039519022187042285
2018-02-23,161872.27857931794,3094.6526241977117,0.01949048302984724
2018-02-26,164025.86034049786,2153.5817611799284,0.013304203660323921
2018-02-27,162207.34874027135,-1818.511600226513,-0.011086737155052928
2018-02-28,159744.85326755606,-2462.4954727152945,-0.01518115851001467
2018-03-01,157467.32425191303,-2277.5290156430274,-0.014257291981910725
2018-03-02,157305.63131148973,-161.6929404232942,-0.0010268348763240454
2018-03-05,159786.31965646232,2480.6883449725865,0.015769863572528076
2018-03-06,160191.7950300767,405.4753736143757,0.0025376100687852787
2018-03-07,159216.95889271126,-974.8361373654334,-0.006085431136984232
2018-03-08,159768.85594969025,551.8970569789817,0.003466320804122791
2018-03-09,162973.3694663002,3204.5135166099644,0.02005718509757015
2018-03-12,162197.62688329862,-775.7425830015854,-0.004759934617182937
2018-03-13,161052.47791354606,-1145.1489697525685,-0.0070602079189265865
2018-03-14,159934.3125830574,-1118.1653304886422,-0.006942863251622078
2018-03-15,160886.67294471836,952.3603616609471,0.005954696939509896
2018-03-16,161260.9073350792,374.2343903608271,0.0023260745188597998
2018-03-19,158667.11910703243,-2593.78822804676,-0.016084420402380672
2018-03-20,159515.62765119737,848.5085441649426,0.005347727676284109
2018-03-21,158566.3291512514,-949.2984999459586,-0.005951131647249808
2018-03-22,153727.71613356358,-4838.613017687836,-0.03051475709620821
2018-03-23,149972.05777107517,-3755.658362488408,-0.024430587124740555
2018-03-26,155568.6871548422,5596.629383767024,0.03731781417782498
2018-03-27,152280.4330180086,-3288.254136833595,-0.021136992263492527
2018-03-28,152183.36782755126,-97.06519045733148,-0.0006374107857038958
2018-03-29,153612.70876635614,1429.340938804875,0.009392228330920904
2018-04-02,150864.58066951012,-2748.1280968460196,-0.017889978758371505
2018-04-03,152883.53412111956,2018.9534516094427,0.013382554358681631
2018-04-04,155336.73321856032,2453.1990974407527,0.016046195632142046
2018-04-05,156444.3274902401,1107.5942716797872,0.007130279160186825
2018-04-06,152608.68248872217,-3835.645001517929,-0.02451763552601305
2018-04-09,153186.52935244647,577.8468637242913,0.00378646125699289
2018-04-10,155912.74988815933,2726.2205357128696,0.017796738050252836
2018-04-11,154315.25305381962,-1597.4968343397195,-0.010246094918380022
2018-04-12,156230.6785587165,1915.425504896877,0.012412418519825996
2018-04-13,155394.32798285116,-836.3505758653337,-0.005353305660456442
2018-04-16,156837.0785027264,1442.7505198752333,0.009284447756899183
2018-04-17,158395.45901641794,1558.380513691547,0.009936301597612607
2018-04-18,158885.0099262069,489.55090978895896,0.003090687781259094
2018-04-19,158162.18791235128,-722.8220138556208,-0.00454934052111855
2018-04-20,156880.9231261007,-1281.2647862505692,-0.008100955121843723
2018-04-23,156932.44458262454,51.52145652382751,0.00032841122742777173
2018-04-24,153743.1226759137,-3189.3219067108294,-0.020322896996813555
2018-04-25,153805.18563136607,62.062955452362075,0.00040367955569098335
2018-04-26,156151.50572345205,2346.3200920859817,0.015255142942381283
2018-04-27,156325.67116611105,174.16544265899574,0.001115361916313784
2018-04-30,155240.767321298,-1084.9038448130595,-0.006940023584867561
2018-05-01,155315.02755279417,74.26023149618413,0.00047835522058781166
2018-05-02,154849.02030263472,-466.007250159455,-0.003000400267134773
2018-05-03,154349.78264174098,-499.23766089373385,-0.0032240285403035696
2018-05-04,156544.64086317923,2194.8582214382477,0.014220027938314006
2018-05-07,157291.95506422297,747.3142010437441,0.0047738089079452095
2018-05-08,157624.51566620066,332.56060197768966,0.0021142886922722592
2018-05-09,159148.44447703243,1523.9288108317705,0.009668095120805686
2018-05-10,160560.55881993298,1412.114342900546,0.008872938391203178
2018-05-11,161444.56166119312,884.0028412601387,0.005505728478757632
2018-05-14,161903.36890609775,458.80724490463035,0.00284188727191359
2018-05-15,160222.01167732527,-1681.357228772482,-0.010384942821959786
2018-05-16,160832.20520815952,610.1935308342509,0.0038084250999366187
2018-05-17,160415.81250656882,-416.39270159069565,-0.002588988325141539
2018-05-18,160532.17779941158,116.36529284276185,0.0007253978957841856
2018-05-21,162069.78172370984,1537.6039242982515,0.009578166479617067
2018-05-22,161643.2600329513,-426.52169075852726,-0.0026317163275115796
2018-05-23,162175.3190086386,532.0589756872796,0.003291563010909382
2018-05-24,161535.72851551912,-639.5904931194673,-0.003943821396678704
2018-05-25,161349.10412534463,-186.62439017448924,-0.001155313390353463
2018-05-29,158854.7725051744,-2494.33162017024,-0.015459221999971628
2018-05-30,160752.67067438015,1897.8981692057569,0.01194737897562348
2018-05-31,159376.24337218757,-1376.4273021925765,-0.008562391507514477
2018-06-01,161179.90762463683,1803.6642524492636,0.011317020744661566
2018-06-04,162383.47383715812,1203.566212521284,0.007467222374417881
2018-06-05,162145.51299207835,-237.96084507976775,-0.0014654252643861998
2018-06-06,164131.0022817003,1985.489289621939,0.012245107823112722
2018-06-07,164098.9025673712,-32.099714329087874,-0.00019557374221113033
2018-06-08,164698.474748144,599.5721807728114,0.003653724500239486
2018-06-11,164815.87593178783,117.40118364381487,0.0007128249598142844
2018-06-12,165045.20406978225,229.32813799442374,0.0013914201935820714
2018-06-13,164302.26696463724,-742.9371051450144,-0.004501415895919569
2018-06-14,164197.11490425203,-105.15206038521137,-0.0006399915371091414
2018-06-15,163536.74750348303,-660.3674007689988,-0.004021796614112727
2018-06-18,163266.96177065762,-269.7857328254031,-0.001649694866407092
2018-06-19,162019.9734951404,-1246.9882755172148,-0.007637725734548018
2018-06-20,161852.76600343254,-167.20749170787167,-0.0010320177697898947
2018-06-21,160892.53919886737,-960.2268045651726,-0.005932717915644425
2018-06-22,160501.18521117175,-391.35398769562016,-0.002432393631452978
2018-06-25,158195.05262196827,-2306.13258920348,-0.014368321244290438
2018-06-26,158331.19699001295,136.14436804468278,0.0008606107826267806
2018-06-27,156961.5078874225,-1369.6891025904624,-0.0086507847387578
2018-06-28,158011.83322714592,1050.3253397234366,0.006691610916969237
2018-06-29,157709.33702996987,-302.49619717604946,-0.001914389517531867
2018-07-02,158621.4285662976,912.0915363277309,0.0057833705569023675
2018-07-03,157397.7337903857,-1223.694775911892,-0.007714561563165079
2018-07-05,158622.06384624573,1224.3300558600167,0.007778574864937493
2018-07-06,159666.96105568044,1044.8972094347118,0.006587338382178398
2018-07-09,162564.89388480864,2897.9328291282,0.018149858993794066
2018-07-10,163029.63976428434,464.7458794756967,0.002858832976601944
2018-07-11,161937.96595652544,-1091.6738077588961,-0.0066961676989367724
2018-07-12,163620.0126286634,1682.046672137949,0.010386981596332445
2018-07-13,164273.22903629421,653.2164076308254,0.003992276966224839
2018-07-16,164748.7841065521,475.5550702578912,0.002894903040792096
2018-07-17,164892.33979595653,143.55568940442754,0.0008713611465052118
2018-07-18,165600.21662700563,707.8768310490996,0.004292963711504338
2018-07-19,164351.92277016034,-1248.2938568452955,-0.007537996521205792
2018-07-20,164659.02908958346,307.10631942312466,0.001868589756948591
2018-07-23,165047.59168374128,388.56259415781824,0.002359801319770982
2018-07-24,165801.46384708738,753.8721633460955,0.0045676047475484705
2018-07-25,167587.04920961356,1785.5853625261807,0.010769418562992739
2018-07-26,168019.863239434,432.814029820438,0.002582622176723781
2018-07-27,167174.5264133122,-845.3368261217838,-0.005031171968740145
2018-07-30,165853.47811592964,-1321.048297382571,-0.007902210496571027
2018-07-31,166470.74291824186,617.2648023122165,0.0037217477096305185
2018-08-01,166759.05255701134,288.30963876948226,0.0017318937473058682
2018-08-02,167513.56630560476,754.5137485934247,0.004524574450526231
2018-08-03,168335.2748861339,821.7085805291426,0.004905325572437835
2018-08-06,168656.30323150902,321.0283453751181,0.0019070770852529506
2018-08-07,169604.8822244104,948.5789929013699,0.005624331701373109
2018-08-08,169093.76591278834,-511.11631162205595,-0.003013570747012917
2018-08-09,168775.62833102277,-318.1375817655644,-0.0018814270298388447
2018-08-10,167541.0184781943,-1234.6098528284638,-0.007315095580073927
2018-08-13,166879.65598654604,-661.3624916482659,-0.003947466105050257
2018-08-14,167552.3050045083,672.6490179622488,0.004030743076414822
2018-08-15,166766.18157130433,-786.1234332039603,-0.004691809123024693
2018-08-16,168752.461360132,1986.279788827669,0.011910567059295607
2018-08-17,169640.6078975804,888.146537448396,0.005263013826820595
2018-08-20,169708.28424927476,67.67635169436107,0.0003989395730956691
2018-08-21,170039.8271745725,331.5429252977483,0.0019536048388231197
2018-08-22,169883.31731553844,-156.509859034064,-0.0009204305934360502
2018-08-23,169597.22865550028,-286.08866003816365,-0.0016840303365797116
2018-08-24,170529.4686969223,932.2400414220174,0.005496788177568934
2018-08-27,172868.6414865357,2339.172789613396,0.013717117677594759
2018-08-28,173144.20987738637,275.5683908506762,0.001594091261902797
2018-08-29,174089.18525872403,944.9753813376592,0.005457735964759403
2018-08-30,173352.24970096568,-736.9355577583483,-0.0042330921169120295
2018-08-31,173514.24298734442,161.99328637873987,0.0009344746702635298
2018-09-04,173758.88568540852,244.6426980640972,0.0014099286251789689
2018-09-05,172756.1338117646,-1002.7518736439233,-0.005770938675673909
2018-09-06,172747.5055061012,-8.628305663383799,-4.994500324251305e-05
2018-09-07,172059.22329183907,-688.2822142621444,-0.003984325054336768
2018-09-10,172009.59906550212,-49.624226336949505,-0.00028841363681375576
2018-09-11,172994.80664958266,985.2075840805483,0.005727631419601087
2018-09-12,172728.89632852993,-265.91032105273916,-0.0015371000216866104
2018-09-13,174203.09804411887,1474.201715588948,0.008534771812499953
2018-09-14,173994.34780931403,-208.75023480484379,-0.001198315283416962
2018-09-17,173124.6694869848,-869.678322329215,-0.004998313642247343
2018-09-18,174505.4162569649,1380.746769980091,0.007975447832314186
2018-09-19,176123.16283914092,1617.7465821760125,0.009270466309159398
2018-09-20,177843.15300216916,1719.9901630282402,0.009765837356663587
2018-09-21,177815.37785504115,-27.77514712800621,-0.0001561777704630618
2018-09-24,176993.89283657816,-821.4850184629904,-0.004619876123046485
2018-09-25,176489.37712922497,-504.5157073531882,-0.002850469579868564
2018-09-26,175419.68913867115,-1069.6879905538226,-0.006060919971237699
2018-09-27,175856.2251828728,436.536044201639,0.0024885236448946024
2018-09-28,175467.47488904005,-388.75029383273795,-0.0022106143437826686
2018-10-01,176117.004794639,649.5299055989599,0.003701711134839636
2018-10-02,176500.7256830418,383.72088840277866,0.002178783865023126
2018-10-03,177260.05213151456,759.3264484727697,0.004302115164310116
2018-10-04,175502.57023710548,-1757.4818944090803,-0.00991470933961558
2018-10-05,174098.92107578446,-1403.6491613210237,-0.007997883788395166
2018-10-08,174037.7737440024,-61.1473317820637,-0.0003512217732553058
2018-10-09,173624.84444641438,-412.9292975880089,-0.002372641804734843
2018-10-10,167808.34338805213,-5816.50105836225,-0.03350039608045485
2018-10-11,164540.66571635276,-3267.6776716993772,-0.019472677017870144
2018-10-12,167078.13600326108,2537.4702869083267,0.015421538960360026
2018-10-15,165787.5444257252,-1290.5915775358735,-0.0077244791473534136
2018-10-16,170043.5765534259,4256.032127700688,0.02567160363248777
2018-10-17,169570.7965123294,-472.7800410964992,-0.0027803463716723487
2018-10-18,166644.11842857132,-2926.6780837580736,-0.01725932851618872
2018-10-19,166571.4204882999,-72.69794027143507,-0.00043624666119013167
2018-10-22,165043.61428211944,-1527.8062061804521,-0.009172078869842948
2018-10-23,163256.8663521292,-1786.7479299902334,-0.01082591373051267
2018-10-24,157555.95515348628,-5700.91119864292,-0.03491988622608133
2018-10-25,161255.54365973634,3699.58850625006,0.023481108680697194
2018-10-26,158878.8394207556,-2376.7042389807466,-0.014738744386957658
2018-10-29,158229.76510278173,-649.0743179738638,-0.004085341511432694
2018-10-30,160100.7812168426,1871.0161140608543,0.011824678579567482
2018-10-31,163277.2188631762,3176.437646333623,0.019840238268615362
2018-11-01,164727.02950927342,1449.8106460972049,0.008879442314069008
2018-11-02,163215.62506317132,-1511.4044461020967,-0.009175206100690447
2018-11-05,163769.18680349528,553.5617403239594,0.0033915977107565887
2018-11-06,164994.61826990522,1225.4314664099365,0.007482674185103733
2018-11-07,169836.1657049058,4841.547435000597,0.029343668816401047
2018-11-08,169619.8264876897,-216.3392172161257,-0.001273811242253453
2018-11-09,166983.56855138385,-2636.257936305832,-0.015542156780222638
2018-11-12,161965.2611123845,-5018.307438999356,-0.030052702086403982
2018-11-13,161715.14348565953,-250.11762672496843,-0.0015442671163381494
2018-11-14,159634.55712496385,-2080.5863606956846,-0.01286574847506583
2018-11-15,162111.67819801575,2477.1210730519088,0.015517448838554326
2018-11-16,163088.18863490855,976.5104368928005,0.006023689642519203
2018-11-19,160271.0942219713,-2817.0944129372656,-0.017273442280014817
2018-11-20,156784.60840351862,-3486.4858184526674,-0.02175367826230712
2018-11-21,156865.75385377344,81.14545025481493,0.0005175600531268643
2018-11-23,155585.7481147832,-1280.0057389902358,-0.008159880072889814
2018-11-26,158760.0049511915,3174.2568364083127,0.020401976883297257
2018-11-27,159593.76752382913,833.7625726376136,0.005251716721059285
2018-11-28,164321.32313957802,4727.55561574889,0.029622432561741574
2018-11-29,163409.60260968833,-911.7205298896879,-0.00554840061210593
2018-11-30,165237.47565609298,1827.873046404653,0.011185836188406961
2018-12-03,166981.1945316225,1743.7188755295065,0.010552805098273721
2018-12-04,160512.9698766659,-6468.224654956575,-0.0387362461569386
2018-12-06,160171.20195538912,-341.767921276798,-0.0021292230873268814
2018-12-07,155752.43155445735,-4418.770400931768,-0.027587795727239905
2018-12-10,155861.01417582328,108.58262136593112,0.0006971488039206886
2018-12-11,155449.34764849572,-411.66652732755756,-0.002641241169284103
2018-12-12,156563.64528946235,1114.2976409666298,0.007168236199268652
2018-12-13,156852.80581779714,289.160528334789,0.0018469200036839162
2018-12-14,154143.1416506084,-2709.6641671887483,-0.01727520367303048
2018-12-17,151178.7056800408,-2964.4359705676034,-0.019231708519909407
2018-12-18,151465.23098556744,286.5253055266512,0.0018952755564203283
2018-12-19,149634.8789892742,-1830.3519962932332,-0.012084304657797307
2018-12-20,147299.7971105774,-2335.081878696801,-0.015605197761841216
2018-12-21,143362.82790356167,-3936.9692070157325,-0.026727594227847207
2018-12-24,139981.13588647216,-3381.6920170895173,-0.023588346202017885
2018-12-26,147846.33905289829,7865.20316642613,0.0561875935397822
2018-12-27,149388.006595681,1541.6675427827286,0.010427498933410329
2018-12-28,148769.96851605002,-618.038079630991,-0.004137133185689534
2018-12-31,150666.62836422946,1896.6598481794354,0.012748942996346768
2019-01-02,150554.55034501577,-112.0780192136881,-0.0007438808476071257
2019-01-03,145704.48308794934,-4850.067257066432,-0.03221468395310445
2019-01-04,150967.68861289634,5263.2055249469995,0.03612246798041241
2019-01-07,151821.9770458883,854.2884329919762,0.005658750165954407
2019-01-08,152787.39877989655,965.4217340082396,0.006358906350669047
2019-01-09,153835.50289280328,1048.1041129067307,0.006859885836636437
2019-01-10,154482.09653133876,646.5936385354726,0.004203149639560255
2019-01-11,154117.87004203114,-364.2264893076208,-0.0023577262186736947
2019-01-14,153656.66146289452,-461.20857913661166,-0.002992570420359608
2019-01-15,155192.1140844186,1535.4526215240767,0.009992750115131566
2019-01-16,157566.84946099075,2374.735376572149,0.015301907513679325
2019-01-17,158368.2989573538,801.4494963630568,0.0050864093500928576
2019-01-18,160800.52688736474,2432.2279300109367,0.015358047955455367
2019-01-22,158336.6861808468,-2463.840706517949,-0.015322342247322318
2019-01-23,158380.68540266214,43.9992218153493,0.0002778839375550124
2019-01-24,158573.07984227582,192.39443961367942,0.0012147594836109388
2019-01-25,160464.25943663757,1891.1795943617471,0.01192623360940459
2019-01-28,157553.5805059134,-2910.678930724156,-0.018139110484434617
2019-01-29,157349.7322003563,-203.84830555712688,-0.0012938348014850387
2019-01-30,159783.5068777934,2433.774677437119,0.015467294690645783
2019-01-31,159370.81141709484,-412.69546069856733,-0.0025828414256435783
2019-02-01,159507.15657932425,136.34516222940874,0.0008555215413479367
2019-02-04,160735.38472104925,1228.2281417250051,0.007700144420254906
2019-02-05,161533.61233297893,798.227611929673,0.00496609762259248
2019-02-06,161112.50149680645,-421.1108361724764,-0.0026069548627712935
2019-02-07,159330.43510067323,-1782.0663961332175,-0.011061006312837462
2019-02-08,158793.84992516783,-536.5851755054027,-0.003367750644541756
2019-02-11,158137.0207172614,-656.8292079064413,-0.004136364274913484
2019-02-12,160694.33258183335,2557.311864571966,0.016171493891643962
2019-02-13,161348.44219504806,654.1096132147068,0.0040705207377591535
2019-02-14,160893.45348454846,-454.98871049960144,-0.002819913872794566
2019-02-15,163776.98058904588,2883.5271044974215,0.017921966631006203
2019-02-19,163552.0759467299,-224.9046423159889,-0.0013732372004117144
2019-02-20,164201.18707496586,649.1111282359634,0.003968834540794219
2019-02-21,163684.87597895472,-516.3110960111371,-0.0031443810194589084
2019-02-22,164618.85097375404,933.9749947993259,0.005705933362587512
2019-02-25,165594.48213163516,975.6311578811146,0.005926606534488954
2019-02-26,165203.62976766043,-390.8523639747291,-0.0023602982354450353
2019-02-27,164288.78554605323,-914.8442216071999,-0.005537676278020154
2019-02-28,163289.78040856495,-999.0051374882751,-0.006080787158830314
2019-03-01,164209.15047868763,919.3700701226771,0.005630297669715345
2019-03-04,162939.59846317142,-1269.5520155162085,-0.00773131102508795
2019-03-05,163037.30648154876,97.70801837733597,0.0005996579057447882
2019-03-06,161777.8048409931,-1259.5016405556526,-0.0077252358232390295
2019-03-07,160244.66693138762,-1533.137909605488,-0.009476812416340796
2019-03-08,160371.37759790046,126.71066651283763,0.0007907325026117462
2019-03-11,163009.1844046787,2637.806806778244,0.016448114659163293
2019-03-12,163792.92196369154,783.7375590128358,0.004807934975413097
2019-03-13,164910.43048931856,1117.508525627025,0.006822691189761754
2019-03-14,165647.66831610177,737.23782678321,0.00447053485092308
2019-03-15,166703.91002871955,1056.2417126177752,0.006376435740720332
2019-03-18,168138.87345681328,1434.9634280937316,0.008607857055341617
2019-03-19,167776.36298550948,-362.51047130380175,-0.0021560182000203154
2019-03-20,166258.62032368925,-1517.7426618202298,-0.009046224598105668
2019-03-21,168308.49137827675,2049.8710545875074,0.012329412156774744
2019-03-22,164878.92736284,-3429.564015436743,-0.020376654721054654
2019-03-25,164833.56050881167,-45.36685402833973,-0.0002751525301259994
2019-03-26,165209.90280245827,376.34229364659404,0.00228316546997398
2019-03-27,164779.1620403095,-430.74076214878005,-0.0026072333125443103
2019-03-28,165576.42544254314,797.263402233657,0.004838375146237306
2019-03-29,167262.0525242602,1685.6270817170443,0.010180356757985232
2019-04-01,169629.7440423775,2367.6915181173244,0.014155580912615484
2019-04-02,169820.72560713437,190.9815647568612,0.0011258730939849304
2019-04-03,170831.0253279923,1010.2997208579327,0.0059492133085992105
2019-04-04,171267.99500023812,436.9696722458175,0.002557905810181893
2019-04-05,171957.1386272026,689.1436269644764,0.004023773542532139
2019-04-08,172289.6058399331,332.4672127304948,0.001933430710610251
2019-04-09,170933.43104164157,-1356.1747982915258,-0.007871483550502156
2019-04-10,171494.1213086656,560.6902670240379,0.003280167393863609
2019-04-11,170979.639209228,-514.4820994376205,-0.0029999984577409045
2019-04-12,172240.4617213782,1260.8225121502182,0.007374109092646686
2019-04-15,171833.95606080312,-406.50566057508695,-0.002360105497352105
2019-04-16,171587.64152287843,-246.31453792468528,-0.001433445074368933
2019-04-17,172335.8518135434,748.2102906649816,0.004360513869323235
2019-04-18,172688.26749167015,352.4156781267375,0.0020449353655560554
2019-04-22,172533.3064647458,-154.96102692434215,-0.0008973454258078828
2019-04-23,173950.06285545602,1416.7563907102158,0.008211495042551142
2019-04-24,173058.448384527,-891.6144709290238,-0.0051256921457389915
2019-04-25,173520.9788439913,462.53045946429484,0.0026726834996033677
2019-04-26,174747.18942087464,1226.2105768833426,0.007066641653663108
2019-04-29,175497.7321660141,750.5427451394498,0.004295020409923689
2019-04-30,175196.3259567613,-301.4062092527747,-0.0017174364906759054
2019-05-01,174223.50901076023,-972.8169460010831,-0.005552724583055335
2019-05-02,173603.85307612925,-619.6559346309805,-0.0035566723351480034
2019-05-03,175183.05825614632,1579.2051800170739,0.009096602132007803
2019-05-06,174833.3103839636,-349.74787218272104,-0.001996470866899358
2019-05-07,171650.4393909355,-3182.870993028104,-0.01820517489509277
2019-05-08,171188.6400967574,-461.7992941781122,-0.0026903472884585167
2019-05-09,170813.2411950451,-375.3989017122949,-0.0021928961028028215
2019-05-10,171293.73790821273,480.4967131676385,0.0028129945302013404
2019-05-13,166673.72771351322,-4620.010194699513,-0.02697127315404335
2019-05-14,168115.24876084624,1441.5210473330226,0.008648759868206568
2019-05-15,169034.98647529993,919.7377144536877,0.005470876206845832
2019-05-16,170324.0787273423,1289.0922520423774,0.007626186027652526
2019-05-17,169690.58579317003,-633.4929341722745,-0.0037193386801543937
2019-05-20,169026.72813806648,-663.8576551035512,-0.003912165498165643
2019-05-21,170383.36094731512,1356.6328092486365,0.008026143700424093
2019-05-22,169530.1160366618,-853.2449106533022,-0.005007794809947064
2019-05-23,167978.02594938365,-1552.090087278164,-0.009155247006039424
2019-05-24,168637.58164567212,659.555696288473,0.003926440333851922
2019-05-28,166993.08470486666,-1644.4969408054603,-0.009751663447479575
2019-05-29,166320.90931470814,-672.175390158518,-0.004025169014312602
2019-05-30,166566.19907993992,245.28976523177698,0.0014747981251572728
2019-05-31,164532.59906457888,-2033.6000153610366,-0.012208959720483636
2019-06-03,164148.82436572824,-383.77469885064056,-0.002332514656867568
2019-06-04,167973.46314223247,3824.638776504231,0.023299824359282795
2019-06-05,169610.1490012793,1636.6858590468182,0.009743716825442617
2019-06-06,170351.96181574935,741.8128144700604,0.004373634589899922
2019-06-07,172176.0197886668,1824.0579729174497,0.010707584189082242
2019-06-10,173531.88131448693,1355.8615258201316,0.007874856948629327
2019-06-11,173674.7211476593,142.83983317235834,0.0008231330870751563
2019-06-12,173161.60181441263,-513.1193332466646,-0.002954484854536865
2019-06-13,173604.33050493005,442.728690517426,0.0025567370934342915
2019-06-14,174009.05615414472,404.72564921466983,0.0023313107918305764
2019-06-17,174357.50346091817,348.4473067734507,0.0020024665064832803
2019-06-18,176473.30944583955,2115.805984921375,0.012134871989582185
2019-06-19,177212.6799951777,739.3705493381422,0.004189701840238147
2019-06-20,178623.55550976098,1410.8755145832838,0.00796148173269362
2019-06-21,178837.55220612016,213.9966963591869,0.0011980317811302044
2019-06-24,178369.2912661041,-468.2609400160727,-0.0026183591434777442
2019-06-25,176772.3171041921,-1596.9741619119886,-0.008953190039475478
2019-06-26,176840.55841488167,68.24131068956922,0.00038604070935699397
2019-06-27,177582.9913117981,742.4328969164344,0.004198317985258937
2019-06-28,178653.10412945718,1070.1128176590719,0.006025987115963138
2019-07-01,180329.33793407818,1676.2338046210061,0.009382617854802877
2019-07-02,180800.47155098256,471.13361690437887,0.0026126287730097175
2019-07-03,181793.48918157842,993.0176305958594,0.005492339826756787
2019-07-05,181742.04626407794,-51.44291750047705,-0.0002829744768751974
2019-07-08,180691.58000727912,-1050.466256798827,-0.0057799847552748584
2019-07-09,180769.30717631092,77.72716903180117,0.00043016486450930813
2019-07-10,180907.44299911454,138.13582280362607,0.0007641552925181649
2019-07-11,182520.9457330092,1613.502733894653,0.008918940576162715
2019-07-12,184212.47635416448,1691.5306211552816,0.00926759728513371
2019-07-15,184486.74915174465,274.2727975801681,0.0014888937112644829
2019-07-16,184411.33895950127,-75.41019224337651,-0.0004087566862666092
2019-07-17,183041.26225808816,-1370.0767014131125,-0.007429460190156778
2019-07-18,183286.70860952506,245.4463514368981,0.0013409345434409747
2019-07-19,182166.8322739059,-1119.876335619163,-0.00610997024342308
2019-07-22,182447.60371450652,280.7714406006271,0.0015412873852824749
2019-07-23,183857.525021503,1409.9213069964899,0.00772781488104779
2019-07-24,183737.7369297085,-119.78809179450036,-0.0006515267285388537
2019-07-25,183064.6786525013,-673.058277207223,-0.003663146659222849
2019-07-26,184219.8337343876,1155.1550818863034,0.006310092642606735
2019-07-29,184399.67974325403,179.8460088664433,0.0009762575788976324
2019-07-30,183826.8017349692,-572.8780082848389,-0.003106719106467426
2019-07-31,183258.15139923515,-568.6503357340407,-0.0030934027593750857
2019-08-01,181131.9839214013,-2126.167477833864,-0.011602034952333029
2019-08-02,180178.95410754508,-953.0298138562066,-0.005261521423349236
2019-08-05,174253.90645592133,-5925.047651623754,-0.03288423823399045
2019-08-06,176943.61128040418,2689.7048244828475,0.015435549648140645
2019-08-07,176781.86304041513,-161.7482399890432,-0.0009141230859853744
2019-08-08,179356.5631549296,2574.700114514475,0.014564277523910096
2019-08-09,179701.47114199577,344.90798706616624,0.0019230296399481706
2019-08-12,177927.46688999853,-1774.0042519972485,-0.009871951747103203
2019-08-13,180879.63596716855,2952.1690771700232,0.016591980590580535
2019-08-14,175111.0487933208,-5768.5871738477435,-0.03189185528267424
2019-08-15,175815.75185673765,704.7030634168477,0.004024320956746763
2019-08-16,178475.37519751908,2659.623340781429,0.015127332521085002
2019-08-19,180373.99281954186,1898.617622022779,0.010637980841455397
2019-08-20,179704.58002868487,-669.4127908569935,-0.0037112489466634146
2019-08-21,180969.65398091276,1265.073952227889,0.007039742404038707
2019-08-22,180632.27670296136,-337.37727795139654,-0.001864275421485706
2019-08-23,175927.00114111687,-4705.2755618444935,-0.02604891909535101
2019-08-26,178336.7880628976,2409.786921780731,0.01369765247034338
2019-08-27,177240.68010398594,-1096.1079589116562,-0.006146280701910256
2019-08-28,178590.32614059624,1349.6460366102983,0.007614764487579695
2019-08-29,181358.03742254383,2767.711281947588,0.015497543129904479
2019-08-30,182039.3204995601,681.2830770162691,0.0037565640139176626
2019-09-03,179662.35104611254,-2376.9694534475566,-0.013057450703093054
2019-09-04,181410.31336338958,1747.962317277037,0.00972915197368418
2019-09-05,184661.8645964839,3251.551233094331,0.01792373968607297
2019-09-06,185006.14648003515,344.2818835512444,0.0018643908113002983
2019-09-09,185303.18710490587,297.04062487071496,0.0016055716554410626
2019-09-10,185019.19388257663,-283.9932223292417,-0.0015325868203683868
2019-09-11,185971.39617594445,952.2022933678236,0.005146505469979301
2019-09-12,186390.2110525627,418.8148766182421,0.0022520392126432753
2019-09-13,186911.75592763882,521.5448750761279,0.0027981344735377167
2019-09-16,185945.55729448714,-966.1986331516819,-0.005169276958297608
2019-09-17,186020.33228817233,74.77499368519057,0.00040213380073805816
2019-09-18,186012.93651789788,-7.395770274451934,-3.9757859710665144e-05
2019-09-19,185973.7622938211,-39.174224076763494,-0.00021059946050039358
2019-09-20,184555.5524464011,-1418.2098474200175,-0.007625859852097738
2019-09-23,184643.21043404506,87.65798764396459,0.0004749680325626393
2019-09-24,182765.6409489972,-1877.5694850478612,-0.010168635394901426
2019-09-25,183774.63425404945,1008.9933050522523,0.005520694698484485
2019-09-26,183144.1071659456,-630.527088103845,-0.0034309799644721695
2019-09-27,182770.73558693664,-373.3715790089627,-0.002038676454223287
2019-09-30,183280.13697887296,509.4013919363206,0.0027871058804926907
2019-10-01,181508.04369069825,-1772.093288174714,-0.00966876889872137
2019-10-02,177910.41521553666,-3597.6284751615894,-0.01982076607740968
2019-10-03,178722.5162645989,812.101049062243,0.004564662771869621
2019-10-04,181786.76619480024,3064.249930201331,0.017145293129516626
2019-10-07,181308.67485185826,-478.0913429419743,-0.0026299568057096545
2019-10-08,179121.8033131247,-2186.8715387335687,-0.012061593525629077
2019-10-09,180718.22993250762,1596.4266193829244,0.008912519804147978
2019-10-10,182639.32174193405,1921.0918094264343,0.010630315547822233
2019-10-11,185435.71604446677,2796.394302532717,0.01531101997019002
2019-10-14,185667.371846712,231.65580224522273,0.0012492512617670037
2019-10-15,188852.98507221314,3185.613225501147,0.017157636227711714
2019-10-16,188106.27871208158,-746.7063601315604,-0.003953902872364079
2019-10-17,188793.96537555617,687.6866634745966,0.00365584109250916
2019-10-18,188599.64574201548,-194.3196335406974,-0.0010292682456992663
2019-10-21,189950.21583680587,1350.570094790397,0.007161042585614563
2019-10-22,188718.07279736464,-1232.143039441231,-0.006486663013322458
2019-10-23,189353.70470742558,635.6319100609398,0.00336815600455731
2019-10-24,189548.4766577093,194.77195028372807,0.001028614415464757
2019-10-25,191324.57894841963,1776.102290710318,0.009370174437843826
2019-10-28,193047.7861638012,1723.2072153815825,0.009006721587225597
2019-10-29,192888.2628630122,-159.5233007890056,-0.0008263410006351668
2019-10-30,193537.90312790553,649.640264893329,0.00336796161285724
2019-10-31,193143.44454526753,-394.4585826380062,-0.0020381464109245906
2019-11-01,196273.5940443638,3130.1494990962674,0.016206346047445752
2019-11-04,196354.93416756878,81.34012320498005,0.00041442214170994696
2019-11-05,195812.15678708392,-542.7773804848548,-0.002764266570564722
2019-11-06,196142.2159502189,330.05916313498165,0.0016855907648976043
2019-11-07,197948.21404909645,1805.9980988775496,0.009207595061207607
2019-11-08,198830.9682620752,882.7542129787616,0.004459520977339038
2019-11-11,198322.34441127902,-508.6238507961971,-0.002558071588354305
2019-11-12,198453.92042024972,131.5760089707037,0.0006634452076557107
2019-11-13,198159.31156756007,-294.6088526896492,-0.0014845201952462528
2019-11-14,198384.229349533,224.91778197293752,0.001135035140128915
2019-11-15,200624.076398328,2239.847048794996,0.011290449125613833
2019-11-18,201133.77792325008,509.70152492207126,0.002540580044391616
2019-11-19,200929.6774122724,-204.10051097767428,-0.001014750048873192
2019-11-20,199741.64132127332,-1188.036090999085,-0.005912695955617608
2019-11-21,199755.53555227502,13.894231001700973,6.95610134662239e-05
2019-11-22,200409.7033054723,654.1677531972819,0.0032748416777972356
2019-11-25,202646.68419357433,2236.980888102029,0.011162038819509279
2019-11-26,203044.90522021637,398.2210266420443,0.0019651001358682585
2019-11-27,203772.80449193303,727.8992717166548,0.003584917685707012
2019-11-29,203134.71013747857,-638.0943544544571,-0.0031314009543393917
2019-12-02,201139.64116820632,-1995.0689692722517,-0.009821408502377671
2019-12-03,198924.92298014273,-2214.718188063591,-0.011010848857046063
2019-12-04,200264.8720041933,1339.9490240505838,0.006735953464133582
2019-12-05,201009.26501761578,744.3930134224647,0.0037170423648080764
2019-12-06,203195.91421729457,2186.6491996787954,0.010878350306326334
2019-12-09,202570.35570289794,-625.5585143966309,-0.003078597898025004
2019-12-10,202821.29668757808,250.94098468014272,0.0012387843414176647
2019-12-11,202728.33953311606,-92.95715446202666,-0.0004583204820212128
2019-12-12,205051.91968558906,2323.580152473005,0.011461545819515084
2019-12-13,205714.51776560541,662.5980800163525,0.0032313673582393676
2019-12-16,207959.0857631055,2244.5679975000967,0.010911082124294147
2019-12-17,208514.06721134007,554.9814482345537,0.002668704982030645
2019-12-18,208303.21715121897,-210.85006012109807,-0.0010112030470701416
2019-12-19,208661.5225596477,358.30540842874325,0.0017201146162262315
2019-12-20,209282.4614010196,620.9388413718843,0.0029758186068751247
2019-12-23,209672.1668778152,389.70547679561423,0.0018621028928405003
2019-12-24,209688.20933172235,16.042453907139134,7.651208143655275e-05
2019-12-26,211048.16226744818,1359.9529357258289,0.006485595637732766
2019-12-27,211073.48197726323,25.31970981505583,0.0001199712404174047
2019-12-30,210045.93461570673,-1027.5473615564988,-0.0048681973307627135
2019-12-31,210627.33510472692,581.4004890201904,0.0027679683021901713
2020-01-02,212941.63713212346,2314.3020273965376,0.010987662291059408
2020-01-03,210964.0143492303,-1977.6227828931587,-0.009287158723524369
2020-01-06,211755.22392452505,791.2095752947498,0.003750448045537258
2020-01-07,210136.98813240908,-1618.235792115971,-0.007642011196345999
2020-01-08,212725.01039978839,2588.0222673793032,0.012315881608375268
2020-01-09,214494.71320404348,1769.7028042550955,0.008319204220176957
2020-01-10,213670.1266890505,-824.5865149929887,-0.0038443209283605118
2020-01-13,214382.38810200806,712.2614129575668,0.0033334627727070743
2020-01-14,214716.25753678242,333.8694347743585,0.0015573547702785184
2020-01-15,215711.9717519119,995.7142151294684,0.004637348967201138
2020-01-16,218151.9724456098,2440.000693697919,0.011311382830917482
2020-01-17,219713.55534419563,1561.5828985858243,0.0071582341478722
2020-01-21,218876.08372092317,-837.4716232724604,-0.0038116520483248983
2020-01-22,218546.85231301977,-329.23140790339676,-0.0015041908750669242
2020-01-23,217241.74022215212,-1305.112090867653,-0.005971772537809783
2020-01-24,214219.30783902996,-3022.4323831221554,-0.013912760871973351
2020-01-27,210528.80032153561,-3690.5075174943486,-0.017227707225473288
2020-01-28,213278.91389642202,2750.1135748864035,0.013062885318712691
2020-01-29,213764.35749234565,485.4435959236289,0.0022760974681228507
2020-01-30,215099.59247927018,1335.2349869245372,0.00624629382834474
2020-01-31,208651.8935454418,-6447.698933828389,-0.02997541213124233
2020-02-03,210145.57177785365,1493.678232411854,0.007158709211936953
2020-02-04,214129.97100972585,3984.399231872201,0.01896018649436093
2020-02-05,218462.54880193737,4332.577792211523,0.020233402039804727
2020-02-06,218677.2957684824,214.7469665450335,0.000982992131707272
2020-02-07,216687.35283301282,-1989.9429354695894,-0.009099906455658613
2020-02-10,217888.90942439807,1201.5565913852479,0.0055451163885471555
2020-02-11,217994.5477898763,105.63836547822575,0.0004848267209069945
2020-02-12,220153.08948290875,2158.5416930324573,0.009901815044993878
2020-02-13,219804.1243392595,-348.9651436492568,-0.0015851021871593485
2020-02-14,220026.18203152288,222.0576922633918,0.0010102526189210703
2020-02-18,218785.10007435145,-1241.0819571714383,-0.005640610338789709
2020-02-19,220207.0505227548,1421.9504484033678,0.006499302045340993
2020-02-20,218945.1787198036,-1261.8718029512092,-0.005730387832522221
2020-02-21,217098.92060947427,-1846.2581103293342,-0.008432513203189052
2020-02-24,209217.10581812676,-7881.814791347511,-0.036305177240036235
2020-02-25,202482.68476227808,-6734.421055848681,-0.03218867324215324
2020-02-26,202533.9314198973,51.2466576192237,0.0002530915553564661
2020-02-27,193059.7251541489,-9474.206265748391,-0.046778365478455486
2020-02-28,191110.07861920353,-1949.6465349453792,-0.01009867041605228
2020-03-02,202376.81770066186,11266.739081458334,0.05895418579104805
2020-03-03,196048.98487692987,-6327.832823731995,-0.03126757746083142
2020-03-04,205374.88782125423,9325.902944324363,0.04756924882920832
2020-03-05,198831.94512262227,-6542.9426986319595,-0.031858533280497925
2020-03-06,195022.74748049068,-3809.197642131592,-0.01915787546001424
2020-03-09,179018.9007897643,-16003.84669072638,-0.08206143589648351
2020-03-10,188586.72539751776,9567.824607753457,0.05344589071625294
2020-03-11,180122.51362414166,-8464.211773376097,-0.04488233069180547
2020-03-12,163274.91835917247,-16847.59526496919,-0.09353408924841433
2020-03-13,181287.8996554557,18012.981296283222,0.1103230151777399
2020-03-16,155828.64123816832,-25459.258417287376,-0.14043550874423294
2020-03-17,166759.08968901294,10930.448450844618,0.07014402720831359
2020-03-18,154998.48540364395,-11760.604285368987,-0.0705245171780513
2020-03-19,157889.06571998002,2890.580316336069,0.018649087497909944
2020-03-20,150839.65366846832,-7049.412051511696,-0.04464787994891295
2020-03-23,147220.9196138831,-3618.7340545852203,-0.023990601718954285
2020-03-24,163297.81539076878,16076.895776885678,0.1092025224339761
2020-03-25,164690.62653237526,1392.8111416064785,0.00852926990035674
2020-03-26,174715.56343630387,10024.93690392861,0.060871326529065684
2020-03-27,168630.90322056477,-6084.660215739103,-0.034826091597486064
2020-03-30,174911.15234728184,6280.24912671707,0.03724257539261755
2020-03-31,171708.52452540028,-3202.627821881557,-0.01831002642714752
2020-04-01,163825.8929837452,-7882.631541655079,-0.04590704837422921
2020-04-02,168553.00826940985,4727.115285664651,0.028854506449317308
2020-04-03,164578.1340826778,-3974.8741867320496,-0.023582339037098277
2020-04-06,176132.0730059593,11553.938923281501,0.07020336563955243
2020-04-07,177097.09976425237,965.0267582930683,0.005478995062190739
2020-04-08,184328.09729673297,7230.9975324806,0.04083069424686414
2020-04-09,187524.96448796178,3196.867191228812,0.017343352631055797
2020-04-13,183499.78074228915,-4025.1837456726353,-0.021464788737133866
2020-04-14,187896.6601320244,4396.879389735259,0.02396122421481439
2020-04-15,183526.83115148236,-4369.82898054205,-0.02325655483962097
2020-04-16,184925.05385583141,1398.2227043490566,0.007618628271279793
2020-04-17,190025.98659271497,5100.932736883551,0.027583783973696985
2020-04-20,186091.23619949014,-3934.750393224822,-0.020706380552351633
2020-04-21,180834.64241481942,-5256.593784670724,-0.028247401070707334
2020-04-22,183438.23906391306,2603.5966490936407,0.01439766526106867
2020-04-23,183801.77250889406,363.5334449810034,0.0019817757019262583
2020-04-24,187120.6853436093,3318.9128347152437,0.01805702300588341
2020-04-27,190783.0959788902,3662.4106352808885,0.019572452017026398
2020-04-28,189950.42251256012,-832.673466330074,-0.004364503375195339
2020-04-29,194502.15151439526,4551.729001835134,0.023962721122845476
2020-04-30,192711.16270560474,-1790.9888087905128,-0.009208066825204031
2020-05-01,187201.17595356808,-5509.986752036668,-0.028591943895092342
2020-05-04,187776.5133602756,575.3374067075201,0.003073364276569679
2020-05-05,190046.39758893853,2269.884228662937,0.012088222259766024
2020-05-06,188688.540300923,-1357.8572880155407,-0.007144872542927727
2020-05-07,190576.6510212918,1888.1107203688007,0.010006493862094734
2020-05-08,193824.6829721681,3248.0319508763205,0.017043178865145725
2020-05-11,193426.57385634453,-398.1091158235795,-0.002053965004450653
2020-05-12,189352.6592863199,-4073.9145700246445,-0.021061814252318234
2020-05-13,185629.77739905764,-3722.8818872622505,-0.019661101678180692
2020-05-14,188889.42915574473,3259.65175668709,0.01755996156629358
2020-05-15,189796.1853887552,906.7562330104702,0.004800460444310151
2020-05-18,195523.9208580293,5727.735469274106,0.030178348724670734
2020-05-19,192004.61261535625,-3519.3082426730543,-0.017999374333478313
2020-05-20,195083.4069138692,3078.7942985129484,0.016035001745925204
2020-05-21,194297.54634854032,-785.8605653288832,-0.004028331152099662
2020-05-22,194642.4424929221,344.8961443817825,0.0017750926394257682
2020-05-26,199009.35279974967,4366.910306827573,0.022435550288505857
2020-05-27,204325.35781893143,5316.005019181757,0.026712337608227443
2020-05-28,202887.08543214554,-1438.2723867858876,-0.007039128193087274
2020-05-29,202876.32343742315,-10.76199472238659,-5.3044257102285997e-05
2020-06-01,203830.38958371885,954.0661462956923,0.0047026983244300435
2020-06-02,205941.925641166,2111.5360574471415,0.010359279898152218
2020-06-03,208899.6428865945,2957.717245428503,0.014361899531725397
2020-06-04,209301.78556950204,402.1426829075499,0.0019250520362348311
2020-06-05,216355.1104827332,7053.324913231161,0.033699305976006455
2020-06-08,218499.17796567624,2144.0674829430354,0.009909946098149325
2020-06-09,217414.98038932413,-1084.197576352104,-0.004962021305738862
2020-06-10,216129.14983313167,-1285.8305561924644,-0.005914176446765174
2020-06-11,201550.22742184292,-14578.922411288746,-0.06745467893870305
2020-06-12,204681.6990568027,3131.471634959773,0.015536929305495883
2020-06-15,206287.63900197027,1605.9399451675708,0.007846035833041887
2020-06-16,211116.33533309406,4828.696331123792,0.02340758929854103
2020-06-17,209764.92284999928,-1351.412483094784,-0.006401269143681221
2020-06-18,209943.26996489213,178.3471148928511,0.0008502237288756653
2020-06-19,209636.111932033,-307.1580328591226,-0.00146305253276513
2020-06-22,210706.84025419905,1070.7283221660473,0.005107556671883007
2020-06-23,212684.14732761576,1977.3070734167122,0.009384161762528764
2020-06-24,207217.74113954057,-5466.406188075198,-0.025701991694072168
2020-06-25,211090.11963444253,3872.378494901961,0.018687485316685848
2020-06-26,204171.94385548416,-6918.175778958364,-0.03277356510545826
2020-06-29,207073.579234326,2901.6353788418346,0.014211724314559415
2020-06-30,210171.0559566646,3097.476722338615,0.014958338643644487
2020-07-01,211494.08754315885,1323.0315864942386,0.006295022787376814
2020-07-02,212524.02467017894,1029.9371270200936,0.0048698152226591684
2020-07-06,216266.21819477208,3742.193524593138,0.017608331718734993
2020-07-07,212448.1775823568,-3818.040612415294,-0.017654355101251684
2020-07-08,214463.42578757103,2015.248205214244,0.009485834278023075
2020-07-09,211782.7108951884,-2680.714892382646,-0.012499636628195643
2020-07-10,214876.44688047384,3093.735985285457,0.014608066787928475
2020-07-13,215524.5286206231,648.0817401492677,0.003016066905228376
2020-07-14,220589.30744347553,5064.778822852415,0.023499779144710242
2020-07-15,221769.70879552764,1180.4013520521112,0.005351126787297211
2020-07-16,221256.52813862282,-513.1806569048204,-0.0023140250293514075
2020-07-17,220599.94465807793,-656.5834805448831,-0.002967521392785777
2020-07-20,221707.5944539328,1107.6497958548716,0.005021079210022927
2020-07-21,221940.01162639167,232.41717245886684,0.0010483049668701394
2020-07-22,222551.94347397477,611.9318475830951,0.0027571948072762087
2020-07-23,218637.87857689112,-3914.0648970836482,-0.01758719710996981
2020-07-24,217580.10041358872,-1057.7781633023988,-0.004838037078421453
2020-07-27,219003.08573102034,1422.9853174316231,0.00654005267359814
2020-07-28,217835.93581424857,-1167.1499167717702,-0.005329376583329326
2020-07-29,219904.0544156049,2068.118601356342,0.009493927591083251
2020-07-30,217724.2420969416,-2179.8123186633165,-0.00991256084139136
2020-07-31,218211.5449026605,487.3028057189076,0.0022381651258749358
2020-08-03,220229.54325342758,2017.9983507670695,0.00924789910482171
2020-08-04,219916.40922724552,-313.13402618205873,-0.001421852951952629
2020-08-05,222387.15066958373,2470.7414423382143,0.011234911714955942
2020-08-06,223747.9437745301,1360.7931049463805,0.006119027564538637
2020-08-07,224555.6879725975,807.7441980673757,0.003610063111379125
2020-08-10,226573.8495787882,2018.1616061907262,0.008987354648691825
2020-08-11,226063.47597106572,-510.3736077224894,-0.0022525706681123525
2020-08-12,228926.7903008568,2863.3143297910865,0.012665974976681094
2020-08-13,228252.7301709836,-674.0601298732217,-0.002944435332305928
2020-08-14,228005.60915673466,-247.121014248929,-0.0010826640017134181
2020-08-17,227243.01644100237,-762.5927157322876,-0.0033446226106134125
2020-08-18,226099.30043523104,-1143.7160057713336,-0.005033008378799941
2020-08-19,225704.66148194132,-394.6389532897156,-0.001745423150492087
2020-08-20,226018.00035408177,313.3388721404481,0.0013882693874514018
2020-08-21,227348.41679892706,1330.4164448452939,0.005886329596585416
2020-08-24,229988.22750618088,2639.8107072538114,0.011611300155164539
2020-08-25,231596.70898414848,1608.481477967609,0.006993755703971427
2020-08-26,232631.94751741862,1035.2385332701379,0.004470005371885355
2020-08-27,235164.99649193403,2533.0489745154046,0.010888654810946585
2020-08-28,235561.76727777816,396.7707858441281,0.0016872017169347053
2020-08-31,234481.8624612346,-1079.904816543567,-0.00458438068716871
2020-09-01,236013.81530728,1531.952846045402,0.006533353283555865
2020-09-02,239738.34128752226,3724.525980242266,0.015780965937918
2020-09-03,232014.86091734335,-7723.480370178906,-0.03221629184843655
2020-09-04,231933.5615753037,-81.2993420396524,-0.00035040575296862997
2020-09-08,225362.85705681067,-6570.704518493032,-0.02833011520137274
2020-09-09,229951.5370272319,4588.679970421246,0.020361296578985444
2020-09-10,225654.22744049458,-4297.309586737334,-0.01868789242416946
2020-09-11,226920.46387170767,1266.2364312130958,0.00561140132660265
2020-09-14,229907.9407261978,2987.4768544901162,0.013165303840464215
2020-09-15,228383.0814538644,-1524.859272333386,-0.0066324776235083815
2020-09-16,227938.37788036707,-444.7035734973324,-0.001947182648847634
2020-09-17,226583.97661952028,-1354.4012608467892,-0.00594196235597344
2020-09-18,224701.83047530035,-1882.146144219936,-0.008306616259014743
2020-09-21,221211.1162449114,-3490.714230388956,-0.015534872248282205
2020-09-22,222227.1518761347,1016.0356312233198,0.004593058651258808
2020-09-23,217115.23425737274,-5111.917618761974,-0.02300311899605889
2020-09-24,218563.42479024854,1448.1905328758003,0.006670147020448436
2020-09-25,221631.98015673243,3068.5553664838953,0.014039656312252236
2020-09-28,225114.03013082917,3482.0499740967352,0.015710954581709347
2020-09-29,223739.62619751884,-1374.4039333103283,-0.006105367721912169
2020-09-30,227142.6369730483,3403.0107755294594,0.015209691878743214
2020-10-01,227586.36660587916,443.72963283085846,0.001953528578976238
2020-10-02,226145.23564690043,-1441.130958978727,-0.0063322376488148535
2020-10-05,231084.2618853651,4939.026238464663,0.021840063198043103
2020-10-06,227867.27603443174,-3216.985850933357,-0.013921267613322907
2020-10-07,232154.8304503015,4287.554415869759,0.01881601645697417
2020-10-08,232440.33919355995,285.50874325845507,0.0012298203862683987
2020-10-09,234223.76740026718,1783.4282067072345,0.007672627792984388
2020-10-12,238491.6945857826,4267.9271855154075,0.018221580298560802
2020-10-13,236528.12485164794,-1963.5697341346531,-0.008233283500899358
2020-10-14,234933.74988714824,-1594.3749644997006,-0.0067407415735430964
2020-10-15,234813.83964703477,-119.91024011347326,-0.0005104002305802435
2020-10-16,235412.23660873904,598.3969617042749,0.0025483888113400077
2020-10-19,231709.30088760986,-3702.935721129179,-0.015729580477515936
2020-10-20,234242.45460675837,2533.1537191485113,0.010932464555564847
2020-10-21,234242.9823086919,0.5277019335189834,2.252802270286125e-06
2020-10-22,235535.53180737814,1292.5494986862468,0.005517986007294251
2020-10-23,236114.23973819174,578.7079308136017,0.002456987811447764
2020-10-26,230760.72655121546,-5353.5131869762845,-0.02267340247209304
2020-10-27,228420.15924973917,-2340.567301476287,-0.010142832086103781
2020-10-28,221188.52173551652,-7231.637514222646,-0.03165936639732425
2020-10-29,223386.4579480698,2197.9362125532643,0.009936936127189266
2020-10-30,221409.1194875468,-1977.3384605229949,-0.008851648746687535
2020-11-02,225133.80560801228,3724.686120465485,0.016822640951223322
2020-11-03,230327.3037485291,5193.498140516836,0.023068495317666304
2020-11-04,233416.27731064573,3088.9735621166183,0.013411234846430364
2020-11-05,239388.28322335452,5972.005912708788,0.025585216170510794
2020-11-06,237932.32228200365,-1455.9609413508733,-0.00608200585987928
2020-11-09,245673.90081001841,7741.578528014768,0.03253689307011953
2020-11-10,247056.4721612966,1382.571351278195,0.005627668819193632
2020-11-11,247151.16725254562,94.69509124901379,0.00038329330302744324
2020-11-12,244940.34840468422,-2210.818847861403,-0.008945209008874855
2020-11-13,247198.99155738065,2258.6431526964298,0.009221196782837726
2020-11-16,249665.76611731152,2466.774559930869,0.009978902196930095
2020-11-17,247171.77863566563,-2493.9874816458905,-0.009989304983343383
2020-11-18,244823.7641886853,-2348.01444698032,-0.009499524824156058
2020-11-19,244347.78718812455,-475.977000560757,-0.0019441617611676287
2020-11-20,242725.1362550001,-1622.6509331244451,-0.006640743310170283
2020-11-23,244379.5414427145,1654.4051877143793,0.006815961516141833
2020-11-24,248256.98626486363,3877.4448221491475,0.015866487019569275
2020-11-25,247557.6870344289,-699.2992304347281,-0.0028168360574902795
2020-11-27,248159.99948687654,602.3124524476298,0.0024330185810947924
2020-11-30,245620.03047225036,-2539.969014626171,-0.010235207204537744
2020-12-01,248688.4747571604,3068.444284910045,0.012492646788661244
2020-12-02,250101.53573622296,1413.0609790625458,0.005682052537586912
2020-12-03,249457.55581278616,-643.9799234367965,-0.0025748739268678378
2020-12-04,251879.5159613288,2421.9601485426538,0.009708906754302804
2020-12-07,250462.9284057125,-1416.5875556163082,-0.005624068119274073
2020-12-08,251340.61057172331,877.6821660108108,0.0035042398154392362
2020-12-09,250637.79640039665,-702.8141713266668,-0.0027962618922902083
2020-12-10,250135.00992005417,-502.78648034247453,-0.0020060281711832273
2020-12-11,248928.3161384341,-1206.6937816200661,-0.004824169883319129
2020-12-14,248418.1687121839,-510.1474262502161,-0.002049374832739037
2020-12-15,252453.13385105444,4034.9651388705533,0.016242632975631777
2020-12-16,252840.84335805476,387.70950700031244,0.0015357682476979662
2020-12-17,254178.84595003663,1338.0025919818727,0.005291876795740169
2020-12-18,252861.48130595143,-1317.3646440852026,-0.005182825656326107
2020-12-21,255398.07164672058,2536.590340769151,0.010031541093836971
2020-12-22,253119.16310261827,-2278.9085441023053,-0.008922966917520814
2020-12-23,254845.8046379991,1726.641535380826,0.006821457191215519
2020-12-24,256100.50555551634,1254.7009175172425,0.004923372857950303
2020-12-28,258599.2524560178,2498.7469005014573,0.009756899523026386
2020-12-29,257878.89759122898,-720.3548647888238,-0.0027856030438886403
2020-12-30,258447.52567876142,568.6280875324446,0.0022050198478582583
2020-12-31,260455.05458205464,2007.5289032932196,0.007767646055116373
2021-01-04,257542.48936151684,-2912.565220537799,-0.011182602024028765
2021-01-05,258209.97102194023,667.4816604233929,0.0025917341331838095
2021-01-06,263275.6679944231,5065.696972482838,0.019618518031793597
2021-01-07,266900.90991254593,3625.2419181228615,0.013769756794234533
2021-01-08,268123.61674300313,1222.7068304572022,0.004581126496937982
2021-01-11,267196.60098639666,-927.0157566064736,-0.003457419260068484
2021-01-12,268876.6450030396,1680.0440166429617,0.006287669867209411
2021-01-13,269446.3740299826,569.7290269429795,0.0021189234451231
2021-01-14,268211.5306950429,-1234.84333493968,-0.004582890897623537
2021-01-15,267563.65703634336,-647.8736586995656,-0.0024155324605943385
2021-01-19,267618.16182170575,54.50478536239825,0.00020370773058697722
2021-01-20,269594.5727216478,1976.4108999420423,0.007385189728859931
2021-01-21,271573.1152836551,1978.542562007322,0.007338955462023122
2021-01-22,271063.66922094475,-509.446062710369,-0.0018759075697837302
2021-01-25,271110.63869371486,46.9694727701135,0.00017327837738312368
2021-01-26,270437.6360975673,-673.0025961475912,-0.0024823909507583064
2021-01-27,263677.73795163864,-6759.89814592863,-0.024996144188635827
2021-01-28,265453.68903898436,1775.9510873457184,0.006735309173774295
2021-01-29,259694.59518516678,-5759.093853817583,-0.021695286566433047
2021-02-01,262648.43467150186,2953.839486335084,0.011374281718219637
2021-02-02,267319.64394692855,4671.209275426692,0.017785026136816873
2021-02-03,267226.3062538386,-93.33769308996852,-0.000349161369931017
2021-02-04,270724.6293288483,3498.3230750097428,0.013091237625709962
2021-02-05,270433.4983525318,-291.1309763165191,-0.00107537676582381
2021-02-08,272509.6525342874,2076.1541817556135,0.007677133914265166
2021-02-09,272478.58992118726,-31.062613100162707,-0.00011398720306343701
2021-02-10,273138.1047803174,659.5148591301404,0.002420428186012291
2021-02-11,273342.85331328143,204.74853296403307,0.0007496154120594234
2021-02-12,273979.6526394945,636.7993262130767,0.00232967249186955
2021-02-16,274340.28680856456,360.6341690700501,0.0013162808463904607
2021-02-17,275330.51594174444,990.229133179877,0.0036094922284266584
2021-02-18,274589.4395357233,-741.0764060211368,-0.002691588338787465
2021-02-19,275197.6217589445,608.1822232211707,0.0022148784172089098
2021-02-22,275883.8302521857,686.2084932412254,0.0024935117129838424
2021-02-23,276625.0900702061,741.2598180203931,0.0026868548886782584
2021-02-24,279061.710864934,2436.6207947279327,0.008808386810138957
2021-02-25,274525.27083151066,-4536.440033423365,-0.016256046088741316
2021-02-26,272105.10830620513,-2420.1625253055245,-0.008815809626469329
2021-03-01,278485.7633229564,6380.655016751261,0.023449229073535083
2021-03-02,276410.325772731,-2075.4375502254115,-0.007452580431620004
2021-03-03,275448.84947139805,-961.4763013329357,-0.003478438436209097
2021-03-04,272163.93200445035,-3284.9174669476924,-0.011925689554527552
2021-03-05,276925.3429458048,4761.410941354465,0.01749464341688234
2021-03-08,278715.9624826058,1790.6195368010085,0.00646607319414394
2021-03-09,279788.03802625265,1072.075543646817,0.00384648060375703
2021-03-10,282686.83079825144,2898.792771998793,0.010360674432145611
2021-03-11,284239.4541681376,1552.6233698861906,0.0054923795547952015
2021-03-12,287097.93015354115,2858.475985403522,0.010056577098943587
2021-03-15,288284.5160170569,1186.5858635157347,0.004133035242995797
2021-03-16,288414.2328997995,129.71688274259213,0.0004499613247870293
2021-03-17,289993.54490704404,1579.31200724456,0.005475846290128317
2021-03-18,289403.5644462588,-589.9804607852129,-0.0020344606669583376
2021-03-19,285560.46455191483,-3843.0998943439918,-0.013279379960980497
2021-03-22,285971.80499960657,411.3404476917349,0.0014404670770415962
2021-03-23,283414.26462685154,-2557.5403727550292,-0.008943330524345039
2021-03-24,283937.35301227926,523.0883854277199,0.0018456671054170037
2021-03-25,285894.4209283396,1957.0679160603322,0.0068926046372479455
2021-03-26,290102.3032093294,4207.882280989783,0.014718308483691933
2021-03-29,289862.74625761586,-239.55695171351545,-0.0008257671485657481
2021-03-30,289553.98123375594,-308.76502385991625,-0.0010652111312901003
2021-03-31,288447.62288391707,-1106.3583498388762,-0.0038209053286879513
2021-04-01,290529.88700890495,2082.2641249878798,0.007218863876114812
2021-04-05,293812.0390302618,3282.1520213568583,0.011297123525388919
2021-04-06,292411.1121053322,-1400.9269249296049,-0.004768105927699273
2021-04-07,293490.7675812223,1079.6554758900893,0.00369225187140354
2021-04-08,294739.32528304716,1248.5577018248732,0.004254163468632166
2021-04-09,297979.8795972539,3240.554314206762,0.010994645221145127
2021-04-12,297660.06188043114,-319.81771682278486,-0.0010732862811242416
2021-04-13,297762.8495545881,102.78767415694892,0.0003453189974751414
2021-04-14,298132.5669535267,369.7173989386065,0.0012416505265571143
2021-04-15,302043.2154093173,3910.6484557905933,0.013117146160017468
2021-04-16,303738.19564245176,1694.980233134469,0.005611714306634985
2021-04-19,302915.93121888395,-822.2644235678017,-0.002707148575201712
2021-04-20,300753.53324348223,-2162.39797540172,-0.007138607621925308
2021-04-21,303479.0142931242,2725.481049641967,0.009062174665909861
2021-04-22,299949.3198830422,-3529.694410082011,-0.011630769324539658
2021-04-23,304026.97899265826,4077.65910961607,0.01359449360047238
2021-04-26,303418.04270039964,-608.9362922586151,-0.0020029021578158446
2021-04-27,303515.6914842546,97.64878385496559,0.00032182919310241864
2021-04-28,300980.33435809484,-2535.357126159768,-0.008353298354234484
2021-04-29,302765.8004883667,1785.466130271845,0.005932168738132848
2021-04-30,301218.1871699182,-1547.6133184484788,-0.005111585641284999
2021-05-03,303620.37563380896,2402.1884638907504,0.007974911762335557
2021-05-04,304334.5204574635,714.1448236545548,0.002352097820061516
2021-05-05,305951.5369510556,1617.016493592062,0.005313286482129698
2021-05-06,309406.47014936805,3454.933198312472,0.011292419815054577
2021-05-07,311828.7444272772,2422.274277909135,0.00782877706707219
2021-05-10,310039.0655112081,-1789.6789160690969,-0.0057393006515680245
2021-05-11,305249.7332424895,-4789.332268718572,-0.015447512270176933
2021-05-12,299581.1499627694,-5668.5832797201,-0.01857031362322925
2021-05-13,304509.3517943299,4928.2018315604655,0.01645030681060189
2021-05-14,308339.2996358725,3829.9478415425983,0.012577439145873504
2021-05-17,307808.5997619929,-530.6998738795519,-0.001721155475498115
2021-05-18,304617.1187782568,-3191.48098373611,-0.010368394470472442
2021-05-19,302785.97786636,-1831.1409118968295,-0.006011286953409134
2021-05-20,304686.6847664421,1900.7069000821211,0.00627739406387251
2021-05-21,305506.490256098,819.8054896558751,0.002690650857566368
2021-05-24,306858.891008821,1352.4007527230424,0.004426749662795659
2021-05-25,305164.73404296004,-1694.1569658609806,-0.0055209642461110375
2021-05-26,304935.36731286714,-229.36673009290826,-0.0007516161092867568
2021-05-27,305710.82333441696,775.4560215498204,0.00254301765119358
2021-05-28,306130.1908214,419.367486983072,0.001371778344021246
2021-06-01,306220.2128356306,90.02201423054794,0.00029406447625768273
2021-06-02,306825.8815915985,605.6687559679267,0.001977886274584506
2021-06-03,306836.34305630485,10.461464706342667,3.409577005708542e-05
2021-06-04,308290.74880251504,1454.4057462101919,0.0047400048238199766
2021-06-07,306907.79211058083,-1382.9566919342033,-0.004485884501257309
2021-06-08,306780.6679236754,-127.12418690545019,-0.00041420970784489253
2021-06-09,305312.6457221506,-1468.0222015247564,-0.00478525003371455
2021-06-10,303912.5617626051,-1400.0839595455327,-0.004585738518081861
2021-06-11,303887.7551975701,-24.80656503501814,-8.162402005085223e-05
2021-06-14,303050.54051897913,-837.2146785909426,-0.0027550128765360116
2021-06-15,301898.16123956814,-1152.3792794109904,-0.0038025976704662012
2021-06-16,300380.29465353716,-1517.8665860309848,-0.005027743725893319
2021-06-17,298203.114963009,-2177.179690528137,-0.007248077617872162
2021-06-18,293957.2563835523,-4245.858579456748,-0.014238142951603416
2021-06-21,299174.8130370898,5217.556653537555,0.017749371856736085
2021-06-22,300473.35894743283,1298.545910343004,0.004340425242221224
2021-06-23,300224.76240015856,-248.59654727426823,-0.0008273497129499541
2021-06-24,303158.49432681734,2933.731926658773,0.00977178532245282
2021-06-25,304122.485142017,963.9908151996788,0.0031798245249248236
2021-06-28,303947.82544208545,-174.65969993156614,-0.0005743070915983362
2021-06-29,305093.4656130866,1145.6401710011414,0.0037692000899656186
2021-06-30,306549.41516257694,1455.949549490353,0.0047721426827829205
2021-07-01,308105.2415745496,1555.8264119726373,0.005075287490428071
2021-07-02,310456.5636287449,2351.322054195334,0.007631554861511125
2021-07-06,308605.29239265295,-1851.2712360919686,-0.00596306038581873
2021-07-07,310244.12967675703,1638.8372841040837,0.005310463963200229
2021-07-08,306400.2114706889,-3843.918206068105,-0.0123899788533407
2021-07-09,311469.5210869979,5069.30961630895,0.016544732759735448
2021-07-12,312813.95290553255,1344.4318185346783,0.004316415339268964
2021-07-13,312335.3852096326,-478.56769589998294,-0.0015298796343796717
2021-07-14,313255.3144577634,919.9292481308221,0.002945325095052409
2021-07-15,314423.4209354494,1168.1064776860294,0.0037289278865324516
2021-07-16,312179.75989060773,-2243.6610448416905,-0.007135794904102655
2021-07-19,305261.703989955,-6918.055900652718,-0.022160488249068133
2021-07-20,309604.1827373466,4342.478747391608,0.014225429166622616
2021-07-21,311642.106967696,2037.9242303493666,0.006582353676010344
2021-07-22,311152.1155768933,-489.9913908026647,-0.0015722887884770387
2021-07-23,313827.5862139098,2675.470637016464,0.008598593752306538
2021-07-26,313961.46012489207,133.87391098227818,0.00042658426748709566
2021-07-27,312791.3495483521,-1170.1105765399407,-0.0037269242411933634
2021-07-28,310850.2706575298,-1941.078890822304,-0.006205666792336473
2021-07-29,312445.68737105216,1595.4167135223397,0.0051324282592633
2021-07-30,310810.4201979768,-1635.26717307535,-0.005233764584285483
2021-08-02,309728.05276526825,-1082.367432708561,-0.0034824039426321063
2021-08-03,312809.366504872,3081.3137396037346,0.009948449009037352
2021-08-04,309155.20776055,-3654.1587443219614,-0.011681743373451847
2021-08-05,311669.66367896233,2514.4559184123063,0.008133312508711965
2021-08-06,313748.4215540063,2078.757875043957,0.006669747226939693
2021-08-09,313028.5520545638,-719.8694994424586,-0.002294416322086712
2021-08-10,314735.34777465375,1706.7957200899255,0.0054525240872993486
2021-08-11,317036.56954368344,2301.221769029682,0.007311608897127453
2021-08-12,317302.68971347203,266.120169788599,0.0008393989695625326
2021-08-13,317050.5704129648,-252.11930050724186,-0.0007945703225362699
2021-08-16,319158.76919733296,2108.198784368171,0.00664940858369123
2021-08-17,316640.25147678994,-2518.5177205430227,-0.007891112397998556
2021-08-18,313048.2513244009,-3592.0001523890533,-0.011344104660213628
2021-08-19,313146.2635796491,98.0122552482062,0.00031308993049328215
2021-08-20,315573.86354579095,2427.599966141861,0.007752287823560078
2021-08-23,317348.1336976928,1774.2701519018738,0.005622360901394563
2021-08-24,317935.61942123703,587.4857235442032,0.0018512342161869366
2021-08-25,318351.8771821429,416.2577609058935,0.0013092517336170673
2021-08-26,316172.37206408044,-2179.505118062487,-0.006846214124302086
2021-08-27,318766.1235843296,2593.7515202491777,0.00820359952173022
2021-08-30,318772.6023887491,6.478804419457447,2.0324632826751454e-05
2021-08-31,317974.56702682545,-798.0353619236266,-0.0025034628319481333
2021-09-01,317382.572247757,-591.9947790684528,-0.0018617677023788914
2021-09-02,318905.8982136622,1523.3259659052128,0.004799652215043748
2021-09-03,318607.6511328554,-298.2470808068174,-0.0009352197073727586
2021-09-07,317471.71459904476,-1135.936533810629,-0.0035653146739309527
2021-09-08,316696.6892941059,-775.0253049388411,-0.002441242067557692
2021-09-09,315074.99622026086,-1621.693073845061,-0.005120650542510208
2021-09-10,311711.24455526494,-3363.7516649959143,-0.010676034929297917
2021-09-13,315133.0658663033,3421.8213110383367,0.010977535686659046
2021-09-14,312353.4428816813,-2779.622984621965,-0.008820473906731352
2021-09-15,314724.84429462306,2371.4014129417483,0.007592045059801045
2021-09-16,314001.5518270447,-723.2924675783725,-0.00229817404215249
2021-09-17,311837.44057835755,-2164.1112486871425,-0.006892039979086384
2021-09-20,304713.85364169354,-7123.586936664011,-0.02284391163374111
2021-09-21,304930.5354798858,216.68183819227852,0.0007110993990022685
2021-09-22,307672.5576160655,2742.022136179672,0.008992284527570948
2021-09-23,311560.23222545633,3887.674609390844,0.012635753541081707
2021-09-24,312301.4982031806,741.2659777242807,0.0023792060123637437
2021-09-27,313247.65321106475,946.1550078841392,0.0030296204575637198
2021-09-28,308017.3606162732,-5230.292594791565,-0.01669698891971405
2021-09-29,308724.5548503296,707.1942340563983,0.002295955762498192
2021-09-30,303332.4640682812,-5392.0907820484135,-0.01746570105077161
2021-10-01,307111.89806674107,3779.433998459892,0.012459708228292898
2021-10-04,302947.02133613586,-4164.876730605203,-0.013561430725487877
2021-10-05,306536.6561033717,3589.634767235839,0.011849051201770822
2021-10-06,307818.99863571866,1282.3425323469564,0.00418332524614784
2021-10-07,311628.78350201575,3809.7848662970937,0.01237670476215702
2021-10-08,311609.2253047193,-19.558197296457365,-6.27612028538671e-05
2021-10-11,308620.2359245701,-2988.9893801491708,-0.009592108119476417
2021-10-12,306752.17302195344,-1868.0629026166862,-0.006052950147680036
2021-10-13,306086.57377092494,-665.5992510284996,-0.002169827338047492
2021-10-14,311815.5719230875,5728.998152162589,0.01871692077696352
2021-10-15,316642.87482414924,4827.302901061717,0.015481275907068603
2021-10-18,316696.7123381268,53.83751397754531,0.00017002597644877326
2021-10-19,319662.1999072669,2965.4875691400957,0.00936380913854884
2021-10-20,321880.5850073695,2218.385100102634,0.006939779244296673
2021-10-21,322882.1263434915,1001.5413361219689,0.0031115307439217865
2021-10-22,324711.47943665896,1829.353093167476,0.005665699473315966
2021-10-25,325201.8608115451,490.381374886143,0.001510206463094299
2021-10-26,325316.78461004456,114.92379849945428,0.0003533921921992089
2021-10-27,322451.5739511181,-2865.2106589264586,-0.00880744798446531
2021-10-28,325134.975848975,2683.4018978569075,0.008321875638491072
2021-10-29,325607.89803423185,472.9221852568444,0.0014545410994986074
2021-11-01,325018.2326760369,-589.6653581949649,-0.0018109676139764774
2021-11-02,326467.3459673468,1449.1132913099136,0.004458559999476419
2021-11-03,327104.281736625,636.9357692782069,0.0019509938042683306
2021-11-04,325193.41839976143,-1910.8633368635783,-0.005841755805575666
2021-11-05,326612.62866964575,1419.2102698843228,0.004364203546517231
2021-11-08,328696.05916687933,2083.4304972335813,0.006378903674728598
2021-11-09,326626.4933667725,-2069.5658001068514,-0.006296290273003047
2021-11-10,324611.38631081587,-2015.1070559566142,-0.006169453785531798
2021-11-11,324031.0554069188,-580.330903897062,-0.001787771250086112
2021-11-12,325839.73449094174,1808.6790840229369,0.005581807835522312
2021-11-15,324516.68384826847,-1323.0506426732754,-0.004060433712113953
2021-11-16,326538.90989011765,2022.2260418491787,0.006231501005953488
2021-11-17,323966.4198566392,-2572.490033478476,-0.007878050534143477
2021-11-18,325095.57287015684,1129.1530135176727,0.0034854014006060474
2021-11-19,323785.3370559265,-1310.235814230342,-0.004030309618376915
2021-11-22,324666.2239270807,880.8868711541872,0.00272058913835882
2021-11-23,328574.4038162313,3908.179889150604,0.012037531474257568
2021-11-24,329061.8270351203,487.4232188889873,0.0014834485377674955
2021-11-26,320121.17119126534,-8940.65584385494,-0.027170139801420135
2021-11-29,322025.6953029684,1904.5241117030382,0.005949385055089351
2021-11-30,317890.5078689365,-4135.187434031861,-0.012841172286395919
2021-12-01,316553.3380418157,-1337.1698271208443,-0.004206384884169467
2021-12-02,321880.3995304127,5327.0614885970135,0.01682832195531403
2021-12-03,320073.9335263532,-1806.4660040594754,-0.0056122274195474775
2021-12-06,326583.59806799266,6509.664541639446,0.02033800275430253
2021-12-07,332285.3428632809,5701.74479528825,0.01745876041852279
2021-12-08,333034.89753644465,749.5546731637442,0.0022557560520271025
2021-12-09,333343.3402853174,308.44274887273787,0.0009261574422212426
2021-12-10,335400.38115888083,2057.040873563441,0.006170937363868534
2021-12-13,331743.48591449537,-3656.895244385465,-0.010903074205670604
2021-12-14,331895.6445199749,152.15860547951888,0.0004586634310543847
2021-12-15,336599.0137162888,4703.369196313899,0.014171229041334499
2021-12-16,336918.3746954639,319.3609791751369,0.0009487876261109474
2021-12-17,331184.4982882921,-5733.876407171832,-0.01701859215115409
2021-12-20,326091.90420679806,-5092.594081494026,-0.015376909570993802
2021-12-21,331060.1348802763,4968.230673478218,0.015235676229261808
2021-12-22,334309.0285886958,3248.8937084195204,0.00981360594683034
2021-12-23,335917.03739808395,1608.0088093881495,0.004809947299887263
2021-12-27,339447.2932544557,3530.2558563717757,0.010509308738003043
2021-12-28,340047.8345489675,600.5412945117569,0.001769173908426458
2021-12-29,341067.44510213693,1019.6105531694484,0.002998432719096167
2021-12-30,339774.82948417176,-1292.6156179651734,-0.0037899120438718015
2021-12-31,338925.3732541575,-849.4562300142716,-0.002500056379408311
2022-01-03,341845.7528883081,2920.379634150595,0.008616586023380002
2022-01-04,345644.7022775318,3798.949389223708,0.011113051302015009
2022-01-05,341128.86043933267,-4515.841838199121,-0.013064982071020359
2022-01-06,339957.4283352381,-1171.4321040945943,-0.003433987093868107
2022-01-07,339763.27770085505,-194.15063438302604,-0.00057110278582162
2022-01-10,338694.76662234956,-1068.5110785054858,-0.003144869232884706
2022-01-11,340111.41193766,1416.6453153104521,0.004182660775771785
2022-01-12,340621.3248058167,509.9128681566799,0.0014992524515764494
2022-01-13,338525.6765654708,-2095.6482403458795,-0.006152428188518688
2022-01-14,335980.1119212899,-2545.5646441809367,-0.007519561499757077
2022-01-18,330030.04613361915,-5950.065787670726,-0.017709577372438834
2022-01-19,325345.0597906881,-4684.98634293105,-0.014195635815031915
2022-01-20,323710.17782811733,-1634.8819625707692,-0.0050250708082753
2022-01-21,319188.73083356087,-4521.446994556463,-0.0139675774944501
2022-01-24,320775.726100665,1586.9952671041247,0.004971965216189478
2022-01-25,318860.2757250259,-1915.4503756390768,-0.005971307115171132
2022-01-26,320104.35282103036,1244.0770960044465,0.003901637145535375
2022-01-27,319204.3225721245,-900.0302489058813,-0.0028116776325409765
2022-01-28,326738.99397168664,7534.671399562154,0.02360454062416295
2022-01-31,328785.55539937963,2046.5614276929991,0.0062635971385476275
2022-02-01,331916.3617935694,3130.806394189771,0.009522335585536057
2022-02-02,334875.91596969066,2959.5541761212517,0.008916566089507416
2022-02-03,330086.36167972814,-4789.554289962514,-0.014302474622857053
2022-02-04,330213.32386255224,126.96218282409245,0.00038463322803772293
2022-02-07,329685.0705335226,-528.253329029656,-0.0015997335384611011
2022-02-08,335672.9376287087,5987.867095186142,0.018162384743404036
2022-02-09,338053.45622472645,2380.518596017733,0.007091779911822638
2022-02-10,332130.72019695357,-5922.736027772888,-0.01752011677063181
2022-02-11,327874.33800400066,-4256.382192952908,-0.012815382420598986
2022-02-14,326579.80003626784,-1294.5379677328165,-0.0039482747433470244
2022-02-15,330201.10297079344,3621.3029345255927,0.011088569881307464
2022-02-16,329791.5813644955,-409.5216062979307,-0.001240218771571322
2022-02-17,322954.1251483707,-6837.456216124818,-0.020732658450028363
2022-02-18,321105.5330298621,-1848.59211850859,-0.0057240083793923535
2022-02-22,317041.233260841,-4064.299769021105,-0.01265720877080978
2022-02-23,311801.3002052338,-5239.933055607195,-0.01652760747147397
2022-02-24,311883.11948771426,81.81928248045733,0.00026240840697777656
2022-02-25,319112.5840735426,7229.464585828362,0.0231800444913568
2022-02-28,316298.7507724689,-2813.833301073697,-0.008817682039217956
2022-03-01,311002.25355441397,-5296.497218054952,-0.01674523596795685
2022-03-02,318042.48115971684,7040.227605302876,0.022637223765554104
2022-03-03,317555.1030170681,-487.37814264872577,-0.0015324309534736624
2022-03-04,315023.4917263263,-2531.6112907418283,-0.007972195271589655
2022-03-07,308617.6567208152,-6405.835005511064,-0.020334467662735722
2022-03-08,307879.2862798541,-738.3704409611528,-0.0023925087398000144
2022-03-09,315496.77866604715,7617.492386193073,0.024741815138771495
2022-03-10,313651.73394565756,-1845.0447203895892,-0.005848061993503184
2022-03-11,311752.09773891093,-1899.6362067466252,-0.006056514283691916
2022-03-14,312493.88335502835,741.7856161174132,0.0023794085797577136
2022-03-15,318987.9728072405,6494.0894522121525,0.020781493008726004
2022-03-16,323903.76834407245,4915.795536831953,0.015410598379527185
2022-03-17,328032.4103329722,4128.641988899733,0.012746508044679583
2022-03-18,330410.81369176856,2378.4033587963786,0.0072505133147733325
2022-03-21,329398.1134095786,-1012.7002821899368,-0.003064973179523922
2022-03-22,331583.5748152997,2185.4614057210856,0.006634711362185852
2022-03-23,327460.458151078,-4123.116664221685,-0.012434622753911606
2022-03-24,330751.1471803622,3290.689029284171,0.010049118748151065
2022-03-25,331959.66092011344,1208.5137397512444,0.003653845950509327
2022-03-28,332946.3300679699,986.6691478564753,0.0029722561624556665
2022-03-29,335287.7482900074,2341.4182220374933,0.00703241937389576
2022-03-30,334313.74941857054,-973.9988714368665,-0.002904964098462637
2022-03-31,329035.17137504526,-5278.578043525282,-0.015789293897441103
2022-04-01,330176.9932299108,1141.8218548655277,0.003470212166358566
2022-04-04,331710.63767316716,1533.644443256373,0.004644916134990851
2022-04-05,329180.31604947476,-2530.3216236924054,-0.007628099121094523
2022-04-06,326270.272951322,-2910.0430981527315,-0.00884027068530846
2022-04-07,326693.32581996586,423.0528686438338,0.0012966332017227966
2022-04-08,329483.4767816733,2790.1509617074626,0.008540581460317442
2022-04-11,325710.11999194627,-3773.356789727055,-0.011452339967346514
2022-04-12,324347.8541524632,-1362.265839483065,-0.004182448612639833
2022-04-13,326071.06848899194,1723.2143365287338,0.005312858754782157
2022-04-14,324670.1127428129,-1400.9557461790391,-0.0042964736266576375
2022-04-18,325831.1597392201,1161.0469964072108,0.0035760821548946886
2022-04-19,328370.76438356255,2539.604644342442,0.007794235046074238
2022-04-20,331709.95148341125,3339.1870998486993,0.010168953701213956
2022-04-21,328145.13023336174,-3564.8212500495138,-0.010746802241258013
2022-04-22,317257.20638072956,-10887.923852632171,-0.033180208540316225
2022-04-25,319887.6885698405,2630.482189110946,0.008291323683768947
2022-04-26,311761.84676256764,-8125.841807272867,-0.025402171129504936
2022-04-27,315396.64929221384,3634.8025296462,0.01165890748785059
2022-04-28,319664.46809284575,4267.818800631911,0.013531592076863719
2022-04-29,310024.3132082747,-9640.154884571035,-0.03015710486087264
2022-05-02,311331.7588167619,1307.445608487178,0.004217235722441037
2022-05-03,312324.24095683557,992.4821400736691,0.003187860255072117
2022-05-04,321428.92324865685,9104.682291821286,0.02915137891291497
2022-05-05,310628.5916208515,-10800.331627805368,-0.03360099495293478
2022-05-06,309894.5042343059,-734.0873865456088,-0.0023632318670833152
2022-05-09,304141.3812566062,-5753.122977699677,-0.01856477897829978
2022-05-10,303471.287462602,-670.0937940041767,-0.002203231244744086
2022-05-11,300126.7649327933,-3344.522529808746,-0.011020886218835124
2022-05-12,298913.1111404289,-1213.6537923643482,-0.004043803932768597
2022-05-13,303210.13981344225,4297.028673013323,0.014375510852030038
2022-05-16,303494.36854191136,284.22872846911196,0.0009373984941400959
2022-05-17,309941.21988550306,6446.8513435916975,0.021242078970244327
2022-05-18,300723.762478002,-9217.45740750106,-0.02973937255233794
2022-05-19,299070.905567077,-1652.8569109250093,-0.005496263073144769
2022-05-20,298183.18371440214,-887.7218526748475,-0.002968265505437939
2022-05-23,306229.15701424505,8045.97329984291,0.02698332347121668
2022-05-24,306530.70317742496,301.5461631799117,0.0009847075507767311
2022-05-25,308653.97015593795,2123.2669785129838,0.006926767715284887
2022-05-26,313800.8242077606,5146.85405182268,0.016675159076108503
2022-05-27,319661.73723077774,5860.913023017114,0.018677175363748244
2022-05-31,318454.4810825767,-1207.2561482010642,-0.0037766676695794033
2022-06-01,315803.21790940675,-2651.263173169922,-0.008325407022557907
2022-06-02,319032.7965965684,3229.578687161673,0.01022655408181472
2022-06-03,315155.8895011558,-3876.9070954126073,-0.012152064417111141
2022-06-06,315685.61092332896,529.721422173141,0.001680823490278538
2022-06-07,318234.9065711376,2549.2956478086417,0.008075425548704551
2022-06-08,315645.98600175517,-2588.9205693824333,-0.008135250143603279
2022-06-09,309062.37769159744,-6583.608310157724,-0.020857570196128217
2022-06-10,299148.6440371911,-9913.73365440633,-0.032076805104692796
2022-06-13,290951.0585879083,-8197.585449282837,-0.027403050666222284
2022-06-14,289652.90229971084,-1298.1562881974387,-0.004461768568562285
2022-06-15,292553.98761882586,2901.0853191150236,0.010015730193213113
2022-06-16,284480.304192584,-8073.683426241856,-0.027597242792537835
2022-06-17,284378.622100169,-101.68209241499426,-0.00035743104501939627
2022-06-21,290633.1713602804,6254.549260111409,0.021993739240737664
2022-06-22,289808.5390814375,-824.6322788429097,-0.002837364623533123
2022-06-23,291126.60032660415,1318.0612451666384,0.004548041439166317
2022-06-24,299718.78396590485,8592.183639300696,0.02951356430385088
2022-06-27,299673.46613142226,-45.31783448258648,-0.00015120118226474855
2022-06-28,295367.8997782706,-4305.566353151633,-0.014367526123462038
2022-06-29,296861.5892865977,1493.6895083270501,0.005057047531056513
2022-06-30,293816.6808323866,-3044.9084542110795,-0.01025699707910488
2022-07-01,296823.82544346276,3007.144611076161,0.010234764760655768
2022-07-05,296161.13215894566,-662.6932845170959,-0.0022326148634700393
2022-07-06,297002.7169728783,841.5848139326554,0.0028416450457144915
2022-07-07,301271.0252561046,4268.3082832262735,0.014371276891773421
2022-07-08,301188.2678111969,-82.75744490767829,-0.00027469433822024936
2022-07-11,298920.4153924752,-2267.8524187217117,-0.0075296837928073845
2022-07-12,296793.34265518986,-2127.0727372853435,-0.007115849663505092
2022-07-13,295029.52837881906,-1763.814276370802,-0.005942903774698083
2022-07-14,292372.3405602371,-2657.187818581937,-0.009006514816273237
2022-07-15,299077.0562547448,6704.7156945077,0.022932113488096206
2022-07-18,296832.1038974457,-2244.952357299102,-0.007506267399485567
2022-07-19,305360.60083450563,8528.496937059914,0.028731720137679106
2022-07-20,305835.22311184416,474.6222773385234,0.001554300967582023
2022-07-21,308043.7820432182,2208.5589313740493,0.007221401475285161
2022-07-22,306150.60073863866,-1893.1813045795425,-0.006145818922304813
2022-07-25,307850.3771706844,1699.7764320457354,0.005552092427533184
2022-07-26,305093.65280284686,-2756.724367837538,-0.008954753907314816
2022-07-27,309561.95248976443,4468.2996869175695,0.014645665833648236
2022-07-28,311132.049677139,1570.0971873745439,0.005071996654454791
2022-07-29,315568.6625950793,4436.612917940307,0.014259581815965872
2022-08-01,313417.6543049418,-2151.0082901374553,-0.006816292443136307
2022-08-02,308531.405942879,-4886.248362062848,-0.015590214191663732
2022-08-03,313319.32276964525,4787.916826766275,0.015518409907524067
2022-08-04,313398.69339119375,79.37062154849991,0.00025332182147885796
2022-08-05,315559.91806509043,2161.2246738966787,0.006896087059300449
2022-08-08,315114.2779722344,-445.6400928560179,-0.0014122202071433776
2022-08-09,315347.88273788226,233.60476564784767,0.000741333484319151
2022-08-10,321544.51984522043,6196.637107338174,0.019650162396964044
2022-08-11,322253.44709171954,708.9272464991082,0.002204756115390616
2022-08-12,326385.26824713533,4131.82115541579,0.012821650761860814
2022-08-15,328152.4768783219,1767.2086311865714,0.005414486507548055
2022-08-16,330558.41411099327,2405.9372326713637,0.007331766182473443
2022-08-17,329509.1475542402,-1049.2665567530785,-0.0031742243184914587
2022-08-18,329335.1176632787,-174.0298909614794,-0.0005281488913227994
2022-08-19,325990.1243309179,-3344.993332360813,-0.010156807315583105
2022-08-22,319438.2202183261,-6551.904112591816,-0.020098474228442798
2022-08-23,317808.10591040086,-1630.1143079252215,-0.005103065960019082
2022-08-24,317726.2794466038,-81.82646379707148,-0.00025747129250419665
2022-08-25,321742.29666761955,4016.0172210157616,0.012639864817007407
2022-08-26,311982.0535370664,-9760.243130553165,-0.030335592278798562
2022-08-29,310173.5982080982,-1808.455328968179,-0.005796664610880575
2022-08-30,307313.36252603534,-2860.235682062863,-0.009221402784075461
2022-08-31,305310.8594948434,-2002.50303119194,-0.00651615997017474
2022-09-01,307230.9075207648,1920.0480259213946,0.006288829781876171
2022-09-02,304159.8481543599,-3071.059366404894,-0.009995932346739345
2022-09-06,302894.7988795107,-1265.0492748491815,-0.004159159345079599
2022-09-07,306802.92322260095,3908.124343090225,0.012902579897533517
2022-09-08,309105.65835237695,2302.7351297760033,0.007505584058940862
2022-09-09,312801.2124821077,3695.5541297307354,0.011955634036041607
2022-09-12,314656.7282981958,1855.5158160881256,0.005931932940299145
2022-09-13,301195.53695993323,-13461.191338262579,-0.042780560934027156
2022-09-14,301286.36564552755,90.82868559431517,0.00030156052945229384
2022-09-15,300192.04702230357,-1094.3186232239823,-0.003632154481598704
2022-09-16,298719.19805831346,-1472.848963990109,-0.004906355709952126
2022-09-19,301296.87740341213,2577.6793450986734,0.008629105065404818
2022-09-20,297832.3649205413,-3464.512482870836,-0.011498667071255908
2022-09-21,291841.90347267775,-5990.4614478635485,-0.020113534166986025
2022-09-22,290876.3487225325,-965.5547501452384,-0.0033084856514981054
2022-09-23,286761.30312395614,-4115.045598576369,-0.014147061514794057
2022-09-26,282970.6004822487,-3790.7026417074376,-0.013219017351406182
2022-09-27,282277.7707965026,-692.82968574611,-0.0024484157879488544
2022-09-28,287678.4589832413,5400.688186738698,0.019132530951691873
2022-09-29,284037.16762313584,-3641.291360105446,-0.012657504399095743
2022-09-30,280131.21059448353,-3905.9570286523085,-0.01375157012491679
2022-10-03,287938.68527037965,7807.474675896112,0.027870777623554943
2022-10-04,296721.199336047,8782.514065667347,0.030501334190021767
2022-10-05,296166.3905453842,-554.8087906627916,-0.001869798288441249
2022-10-06,293412.48517425894,-2753.9053711252636,-0.009298507389896571
2022-10-07,287332.46250817407,-6080.022666084871,-0.02072175852528535
2022-10-10,286387.2241386348,-945.2383695392637,-0.0032897026715607014
2022-10-11,286023.9748100007,-363.2493286341196,-0.0012683852421373487
2022-10-12,286139.0878886743,115.11307867360301,0.0004024595446940893
2022-10-13,295014.949445331,8875.861556656717,0.031019395574888975
2022-10-14,291131.01322691725,-3883.936218413757,-0.013165218324414085
2022-10-17,297240.1185907537,6109.105363836454,0.020984041844675616
2022-10-18,300552.81272232573,3312.6941315720323,0.011144841911912451
2022-10-19,299317.476226576,-1235.3364957497106,-0.004110214389811739
2022-10-20,297179.4409308577,-2138.0352957183495,-0.007143035290394839
2022-10-21,306933.6071826724,9754.16625181475,0.03282247998469101
2022-10-24,311654.44672823977,4720.839545567345,0.01538065378014375
2022-10-25,314070.02478883916,2415.578060599393,0.007750821738493396
2022-10-26,314647.3533752129,577.328586373711,0.0018382161327299418
2022-10-27,316517.3864658529,1870.033090640034,0.00594326655088695
2022-10-28,325618.66462574893,9101.278159896028,0.02875443356056495
2022-10-31,324034.8122124329,-1583.8524133160245,-0.004864132758287787
2022-11-01,323594.6915605685,-440.1206518643885,-0.0013582511362262295
2022-11-02,318085.7831029342,-5508.90845763433,-0.017024100213347326
2022-11-03,314437.1656321554,-3648.617470778816,-0.011470545571658275
2022-11-04,319313.3821606571,4876.216528501711,0.015507761363700023
2022-11-07,323776.0714580809,4462.689297423814,0.013975891856541356
2022-11-08,327180.1296863005,3404.0582282196265,0.010513618912262102
2022-11-09,321146.99065877276,-6033.139027527766,-0.018439808778461964
2022-11-10,335333.1032027113,14186.112543938565,0.044173269426683426
2022-11-11,335797.35370810586,464.25050539453514,0.0013844457972105317
2022-11-14,333231.7761019724,-2565.5776061334764,-0.007640255582131883
2022-11-15,332822.37125269155,-409.40484928083606,-0.0012285888640930498
2022-11-16,333678.18645903736,855.815206345811,0.0025713872631958345
2022-11-17,334109.3927657155,431.20630667812657,0.0012922819775966765
2022-11-18,335897.11080287455,1787.7180371590657,0.0053506967354630675
2022-11-21,334544.2534112423,-1352.8573916322784,-0.004027594605975127
2022-11-22,339042.1222029279,4497.868791685614,0.013444764768254958
2022-11-23,340082.31342445017,1040.1912215222837,0.003068029467145905
2022-11-25,341089.6296106006,1007.3161861504195,0.0029619775753912947
2022-11-28,335613.23150088434,-5476.398109716247,-0.016055598394968174
2022-11-29,335047.7857151687,-565.4457857156522,-0.001684813745831626
2022-11-30,344130.99822117755,9083.212506008858,0.027110200076745805
2022-12-01,342807.6547785356,-1323.3434426419553,-0.0038454642257813587
2022-12-02,342523.1198772606,-284.53490127500845,-0.0008300132663572324
2022-12-05,337294.4904846544,-5228.629392606206,-0.015265040778794203
2022-12-06,333707.2754740586,-3587.215010595799,-0.01063526120880709
2022-12-07,333486.5312874581,-220.7441866004956,-0.0006614904823004641
2022-12-08,335780.1626032658,2293.6313158076955,0.006877732983556761
2022-12-09,332580.8531077314,-3199.3094955343986,-0.0095279884038727
2022-12-12,337981.0341156575,5400.1810079261195,0.016237197533968795
2022-12-13,338856.2619264398,875.2278107823222,0.002589576699391971
2022-12-14,337217.0047607733,-1639.257165666495,-0.00483761804001237
2022-12-15,328919.9613826168,-8297.043378156552,-0.024604463182521297
2022-12-16,326809.893511592,-2110.067871024774,-0.006415140820748899
2022-12-19,324665.58772502025,-2144.3057865717565,-0.006561324577818217
2022-12-20,325301.26761849894,635.679893478693,0.0019579527905404515
2022-12-21,330233.77651094785,4932.50889244891,0.015162894779228386
2022-12-22,326077.24515331705,-4156.531357630796,-0.012586633025689298
2022-12-23,327471.0944343963,1393.8492810792523,0.0042745984327237085
2022-12-27,327403.42964184115,-67.66479255515151,-0.0002066282908786965
2022-12-28,324182.17879407643,-3221.2508477647207,-0.009838781625740922
2022-12-29,327944.73309112544,3762.554297049006,0.011606295913752396
2022-12-30,327050.4358952904,-894.297195835039,-0.00272697532723154
2023-01-03,325329.3998313638,-1721.0360639265855,-0.005262295582072252
2023-01-04,325714.1963495381,384.7965181742911,0.0011827904836567704
2023-01-05,322719.4246622099,-2994.7716873282334,-0.009194477001286172
2023-01-06,329853.9146696788,7134.490007468907,0.02210740805247946
2023-01-09,328934.34609556093,-919.5685741178459,-0.0027878055503409715
2023-01-10,331838.8982385881,2904.552143027191,0.00883018808313607
2023-01-11,335812.53464131703,3973.636402728909,0.011974594973106267
2023-01-12,337549.7328414482,1737.1982001311844,0.00517311899029238
2023-01-13,339817.1555167826,2267.422675334383,0.006717299570192292
2023-01-17,334635.69034683105,-5181.4651699515525,-0.015247803372586466
2023-01-18,329837.3403130093,-4798.350033821771,-0.014339026506253849
2023-01-19,327253.6092271235,-2583.731085885782,-0.007833349260680689
2023-01-20,330429.3618496385,3175.7526225150214,0.009704255455013078
2023-01-23,333026.1460316274,2596.7841819888563,0.007858817895155745
2023-01-24,335881.8171120553,2855.671080427943,0.008574915556800677
2023-01-25,335272.7174377287,-609.0996743266005,-0.0018134344977757122
2023-01-26,337639.8786545217,2367.1612167929998,0.007060405137893966
2023-01-27,338655.2832115169,1015.4045569951995,0.003007359678725008
2023-01-30,335780.8650897014,-2874.4181218155427,-0.008487740378821274
2023-01-31,339131.3729224786,3350.5078327772208,0.009978257194263263
2023-02-01,338119.76509078767,-1011.6078316909261,-0.0029829379186400162
2023-02-02,339222.9915003825,1103.2264095948194,0.0032628273277623965
2023-02-03,339476.52086598624,253.52936560375383,0.000747382612488634
2023-02-06,339660.7308507251,184.20998473884538,0.0005426295293380345
2023-02-07,342858.64705689135,3197.9162061662646,0.009415030692999649
2023-02-08,340823.73161736934,-2034.9154395220103,-0.005935143992983116
2023-02-09,337782.2926265621,-3041.438990807219,-0.008923788776016739
2023-02-10,339387.9219346981,1605.6293081360054,0.0047534442840411195
2023-02-13,343231.2941800359,3843.372245337756,0.011324422576467708
2023-02-14,341317.1499358517,-1914.1442441841937,-0.00557683485346816
2023-02-15,342609.9497073236,1292.7997714719386,0.00378767891304288
2023-02-16,338248.5828453323,-4361.3668619913515,-0.012729831301505068
2023-02-17,338979.5561468102,730.9733014779049,0.0021610535521805474
2023-02-21,331304.18524129014,-7675.370905520045,-0.022642577601924452
2023-02-22,330289.75309893285,-1014.4321423572837,-0.0030619357905740108
2023-02-23,332126.56700347643,1836.8139045435819,0.005561219769337988
2023-02-24,329254.63319378474,-2871.933809691691,-0.00864710654014511
2023-02-27,330722.896567042,1468.263373257243,0.00445935523826968
2023-02-28,328523.2415888331,-2199.654978208884,-0.006651051381811324
2023-03-01,327962.74446866894,-560.4971201641602,-0.001706111011974154
2023-03-02,329310.75730683404,1348.0128381651011,0.004110262098059314
2023-03-03,334222.36987154,4911.6125647059525,0.014914825755690586
2023-03-06,335247.5434077607,1025.1735362206819,0.0030673396775169337
2023-03-07,328044.3384265209,-7203.204981239804,-0.021486227484383225
2023-03-08,328182.08593558613,137.74750906525878,0.00041990515588818944
2023-03-09,322037.72980665904,-6144.356128927087,-0.018722399522236755
2023-03-10,318208.5878853205,-3829.141921338567,-0.011890351865408655
2023-03-13,317480.5354563477,-728.052428972791,-0.0022879722819899584
2023-03-14,320519.4024463972,3038.866990049486,0.009571821421056281
2023-03-15,317330.06776542,-3189.334680977161,-0.009950519864427076
2023-03-16,321880.18387040874,4550.1161049887305,0.01433874872630203
2023-03-17,317432.77927417867,-4447.404596230073,-0.013816956802847558
2023-03-20,320697.6004115385,3264.8211373598315,0.010285078764785904
2023-03-21,324559.09361161245,3861.49320007395,0.012040917035608167
2023-03-22,319526.6432043623,-5032.450407250144,-0.015505498093583814
2023-03-23,320549.17085665406,1022.5276522917557,0.0032001326776300854
2023-03-24,321213.3431222808,664.172265626723,0.0020719824788557606
2023-03-27,322145.3557908009,932.0126685200958,0.0029015378360708333
2023-03-28,321473.7943843405,-671.5614064603578,-0.00208465338515218
2023-03-29,324911.92420162377,3438.1298172832467,0.010694899171696637
2023-03-30,326454.95771102404,1543.0335094002658,0.004749082426543261
2023-03-31,330957.8929516198,4502.935240595776,0.013793435003005117
2023-04-03,334004.29120948754,3046.398257867724,0.009204791070847929
2023-04-04,330403.65560193197,-3600.635607555567,-0.010780207627024918
2023-04-05,330683.13358135836,279.47797942638863,0.0008458683028709224
2023-04-06,331221.3269813359,538.193399977521,0.0016275199589068645
2023-04-10,332178.8992705357,957.5722891998012,0.002891034517393143
2023-04-11,333557.19909025193,1378.2998197162524,0.004149269633751507
2023-04-12,333103.0703881743,-454.12870207760716,-0.0013614717455243674
2023-04-13,336816.8011903924,3713.7308022180805,0.011148893938114579
2023-04-14,337649.0691962802,832.2680058878032,0.0024709812662147
2023-04-17,338872.2172325621,1223.1480362818693,0.003622542301666476
2023-04-18,339106.79415252566,234.57691996358335,0.0006922282442605177
2023-04-19,339921.8395749339,815.0454224082641,0.002403506613440687
2023-04-20,338748.3006320659,-1173.5389428680064,-0.003452378771353737
2023-04-21,338424.325230698,-323.97540136793396,-0.0009563897464974769
2023-04-24,339127.29745290807,702.9722222100827,0.0020771917672610662
2023-04-25,335006.630327949,-4120.667124959058,-0.012150797520306567
2023-04-26,333286.0829858558,-1720.5473420931958,-0.005135860566129358
2023-04-27,338234.33844476624,4948.255458910426,0.014846870936163326
2023-04-28,341399.41166626295,3165.073221496714,0.009357634224987477
2023-05-01,341337.75334835285,-61.65831791009987,-0.0001806046402047512
2023-05-02,337493.76445326745,-3843.9888950854074,-0.011261540387425106
2023-05-03,334264.0110066992,-3229.7534465682693,-0.009569816650688012
2023-05-04,331380.3633523451,-2883.6476543540484,-0.008626856494868829
2023-05-05,338558.36743220466,7178.004079859529,0.021660921628682717
2023-05-08,337854.93069522677,-703.436736977892,-0.002077741401912747
2023-05-09,337277.6204410608,-577.3102541659609,-0.0017087518982717986
2023-05-10,337347.8371688888,70.21672782796668,0.0002081867386758418
2023-05-11,335850.8181965121,-1497.0189723766525,-0.004437612480162945
2023-05-12,335327.6809970523,-523.1371994598303,-0.0015576475360966624
2023-05-15,335993.44756096584,665.7665639135521,0.001985420833538143
2023-05-16,332734.95874572685,-3258.4888152389904,-0.009698072503773303
2023-05-17,337652.69188754517,4917.733141818317,0.01477973087155049
2023-05-18,339506.9645173376,1854.2726297924528,0.005491656587799376
2023-05-19,338498.2500581805,-1008.7144591571414,-0.0029711156605909395
2023-05-22,337513.34179134015,-984.908266840328,-0.0029096406456193824
2023-05-23,334699.56791958143,-2813.77387175872,-0.008336778205047302
2023-05-24,331707.3974325582,-2992.1704870232497,-0.008939869584003057
2023-05-25,332341.93639412324,634.5389615650638,0.0019129478765818053
2023-05-26,335895.8753399874,3553.9389458641526,0.010693621709086942
2023-05-30,335569.2532770022,-326.62206298520323,-0.0009723908120473634
2023-05-31,332895.69393730775,-2673.559339694446,-0.007967235715387488
2023-06-01,335362.13319982856,2466.439262520813,0.007409045257837699
2023-06-02,343069.49624078517,7707.36304095661,0.022982210207865394
2023-06-05,341358.817322301,-1710.678918484191,-0.004986391787171751
2023-06-06,342163.4714651454,804.6541428444325,0.0023572091945840423
2023-06-07,343565.65364523284,1402.1821800874313,0.00409798911053616
2023-06-08,344174.99204621755,609.3384009847068,0.0017735719345621792
2023-06-09,344326.3437311844,151.3516849668231,0.00043975212744840064
2023-06-12,346548.86309834395,2222.519367159577,0.006454688720810342
2023-06-13,348854.90450730413,2306.0414089601836,0.00665430377795162
2023-06-14,345741.0960388733,-3113.808468430827,-0.00892579817052741
2023-06-15,351083.93156255054,5342.835523677233,0.015453284509390652
2023-06-16,349851.486304422,-1232.445258128515,-0.003510400640221123
2023-06-20,347913.17146722705,-1938.3148371949792,-0.005540393318519077
2023-06-21,346933.7478949379,-979.4235722891754,-0.002815137949962465
2023-06-22,346947.69687238603,13.948977448162623,4.0206458820524205e-05
2023-06-23,344614.055947439,-2333.6409249470453,-0.006726203822605026
2023-06-26,343807.5503040083,-806.5056434306898,-0.002340315577707308
2023-06-27,346459.8864447869,2652.336140778614,0.007714595384636924
2023-06-28,344532.91856553656,-1926.9678792503546,-0.005561878747418647
2023-06-29,348799.5086242863,4266.590058749716,0.012383693484250058
2023-06-30,352661.23742694705,3861.728802660771,0.011071485788188173
2023-07-03,353193.8274532377,532.5900262906798,0.0015102029079705481
2023-07-05,351548.88488450024,-1644.9425687374896,-0.004657336682802771
2023-07-06,348210.4493594151,-3338.4355250851368,-0.009496362152256466
2023-07-07,347378.4916097322,-831.9577496828861,-0.0023892383218636626
2023-07-10,348955.8279092226,1577.3362994903582,0.004540684980756993
2023-07-11,351798.0184659805,2842.190556757909,0.008144843356785225
2023-07-12,353385.3481886072,1587.3297226267168,0.004512048503139132
2023-07-13,354107.3889584552,722.040769847983,0.0020432108279220262
2023-07-14,356389.56601770537,2282.1770592501853,0.0064448727431607455
2023-07-17,359256.1293953894,2866.5633776840405,0.008043342597582104
2023-07-18,364728.7095279712,5472.580132581817,0.015233087718758975
2023-07-19,365559.1321898472,830.4226618759567,0.002276822855405758
2023-07-20,366241.69855503406,682.5663651868817,0.0018671845539681708
2023-07-21,365393.9351404933,-847.7634145407355,-0.002314764861252816
2023-07-24,368845.76021243783,3451.825071944506,0.009446859238693373
2023-07-25,368541.7835573178,-303.97665512003005,-0.0008241294543956945
2023-07-26,367790.91223442234,-750.8713228954584,-0.002037411648816989
2023-07-27,365759.8782943751,-2031.0339400472585,-0.005522251563281455
2023-07-28,367347.43540341954,1587.5571090444573,0.0043404353600717815
2023-07-31,368777.86816604366,1430.4327626241138,0.0038939505894555193
2023-08-01,371561.25622582185,2783.388059778197,0.00754760060201054
2023-08-02,367508.0203304089,-4053.235895412974,-0.010908661297424294
2023-08-03,366757.38947367,-750.6308567388915,-0.002042488368183215
2023-08-04,365713.334648612,-1044.054825057974,-0.002846717898598583
2023-08-07,369631.90918113926,3918.5745325272437,0.010714880102177027
2023-08-08,368484.36655181524,-1147.5426293240162,-0.003104555101495987
2023-08-09,366410.5776791652,-2073.788872650068,-0.005627888347220944
2023-08-10,366776.4680327722,365.8903536070138,0.000998580215463729
2023-08-11,367567.5647995867,791.0967668145313,0.0021568907379954094
2023-08-14,368044.8448901314,477.28009054466384,0.0012984826090542967
2023-08-15,364591.3769872653,-3453.4679028660757,-0.009383280192110877
2023-08-16,363506.0335470643,-1085.343440201017,-0.002976876329795708
2023-08-17,360299.4492754624,-3206.584271601867,-0.008821268357810386
2023-08-18,359905.4208523994,-394.02842306304956,-0.001093613725625775
2023-08-21,359844.69275315356,-60.72809924581088,-0.0001687334942107599
2023-08-22,357738.8744783766,-2105.818274776975,-0.0058520198218444675
2023-08-23,360366.85947359813,2627.9849952215445,0.007346098460933037
2023-08-24,357058.32039633516,-3308.539077262976,-0.009181030359162068
2023-08-25,358744.75867428613,1686.438277950976,0.00472314516037331
2023-08-28,360697.26992222754,1952.5112479414092,0.0054426195804413435
2023-08-29,364962.55247312,4265.282550892443,0.011825103505252788
2023-08-30,365864.27822930267,901.7257561826846,0.00247073501122852
2023-08-31,363632.587115975,-2231.691113327688,-0.006099778650510923
2023-09-01,365723.42199428874,2090.8348783137626,0.0057498556300921155
2023-09-05,363448.66127097374,-2274.7607233150047,-0.006219893467338644
2023-09-06,360844.47337905096,-2604.1878919227747,-0.007165215254379964
2023-09-07,361088.95481034176,244.48143129079835,0.0006775257744739971
2023-09-08,362651.59737253055,1562.6425621887902,0.004327583387338851
2023-09-11,363769.44291607063,1117.8455435400829,0.003082422776127469
2023-09-12,363616.0408435156,-153.40207255503628,-0.00042170137031116717
2023-09-13,363070.33221372083,-545.7086297947681,-0.0015007826071942176
2023-09-14,367413.50689133606,4343.174677615229,0.011962350796149934
2023-09-15,364336.09852914186,-3077.4083621941973,-0.0083758716118848
2023-09-18,366011.9255517281,1675.8270225862507,0.004599673294388706
2023-09-19,365182.7504671475,-829.1750845806091,-0.002265431879933111
2023-09-20,364371.56682672276,-811.1836404247442,-0.0022213087540061682
2023-09-21,361171.85978327616,-3199.7070434466004,-0.008781439977088579
2023-09-22,360203.5882472086,-968.2715360675356,-0.00268091632789047
2023-09-25,360983.01464387035,779.4263966617291,0.0021638496175302446
2023-09-26,357019.87166156166,-3963.1429823086946,-0.010978751967647415
2023-09-27,356961.3873253897,-58.4843361719395,-0.00016381255166486586
2023-09-28,359557.44616149546,2596.0588361057453,0.007272660092334515
2023-09-29,356539.87560341996,-3017.570558075502,-0.008392457423118338
2023-10-02,356805.4223603736,265.5467569536413,0.0007447883816760204
2023-10-03,350936.6518386958,-5868.770521677798,-0.01644809790965096
2023-10-04,353204.4566743939,2267.8048356981017,0.006462148720620009
2023-10-05,354255.04058032687,1050.5839059329592,0.0029744355884542273
2023-10-06,358218.47617755685,3963.435597229982,0.011188085258398095
2023-10-09,360373.7471986869,2155.271021130029,0.0060166383491111475
2023-10-10,361101.8626285328,728.1154298459296,0.0020204452613594714
2023-10-11,363223.08486330917,2121.22223477636,0.005874304328799429
2023-10-12,361946.1304565785,-1276.954406730656,-0.0035156201792934105
2023-10-13,363205.4674803835,1259.337023805012,0.00347934932255356
2023-10-16,366641.8889451338,3436.421464750252,0.009461370415454473
2023-10-17,365823.6357299649,-818.2532151688938,-0.0022317504896210982
2023-10-18,360762.3066872156,-5061.329042749305,-0.013835434751639064
2023-10-19,356909.5104450357,-3852.796242179873,-0.010679597537667007
2023-10-20,353850.2682699602,-3059.2421750755166,-0.008571478443544112
2023-10-23,351142.88753677224,-2707.3807331879507,-0.007651204410342394
2023-10-24,352366.95991247566,1224.0723757034284,0.0034859665940840667
2023-10-25,353424.82721444353,1057.8673019678681,0.003002175068373747
2023-10-26,349283.8892009647,-4140.9380134788225,-0.011716601932343251
2023-10-27,344433.3037626541,-4850.585438310634,-0.013887229237532273
2023-10-30,350629.69710010337,6196.393337449292,0.01799011091482372
2023-10-31,349890.3992360301,-739.2978640732472,-0.002108486161291112
2023-11-01,354228.80711971974,4338.407883689622,0.012399333886160768
2023-11-02,360391.9740596483,6163.166939928546,0.01739883040581036
2023-11-03,363091.97220409196,2699.9981444436708,0.007491837606785401
2023-11-06,364136.1393027495,1044.167098657519,0.0028757647609751746
2023-11-07,364904.82620385004,768.686901100562,0.0021109876722822385
2023-11-08,365647.9565614916,743.1303576415521,0.002036504601411915
2023-11-09,362210.0997705462,-3437.8567909453996,-0.009402094909197856
2023-11-10,367817.74023252423,5607.640461978037,0.015481734124836333
2023-11-13,367188.0637870474,-629.6764454768272,-0.0017119251645631994
2023-11-14,373177.74965518474,5989.6858681373415,0.016312310935061136
2023-11-15,375196.61522504484,2018.8655698600924,0.005409930178649436
2023-11-16,376229.6075915418,1032.9923664969392,0.002753202786430542
2023-11-17,376505.8722180001,276.26462645834545,0.0007342979416926632
2023-11-20,377546.13194158743,1040.2597235873109,0.002762930940383823
2023-11-21,376718.7751425621,-827.3567990253214,-0.002191405841639793
2023-11-22,378765.47271108424,2046.697568522126,0.005432958757491058
2023-11-24,379681.6922873132,916.2195762289921,0.002418962767833488
2023-11-27,379351.086823535,-330.60546377825085,-0.0008707437585061539
2023-11-28,379719.58732521604,368.500501681061,0.000971396984167594
2023-11-29,380305.566331351,585.9790061349631,0.0015431887784949083
2023-11-30,384149.0034890849,3843.4371577338898,0.010106181707540962
2023-12-01,386983.6516048591,2834.648115774209,0.0073790328493061885
2023-12-04,386742.80655959336,-240.84504526574165,-0.0006223649093881622
2023-12-05,387057.3872736272,314.5807140338584,0.0008134106406072483
2023-12-06,386085.2417370565,-972.1455365706934,-0.0025116315268346456
2023-12-07,387715.0886741056,1629.8469370490639,0.004221469149445101
2023-12-08,389461.69504592294,1746.6063718173536,0.0045048707745429795
2023-12-11,390069.0341865914,607.3391406684532,0.0015594322840832842
2023-12-12,392583.96806521446,2514.9338786230655,0.006447407146448869
2023-12-13,398835.3586602395,6251.390595025034,0.0159237032164965
2023-12-14,401874.9551282985,3039.596468058997,0.007621181026350232
2023-12-15,402142.7050885558,267.7499602573225,0.0006662519195101968
2023-12-18,401250.8571039056,-891.8479846502305,-0.0022177400543765824
2023-12-19,405098.7184815314,3847.8613776258426,0.009589665191990893
2023-12-20,400505.1755806294,-4593.5429009020445,-0.01133931728572346
2023-12-21,403041.1318216893,2535.956241059932,0.006331893807323352
2023-12-22,403511.5468694513,470.41504776198417,0.001167163871428567
2023-12-26,404984.3075362611,1472.7606668098015,0.0036498600306134055
2023-12-27,406661.8867493709,1677.5792131097987,0.004142331398753196
2023-12-28,407770.65026075154,1108.7635113806464,0.002726499697927265
2023-12-29,407516.8326641332,-253.81759661831893,-0.0006224518524224898
2024-01-02,407946.9290512647,430.0963871314889,0.0010554076608804142
2024-01-03,405096.1483371454,-2850.780714119319,-0.006988116617887452
2024-01-04,406178.5360364648,1082.387699319399,0.0026719278960376514
2024-01-05,407124.4303369797,945.8943005148903,0.0023287648573089292
2024-01-08,411370.963227941,4246.532890961331,0.010430552859346909
2024-01-09,409985.7374709969,-1385.225756944099,-0.003367339653908785
2024-01-10,412197.5076256897,2211.7701546927565,0.005394749018188039
2024-01-11,411841.2381373866,-356.269488303049,-0.0008643174248074148
2024-01-12,410797.2510594902,-1043.987077896425,-0.002534926037562446
2024-01-16,410213.75223693665,-583.498822553549,-0.0014204058597000468
2024-01-17,408563.6815496969,-1650.0706872397568,-0.004022465551780652
2024-01-18,410901.7499138381,2338.068364141218,0.005722653455815907
2024-01-19,417408.34436449094,6506.594450652832,0.015834915407435535
2024-01-22,419360.21145186195,1951.867087371007,0.00467615732585025
2024-01-23,417836.5276165577,-1523.6838353042258,-0.003633353364710268
2024-01-24,417415.0234929261,-421.50412363163196,-0.0010087775859042303
2024-01-25,420119.4563340281,2704.4328411020106,0.006479002165449943
2024-01-26,419458.95258392027,-660.5037501078332,-0.0015721808170261475
2024-01-29,422088.9579318103,2630.0053478900227,0.006269994552956515
2024-01-30,424360.20482740965,2271.2468955993536,0.005380967336194198
2024-01-31,419987.9282988845,-4372.276528525166,-0.010303219950380083
2024-02-01,424624.65827701386,4636.729978129384,0.011040150598875531
2024-02-02,427203.870884952,2579.212607938156,0.00607409993193464
2024-02-05,425729.9205154182,-1473.9503695337917,-0.0034502270929346324
2024-02-06,426770.3684087725,1040.447893354285,0.0024439153632769273
2024-02-07,427510.48302658595,740.1146178134368,0.0017342221311498207
2024-02-08,426203.6756785559,-1306.8073480300372,-0.003056784336090246
2024-02-09,425865.409588329,-338.26609022688353,-0.0007936723907608911
2024-02-12,427145.2095345534,1279.7999462243752,0.0030051746805674906
2024-02-13,421438.98468595004,-5706.224848603364,-0.013358981257969083
2024-02-14,422972.16050524195,1533.1758192919078,0.003637954425204315
2024-02-15,427051.8549563608,4079.6944511188776,0.009645302533021649
2024-02-16,424776.16432373173,-2275.690632629092,-0.005328839123908358
2024-02-20,423451.4729573074,-1324.6913664243184,-0.003118563322716761
2024-02-21,425105.9644600007,1654.4915026932722,0.003907157273863371
2024-02-22,431129.3288621741,6023.364402173436,0.014169089370046128
2024-02-23,431488.04849375656,358.71963158244034,0.0008320464593052357
2024-02-26,430179.7743418789,-1308.2741518776747,-0.0030320055362937914
2024-02-27,429549.4922209735,-630.2821209054091,-0.0014651598203789806
2024-02-28,429308.16771866794,-241.32450230553513,-0.0005618083752300107
2024-02-29,429477.87120137794,169.70348270999966,0.0003952952575112523
2024-03-01,430243.47614817123,765.6049467932899,0.0017826411979078305
2024-03-04,428504.15960454993,-1739.3165436213021,-0.004042633160165066
2024-03-05,424103.9683680735,-4400.191236476414,-0.010268724673611507
2024-03-06,424689.22147851327,585.2531104397494,0.0013799755580967688
2024-03-07,424952.92690236337,263.7054238501005,0.0006209374067278617
2024-03-08,424682.6697097855,-270.2571925778757,-0.0006359697168057954
2024-03-11,425701.98335198144,1019.3136421959498,0.0024001771555512974
2024-03-12,429143.01962054,3441.036268558586,0.008083204690435775
2024-03-13,431065.0967623376,1922.0771417975775,0.0044788731353411215
2024-03-14,430171.96358484175,-893.1331774958526,-0.0020719218146030283
2024-03-15,429101.6006178855,-1070.3629669562797,-0.002488221124492651
2024-03-18,430659.6183068349,1558.0176889494178,0.0036308829580358193
2024-03-19,434849.26732335036,4189.649016515468,0.009728446407367697
2024-03-20,439050.58265262074,4201.315329270379,0.009661543999213595
2024-03-21,443325.0114009106,4274.42874828988,0.009735617983843703
2024-03-22,439091.78627420455,-4233.225126706064,-0.0095488073486516
2024-03-25,436734.876220545,-2356.9100536595797,-0.005367693332773316
2024-03-26,436914.4126098797,179.53638933470938,0.00041108782263599153
2024-03-27,442584.6713126964,5670.258702816733,0.01297796213438196
2024-03-28,442588.60051314224,3.9292004458256997,8.877850274702226e-06
2024-04-01,438609.42216369626,-3979.1783494459814,-0.008990693264201766
2024-04-02,433317.21626716625,-5292.205896530009,-0.012065873711565755
2024-04-03,434630.60427722294,1313.3880100566894,0.003031008140804925
2024-04-04,430006.34702789364,-4624.257249329297,-0.010639511354749831
2024-04-05,434110.5465964929,4104.19956859923,0.00954450927751771
2024-04-08,433922.749259582,-187.7973369108513,-0.0004326025672106715
2024-04-09,432855.53021200595,-1067.2190475760726,-0.0024594678416771654
2024-04-10,427700.69515216124,-5154.835059844714,-0.01190890424183777
2024-04-11,428399.90040297096,699.2052508097258,0.0016348003609416573
2024-04-12,422520.9602023189,-5878.940200652054,-0.013723019531802105
2024-04-15,420809.8835584113,-1711.0766439075815,-0.0040496846430725375
2024-04-16,420786.90140322765,-22.982155183679424,-5.461410504270514e-05
2024-04-17,417968.10804392723,-2818.7933593004127,-0.006698861941520473
2024-04-18,418675.6937348866,707.5856909593567,0.0016929178981401893
2024-04-19,420971.80778065627,2296.1140457696747,0.0054842305873710195
2024-04-22,424169.33375697176,3197.52597631549,0.007595582215285779
2024-04-23,427626.2260849991,3456.892328027345,0.008149793143716444
2024-04-24,427731.0420279507,104.81594295159448,0.0002451111193793043
2024-04-25,423358.16856233915,-4372.873465611541,-0.010223418540957319
2024-04-26,425900.8528955963,2542.6843332571443,0.00600598859800372
2024-04-29,427744.9618439057,1844.108948309382,0.00432990198486749
2024-04-30,421097.94138944475,-6647.02045446093,-0.015539681463008326
2024-05-01,421333.3303021868,235.38891274202615,0.000558988514561154
2024-05-02,425294.12505761354,3960.7947554267594,0.009400620531458959
2024-05-03,435241.9232951135,9947.798237499956,0.023390396554742843
2024-05-06,436461.7813207463,1219.8580256327987,0.002802712607272717
2024-05-07,437802.8440703895,1341.062749643228,0.003072577730827142
2024-05-08,440348.1272878235,2545.2832174339565,0.005813765835255058
2024-05-09,446060.3090655986,5712.181777775113,0.012971967913108617
2024-05-10,446705.1566073065,644.8475417079171,0.0014456510220752783
2024-05-13,445871.70959191455,-833.4470153919538,-0.0018657653780447259
2024-05-14,448272.60537863965,2400.895786725101,0.005384723307344519
2024-05-15,453213.24636383064,4940.640985190985,0.011021509960480014
2024-05-16,451810.11610118585,-1403.1302626447869,-0.0030959603981177697
2024-05-17,453525.6253647094,1715.5092635235633,0.0037969695728090613
2024-05-20,450502.65233396407,-3022.973030745343,-0.006665495534710741
2024-05-21,452477.2130574122,1974.560723448114,0.004383016866201128
2024-05-22,449091.6985672942,-3385.514490117959,-0.0074821767647521575
2024-05-23,443957.18790828844,-5134.510659005784,-0.011433100801876428
2024-05-24,445147.39107061696,1190.2031623285147,0.002680896254740661
2024-05-28,442509.66032004915,-2637.7307505678036,-0.005925522205631362
2024-05-29,437855.2956524795,-4654.364667569636,-0.010518108608529197
2024-05-30,438540.5004193004,685.2047668208834,0.001564911452766271
2024-05-31,443571.82198012137,5031.321560820972,0.011472877775280388
2024-06-03,440608.8441662204,-2962.9778139009723,-0.006679815234146624
2024-06-04,440842.1867808848,233.34261466440512,0.0005295913092846494
2024-06-05,442631.4652180937,1789.2784372089081,0.0040587731638719315
2024-06-06,442228.36383718054,-403.1013809131691,-0.0009106930089449738
2024-06-07,442443.29770378384,214.93386660329998,0.00048602460669489034
2024-06-10,442595.50660010334,152.2088963194983,0.00034401898979918855
2024-06-11,443136.90191378124,541.3953136779019,0.001223228219908501
2024-06-12,445131.05183863477,1994.1499248535256,0.004500076423880284
2024-06-13,445986.33993897424,855.2881003394723,0.0019214298728580381
2024-06-14,444609.6566293835,-1376.683309590735,-0.0030868284212003383
2024-06-17,448001.57933886745,3391.9227094839443,0.007628990191527407
2024-06-18,449454.91469392914,1453.3353550616885,0.0032440406955851486
2024-06-20,451328.2239638604,1873.3092699312838,0.004167958139265071
2024-06-21,448985.5810048391,-2342.642959021323,-0.005190552761018763
2024-06-24,452819.2256685857,3833.644663746585,0.008538458306760699
2024-06-25,449479.6049548631,-3339.620713722601,-0.007375174295640052
2024-06-26,449074.3147633742,-405.29019148886437,-0.000901687611676083
2024-06-27,448265.88379675057,-808.4309666236513,-0.0018002164453552183
2024-06-28,449685.63421664503,1419.7504198944662,0.0031672060516168
2024-07-01,450878.33487575216,1192.7006591071258,0.0026522987802020115
2024-07-02,453800.7735416162,2922.438665864058,0.006481656890144016
2024-07-03,453823.8615395236,23.087997907365207,5.087694700733891e-05
2024-07-05,454465.00955821184,641.1480186882545,0.001412768417494048
2024-07-08,455560.62084402796,1095.6112858161214,0.002410771484654406
2024-07-09,456150.2493314371,589.6284874091507,0.0012942920446388229
2024-07-10,461810.0714809198,5659.822149482672,0.012407802380417499
2024-07-11,461998.79655225057,188.7250713307876,0.00040866382737303475
2024-07-12,465992.54217994644,3993.745627695869,0.008644493573359835
2024-07-15,471472.0181964593,5479.476016512839,0.011758720409728918
2024-07-16,480764.9122863784,9292.894089919108,0.019710383079504012
2024-07-17,483135.3805361348,2370.4682497564354,0.004930618248497387
2024-07-18,475539.6968334105,-7595.6837027243455,-0.015721646579257786
2024-07-19,469588.6242331865,-5951.072600223997,-0.01251435503671261
2024-07-22,471482.9056059288,1894.28137274232,0.004033916655957315
2024-07-23,470896.1513737809,-586.7542321478832,-0.0012444867569351148
2024-07-24,463387.1942203003,-7508.957153480616,-0.01594610007232844
2024-07-25,464052.55544773844,665.3612274381449,0.0014358645118748292
2024-07-26,470897.73218198604,6845.176734247594,0.014750865292925797
2024-07-29,469461.0704245865,-1436.6617573995609,-0.0030508997160435536
2024-07-30,473853.2074726456,4392.137048059143,0.009355700237480447
2024-07-31,474566.7249008651,713.517428219493,0.0015057773524951301
2024-08-01,467715.32270654757,-6851.402194317547,-0.014437173604510023
2024-08-02,462321.96495054587,-5393.3577560017,-0.011531283013760829
2024-08-05,449262.4552657604,-13059.509684785444,-0.028247651366039683
2024-08-06,454066.5290436751,4804.0737779146875,0.010693245610904345
2024-08-07,450581.3726620877,-3485.1563815873815,-0.007675431150865886
2024-08-08,458852.97654731624,8271.603885228513,0.01835762503087701
2024-08-09,460315.8326065973,1462.856059281039,0.0031880714173164737
2024-08-12,459310.3646822158,-1005.4679243814899,-0.002184300111269022
2024-08-13,464371.51314885594,5061.148466640152,0.011019016455554587
2024-08-14,467718.02418420016,3346.511035344214,0.007206538171671717
2024-08-15,472813.7549091716,5095.73072497145,0.01089487781416909
2024-08-16,473527.20406665525,713.4491574836429,0.0015089433208657077
2024-08-19,475888.6480774418,2361.4440107865375,0.004986923645582397
2024-08-20,475952.76639112807,64.11831368628191,0.0001347338583201907
2024-08-21,476036.42574463715,83.65935350907966,0.0001757723862882976
2024-08-22,474041.16651795805,-1995.2592266791034,-0.004191400318910521
2024-08-23,480156.38189134706,6115.215373389015,0.01290017788604314
2024-08-26,480361.32992296864,204.94803162157768,0.0004268360045831532
2024-08-27,481303.46598975384,942.1360667851986,0.001961307058035322
2024-08-28,480382.27095124807,-921.1950385057717,-0.0019139588712735467
2024-08-29,484053.66230443824,3671.391353190178,0.007642645399714931
2024-08-30,487053.5318924475,2999.8695880092564,0.006197390540808589
2024-09-03,479608.9823993581,-7444.5494930893765,-0.015284869127554779
2024-09-04,480330.3641452218,721.3817458637059,0.001504103910345611
2024-09-05,477299.92830899,-3030.4358362318017,-0.00630906572318124
2024-09-06,473743.0229678405,-3556.9053411495406,-0.00745213885481022
2024-09-09,480494.6228045941,6751.599836753623,0.014251607959220536
2024-09-10,478003.9952304707,-2490.627574123384,-0.005183466069996534
2024-09-11,477848.2026150601,-155.79261541063897,-0.00032592324952329665
2024-09-12,480364.21793505806,2516.0153199979686,0.005265302466826993
2024-09-13,484177.8998887192,3813.681953661144,0.007939146612657932
2024-09-16,486619.4267276609,2441.526838941674,0.005042623464438956
2024-09-17,487186.5323545338,567.1056268729153,0.0011653986580160147
2024-09-18,486658.13194740826,-528.4004071255331,-0.0010845956774950816
2024-09-19,494162.99997969327,7504.868032285012,0.015421232153778108
2024-09-20,492742.3923272402,-1420.6076524530654,-0.0028747754334327302
2024-09-23,493234.7878752777,492.39554803748615,0.0009992960940743423
2024-09-24,492510.67412444856,-724.1137508291285,-0.0014680914011527824
2024-09-25,486704.2867099789,-5806.387414469675,-0.011789363600681058
2024-09-26,490104.6487305906,3400.362020611705,0.00698650518078936
2024-09-27,492212.8194263139,2108.1706957233255,0.004301470514886274
2024-09-30,493778.9511942933,1566.1317679793574,0.0031818183236362874
2024-10-01,490760.16521353734,-3018.785980755929,-0.006113638447840741
2024-10-02,491741.4556012352,981.2903876978671,0.0019995314560032895
2024-10-03,489330.01136089244,-2411.4442403427674,-0.004903886407938485
2024-10-04,493497.94232923427,4167.930968341825,0.00851762792302524
2024-10-07,487767.47317983804,-5730.469149396231,-0.011611941323097064
2024-10-08,489823.96914420713,2056.4959643690963,0.004216140020494752
2024-10-09,495826.6619814396,6002.692837232491,0.012254796039728344
2024-10-10,495359.3440882817,-467.31789315794595,-0.0009425025497629136
2024-10-11,501429.1283793503,6069.784291068616,0.012253295236088091
2024-10-14,503715.7557500142,2286.6273706639186,0.004560220460375852
2024-10-15,499490.0302927312,-4225.725457283028,-0.008389107168170873
2024-10-16,503526.5876136323,4036.5573209011345,0.008081357136468625
2024-10-17,508148.4697283031,4621.882114670763,0.009179022971905537
2024-10-18,509466.05941670225,1317.5896883991663,0.0025929226729810573
2024-10-21,504441.09687621874,-5024.96254048351,-0.009863193921566982
2024-10-22,504655.1529375788,214.05606136005372,0.00042434302574800853
2024-10-23,500598.55644621275,-4056.5964913660428,-0.008038353453348801
2024-10-24,501714.58180184476,1116.0253556320095,0.00222938188946209
2024-10-25,498869.89355669735,-2844.6882451474085,-0.005669933361177271
2024-10-28,502954.87732294033,4084.983766242978,0.008188475229721881
2024-10-29,500101.5272879819,-2853.35003495845,-0.005673173009367871
2024-10-30,500206.7701039789,105.24281599704409,0.0002104429006002384
2024-10-31,494740.5510467709,-5466.2190572080435,-0.010927918980528362
2024-11-01,495469.2520350127,728.7009882418206,0.0014728952108333804
2024-11-04,491952.82473302947,-3516.4273019832326,-0.007097165540627226
2024-11-05,497797.01616120606,5844.191428176593,0.01187957693168662
2024-11-06,521155.1658627057,23358.149701499613,0.046923040804116356
2024-11-07,519564.2984858793,-1590.8673768263543,-0.0030525791185296303
2024-11-08,521533.9386438919,1969.6401580125676,0.0037909459209428675
2024-11-11,523973.2595124305,2439.3208685386344,0.0046772044689582515
2024-11-12,517960.8804289263,-6012.379083504202,-0.01147459144975993
2024-11-13,518346.55910600134,385.67867707501864,0.0007446096638719091
2024-11-14,516123.92921655,-2222.6298894513166,-0.004287922530603283
2024-11-15,514202.99128501705,-1920.9379315329716,-0.003721854040848016
2024-11-18,514876.20077647216,673.2094914551126,0.0013092290454645994
2024-11-19,511714.48326447443,-3161.717511997733,-0.006140733456371894
2024-11-20,512278.4237939758,563.9405295013567,0.001102060910810554
2024-11-21,517783.7833487471,5505.359554771334,0.010746811302334791
2024-11-22,522783.0834278869,4999.300079139764,0.009655188593985953
2024-11-25,527769.7831653365,4986.699737449584,0.009538754974150576
2024-11-26,528114.093030891,344.30986555456184,0.0006523864695124892
2024-11-27,528098.1314935017,-15.961537389317527,-3.0223653562644337e-05
2024-11-29,530063.9590416765,1965.8275481747696,0.0037224663958101978
2024-12-02,528454.4086161319,-1609.550425544614,-0.0030365211557763505
2024-12-03,527279.3694977851,-1175.0391183467582,-0.002223539248019213
2024-12-04,527514.6802223214,235.31072453630622,0.0004462733384780204
2024-12-05,524422.4418488435,-3092.2383734779432,-0.005861900131717168
2024-12-06,522867.5176454275,-1554.9242034159834,-0.002965022240341453
2024-12-09,522596.9519714998,-270.5656739277183,-0.000517465064852618
2024-12-10,519302.3783665515,-3294.573604948295,-0.006304234252648255
2024-12-11,517079.16723488586,-2223.211131665623,-0.004281149527292083
2024-12-12,513349.44957968564,-3729.71765520022,-0.00721304955128077
2024-12-13,512907.59520421526,-441.85437547037145,-0.0008607282540814554
2024-12-16,510687.99996760965,-2219.5952366056154,-0.00432747585990001
2024-12-17,508142.42882384005,-2545.571143769601,-0.00498459165661036
2024-12-18,494463.87492920354,-13678.553894636512,-0.026918739941274472
2024-12-19,494829.277613058,365.40268385445233,0.0007389876235281978
2024-12-20,502106.0121988806,7276.734585822618,0.014705545761002359
2024-12-23,503313.7316006826,1207.7194018019945,0.0024053075893535336
2024-12-24,508182.5853322452,4868.853731562616,0.009673596061204659
2024-12-26,508519.6851683026,337.09983605740126,0.0006633439354026827
2024-12-27,504295.6365794258,-4224.048588876845,-0.008306558648715545
2024-12-30,499917.04900719214,-4378.587572233635,-0.008682580721762867
2024-12-31,499398.6910696452,-518.3579375469126,-0.0010368878968547435
2025-01-02,496875.2045122135,-2523.486557431752,-0.005053050003048232
2025-01-03,500702.5409967791,3827.3364845656324,0.007702812395967706
2025-01-06,500862.54371198104,160.002715201932,0.0003195564274218743
2025-01-07,499496.6133285433,-1365.9303834377206,-0.002727156184039181
2025-01-08,501751.0863167013,2254.4729881579988,0.004513490037769463
2025-01-10,492776.3204395678,-8974.765877133526,-0.017886888781878496
2025-01-13,498343.11974564847,5566.799306080677,0.011296807649188612
2025-01-14,501835.29477518087,3492.175029532402,0.0070075714726729466
2025-01-15,512287.7188128999,10452.424037719029,0.020828395584255643
2025-01-16,509881.66130136244,-2406.0575115374522,-0.004696691767495209
2025-01-17,513880.0287431059,3998.3674417434377,0.007841755735121803
2025-01-21,519572.9534621373,5692.9247190314345,0.011078314782840826
2025-01-22,521292.71682120446,1719.7633590671467,0.0033099555078985876
2025-01-23,525823.7973586359,4531.080537431466,0.008692008139038698
2025-01-24,525245.3694749102,-578.4278837257298,-0.0011000412811883464
2025-01-27,530123.4171597752,4878.047684864956,0.009287178846986377
2025-01-28,531382.2924013955,1258.8752416203497,0.002374683330091276
2025-01-29,530861.6373845718,-520.6550168236718,-0.0009798125083746445
2025-01-30,528187.1937282415,-2674.443656330346,-0.005037929788083151
2025-01-31,525364.8468867798,-2822.3468414617237,-0.005343459430623532
2025-02-03,522177.31169584853,-3187.5351909312303,-0.006067279167648931
2025-02-04,523746.98487332906,1569.673177480523,0.0030060156623481493
2025-02-05,529122.9875025918,5376.002629262744,0.010264503251628199
2025-02-06,530091.2154085345,968.2279059427092,0.0018298730707442257
2025-02-07,525070.1335616075,-5021.08184692706,-0.009472109140796436
2025-02-10,525561.6068444457,491.47328283824027,0.000936014546293995
2025-02-11,527633.9051150861,2072.298270640429,0.003943016848363179
2025-02-12,524725.5417547829,-2908.3633603032213,-0.005512085808187184
2025-02-13,528888.7937032107,4163.251948427758,0.007934151508053322
2025-02-14,527214.4922522466,-1674.3014509640634,-0.0031656965904700574
2025-02-18,526830.008297404,-384.4839548425516,-0.0007292742526860962
2025-02-19,527839.8311198358,1009.8228224318009,0.0019167906279584646
2025-02-20,521992.028569762,-5847.8025500738295,-0.011078744356346593
2025-02-21,513470.9151921932,-8521.113377568836,-0.016324221273869566
2025-02-24,514965.5533022202,1494.6381100270082,0.0029108525250500783
2025-02-25,517568.53066476487,2602.9773625446833,0.0050546630660111
2025-02-26,513109.56479562726,-4458.96586913761,-0.008615218285026982
2025-02-27,512809.3131445804,-300.25165104685584,-0.0005851608928133523
2025-02-28,521180.147417419,8370.834272838605,0.016323483326595722
2025-03-03,514248.6197577659,-6931.527659653104,-0.01329967707711166
2025-03-04,506549.10049298493,-7699.5192647809745,-0.014972367389936347
2025-03-05,513207.03056633146,6657.930073346535,0.013143701305296629
2025-03-06,509111.42756373575,-4095.603002595715,-0.007980410942687532
2025-03-07,511026.81250473345,1915.3849409976974,0.003762211644243507
2025-03-10,500055.1124359152,-10971.70006881823,-0.02146991077638727
2025-03-11,493810.57829898107,-6244.534136934148,-0.012487691819638047
2025-03-12,490719.8619899435,-3090.7163090375834,-0.006258910693416331
2025-03-13,484623.57212081034,-6096.28986913315,-0.01242315696049423
2025-03-14,493483.9788524833,8860.406731672992,0.018283070080347352
2025-03-17,498542.49828461645,5058.519432133122,0.010250625448663842
2025-03-18,496191.61264932493,-2350.8856352915172,-0.004715517018870852
2025-03-19,499727.3020324712,3535.689383146295,0.007125653261787601
2025-03-20,500058.04612889927,330.7440964280395,0.0006618491626990686
2025-03-21,501263.9024010615,1205.8562721622293,0.0024114325956698934
2025-03-24,508528.6480633715,7264.745662309986,0.014492856213088157
2025-03-25,508821.75924816454,293.1111847930588,0.0005763907026856696
2025-03-26,507394.3077878234,-1427.4514603411662,-0.0028054056934404548
2025-03-27,506588.10787776567,-806.1999100577086,-0.001588902156929306
2025-03-28,498383.8179367373,-8204.289941028343,-0.01619518858308444
2025-03-31,503977.2012405458,5593.383303808456,0.01122304357104631
2025-04-01,503591.8720806583,-385.32915988750756,-0.0007645765700095009
2025-04-02,506700.6911027846,3108.819022126321,0.006173290703207268
2025-04-03,487078.2884987392,-19622.402604045405,-0.038725825617760945
2025-04-04,459983.69560700376,-27094.592891735432,-0.055626771982068224
2025-04-07,453072.5331916768,-6911.16241532698,-0.015024798664237116
2025-04-08,450117.39652534795,-2955.136666328821,-0.006522436143968635
2025-04-09,486375.4605008589,36258.063975510944,0.08055246088110057
2025-04-10,475470.78377835796,-10904.676722500939,-0.022420285577877563
2025-04-11,483657.0647852647,8186.281006906764,0.017217211416974854
2025-04-14,487744.09368456725,4087.0288993025315,0.008450261966331585
2025-04-15,486024.10525838233,-1719.988426184922,-0.00352641569309764
2025-04-16,477165.0633492856,-8859.041909096704,-0.018227577219420033
2025-04-17,467522.58085478423,-9642.482494501397,-0.02020785517451662
2025-04-21,455847.624559901,-11674.956294883217,-0.024971962367117295
2025-04-22,468280.13554407714,12432.51098417613,0.027273392059855794
2025-04-23,473328.7369573757,5048.601413298573,0.01078115647043787
2025-04-24,480722.9184808359,7394.181523460196,0.015621661957376798
2025-04-25,480229.61880080245,-493.29968003346585,-0.0010261621842211355
2025-04-28,481707.100182482,1477.4813816795358,0.003076614444084136
2025-04-29,484086.7882695752,2379.6880870932364,0.004940114202576229
2025-04-30,486090.90292032296,2004.1146507477388,0.004139990388731141
2025-05-01,488048.9782436188,1958.0753232958377,0.004028208122250687
2025-05-02,493317.2595442747,5268.281300655915,0.010794575002728735
2025-05-05,491466.69039793086,-1850.5691463438561,-0.0037512758991108397
2025-05-06,485936.32472287485,-5530.365675056004,-0.01125277823117199
2025-05-07,486985.69018296787,1049.3654600930167,0.002159471121430334
2025-05-08,490079.3733036859,3093.683120718051,0.006352718741192698
2025-05-09,488725.74380065774,-1353.6295030281763,-0.0027620617735922837
2025-05-12,502376.36771184724,13650.623911189497,0.02793105148305286
2025-05-13,496580.65049753746,-5795.717214309785,-0.011536604002109652
2025-05-14,495418.5825682812,-1162.0679292562418,-0.0023401393672748405
2025-05-15,496848.3022600508,1429.7196917695692,0.002885882245994509
2025-05-16,501616.4355153995,4768.1332553487155,0.009596758675957107
2025-05-19,504109.81057628023,2493.3750608807313,0.004970680552599527
2025-05-20,502659.89067331766,-1449.9199029625743,-0.0028761985435377113
2025-05-21,492370.74924051075,-10289.141432806908,-0.020469390185527847
2025-05-22,491911.25806836993,-459.49117214081343,-0.0009332219122472063
2025-05-23,488429.0816252659,-3482.17644310405,-0.007078871210994042
2025-05-27,498553.0415670828,10123.959941816924,0.020727594491566803
2025-05-28,496393.63093063695,-2159.4106364458567,-0.004331355856657226
2025-05-29,498087.81222088856,1694.1812902516103,0.003412979507966929
2025-05-30,499565.21979792026,1477.4075770316995,0.0029661588595075727
2025-06-02,499879.4669265063,314.247128586052,0.0006290412465326245
2025-06-03,502370.2494576697,2490.782531163364,0.00498276623858529
2025-06-04,500451.8532947716,-1918.396162898105,-0.003818689830795252
2025-06-05,499545.1088175501,-906.7444772214512,-0.0018118515722378437
2025-06-06,504926.26507286454,5381.156255314418,0.010772112788876909
2025-06-09,503611.374184577,-1314.8908882875112,-0.0026041245608361407
2025-06-10,505143.40454067284,1532.0303560958127,0.0030420884726369835
2025-06-11,505484.5178563552,341.11331568233436,0.0006752801533507213
2025-06-12,508933.66232438927,3449.1444680340937,0.006823442353212084
2025-06-13,500359.6360173613,-8574.026307027962,-0.01684704106202939
2025-06-16,504676.60677803657,4316.970760675264,0.008627735832243522
2025-06-17,501467.1703154042,-3209.4364626323804,-0.0063593921721913915
2025-06-18,501237.77965316095,-229.3906622432405,-0.00045743904251793754
2025-06-20,502159.17711966427,921.3974665033165,0.001838244250345289
2025-06-23,504631.42276209977,2472.245642435504,0.004923231029284603
2025-06-24,510628.5650201201,5997.142258020351,0.011884202979661751
2025-06-25,510572.1753349972,-56.3896851229365,-0.00011043190488313481
2025-06-26,515764.4086568933,5192.233321896114,0.01016944042923873
2025-06-27,517620.7687935719,1856.360136678617,0.00359924047786242
2025-06-30,523451.7561499887,5830.987356416765,0.011264979513876838
2025-07-01,529309.125241431,5857.369091442262,0.011189892903451959
2025-07-02,528191.8388683335,-1117.2863730974495,-0.00211083905380971
2025-07-03,533184.5889796566,4992.750111323083,0.009452531720331336
2025-07-07,525904.2925206276,-7280.296459028963,-0.013654364003582886
2025-07-08,524093.800690019,-1810.4918306086329,-0.0034426260754234494
2025-07-09,526062.3253390545,1968.5246490354766,0.003756054062161729
2025-07-10,529171.3490331066,3109.023694052128,0.005909991163211226
2025-07-11,526056.7690048167,-3114.580028289929,-0.005885768445288764
2025-07-14,526625.9645162274,569.1955114107113,0.0010820039679129145
2025-07-15,520269.96128886426,-6356.003227363108,-0.012069293304218132
2025-07-16,523868.18235800223,3598.2210691379732,0.00691606538310241
2025-07-17,526909.0117493349,3040.8293913326343,0.005804569725241571
2025-07-18,526060.5162849221,-848.4954644127283,-0.00161032634760927
2025-07-21,526412.8944322253,352.37814730312675,0.0006698433666751935
2025-07-22,531198.3130152419,4785.41858301661,0.009090618093954728
2025-07-23,537606.5898379907,6408.276822748827,0.01206381245146182
2025-07-24,534719.1663837072,-2887.423454283504,-0.005370885530167402
2025-07-25,537357.1545753311,2637.988191623939,0.004933408707723297
2025-07-28,534730.8605309504,-2626.2940443807747,-0.0048874273321182216
2025-07-29,531282.666674552,-3448.193856398342,-0.006448466155431043
2025-07-30,531156.76948571,-125.89718884206377,-0.00023696837246744984
2025-07-31,527157.5974619049,-3999.172023805091,-0.007529174536695216
2025-08-01,518931.79478115664,-8225.802680748224,-0.015604067399109578
2025-08-04,526973.9648984523,8042.170117295638,0.015497547458403815
2025-08-05,527423.6912228885,449.7263244362548,0.0008534127953037096
2025-08-06,526446.0848315157,-977.6063913728576,-0.0018535503953305277
2025-08-07,523401.6104375084,-3044.474394007295,-0.005783069685059261
2025-08-08,529052.136495436,5650.526057927578,0.01079577507070395
2025-08-11,527021.8594067579,-2030.2770886780927,-0.0038375746899486085
2025-08-12,534524.3733309822,7502.513924224302,0.014235678824915388
2025-08-13,540925.7314388121,6401.358107829932,0.01197580209100435
2025-08-14,541685.2631320364,759.5316932243295,0.0014041330428191667
2025-08-15,545207.0323585764,3521.7692265399965,0.006501504593602991
2025-08-18,544699.0686187954,-507.9637397810584,-0.0009316896328053215
2025-08-19,545627.8142080603,928.7455892649014,0.001705061827294685
2025-08-20,544635.0665639206,-992.7476441396866,-0.0018194593792484337
2025-08-21,543591.2999196937,-1043.7666442268528,-0.0019164514154623724
2025-08-22,553826.4970954299,10235.19717573619,0.01882884655668371
2025-08-25,549479.2808546575,-4347.216240772395,-0.007849419021248694
2025-08-26,550210.3789725011,731.0981178436195,0.0013305289995766412
2025-08-27,552003.8267697502,1793.4477972490713,0.0032595673687549898
2025-08-28,552178.1351031795,174.30833342927508,0.0003157737772385705
2025-08-29,552211.8610807037,33.72597752418369,6.107807495481232e-05
2025-09-02,549397.6217369019,-2814.239343801746,-0.005096303687309733
2025-09-03,551702.2560694291,2304.6343325271737,0.004194838567449732
2025-09-04,556379.0792747722,4676.823205343098,0.0084770782680188
2025-09-05,553656.4685075599,-2722.610767212347,-0.004893445617619618
2025-09-08,553739.470783404,83.00227584410459,0.00014991656481111448
2025-09-09,560005.4683715578,6265.997588153812,0.011315786428027108
2025-09-10,558020.8014338285,-1984.6669377292274,-0.003544013495976106
2025-09-11,567867.7816130423,9846.980179213802,0.017646260056815244
2025-09-12,567488.1735559085,-379.60805713385344,-0.0006684796521746472
2025-09-15,568613.2823211828,1125.1087652742863,0.001982611828232894
2025-09-16,566008.8936346445,-2604.3886865383247,-0.004580245955399964
2025-09-17,570223.9727106434,4215.079075998976,0.007447019160656154
2025-09-18,570935.8310852887,711.858374645235,0.0012483838083152676
2025-09-19,576293.1108733903,5357.279788101674,0.009383330834076498
2025-09-22,579725.680901827,3432.5700284367194,0.005956291969609895
2025-09-23,579309.7557061336,-415.92519569350407,-0.0007174517351835608
2025-09-24,577211.3105367839,-2098.4451693496667,-0.003622319749806091
2025-09-25,573326.7812801354,-3884.5292566485004,-0.006729821792708868
2025-09-26,576167.6673718691,2840.8860917337006,0.004955090507704041
2025-09-29,577080.4216991008,912.7543272316689,0.0015841817910315914
2025-09-30,579529.2802773211,2448.858578220359,0.004243530860066569
2025-10-01,582068.8720666514,2539.5917893302394,0.004382163034307718
2025-10-02,582822.8638480952,753.9917814438231,0.0012953652353315803
2025-10-03,588110.6298992379,5287.766051142709,0.009072681219522094
2025-10-06,587069.5432567265,-1041.0866425114218,-0.0017702224540471212
2025-10-07,586411.0608687295,-658.4823879969772,-0.0011216429051047472
2025-10-08,586898.8220799918,487.7612112623174,0.0008317735523946101
2025-10-09,582477.1647983453,-4421.657281646505,-0.007533934496538941
2025-10-10,571063.3501302304,-11413.81466811488,-0.019595299795256982
2025-10-13,578203.1837876885,7139.833657458075,0.012502699842022569
2025-10-14,582338.8611484946,4135.6773608061485,0.007152636783689381
2025-10-15,583199.1314266772,860.2702781825792,0.0014772675079350872
2025-10-16,576794.0137426862,-6405.117683990975,-0.010982728435006694
2025-10-17,578159.0062108268,1364.9924681405537,0.0023665163569979164
2025-10-20,586186.0646205427,8027.058409715886,0.013883824905408071
2025-10-21,585631.1923023754,-554.8723181672394,-0.0009465805341627442
2025-10-22,579588.0069835967,-6043.185318778735,-0.010319097408422406
2025-10-23,580035.076960201,447.0699766043108,0.000771358225528207
2025-10-24,585636.4492258835,5601.372265682439,0.00965695436048053
2025-10-27,589970.2881420031,4333.838916119654,0.0074002206007639515
2025-10-28,591210.4073215238,1240.1191795206396,0.002102002769370115
2025-10-29,593835.1538427024,2624.746521178633,0.004439614879362619
2025-10-30,593191.8680640911,-643.2857786113163,-0.0010832733199586109
2025-10-31,591169.6194554718,-2022.248608619324,-0.0034090969844530195
2025-11-03,586646.8597212669,-4522.759734204854,-0.007650528013213531
2025-11-04,587587.8892030327,941.0294817658141,0.0016040816824842707
2025-11-05,592061.3621300206,4473.472926987917,0.007613283066564724
2025-11-06,587535.8832559909,-4525.478874029708,-0.0076435977138394895
2025-11-07,588900.5670905078,1364.683834516909,0.0023227242342274135
2025-11-10,592820.9691308723,3920.4020403644536,0.0066571544662172855
2025-11-11,600886.3580165474,8065.388885675115,0.013605100537350534
2025-11-12,605584.4183042522,4698.060287704808,0.007818550421434978
2025-11-13,596130.1963360254,-9454.221968226833,-0.015611732538793555
2025-11-14,590969.9619161445,-5160.2344198809005,-0.008656220489411615
2025-11-17,586335.5878409161,-4634.374075228348,-0.007841979074878824
2025-11-18,579725.5312485606,-6610.056592355482,-0.011273503995716694
2025-11-19,580113.2391613782,387.7079128175974,0.000668778399292913
2025-11-20,575456.2690349604,-4656.970126417815,-0.008027691512695001
2025-11-21,581429.4326927536,5973.163657793193,0.010379874161089875
2025-11-24,583342.1428147753,1912.71012202173,0.0032896685555863225
2025-11-25,592856.6256877225,9514.48287294712,0.01631029575034182
2025-11-26,598614.0777729442,5757.452085221768,0.009711373434585502
2025-11-28,601797.3549523636,3183.2771794194123,0.005317745267973573
2025-12-01,595523.8542525748,-6273.500699788798,-0.010424606635709432
2025-12-02,597799.7944495836,2275.9401970087783,0.0038217448062853876
2025-12-03,602990.0826010708,5190.288151487126,0.008682318394348076
2025-12-04,600653.6284786975,-2336.454122373252,-0.0038747803484506793
2025-12-05,600300.253640632,-353.37483806547243,-0.000588317162023122
2025-12-08,596927.7082084997,-3372.5454321323195,-0.005618097629775942
2025-12-09,592200.192045148,-4727.516163351713,-0.007919746559495344
2025-12-10,597922.4647540116,5722.272708863602,0.009662733625772635
2025-12-11,609700.214228902,11777.749474890414,0.019697787203456052
2025-12-12,607056.2273532758,-2643.9868756262586,-0.004336535913752604
2025-12-15,607261.8976350146,205.67028173885774,0.00033879939365011325
2025-12-16,603712.277458891,-3549.6201761235716,-0.005845287165138435
2025-12-17,599973.9833267103,-3738.294132180745,-0.006192178413060856
2025-12-18,600878.4958004674,904.5124737571459,0.0015075861602229512
2025-12-19,603882.4399401292,3003.944139661733,0.004999253860233477
2025-12-22,606178.7670405798,2296.3271004506387,0.0038026061838762892
2025-12-23,607588.437723809,1409.6706832292257,0.0023255032341553683
2025-12-24,611434.642224687,3846.204500877997,0.0063302792845876255
2025-12-26,611223.8523055621,-210.7899191249162,-0.00034474644478432737
2025-12-29,607237.528372461,-3986.3239331011428,-0.0065218723354211194
2025-12-30,606488.8997091583,-748.628663302632,-0.0012328432093272612
2025-12-31,602677.8804131817,-3811.0192959766136,-0.006283741215715843
2026-01-02,606649.8206619872,3971.9402488054475,0.006590486191532907
2026-01-05,612848.1609539848,6198.340291997651,0.01021732815355314
2026-01-06,618105.3141301466,5257.15317616181,0.008578231136368686
2026-01-07,613095.8986818606,-5009.4154482859885,-0.008104469147520055
2026-01-08,613699.7437961404,603.8451142797712,0.0009849113582034441
2026-01-09,615583.7577109251,1884.0139147846494,0.0030699278170311928
2026-01-12,614518.4940818845,-1065.2636290405644,-0.0017304933986591609
2026-01-13,606108.9597787568,-8409.534303127672,-0.013684753809878214
2026-01-14,604674.7047748783,-1434.2550038784975,-0.0023663319618341117
2026-01-15,609009.8647390605,4335.159964182181,0.007169408493441498
2026-01-16,606929.6704757955,-2080.1942632650025,-0.0034156987985018983
2026-01-20,599662.5248154333,-7267.145660362206,-0.011973620690952869
2026-01-21,607062.1560625043,7399.631247070967,0.01233965929311398
2026-01-22,611454.540082268,4392.384019763675,0.007235476591480161
2026-01-23,607561.4037313487,-3893.1363509192597,-0.006367008658395901
2026-01-26,614004.7848215542,6443.381090205512,0.010605316681792765
2026-01-27,601940.477148853,-12064.307672701194,-0.019648556446033916
2026-01-28,602659.4214644633,718.9443156103371,0.0011943777547833712
2026-01-29,601174.8702582147,-1484.551206248696,-0.0024633336066350875
2026-01-30,597432.9965693626,-3741.8736888520652,-0.0062242683019083644
2026-02-02,606800.0333651897,9367.036795827094,0.015678807246361393
2026-02-03,606027.5403600031,-772.4930051865522,-0.0012730602549615444
2026-02-04,611750.7185414414,5723.178181438241,0.009443759235823634
2026-02-05,603754.8597861974,-7995.858755243942,-0.013070452576349978
2026-02-06,620827.8394792594,17072.97969306202,0.028277999615784255
2026-02-09,619005.6970282439,-1822.1424510155339,-0.0029350205244402794
2026-02-10,619207.9721827777,202.275154533796,0.0003267743019246261
2026-02-11,622081.0864262074,2873.1142434297362,0.004639982643152463
2026-02-12,612308.6145924245,-9772.471833782969,-0.015709321577231705
2026-02-13,612993.7266250877,685.1120326631935,0.001118899875546031
2026-02-17,615445.7470174743,2452.020392386592,0.00400007420285764
2026-02-18,617146.0847770264,1700.3377595521742,0.0027627744082923122
2026-02-19,614604.8562053542,-2541.2285716722254,-0.004117709946406589
2026-02-20,618063.0502733386,3458.1940679843538,0.005626694994464776
2026-02-23,608119.2180864948,-9943.832186843734,-0.016088701925226045
2026-02-24,612409.5773718663,4290.3592853714945,0.007055128596118898
2026-02-25,618024.7902602962,5615.212888429873,0.009169048127116719
2026-02-26,617876.6553054014,-148.13495489477646,-0.0002396909593745944
2026-02-27,612809.2312286429,-5067.424076758558,-0.008201352216898106
2026-03-02,613194.4048771354,385.17364849254955,0.0006285376082215688
2026-03-03,607819.6215428612,-5374.783334274194,-0.008765219140169922
2026-03-04,610360.8403219528,2541.218779091607,0.004180876511753695
2026-03-05,599249.3219696257,-11111.51835232717,-0.018204834940698467
2026-03-06,592811.4008362448,-6437.921133380849,-0.010743309833410541
2026-03-09,596634.666997771,3823.266161526204,0.006449380285421302
2026-03-10,597169.6428357617,534.9758379906416,0.0008966556380014534
2026-03-11,593440.8487483754,-3728.7940873862244,-0.006244111923840334
2026-03-12,582944.3371367229,-10496.51161165256,-0.017687544822353796
2026-03-13,580797.8331936913,-2146.5039430315373,-0.0036821765068936196
2026-03-16,586152.4863767789,5354.65318308759,0.009219478581115492
2026-03-17,586913.8084388976,761.3220621186774,0.001298846426165845
2026-03-18,576840.0371691881,-10073.771269709454,-0.017163970458463296
2026-03-19,574204.5376224386,-2635.4995467495173,-0.004568856835394208
2026-03-20,569967.8967334173,-4236.640889021335,-0.00737827831623139
2026-03-23,576235.3676683503,6267.4709349330515,0.010996182365450746
2026-03-24,576952.9876247189,717.6199563685805,0.0012453590956631455
2026-03-25,578878.4028814029,1925.4152566839475,0.0033372134263673914
2026-03-26,573501.1495393885,-5377.253342014388,-0.009289089582974253
2026-03-27,560988.1310299201,-12513.018509468413,-0.02181864590771676
2026-03-30,561266.7413330865,278.6103031664388,0.0004966420638079505
2026-03-31,576713.9697181194,15447.228385032853,0.02752208040751447
2026-04-01,580130.7951518396,3416.8254337202525,0.0059246448207077584
2026-04-02,579361.8420829215,-768.9530689180829,-0.0013254822452871684
2026-04-06,582600.1999300814,3238.357847159845,0.005589525598574729
2026-04-07,585375.103190037,2774.9032599555794,0.0047629631096739455
2026-04-08,602476.7251041435,17101.621914106538,0.029214809138465636
2026-04-09,606172.7200230751,3695.994918931625,0.006134668386223119
2026-04-10,602683.7499401802,-3488.970082894899,-0.005755735894485747
2026-04-13,608256.0445702063,5572.294630026096,0.009245802015699134
2026-04-14,611266.9820176999,3010.9374474935466,0.00495011512729171
2026-04-15,611812.5494046368,545.5673869369784,0.0008925189859529947
2026-04-16,613694.6264212661,1882.0770166292787,0.0030762314674008806
2026-04-17,624893.6572831278,11199.030861861655,0.01824853987587982
2026-04-20,626222.3948708242,1328.737587696407,0.0021263419338795053
2026-04-21,626009.9091719943,-212.48569882987067,-0.0003393134780395046
2026-04-22,631529.4952063075,5519.5860343131935,0.008817090517966086
2026-04-23,631998.0403620445,468.545155736967,0.000741921255132949
2026-04-24,629361.615399715,-2636.4249623294454,-0.0041715714194606734
2026-04-27,628697.6351527137,-663.9802470012801,-0.0010550059469063289
2026-04-28,631479.989632343,2782.354479629197,0.004425584452776521
2026-04-29,630948.5432499602,-531.4463823827682,-0.000841588634807211
2026-04-30,639128.0065149721,8179.463265011902,0.012963756478270305
2026-05-01,637330.3233941921,-1797.683120779926,-0.0028127121679150102
2026-05-04,629068.7953393233,-8261.528054868802,-0.012962709840747655
2026-05-05,633511.2465740752,4442.451234751847,0.007061948180652644
2026-05-06,640479.8319623787,6968.5853883035015,0.010999939505397016
2026-05-07,636629.7287113277,-3850.1032510510413,-0.00601127944849511
2026-05-08,637707.2034923144,1077.474780986784,0.0016924669590403507
2026-05-11,639488.1156422397,1780.9121499252506,0.002792679995101688
2026-05-12,643216.6699946808,3728.554352441104,0.005830529545801655
2026-05-13,640232.1765018064,-2984.4934928744333,-0.004639950474074506
2026-05-14,643958.3327263535,3726.156224547187,0.005820007742982636
2026-05-15,639580.0711829956,-4378.261543357978,-0.006798982668368536
2026-05-18,640234.7270949362,654.6559119406156,0.0010235714673374474
2026-05-19,637763.1075061266,-2471.6195888095535,-0.003860489730109662
2026-05-20,646147.3309858635,8384.22347973683,0.013146297396414264
2026-05-21,648475.8236313727,2328.492645509192,0.003603655906086356
2026-05-22,652228.6894717154,3752.8658403427107,0.005787210106503515
2026-05-26,649767.746367094,-2460.943104621372,-0.003773129186657953
2026-05-27,650415.726714178,647.9803470839979,0.000997249172041803
2026-05-28,650541.228496724,125.50178254605271,0.00019295625457904642
2026-05-29,653606.0079267492,3064.7794300251408,0.0047111225173341875
2026-06-01,650392.7885667667,-3213.219359982526,-0.004916141101846572
2026-06-02,653888.8328565063,3496.044289739686,0.005375281447144831
2026-06-03,650665.7908631605,-3223.0419933458325,-0.004929036605910486
2026-06-04,664502.2439768893,13836.453113728785,0.021265069269084558
2026-06-05,659888.0598378585,-4614.184139030753,-0.006943820251705923
2026-06-08,656920.4578245537,-2967.6020133048296,-0.004497129428336688
2026-06-09,657326.4469686876,405.98914413386956,0.0006180187255522274
2026-06-10,647365.8459390812,-9960.60102960642,-0.015153202910883179
2026-06-11,656920.7379143519,9554.8919752707,0.014759647941281484
2026-06-12,662167.7851126763,5247.047198324464,0.007987336820851842
2026-06-15,668123.9774296548,5956.192316978471,0.008994989564412137
2026-06-16,674448.190527511,6324.213097856147,0.009465628104212254
2026-06-17,667866.985767198,-6581.204760312918,-0.009757910025921412
2026-06-18,669296.9199099304,1429.9341427324107,0.0021410463059343687
2026-06-22,673024.9514541832,3728.0315442527644,0.005570071269346943
2026-06-23,672552.5101620499,-472.4412921332987,-0.0007019669792516225
2026-06-24,675659.0980135966,3106.5878515467048,0.0046191008205414
2026-06-25,674977.9889834379,-681.1090301587246,-0.001008066097476057
2026-06-26,678445.4314647086,3467.4424812707584,0.00513711933998473
2026-06-29,681344.8836169896,2899.452152280952,0.004273670390883666
2026-06-30,684923.2105755849,3578.3269585953094,0.0052518585589127476
2026-07-01,689240.4235963251,4317.213020740193,0.006303207358255847
2026-07-02,699541.232963426,10300.809367100941,0.01494516138991564
2026-07-06,697831.6922948295,-1709.5406685965136,-0.0024438025780902928
2026-07-07,696185.1424608309,-1646.5498339986661,-0.0023595228651538402
2026-07-08,689293.3444517626,-6891.7980090682395,-0.009899375307992897
2026-07-09,693032.8923176641,3739.5478659014916,0.005425190734832608
2026-07-10,694147.2414927538,1114.3491750897374,0.00160793114936153
2026-07-13,694585.9527341607,438.71124140685424,0.0006320146723675091
2026-07-14,698322.5158112291,3736.563077068422,0.005379554628710537
2026-07-15,702156.1496480827,3833.6338368535507,0.005489775497787175
2026-07-16,705885.3908426883,3729.2411946055945,0.0053111280111619585
2026-07-17,705203.944570865,-681.4462718232535,-0.0009653780637246534
2026-07-20,701003.5824378214,-4200.362133043585,-0.005956237433696776
2026-07-21,707337.6163400708,6334.033902249415,0.009035665524307346
2026-07-22,706112.5386410191,-1225.0776990517043,-0.001731956099536358
2026-07-23,701576.4046632615,-4536.13397775765,-0.0064240949275421455
2026-07-24,708781.1368971819,7204.732233920367,0.010269347979823262
2026-07-27,711944.546528502,3163.409631320159,0.004463168482683688
2026-07-28,719496.3741571094,7551.827628607396,0.010607325620275665
