Date,Conditional_Volatility,Forecast_Volatility,Standardized_Residuals,Raw_99_VaR,GJR_GARCH_Scaled_99_VaR
2016-07-29,0.0119247294522803,0.011212581448633931,-0.07188882177839302,,
2016-08-01,0.011212581448633931,0.010561172672605387,0.15210549243689586,,
2016-08-02,0.010561172672605389,0.010294246998374824,-0.561272108842578,,
2016-08-03,0.010294246998374824,0.009767990883270032,0.5542075967542116,,
2016-08-04,0.00976799088327003,0.00924854394500587,-0.0546776957571581,,
2016-08-05,0.00924854394500587,0.008951326269264077,1.158120027292736,,
2016-08-08,0.008951326269264075,0.008520767134165693,-0.12170797930691457,,
2016-08-09,0.008520767134165693,0.008135635795376408,-0.13691767340698066,,
2016-08-10,0.008135635795376408,0.008058109369706275,-0.5985840110698344,,
2016-08-11,0.008058109369706275,0.007739567459574685,0.5563504912296297,,
2016-08-12,0.007739567459574686,0.0074779892407296775,-0.27785998235081094,,
2016-08-15,0.0074779892407296775,0.007254089905827494,0.8083865119122057,,
2016-08-16,0.007254089905827495,0.007306565686995898,-0.6773532929289117,,
2016-08-17,0.007306565686995897,0.007039098043681948,0.25005480953745557,,
2016-08-18,0.007039098043681948,0.006886861959531996,-0.36592824994581324,,
2016-08-19,0.006886861959531995,0.006661585037023257,-0.05193152209559273,,
2016-08-22,0.006661585037023258,0.006484107231782273,-0.19100465470825911,,
2016-08-23,0.006484107231782273,0.006303776392570584,0.029173306884157174,,
2016-08-24,0.006303776392570585,0.006922246531706873,-1.1604880967076943,,
2016-08-25,0.006922246531706873,0.006747535959731735,-0.2886909069247891,,
2016-08-26,0.006747535959731734,0.006598453820585837,-0.30717251698503534,,
2016-08-29,0.006598453820585838,0.006433488394104323,0.560456799969486,,
2016-08-30,0.006433488394104324,0.006264402199673938,-0.09204731716785469,,
2016-08-31,0.006264402199673938,0.00626512188780965,-0.5071675013126393,,
2016-09-01,0.006265121887809648,0.006148193840466629,-0.247581866770564,,
2016-09-02,0.006148193840466629,0.006039483548400763,0.6054570987596487,,
2016-09-06,0.006039483548400762,0.005913165736129778,-0.01531047831719285,,
2016-09-07,0.005913165736129779,0.005805905941907279,0.20215019386205016,,
2016-09-08,0.005805905941907279,0.006152845415971213,-0.9071581729901792,,
2016-09-09,0.006152845415971213,0.011289133040017404,-3.5645030327977194,,
2016-09-12,0.011289133040017402,0.010901080460618868,1.3062172680654611,,
2016-09-13,0.010901080460618868,0.011527528078103028,-1.1007507342162681,,
2016-09-14,0.011527528078103028,0.010851113115488762,0.2029933676011085,,
2016-09-15,0.010851113115488762,0.010427529733741699,1.1344112773376716,,
2016-09-16,0.010427529733741699,0.009893209612876515,-0.21763261645787865,,
2016-09-19,0.009893209612876515,0.00943217376794385,-0.27198770297897856,,
2016-09-20,0.00943217376794385,0.008941984112229635,0.041638069713465564,,
2016-09-21,0.008941984112229635,0.008620358476518257,0.9783206844142411,,
2016-09-22,0.008620358476518257,0.008247994822746973,0.5617348809947732,,
2016-09-23,0.008247994822746973,0.009043901490116758,-1.2377728771309904,,
2016-09-26,0.009043901490116758,0.009862663098973377,-1.2294566961428153,,
2016-09-27,0.009862663098973377,0.009368148161981938,0.510601930133613,,
2016-09-28,0.009368148161981938,0.008950974007087852,0.7090667543475253,,
2016-09-29,0.008950974007087852,0.01027713513419751,-1.4786089114536667,,
2016-09-30,0.010277135134197509,0.009815676341992612,0.8599356752458776,,
2016-10-03,0.009815676341992614,0.009492980221200011,-0.4579324256749943,,
2016-10-04,0.00949298022120001,0.009009515637984439,-0.11599082829690575,,
2016-10-05,0.009009515637984439,0.00862948043593955,0.7364179911200601,,
2016-10-06,0.00862948043593955,0.008222557588508025,0.20166297670958155,,
2016-10-07,0.008222557588508025,0.007851816081722059,0.01518536761328095,,
2016-10-10,0.007851816081722059,0.007549058716570607,0.5162724730467472,,
2016-10-11,0.007549058716570607,0.00912231555342232,-1.68390439500978,,
2016-10-12,0.00912231555342232,0.008668125146229616,0.22009687235551997,,
2016-10-13,0.008668125146229616,0.008576690577285129,-0.618663975648325,,
2016-10-14,0.008576690577285129,0.008177812575840769,0.25214292139382544,,
2016-10-17,0.008177812575840769,0.008006857252044634,-0.49324410237038585,,
2016-10-18,0.008006857252044633,0.007816541439922029,1.1865972506455775,,
2016-10-19,0.007816541439922027,0.007513807334982846,0.4841449085068777,,
2016-10-20,0.007513807334982847,0.007892178740511123,-0.9754262344618747,,
2016-10-21,0.007892178740511123,0.007556075464850988,0.0643396424433973,,
2016-10-24,0.007556075464850987,0.007302060932357918,0.6642170644468735,,
2016-10-25,0.007302060932357917,0.007812804545211409,-1.0723638070861028,,
2016-10-26,0.007812804545211409,0.007708396806776769,-0.5417736346933913,,
2016-10-27,0.00770839680677677,0.007551449777580663,-0.4607865173194754,,
2016-10-28,0.007551449777580663,0.008483252545158295,-1.3384178882891435,,
2016-10-31,0.008483252545158295,0.008214057160822045,-0.3909081842141544,,
2016-11-01,0.008214057160822045,0.009210866801201551,-1.3491352559134837,,
2016-11-02,0.009210866801201551,0.00930818620195945,-0.7968099776466994,,
2016-11-03,0.009308186201959452,0.00920902914420058,-0.6450668604077725,,
2016-11-04,0.00920902914420058,0.008844509625938274,-0.3377156480974531,,
2016-11-07,0.008844509625938272,0.009233027786888169,2.61424111313372,,
2016-11-08,0.009233027786888169,0.008797936846370737,0.5239830899655414,,
2016-11-09,0.008797936846370737,0.009164057253627343,2.5764061917873193,,
2016-11-10,0.009164057253627343,0.009072411398479311,1.705763134756669,,
2016-11-11,0.009072411398479311,0.00861872427768739,0.1227094370646673,,
2016-11-14,0.00861872427768739,0.00821591756717193,0.2559696261984291,,
2016-11-15,0.00821591756717193,0.007847914136262235,0.13368683813649107,,
2016-11-16,0.007847914136262233,0.007561635531461328,-0.24264019790315458,,
2016-11-17,0.007561635531461328,0.00732891785023595,0.8046478550241251,,
2016-11-18,0.00732891785023595,0.007294040564901321,-0.5829282372046769,,
2016-11-21,0.007294040564901321,0.007062898663728776,0.635583654428509,,
2016-11-22,0.007062898663728775,0.0068248287574713936,0.2990917232208909,,
2016-11-23,0.0068248287574713936,0.0066252864795466795,0.46319047846574746,,
2016-11-25,0.0066252864795466795,0.0064284667244818945,-0.01629400679375893,,
2016-11-28,0.006428466724481895,0.006691415094090722,-0.8490402399122047,,
2016-11-29,0.006691415094090721,0.006533369803984693,0.7070775669844762,,
2016-11-30,0.006533369803984693,0.006351817845053983,0.22634280871591878,,
2016-12-01,0.0063518178450539834,0.006200289583544881,0.3852552636042368,,
2016-12-02,0.006200289583544881,0.006084348090045257,-0.22468639516271532,,
2016-12-05,0.0060843480900452575,0.006003964466257999,0.7842047535067929,,
2016-12-06,0.006003964466257998,0.005887899802023385,0.2677911796326374,,
2016-12-07,0.005887899802023384,0.006155818548279577,2.1827771651221664,,
2016-12-08,0.006155818548279577,0.006026235225209709,0.3631836067798647,,
2016-12-09,0.00602623522520971,0.005977419076580944,0.9573022946207036,,
2016-12-12,0.005977419076580943,0.0059115458319377225,-0.30278688764529094,,
2016-12-13,0.0059115458319377225,0.005982456184010454,1.501336466587707,,
2016-12-14,0.005982456184010455,0.006203832884572571,-0.7779602499935165,,
2016-12-15,0.006203832884572571,0.006116757622454655,0.8340317505868724,,
2016-12-16,0.006116757622454655,0.0064907188107292384,-0.9463880868393435,,
2016-12-19,0.006490718810729238,0.006309571511713374,0.0217111874260402,,
2016-12-20,0.006309571511713375,0.006224518686485813,0.9240289605143661,,
2016-12-21,0.006224518686485812,0.006210245508031712,-0.47485489920819274,,
2016-12-22,0.006210245508031712,0.006206639050011322,-0.4911101428106791,,
2016-12-23,0.006206639050011322,0.006063403103607881,0.21075659814584852,,
2016-12-27,0.006063403103607882,0.0059363198213757025,0.16712977445195465,,
2016-12-28,0.005936319821375702,0.0063109027475541715,-0.9409919815033834,,
2016-12-29,0.0063109027475541715,0.006256609127781231,-0.41597809692881793,,
2016-12-30,0.006256609127781231,0.006489160991204527,-0.8085226363642055,,
2017-01-03,0.006489160991204526,0.006446151200379938,1.2413944929064513,,
2017-01-04,0.006446151200379939,0.006277764469503765,0.2893570906256169,,
2017-01-05,0.006277764469503766,0.006373303221005177,-0.6478452369135498,,
2017-01-06,0.006373303221005178,0.006296510952936272,1.0130089579171495,,
2017-01-09,0.006296510952936273,0.0061696260973381385,-0.2255169932682406,,
2017-01-10,0.006169626097338138,0.006030353865021018,0.19524022062945917,,
2017-01-11,0.006030353865021019,0.005926113845659587,0.5028231555443552,,
2017-01-12,0.005926113845659586,0.0065547716458768295,-1.1725143693040305,,
2017-01-13,0.00655477164587683,0.006366540219129353,0.07448719200210284,,
2017-01-17,0.006366540219129353,0.007358415688270367,-1.428760223636564,,
2017-01-18,0.007358415688270367,0.00707923136742413,-0.022946476577816403,,
2017-01-19,0.007079231367424129,0.007158422709018105,-0.6944876591090203,,
2017-01-20,0.007158422709018104,0.006917494917868923,0.40688549581744193,,
2017-01-23,0.006917494917868924,0.006688458278587593,0.1259408313240448,,
2017-01-24,0.006688458278587593,0.006516305174161073,0.5872083336569671,,
2017-01-25,0.006516305174161072,0.00650783874360787,1.3997760708507452,,
2017-01-26,0.00650783874360787,0.006329441349238208,0.2303186024316281,,
2017-01-27,0.0063294413492382086,0.006239216192343948,0.904966037502672,,
2017-01-30,0.006239216192343947,0.007339931865543342,-1.5082917791217583,,
2017-01-31,0.007339931865543342,0.007646680709937095,-0.916784293641138,,
2017-02-01,0.0076466807099370955,0.0073781840531979255,0.6252812544963186,,
2017-02-02,0.0073781840531979255,0.007356804130226881,-0.603466697800442,,
2017-02-03,0.007356804130226883,0.0077180823794388365,2.541143658840082,,
2017-02-06,0.0077180823794388365,0.007613584078072114,-0.5327333284890104,,
2017-02-07,0.007613584078072114,0.007306719455370452,0.0471624964086679,,
2017-02-08,0.007306719455370452,0.007081341258923529,-0.26001883494569017,,
2017-02-09,0.007081341258923529,0.006923892098300857,0.9622987867157322,,
2017-02-10,0.006923892098300857,0.0067231645290357425,0.5616449029424769,,
2017-02-13,0.0067231645290357425,0.006651548616850501,1.2118039931218756,,
2017-02-14,0.006651548616850501,0.006533639768010975,0.942796327208731,,
2017-02-15,0.006533639768010975,0.006455668483437685,1.0942548588844023,,
2017-02-16,0.006455668483437685,0.006364756441359147,-0.37102620064240993,,
2017-02-17,0.006364756441359147,0.006228404719968475,-0.21960849329955703,,
2017-02-21,0.006228404719968475,0.0061084395493859935,0.5870469995798336,,
2017-02-22,0.006108439549385994,0.005979265383049504,-0.09921821553061835,,
2017-02-23,0.005979265383049504,0.005884535517333255,-0.2046487259856755,,
2017-02-24,0.005884535517333255,0.005821162536126504,-0.27737310359219586,,
2017-02-27,0.0058211625361265056,0.005741200092559171,0.48584155322927497,,
2017-02-28,0.005741200092559171,0.0057142990937440385,-0.3347940669688517,,
2017-03-01,0.0057142990937440385,0.0062883263414071225,2.9781907019864455,,
2017-03-02,0.0062883263414071225,0.007497773162912672,-1.5752247620894146,,
2017-03-03,0.007497773162912673,0.007232440112972311,0.5270618412869413,,
2017-03-06,0.007232440112972312,0.007157797573824212,-0.5214358905681229,,
2017-03-07,0.007157797573824211,0.007008539239504189,-0.39348850127079654,,
2017-03-08,0.007008539239504189,0.006883512676320228,-0.41181688554719664,,
2017-03-09,0.006883512676320227,0.006703328158523701,-0.2629240655078787,,
2017-03-10,0.006703328158523702,0.006529323699501057,0.5853114862104352,,
2017-03-13,0.006529323699501057,0.006349410851573545,-0.09565695456201079,,
2017-03-14,0.006349410851573546,0.006417444720284989,-0.6186535286753342,,
2017-03-15,0.006417444720284988,0.006334299912688327,1.003086657132498,,
2017-03-16,0.006334299912688327,0.006240391592942386,-0.33443934266428677,,
2017-03-17,0.006240391592942387,0.007470315436042995,-1.5917406801645948,,
2017-03-20,0.007470315436042995,0.0072495643281455385,-0.3109013046135935,,
2017-03-21,0.007249564328145539,0.010170639999924326,-2.341585745977871,,
2017-03-22,0.010170639999924324,0.009617703596538721,0.22142978383450046,,
2017-03-23,0.009617703596538721,0.009213145811231822,-0.3287784597914441,,
2017-03-24,0.009213145811231824,0.008848220798839746,-0.337625248910604,,
2017-03-27,0.008848220798839745,0.008576559936111533,-0.4303619124819605,,
2017-03-28,0.008576559936111535,0.008267214778730415,0.8952526615894468,,
2017-03-29,0.008267214778730415,0.008118087806889501,-0.5283711558638187,,
2017-03-30,0.008118087806889501,0.007780770248296721,0.44439317119149907,,
2017-03-31,0.00778077024829672,0.007727520287840012,-0.5990753119472234,,
2017-04-03,0.007727520287840012,0.007433156484023395,-0.1804324198029074,,
2017-04-04,0.007433156484023394,0.007152215517476309,0.2537621805945732,,
2017-04-05,0.007152215517476309,0.007091782073490357,-0.5319938840797993,,
2017-04-06,0.007091782073490357,0.0068478293310782,0.24975562616639052,,
2017-04-07,0.006847829331078201,0.006673538732630745,-0.26882222499667474,,
2017-04-10,0.006673538732630745,0.006476399939472183,0.2420459138529501,,
2017-04-11,0.006476399939472183,0.006373366933597587,-0.348844832123147,,
2017-04-12,0.0063733669335975865,0.006745433843593957,-0.9518160208999911,,
2017-04-13,0.006745433843593957,0.0074386943108296355,-1.2095236121855222,,
2017-04-17,0.007438694310829635,0.0073193863399816875,1.2764147001640949,,
2017-04-18,0.0073193863399816875,0.007681049418848404,-0.9604236480348461,,
2017-04-19,0.0076810494188484036,0.007617281292397826,-0.5789878902140293,,
2017-04-20,0.007617281292397825,0.007474803564383003,1.2451200101917186,,
2017-04-21,0.007474803564383003,0.00722773199818911,-0.24762351439736005,,
2017-04-24,0.007227731998189109,0.0074670874526102625,2.2669073670444457,,
2017-04-25,0.007467087452610263,0.007558217056476162,1.9304391164956842,,
2017-04-26,0.007558217056476163,0.00725726819168979,-0.01741905299597398,,
2017-04-27,0.007257268191689789,0.007120375003098945,-0.43097660729679793,,
2017-04-28,0.007120375003098945,0.00698785395204947,-0.4170990566957873,,
2017-05-01,0.00698785395204947,0.006749987636922312,0.08179571815952584,,
2017-05-02,0.006749987636922311,0.006538556474322166,0.010563563227454827,,
2017-05-03,0.006538556474322166,0.006362939674246625,-0.1325687943595432,,
2017-05-04,0.006362939674246626,0.0062836688697612865,-0.3752553633130807,,
2017-05-05,0.006283668869761286,0.0061322497600118904,0.23939891202383096,,
2017-05-08,0.0061322497600118904,0.00599619210115734,0.14889388115705138,,
2017-05-09,0.00599619210115734,0.005932961631589533,-0.31629832173339945,,
2017-05-10,0.005932961631589533,0.005822449019533296,0.17762810641834903,,
2017-05-11,0.0058224490195332955,0.00584741665942881,-0.472247602566683,,
2017-05-12,0.005847416659428811,0.00574939413894227,-0.08646002698662109,,
2017-05-15,0.00574939413894227,0.005682616662931438,0.5379483412068479,,
2017-05-16,0.005682616662931437,0.005603204333893187,-0.05350442656302421,,
2017-05-17,0.005603204333893187,0.011064542138551806,-3.925247631557301,,
2017-05-18,0.011064542138551806,0.010440653366085094,0.3358248536071468,,
2017-05-19,0.010440653366085094,0.009875765565823284,0.36685694097385574,,
2017-05-22,0.009875765565823282,0.009346445324303105,0.1506012714723428,,
2017-05-23,0.009346445324303105,0.008892341568439082,0.4587839847745851,,
2017-05-24,0.008892341568439082,0.008468861439696931,0.33836555275604735,,
2017-05-25,0.008468861439696931,0.008121742232625961,0.6365956985214533,,
2017-05-26,0.008121742232625961,0.0077869426829392015,-0.1783447587712109,,
2017-05-30,0.007786942682939201,0.007770222805130937,-0.6392719529931077,,
2017-05-31,0.007770222805130938,0.007905780702109087,-0.784423125598111,,
2017-06-01,0.007905780702109087,0.00767397586901841,0.9771030703580068,,
2017-06-02,0.007673975869018409,0.007396221030133787,0.5750076036793024,,
2017-06-05,0.0073962210301337875,0.00711471356617363,-0.05458430184391476,,
2017-06-06,0.007114713566173628,0.006927911247963992,-0.3075986297790931,,
2017-06-07,0.006927911247963992,0.0067277989506734975,0.5712349579320182,,
2017-06-08,0.006727798950673499,0.006522807090512078,0.20333412462187533,,
2017-06-09,0.006522807090512077,0.006401212266147565,-0.3162066807152211,,
2017-06-12,0.006401212266147565,0.006748184594199409,-0.929332453639055,,
2017-06-13,0.006748184594199409,0.006614052172802387,0.9060685305800764,,
2017-06-14,0.0066140521728023875,0.006428783129739969,0.33576811865059947,,
2017-06-15,0.006428783129739969,0.006511036818379147,-0.6455766788101317,,
2017-06-16,0.006511036818379147,0.006395586640143467,-0.3282430587426423,,
2017-06-19,0.006395586640143467,0.006470732956486851,1.674577381014546,,
2017-06-20,0.006470732956486852,0.006583191357311683,-0.6869547680363102,,
2017-06-21,0.006583191357311683,0.00641777661345238,-0.20374201595474445,,
2017-06-22,0.006417776613452379,0.006265063066962245,-0.17807802207419618,,
2017-06-23,0.006265063066962245,0.006274034428553064,-0.520781004062013,,
2017-06-26,0.006274034428553065,0.006119504872768442,0.0914525986795538,,
2017-06-27,0.006119504872768442,0.0064879195400517516,-0.9411064026909637,,
2017-06-28,0.0064879195400517516,0.006614433025574789,1.8651771837397109,,
2017-06-29,0.00661443302557479,0.007187189508878659,-1.1221141900836848,,
2017-06-30,0.007187189508878657,0.006927986408671134,0.12427431654526126,,
2017-07-03,0.006927986408671134,0.006717662951001558,0.47002917159646584,,
2017-07-05,0.006717662951001558,0.0065352950140393955,0.5197498015844049,,
2017-07-06,0.006535295014039395,0.007219919214806291,-1.207484499472676,,
2017-07-07,0.007219919214806292,0.00698208679312608,0.5115760840796559,,
2017-07-10,0.00698208679312608,0.00674433230989839,0.03480815269686072,,
2017-07-11,0.006744332309898391,0.006537731474689885,-0.07964294045440136,,
2017-07-12,0.006537731474689885,0.006386746861790909,0.6267603133363373,,
2017-07-13,0.006386746861790908,0.0062471174492153515,0.5735381683374113,,
2017-07-14,0.0062471174492153515,0.0061145232336673044,0.4730476622067259,,
2017-07-17,0.006114523233667305,0.005979410418913719,0.08723095912756301,,
2017-07-18,0.005979410418913719,0.006251725029705177,-0.8356702309436564,,
2017-07-19,0.006251725029705177,0.006168567945569925,0.8961642697435745,,
2017-07-20,0.006168567945569925,0.00654151642061557,-0.9469903992542177,,
2017-07-21,0.00654151642061557,0.006370454438002419,-0.1589159235912472,,
2017-07-24,0.006370454438002418,0.006208894362501153,0.24480946201425058,,
2017-07-25,0.006208894362501154,0.006326521794034425,1.7718224668979337,,
2017-07-26,0.006326521794034424,0.00656193734760888,-0.8155440953192673,,
2017-07-27,0.00656193734760888,0.007233981248528721,-1.1976965941276274,1621.3564580822845,1633.5973617088835
2017-07-28,0.007233981248528721,0.006975796445724221,0.27584459608815154,1621.3564580822845,1575.2933658586674
2017-07-31,0.006975796445724221,0.006744574339684552,0.24638804456082833,1621.3564580822845,1523.07815967853
2017-08-01,0.006744574339684551,0.006559990431738296,0.5276531828048641,1621.3564580822845,1481.394918503935
2017-08-02,0.006559990431738296,0.006409216050941478,0.6499270334817548,1621.3564580822845,1447.3466368978602
2017-08-03,0.006409216050941479,0.00632488439139317,-0.3747881147726137,1621.3564580822845,1428.3026316933033
2017-08-04,0.00632488439139317,0.006255094896587313,1.0239865302373188,1621.3564580822845,1412.5425777654568
2017-08-07,0.006255094896587313,0.006123397269684459,0.4949591155907815,1621.3564580822845,1382.802260717278
2017-08-08,0.006123397269684459,0.006014566185827842,-0.21737704121121382,1621.3564580822845,1358.2257287424063
2017-08-09,0.006014566185827841,0.005892488663249448,0.12347455706361139,1621.3564580822845,1330.6578498723056
2017-08-10,0.005892488663249448,0.009354771857182715,-2.863868976106734,1621.3564580822845,2112.5200771553427
2017-08-11,0.009354771857182715,0.00887302463460601,0.09639593446920705,2053.964251061408,2752.5310697333166
2017-08-14,0.00887302463460601,0.008566736073701653,1.0166469435844652,2053.964251061408,2657.516256305991
2017-08-15,0.008566736073701653,0.008171995739160264,-0.11304589742553796,2053.964251061408,2535.062518144997
2017-08-16,0.008171995739160264,0.007808443776510236,0.13230622857518395,2053.964251061408,2422.2838306212516
2017-08-17,0.007808443776510236,0.009995981382628805,-1.9489905203821356,2053.964251061408,3100.8872916741648
2017-08-18,0.009995981382628805,0.009513907253830913,-0.24846511249965597,2053.964251061408,2951.341440955388
2017-08-21,0.009513907253830913,0.00901568398527416,0.01239369950455298,2053.964251061408,2796.785910813164
2017-08-22,0.00901568398527416,0.008740528550474542,1.1718786703608584,2053.964251061408,2711.4290100402227
2017-08-23,0.008740528550474542,0.008629543073462207,-0.6038540159939731,2053.964251061408,2676.999828746826
2017-08-24,0.008629543073462207,0.008280897988322131,-0.2717803190934851,2053.964251061408,2568.845454260466
2017-08-25,0.008280897988322133,0.007909827592612894,0.21939547142379223,2053.964251061408,2453.734448114447
2017-08-28,0.007909827592612894,0.007576513533857601,-0.0806459907022845,2053.964251061408,2350.3359633266728
2017-08-29,0.0075765135338576005,0.007276647720371056,0.17485537456926378,2053.964251061408,2257.3135721621716
2017-08-30,0.007276647720371058,0.007022289468776958,0.39857890275692387,2053.964251061408,2178.4082361367086
2017-08-31,0.0070222894687769575,0.00680860109139529,0.5400367840863382,2053.964251061408,2112.119239745338
2017-09-01,0.006808601091395291,0.006594798131334689,0.21405298268587522,2053.964251061408,2045.794698272464
2017-09-05,0.006594798131334689,0.008526390311139189,-1.9603195111266607,2053.964251061408,2645.000460446241
2017-09-06,0.00852639031113919,0.008148222571560044,0.4396509202273924,2053.964251061408,2527.6877631837215
2017-09-07,0.008148222571560042,0.007785170062295083,-0.010293647696404819,2053.964251061408,2415.064012788733
2017-09-08,0.007785170062295083,0.007468525083289021,0.28068394946181485,1939.3128850654261,1929.8387159459653
2017-09-11,0.007468525083289022,0.007509499636479431,1.7966020506658194,1939.3128850654261,1940.4263859656285
2017-09-12,0.007509499636479431,0.007285558466185941,0.8261399929663024,1939.3128850654261,1882.5608320969513
2017-09-13,0.0072855584661859416,0.007119253674769078,-0.3843350113607295,1939.3128850654261,1839.5883011695678
2017-09-14,0.007119253674769078,0.0070333059042142505,-0.4916259528896841,1939.3128850654261,1817.379721387587
2017-09-15,0.007033305904214251,0.006789818776380858,-0.014337040773686941,1939.3128850654261,1754.4635658030318
2017-09-18,0.006789818776380857,0.006577485861659095,0.19691543896672786,1939.3128850654261,1699.5975413966096
2017-09-19,0.006577485861659095,0.006386645356484727,0.07832717576191262,1939.3128850654261,1650.2850745642706
2017-09-20,0.006386645356484727,0.006219946487761395,0.15416452754904456,1939.3128850654261,1607.210715547054
2017-09-21,0.006219946487761396,0.006223401494603437,-0.5047146583913601,1939.3128850654261,1608.103476285389
2017-09-22,0.006223401494603436,0.006170560941666536,-0.40044121011301287,1939.3128850654261,1594.4496766807265
2017-09-25,0.0061705609416665376,0.006547547889833772,-0.9509042742617845,1939.3128850654261,1691.8616823801244
2017-09-26,0.006547547889833772,0.006359851869443484,0.04611028689314893,1939.3128850654261,1643.3617385573953
2017-09-27,0.006359851869443484,0.006260278011312609,0.8658104179062593,1939.3128850654261,1617.6322291329657
2017-09-28,0.006260278011312608,0.006121713113107772,0.41577641237227025,1939.3128850654261,1581.8275819978658
2017-09-29,0.006121713113107771,0.0059993265889057385,0.41002314168788434,1939.3128850654261,1550.2033656926124
2017-10-02,0.00599932658890574,0.005921639462769628,0.7272374114855704,1939.3128850654261,1530.1293052755832
2017-10-03,0.0059216394627696275,0.00582457828645972,0.4227418002209526,1939.3128850654261,1505.0490633577733
2017-10-04,0.005824578286459721,0.005725288102346314,0.020523871567503203,1939.3128850654261,1479.392854229656
2017-10-05,0.005725288102346314,0.005701602650034109,0.8953362871872119,1939.3128850654261,1473.2726226756295
2017-10-06,0.00570160265003411,0.005620010376632379,-0.05820605548000569,1939.3128850654261,1452.1894869323983
2017-10-09,0.005620010376632378,0.005709445124157189,-0.5518915442092645,1939.3128850654261,1475.2990884132068
2017-10-10,0.005709445124157191,0.005627561460278037,0.18151700975885138,1939.3128850654261,1454.1406584695128
2017-10-11,0.005627561460278037,0.005554092048253958,-0.02344574901924111,1939.3128850654261,1435.156439473034
2017-10-12,0.005554092048253958,0.005697778576777286,-0.6300447038921542,1939.3128850654261,1472.2844965675517
2017-10-13,0.005697778576777286,0.005617493927145116,0.18455039082951172,1939.3128850654261,1451.5392458750164
2017-10-16,0.005617493927145116,0.005643345956820688,1.1335535395485565,1939.3128850654261,1458.2193128490608
2017-10-17,0.005643345956820688,0.005575224743752644,0.3155532373035499,1939.3128850654261,1440.6170482934974
2017-10-18,0.005575224743752645,0.0055545987525698675,0.7789129301735707,1939.3128850654261,1435.2873699573631
2017-10-19,0.005554598752569867,0.005715650404847338,-0.6564236675069125,1939.3128850654261,1476.9025095419593
2017-10-20,0.005715650404847339,0.005731864809375383,1.140831645403657,1939.3128850654261,1481.0922505236485
2017-10-23,0.005731864809375383,0.00569382029310593,-0.29951497436174085,1939.3128850654261,1471.261690994498
2017-10-24,0.005693820293105929,0.005798152925343808,1.5567628212627471,1939.3128850654261,1498.2208497017134
2017-10-25,0.005798152925343808,0.006224421420315864,-0.9879585530555949,1939.3128850654261,1608.3670212430989
2017-10-26,0.0062244214203158645,0.006087331916326125,0.37489918989043164,1939.3128850654261,1572.9436104091194
2017-10-27,0.006087331916326127,0.006152675854455522,1.5434306657199883,1939.3128850654261,1589.8282375942977
2017-10-30,0.006152675854455522,0.0060786491261698074,-0.33434365978050956,1939.3128850654261,1570.700010177584
2017-10-31,0.006078649126169806,0.005948900914381026,-0.051654287773618995,1939.3128850654261,1537.1735615625812
2017-11-01,0.005948900914381027,0.005834572166592243,0.09743735361470185,1939.3128850654261,1507.6314442947298
2017-11-02,0.005834572166592242,0.005736548755990723,0.17899813591649336,1939.3128850654261,1482.3025646647811
2017-11-03,0.005736548755990723,0.005663630020901078,0.43704572782144446,1939.3128850654261,1463.4606385114269
2017-11-06,0.005663630020901078,0.005601986415757111,-0.17598039758563905,1939.3128850654261,1447.532163414852
2017-11-07,0.005601986415757111,0.0055782619439920115,-0.29505049921591914,1939.3128850654261,1441.4018493813492
2017-11-08,0.0055782619439920115,0.005561577476134325,-0.3079305485839861,1939.3128850654261,1437.0906458080005
2017-11-09,0.005561577476134325,0.0056168642702937,-0.47728048334100415,1939.3128850654261,1451.3765449191953
2017-11-10,0.005616864270293699,0.005567131755682499,-0.20490627327392266,1939.3128850654261,1438.5258506967455
2017-11-13,0.005567131755682499,0.0055605114098100285,-0.333556777673727,1939.3128850654261,1436.8151782901907
2017-11-14,0.005560511409810029,0.0055662146581878244,-0.3648262008866266,1939.3128850654261,1438.2888761627134
2017-11-15,0.0055662146581878244,0.00675551282507807,-1.617261704089507,1939.3128850654261,1745.5990373622542
2017-11-16,0.00675551282507807,0.006601396549365873,0.7845594422535519,1939.3128850654261,1705.7759729271781
2017-11-17,0.006601396549365873,0.006935991285354003,-0.9236082792659559,1939.3128850654261,1792.2339908705617
2017-11-20,0.006935991285354003,0.006709961545369623,0.2612666782634053,1939.3128850654261,1733.8287584702493
2017-11-21,0.006709961545369622,0.006637423052413499,1.2020903995473715,1939.3128850654261,1715.085085450214
2017-11-22,0.006637423052413499,0.006593419807355365,-0.4905579079446612,1939.3128850654261,1703.7148128738452
2017-11-24,0.006593419807355366,0.006400188605566781,0.02046893034174931,1939.3128850654261,1653.7845990522756
2017-11-27,0.006400188605566781,0.006229807867113418,0.023847435820752806,1939.3128850654261,1609.758858782021
2017-11-28,0.006229807867113418,0.006421983316349059,2.0155978234813774,1939.3128850654261,1659.416270125403
2017-11-29,0.006421983316349059,0.006251831132510235,0.17937300339502402,1939.3128850654261,1615.4495875056116
2017-11-30,0.006251831132510236,0.006680336887905205,2.6466908197759413,1939.3128850654261,1726.1738587030393
2017-12-01,0.006680336887905206,0.006485072962211391,-0.11153526990712531,1939.3128850654261,1675.7183966902412
2017-12-04,0.00648507296221139,0.0065963184147689044,-0.6866925914475583,1939.3128850654261,1704.4638020981688
2017-12-05,0.0065963184147689044,0.006751401053666817,-0.7452449730538447,1939.3128850654261,1744.5365711360496
2017-12-06,0.006751401053666816,0.006664185959287597,-0.4357119150018583,1939.3128850654261,1722.0005196572242
2017-12-07,0.006664185959287598,0.006468486394251593,0.24994334386901282,1939.3128850654261,1671.4324900813035
2017-12-08,0.006468486394251592,0.006440296112214622,1.2987600591397654,1939.3128850654261,1664.1482275151764
2017-12-11,0.006440296112214622,0.006266851293378042,0.14026023967605175,1939.3128850654261,1619.3307404292711
2017-12-12,0.006266851293378042,0.006149749142021316,0.6551612043561043,1939.3128850654261,1589.0719861386242
2017-12-13,0.006149749142021316,0.006019626076567571,0.3419912433433821,1939.3128850654261,1555.448676750257
2017-12-14,0.006019626076567571,0.006934999482652737,-1.3924685335065168,1939.3128850654261,1791.9777127928771
2017-12-15,0.006934999482652737,0.006874945857419094,1.3399792929892265,1939.3128850654261,1776.4600825089394
2017-12-18,0.006874945857419094,0.006701939806101791,0.7411224240498288,1939.3128850654261,1731.7559712953191
2017-12-19,0.006701939806101791,0.0067005227445999715,-0.5626041831479506,1939.3128850654261,1731.3898079473233
2017-12-20,0.0067005227445999715,0.006495974628256089,-0.042474031913315086,1939.3128850654261,1678.5353460834283
2017-12-21,0.006495974628256089,0.006355824404731444,0.6791193692788008,1939.3128850654261,1642.321056864327
2017-12-22,0.006355824404731444,0.006244185655440173,-0.29451004105382067,1939.3128850654261,1613.4740250636114
2017-12-26,0.006244185655440173,0.006191363070374794,-0.40499819366890105,1939.3128850654261,1599.824868289189
2017-12-27,0.006191363070374794,0.006048288547588944,0.157157704857513,1939.3128850654261,1562.8549511692172
2017-12-28,0.006048288547588944,0.005929740423569834,0.3279171412666139,1939.3128850654261,1532.2225629957156
2017-12-29,0.005929740423569834,0.0064407589709111574,-1.0703157883991121,1939.3128850654261,1664.2678284568115
2018-01-02,0.006440758970911158,0.006268931652855282,0.19572136851661043,1939.3128850654261,1619.8682974726619
2018-01-03,0.006268931652855282,0.006143029767091344,0.5748797761485601,1939.3128850654261,1587.335724997073
2018-01-04,0.006143029767091344,0.0060839776670558385,0.9733355496838111,1939.3128850654261,1572.0768850473453
2018-01-05,0.0060839776670558385,0.006087284421882879,1.27373581953741,1939.3128850654261,1572.9313380240976
2018-01-08,0.00608728442188288,0.005999650969734695,-0.27581955219818655,1939.3128850654261,1550.287184475498
2018-01-09,0.005999650969734694,0.005910618456578943,0.6259628067086107,1939.3128850654261,1527.281518838733
2018-01-10,0.005910618456578943,0.005901905095518628,-0.42336756237293943,1939.3128850654261,1525.0300192008947
2018-01-11,0.005901905095518629,0.0058640673781486675,0.9381758254326016,1939.3128850654261,1515.2528957274853
2018-01-12,0.005864067378148667,0.006030370968710565,1.8497607934850318,1939.3128850654261,1558.2251163584751
2018-01-16,0.006030370968710566,0.005908412139670504,-0.07584129210545486,1939.3128850654261,1526.7114148701357
2018-01-17,0.005908412139670504,0.0059733444929227384,1.474746708476533,1939.3128850654261,1543.4896900752392
2018-01-18,0.0059733444929227384,0.005856788609100844,0.1403679016511751,1939.3128850654261,1513.372089255489
2018-01-19,0.005856788609100846,0.005798903377739517,0.7520899259980484,1939.3128850654261,1498.4147637706312
2018-01-22,0.005798903377739516,0.005904818908749375,1.6031826845877943,1939.3128850654261,1525.7829375510405
2018-01-23,0.005904818908749375,0.005824735175616697,0.601634952908198,1939.3128850654261,1505.0896029242701
2018-01-24,0.0058247351756166976,0.005727093835260433,0.14557577665200735,1939.3128850654261,1479.8594488048182
2018-01-25,0.005727093835260433,0.005640937181643211,0.08776593778811556,1939.3128850654261,1457.5968944272622
2018-01-26,0.00564093718164321,0.005676509836870382,1.202974161933909,1939.3128850654261,1466.7887343850603
2018-01-29,0.005676509836870383,0.006236212089867102,-1.1126466264115893,1939.3128850654261,1611.413685789733
2018-01-30,0.006236212089867101,0.008818433833200296,-2.3490405856509473,1939.3128850654261,2278.6500460976144
2018-01-31,0.008818433833200296,0.008389919535809157,-0.049814634997404204,2053.964251061408,2668.1166966100973
2018-02-01,0.008389919535809157,0.0080029841847992,0.08593677542883978,2053.964251061408,2545.065615353358
2018-02-02,0.0080029841847992,0.013781628691416246,-3.286925043386306,2053.964251061408,4382.758792990273
2018-02-05,0.013781628691416243,0.02387041231890693,-3.3447432234078254,2215.04873523256,8712.83252341847
2018-02-06,0.02387041231890693,0.02265412348166437,1.1690828128041466,2461.601937838436,9492.731342580691
2018-02-07,0.02265412348166437,0.021160057894243387,-0.206736578822296,2461.601937838436,8866.674755528822
2018-02-08,0.021160057894243387,0.027615124181662856,-2.1009552635487743,2461.601937838436,11571.533767823783
2018-02-09,0.027615124181662853,0.025790909779121466,0.6153264373161175,3414.5800400303415,10807.135301972412
2018-02-12,0.025790909779121466,0.024081911399762238,0.5816399502706242,3414.5800400303415,10091.015673980914
2018-02-13,0.024081911399762238,0.022391395958150748,0.1944164569110113,3414.5800400303415,9382.640930164825
2018-02-14,0.02239139595815075,0.021033273438182225,0.8116174512997156,3414.5800400303415,8813.548410526864
2018-02-15,0.021033273438182225,0.019654569388078774,0.5331735881925498,3414.5800400303415,8235.83163595588
2018-02-16,0.019654569388078774,0.018340322200262625,-0.1457719468032616,3414.5800400303415,7685.124146355654
2018-02-20,0.018340322200262625,0.017216930094504368,-0.26292893130994616,3414.5800400303415,7214.390442578931
2018-02-21,0.017216930094504368,0.016387355742324677,-0.4376046939093542,3414.5800400303415,6866.774854612749
2018-02-22,0.016387355742324673,0.015301531500689363,0.18884361314991918,3414.5800400303415,6411.783169789984
2018-02-23,0.015301531500689365,0.014621950736153919,1.2177361644262341,3414.5800400303415,6127.019222575611
2018-02-26,0.014621950736153917,0.013825939690973552,0.8512509127251613,3414.5800400303415,5793.467628591408
2018-02-27,0.013825939690973552,0.013950705114052546,-0.8638828298376875,3414.5800400303415,5845.747940521857
2018-02-28,0.013950705114052546,0.014810083822400563,-1.1496489338169467,3414.5800400303415,6205.852413620738
2018-03-01,0.014810083822400564,0.015331696520937535,-1.0205578113879519,3414.5800400303415,6424.423183577812
2018-03-02,0.015331696520937535,0.01434748918438159,-0.12288852861792235,3414.5800400303415,6012.011913775901
2018-03-05,0.014347489184381588,0.013644458842582632,1.0393880511449387,3414.5800400303415,5717.4219171343775
2018-03-06,0.013644458842582632,0.012780793601015574,0.123152947128287,3414.5800400303415,5355.521262944123
2018-03-07,0.012780793601015574,0.012363613153645444,-0.5432124251488624,3414.5800400303415,5180.710619245304
2018-03-08,0.012363613153645443,0.011614812930508638,0.21102779756602766,3414.5800400303415,4866.941721796885
2018-03-09,0.011614812930508638,0.01137223844961639,1.653055495778765,3414.5800400303415,4765.29601568339
2018-03-12,0.011372238449616393,0.010979021803652494,-0.4939387608182724,3414.5800400303415,4600.526896163622
2018-03-13,0.01097902180365249,0.010904812227642566,-0.7211446348201129,3414.5800400303415,4569.430942763384
2018-03-14,0.010904812227642568,0.010824643164306438,-0.7152913630369574,3414.5800400303415,4535.837792233762
2018-03-15,0.010824643164306438,0.010238973680013044,0.4709108754704962,3414.5800400303415,4290.425380915145
2018-03-16,0.010238973680013044,0.009675566049770259,0.14345380840038413,3414.5800400303415,4054.341328729963
2018-03-19,0.009675566049770259,0.011765128111089165,-1.750975091853505,3414.5800400303415,4929.92811926741
2018-03-20,0.011765128111089165,0.011085516150171369,0.3816765005475031,3414.5800400303415,4645.151099868771
2018-03-21,0.011085516150171369,0.010854910919158193,-0.6141695438777637,3414.5800400303415,4548.520854784531
2018-03-22,0.010854910919158191,0.01707332162326879,-2.8901215385553494,3414.5800400303415,7154.214349822067
2018-03-23,0.01707332162326879,0.019362966004883988,-1.4811319339657307,4510.03409173141,8865.005588657481
2018-03-26,0.019362966004883988,0.01900297202295186,1.8830048773662977,4510.03409173141,8700.188449542202
2018-03-27,0.01900297202295186,0.020125491291444843,-1.1574109032670417,4510.03409173141,9214.114858649978
2018-03-28,0.02012549129144484,0.01874273734806367,-0.07426728194653819,4510.03409173141,8581.044417235149
2018-03-29,0.01874273734806367,0.01751500889789697,0.45537497656136783,4510.03409173141,8018.949768649993
2018-04-02,0.01751500889789697,0.018257952128966866,-1.070352496993194,4510.03409173141,8359.093726648402
2018-04-03,0.01825795212896687,0.01713710090385511,0.6860188656349497,4510.03409173141,7845.931002912637
2018-04-04,0.017137100903855108,0.016176465075357426,0.8863191602247386,4510.03409173141,7406.120181257083
2018-04-05,0.016176465075357426,0.015134667995883085,0.38778709567347563,4510.03409173141,6929.151057339933
2018-04-06,0.015134667995883084,0.017951112988254848,-1.6766069981360665,4510.03409173141,8218.612630077516
2018-04-09,0.017951112988254844,0.01673723212590415,0.16317687424500113,4510.03409173141,7662.857864718272
2018-04-10,0.01673723212590415,0.0158616967807144,1.012083908048637,4510.03409173141,7262.008856037653
2018-04-11,0.0158616967807144,0.015580333199612443,-0.7000102083801432,4510.03409173141,7133.191312367721
2018-04-12,0.015580333199612441,0.014676030002922407,0.7416506194978424,4510.03409173141,6719.171430781608
2018-04-13,0.014676030002922407,0.013986906839953572,-0.4231771405189439,4510.03409173141,6403.668078172762
2018-04-16,0.013986906839953572,0.013164674244066551,0.6025058365639718,4510.03409173141,6027.222829243633
2018-04-17,0.01316467424406655,0.012429114864325994,0.6896522222229755,4510.03409173141,5690.459442345948
2018-04-18,0.012429114864325994,0.011672467045698942,0.17969365118017053,4510.03409173141,5344.04107136485
2018-04-19,0.011672467045698942,0.011226239944505903,-0.4631921641159183,4510.03409173141,5139.743561113119
2018-04-20,0.011226239944505905,0.011267373926665276,-0.797970639900527,4510.03409173141,5158.576057210803
2018-04-23,0.011267373926665275,0.01060982138385976,-0.046935827848162213,4510.03409173141,4857.5267776047485
2018-04-24,0.010609821383859762,0.0136136043500543,-1.9962778807364687,4510.03409173141,6232.757864397554
2018-04-25,0.013613604350054298,0.012751089335709571,-0.03331778880865035,4510.03409173141,5837.869993368994
2018-04-26,0.012751089335709571,0.012193550379495287,1.1291496603124893,4510.03409173141,5582.610238149303
2018-04-27,0.012193550379495287,0.011451702036886485,0.02116751544301659,4510.03409173141,5242.967556263455
2018-04-30,0.011451702036886485,0.011297972511635434,-0.6808837944003977,4510.03409173141,5172.5851003861635
2018-05-01,0.011297972511635432,0.010636460560702336,-0.03353694916256133,4510.03409173141,4869.723072920616
2018-05-02,0.010636460560702337,0.010173238859771921,-0.3626822095065905,4510.03409173141,4657.64487340822
2018-05-03,0.01017323885977192,0.009775965000586613,-0.4011783608849162,4510.03409173141,4475.759774760783
2018-05-04,0.009775965000586613,0.00951094424940945,1.3669006780570128,4510.03409173141,4354.424518596868
2018-05-07,0.00951094424940945,0.009036033615109478,0.41179446066439224,4510.03409173141,4136.994739185998
2018-05-08,0.009036033615109476,0.008586444148726884,0.1391134645426435,4510.03409173141,3931.1578270580767
2018-05-09,0.008586444148726884,0.008306551058096513,1.0261337775965682,4510.03409173141,3803.013522510984
2018-05-10,0.008306551058096513,0.008036368086787352,0.9649833709310155,4510.03409173141,3679.3148314110954
2018-05-11,0.008036368086787352,0.007722819020116296,0.5784296685028222,4510.03409173141,3535.7617090404765
2018-05-14,0.007722819020116296,0.00741130207514276,0.25698291211970953,4510.03409173141,3393.138959124202
2018-05-15,0.007411302075142759,0.00864685882561627,-1.5168991168253902,4510.03409173141,3958.8176622365436
2018-05-16,0.00864685882561627,0.008247537374048056,0.34129970306017277,4510.03409173141,3356.3285032610092
2018-05-17,0.008247537374048056,0.008016073580689871,-0.4178511620130492,4510.03409173141,3262.1345042661683
2018-05-18,0.008016073580689871,0.007666807375851287,-0.01644905741435136,4510.03409173141,3120.000911490441
2018-05-21,0.007666807375851287,0.007492963131133815,1.137489348791437,4510.03409173141,3049.2551400909533
2018-05-22,0.007492963131133815,0.007357531865105315,-0.4656330235184397,4510.03409173141,2994.1414985529977
2018-05-23,0.007357531865105314,0.007089406199194046,0.33085935680469153,4510.03409173141,2885.0279808882533
2018-05-24,0.007089406199194047,0.007152188910806738,-0.6772183751546128,4510.03409173141,2910.57735337861
2018-05-25,0.007152188910806737,0.006950824352376146,-0.2813919159298218,4510.03409173141,2828.632213107552
2018-05-29,0.006950824352376147,0.009779655017067823,-2.347416065080731,4510.03409173141,3979.822509095672
2018-05-30,0.009779655017067823,0.009434651442360486,1.133999533308482,4510.03409173141,3839.4235901212883
2018-05-31,0.009434651442360487,0.009840532147380102,-0.9984095666292256,4510.03409173141,4004.5964068541434
2018-06-01,0.0098405321473801,0.009469317986564274,1.062926865910979,4510.03409173141,3853.531111572098
2018-06-04,0.009469317986564274,0.009041110921143534,0.6980405171149546,4510.03409173141,3679.2726009660432
2018-06-05,0.009041110921143534,0.008647935567515698,-0.25690205938131067,4510.03409173141,3519.270216458735
2018-06-06,0.008647935567515698,0.008445053057365943,1.3168290841040073,4510.03409173141,3436.7073469928223
2018-06-07,0.008445053057365943,0.008064713381419893,-0.12466807317963916,4510.03409173141,3281.9284308868346
2018-06-08,0.008064713381419892,0.007723933786610084,0.3467537676331548,4510.03409173141,3143.248457033195
2018-06-11,0.007723933786610084,0.007405355401945053,-0.01869899387106486,4510.03409173141,3013.603247259592
2018-06-12,0.007405355401945054,0.0071212245143231385,0.0721323169838906,4510.03409173141,2897.97641787619
2018-06-13,0.007121224514323138,0.00725372983014658,-0.752492866288933,4510.03409173141,2951.899346401646
2018-06-14,0.007253729830146581,0.007016014668205086,-0.20641053947681656,4510.03409173141,2855.161358139588
2018-06-15,0.007016014668205086,0.00709998300047872,-0.6954163574620127,4510.03409173141,2889.3322014107066
2018-06-18,0.00709998300047872,0.006935438319345853,-0.35309234072652007,4510.03409173141,2822.370879709515
2018-06-19,0.006935438319345854,0.007656694425921601,-1.2248656961164892,4510.03409173141,3115.8854548927106
2018-06-20,0.0076566944259216,0.007390965772814607,-0.2467478019945833,4510.03409173141,3007.747399603315
2018-06-21,0.007390965772814607,0.007698844106284602,-0.9186854431080925,4510.03409173141,3133.0382324055263
2018-06-22,0.007698844106284603,0.0075204828652465725,-0.4272912058471319,4510.03409173141,3060.454273094637
2018-06-25,0.0075204828652465725,0.009806966242314814,-2.0245476610286426,4510.03409173141,3990.936789589131
2018-06-26,0.009806966242314814,0.009280913745568817,0.0003422090168605586,4510.03409173141,3776.8601617467502
2018-06-27,0.009280913745568817,0.009730746627640223,-1.0244723472026618,4510.03409173141,3959.9192805269877
2018-06-28,0.009730746627640223,0.009261868069086528,0.5995794968133439,4510.03409173141,3769.109539477061
2018-06-29,0.009261868069086526,0.008870407402580256,-0.2992532658863163,4510.03409173141,3609.8049454736656
2018-07-02,0.008870407402580258,0.008473505168314521,0.5553426785244204,4510.03409173141,3448.285909977592
2018-07-03,0.00847350516831452,0.008898748851169263,-1.011602181535055,4510.03409173141,3621.338474502865
2018-07-05,0.008898748851169263,0.008536571898193847,0.7777857573401941,4510.03409173141,3473.950863466315
2018-07-06,0.008536571898193847,0.008188518652440278,0.6712394272740945,4510.03409173141,3332.310883385588
2018-07-09,0.00818851865244028,0.008323597914732157,2.1118110585594208,4510.03409173141,3387.2812772944767
2018-07-10,0.008323597914732157,0.007949353491166634,0.24047031665341745,4510.03409173141,3234.9828190962894
2018-07-11,0.007949353491166634,0.008288101718609876,-0.9501933028491735,4510.03409173141,3372.8361296826047
2018-07-12,0.008288101718609876,0.008064817703639824,1.1498081429893747,4510.03409173141,3281.9708847278293
2018-07-13,0.008064817703639822,0.007727552022276249,0.3887282181789882,4510.03409173141,3144.7208950407
2018-07-16,0.007727552022276251,0.0074159194200772586,0.2636861304288252,4510.03409173141,3017.902265688736
2018-07-17,0.0074159194200772586,0.00713009867878974,0.0019021776472485214,4510.03409173141,2901.5877517557556
2018-07-18,0.00713009867878974,0.0068989064301726724,0.4818599455536488,4510.03409173141,2807.5042576684027
2018-07-19,0.0068989064301726724,0.007607369472403848,-1.2168959467023976,4510.03409173141,3095.812705912562
2018-07-20,0.007607369472403848,0.007302829273428405,0.13294148657648883,4510.03409173141,2971.8803241780643
2018-07-23,0.007302829273428405,0.007033691041599152,0.20574855486317264,4510.03409173141,2862.3547436516646
2018-07-24,0.007033691041599152,0.006817458265556694,0.5275110856097963,4510.03409173141,2774.358994538212
2018-07-25,0.006817458265556693,0.006797204699064814,1.4539383193177156,4510.03409173141,2766.116822429567
2018-07-26,0.006797204699064815,0.006586470289235493,0.25383484870045914,4510.03409173141,2680.358628892472
2018-07-27,0.006586470289235493,0.006889451102145716,-0.8940185654088962,4510.03409173141,2803.6564197593057
2018-07-30,0.006889451102145715,0.007677643282189938,-1.2714315142164814,4510.03409173141,3124.4105746000037
2018-07-31,0.007677643282189938,0.007378806914971844,0.3730953437137172,4510.03409173141,3002.799362474902
2018-08-01,0.007378806914971844,0.007098480731988338,0.1185339319803308,4510.03409173141,2888.7208544928153
2018-08-02,0.007098480731988337,0.006874149216956174,0.5166344516016491,4510.03409173141,2797.429330255366
2018-08-03,0.006874149216956174,0.0066818366920788595,0.5888831758411734,4510.03409173141,2719.167907541374
2018-08-06,0.0066818366920788595,0.0064805763250422,0.15711583255946734,4510.03409173141,2637.265167871779
2018-08-07,0.006480576325042199,0.006349310543437476,0.7355946002212274,4510.03409173141,2583.846666769973
2018-08-08,0.006349310543437476,0.006410752362476442,-0.6096450111995614,4510.03409173141,2608.8503641380603
2018-08-09,0.006410752362476442,0.0063521224475861894,-0.4272013057655208,4510.03409173141,2584.9909688343037
2018-08-10,0.00635212244758619,0.007138689046054844,-1.286554281322132,4510.03409173141,2905.0835945992294
2018-08-13,0.007138689046054843,0.007194544368898733,-0.6730536691545675,4510.03409173141,2927.813871967803
2018-08-14,0.007194544368898734,0.006952637671206969,0.44109649803299933,4510.03409173141,2829.3701417038556
2018-08-15,0.00695263767120697,0.007139824605888715,-0.7981235519226794,4510.03409173141,2905.5457097330836
2018-08-16,0.007139824605888716,0.007120912902703894,1.5481209860293517,4510.03409173141,2897.8496077858345
2018-08-17,0.007120912902703894,0.006905723382837622,0.6187070585847284,4510.03409173141,2810.2784109091926
2018-08-20,0.006905723382837622,0.0066794674512132435,-0.06636743927420491,4510.03409173141,2718.2037469334596
2018-08-21,0.0066794674512132435,0.006478691576793399,0.1641373502424102,4510.03409173141,2636.498171132991
2018-08-22,0.006478691576793399,0.006346358089442287,-0.27438956195324715,4510.03409173141,2582.645168062031
2018-08-23,0.006346358089442288,0.006280726290679385,-0.40043203536810806,4510.03409173141,2555.936361915682
2018-08-24,0.006280726290679385,0.00617213387986347,0.7386937771995332,4510.03409173141,2511.7447702769296
2018-08-27,0.006172133879863469,0.006390439858324186,2.083535966256233,4510.03409173141,2600.5842073973413
2018-08-28,0.006390439858324186,0.006222356664499546,0.11530294125096319,4510.03409173141,2532.1828908870416
2018-08-29,0.006222356664499546,0.006120450896690742,0.7393470773952937,4510.03409173141,2490.7124230817512
2018-08-30,0.006120450896690741,0.006381683435222221,-0.8316947481785739,4510.03409173141,2597.020788268594
2018-08-31,0.006381683435222222,0.006213477240004734,0.012100242936960765,4510.03409173141,2528.5694164433526
2018-09-04,0.006213477240004734,0.006066261562414467,0.08894759785551995,4510.03409173141,2468.660118380896
2018-09-05,0.0060662615624144664,0.006601540280882236,-1.0926323169267216,4510.03409173141,2686.4913495112382
2018-09-06,0.006601540280882236,0.006419499207957233,-0.1374224370364376,4510.03409173141,2612.409885661804
2018-09-07,0.006419499207957234,0.006593269063434985,-0.7541989877786563,4510.03409173141,2683.125384421801
2018-09-10,0.006593269063434985,0.006419450330731306,-0.1737633298658918,4510.03409173141,2612.3899951151957
2018-09-11,0.006419450330731305,0.006298005967948061,0.758690607190294,4510.03409173141,2562.9683122680995
2018-09-12,0.006298005967948062,0.006227828510732272,-0.38017664388102057,4510.03409173141,2534.4096541793365
2018-09-13,0.006227828510732272,0.006208299873835729,1.2327759264595808,4510.03409173141,2526.462491569083
2018-09-14,0.006208299873835729,0.0061268349094155995,-0.33110031337732754,4510.03409173141,2493.310391772508
2018-09-17,0.0061268349094155995,0.006510199159769656,-0.9557248529088177,4510.03409173141,2649.320155928699
2018-09-18,0.006510199159769656,0.00643439838023396,1.0933909865540001,4510.03409173141,2618.4730914794245
2018-09-19,0.00643439838023396,0.006411394921031024,1.307536627612861,4510.03409173141,2609.1118528096417
2018-09-20,0.006411394921031024,0.006409792109179507,1.389492102115021,4510.03409173141,2608.4595898542125
2018-09-21,0.006409792109179507,0.006253819156894269,-0.15810692508454202,4510.03409173141,2544.9865261079403
2018-09-24,0.006253819156894269,0.006551046697500775,-0.8758057654031923,4510.03409173141,2665.9430275759833
2018-09-25,0.006551046697500774,0.006564585241351498,-0.5659743398919032,4510.03409173141,2671.452526782597
2018-09-26,0.006564585241351499,0.007051303258977331,-1.05386318666552,4510.03409173141,2869.5220209262143
2018-09-27,0.007051303258977331,0.006810958205072659,0.23134289288540033,4510.03409173141,2771.7138003079763
2018-09-28,0.006810958205072658,0.0067266377706367165,-0.45043134927009953,4510.03409173141,2737.399669353539
2018-10-01,0.006726637770636717,0.006534700409823691,0.4228645099496448,4510.03409173141,2659.2909193447754
2018-10-02,0.006534700409823691,0.00635205089633707,0.20223254805773458,4510.03409173141,2584.961851112738
2018-10-03,0.00635205089633707,0.006213338715054392,0.542322545927026,4510.03409173141,2528.5130438295455
2018-10-04,0.006213338715054393,0.007668997405864351,-1.7336837059705883,4510.03409173141,3120.8921423903425
2018-10-05,0.007668997405864349,0.008306237201385114,-1.1546670405670318,4510.03409173141,3380.2163493770877
2018-10-08,0.008306237201385114,0.00794438755012548,-0.14549024959271714,4510.03409173141,3232.9619335026837
2018-10-09,0.00794438755012548,0.007731495558540227,-0.406563317147628,4510.03409173141,3146.325713857051
2018-10-10,0.007731495558540228,0.0167029129246503,-4.443855728902772,4510.03409173141,6797.236580326633
2018-10-11,0.0167029129246503,0.017924106038799317,-1.2171488805534958,5337.335918431785,8675.856264554723
2018-10-12,0.017924106038799313,0.01687675645300125,0.8125528926509904,5337.335918431785,8168.904651712467
2018-10-15,0.016876756453001254,0.016180509633884007,-0.5084942667509913,5337.335918431785,7831.8983143119285
2018-10-16,0.016180509633884007,0.01564620298173273,1.5335950129885167,5337.335918431785,7573.276338676125
2018-10-17,0.01564620298173273,0.0146982631238662,-0.23249098367634677,5337.335918431785,7114.442300510427
2018-10-18,0.0146982631238662,0.01584826773449683,-1.2325662640453456,5337.335918431785,7671.082318361768
2018-10-19,0.01584826773449683,0.014808770914136862,-0.08161784197556657,5337.335918431785,7167.931702013993
2018-10-22,0.014808770914136862,0.014517544052019597,-0.6772563150814328,5337.335918431785,7026.9683317551135
2018-10-23,0.014517544052019597,0.014500148262204148,-0.8047620478367233,5337.335918431785,7018.548197901824
2018-10-24,0.014500148262204148,0.020660638600745084,-2.4673638041128134,5337.335918431785,10000.427940225616
2018-10-25,0.020660638600745084,0.019582046664949847,1.0950220062186597,5759.862027099778,9478.35400343841
2018-10-26,0.019582046664949847,0.019456027286420638,-0.7964437734296491,5759.862027099778,9417.356483545296
2018-10-29,0.019456027286420638,0.018242545027125138,-0.2540393364493699,5759.862027099778,8829.991198021682
2018-10-30,0.01824254502712514,0.017094021361333273,0.6012003156856252,5759.862027099778,8274.068006132487
2018-10-31,0.017094021361333273,0.01624593644677791,1.1105042585944307,5759.862027099778,7863.5670415157665
2018-11-01,0.01624593644677791,0.015220610157590247,0.4937965619894767,5759.862027099778,7367.275427863981
2018-11-02,0.015220610157590247,0.014878551822089013,-0.6591365751548354,5759.862027099778,7201.707954290815
2018-11-05,0.014878551822089012,0.01391463872421474,0.17033532501754833,5759.862027099778,6735.142343120225
2018-11-06,0.01391463872421474,0.01307075942155481,0.4761474276168867,5759.862027099778,6326.677032846896
2018-11-07,0.01307075942155481,0.013120382921955052,2.179400075184148,5759.862027099778,6350.696437546055
2018-11-08,0.013120382921955052,0.01233334264028028,-0.16242406988273977,5759.862027099778,5969.743081019138
2018-11-09,0.01233334264028028,0.013606029597880391,-1.329681012592094,5759.862027099778,6585.765385842083
2018-11-12,0.013606029597880391,0.01853959190847542,-2.2717837422292337,5759.862027099778,8973.771648820773
2018-11-13,0.018539591908475418,0.017303259733598024,-0.12953477501253796,5759.862027099778,8375.346253363834
2018-11-14,0.017303259733598024,0.01720666996962711,-0.793087743968274,5759.862027099778,8328.593633901253
2018-11-15,0.017206669969627112,0.01622645557823062,0.8520064669155428,5759.862027099778,7854.137661045739
2018-11-16,0.016226455578230617,0.015169154393557812,0.3183957745584283,5759.862027099778,7342.369147363191
2018-11-19,0.015169154393557814,0.01622712446217257,-1.1952345239537714,5759.862027099778,7854.461422851514
2018-11-20,0.01622712446217257,0.018067516454036724,-1.3934035611402693,5759.862027099778,8745.271617641041
2018-11-21,0.018067516454036724,0.01683798651855402,-0.01880140516755067,5759.862027099778,8150.138729555888
2018-11-23,0.01683798651855402,0.016190827639001336,-0.5355233426101288,5759.862027099778,7836.892567812834
2018-11-26,0.016190827639001336,0.015451535899891454,1.2071478103976778,5759.862027099778,7479.051074786292
2018-11-27,0.015451535899891455,0.014452073463600484,0.2844029227372496,5759.862027099778,6995.2784157587175
2018-11-28,0.014452073463600484,0.014323520409830096,1.9903841399533422,5759.862027099778,6933.054513798575
2018-11-29,0.014323520409830098,0.01368717154452548,-0.4472123597534229,5759.862027099778,6625.040754141907
2018-11-30,0.013687171544525478,0.012929273508663979,0.7546176654874716,5759.862027099778,6258.193202130706
2018-12-03,0.012929273508663979,0.012228323765304767,0.7498913486071839,5759.862027099778,5918.910494870599
2018-12-04,0.012228323765304767,0.020722217154781293,-3.23785186483426,5759.862027099778,10030.233983698066
2018-12-06,0.020722217154781297,0.019324890055035068,-0.14411960917938038,6148.880092625354,10095.609873080697
2018-12-07,0.019324890055035068,0.021848746488166034,-1.4719385412585633,6148.880092625354,11414.109996599718
2018-12-10,0.021848746488166034,0.020319176595786373,-0.007327923664483507,6148.880092625354,10615.039944294209
2018-12-11,0.020319176595786373,0.01897112508706562,-0.1721770517197101,6148.880092625354,9910.79779429467
2018-12-12,0.01897112508706562,0.017699231183597453,0.33266247626087553,6148.880092625354,9246.341509534655
2018-12-13,0.017699231183597456,0.016499456941329944,0.055915719901468215,6148.880092625354,8619.561608008236
2018-12-14,0.016499456941329944,0.01730437509816741,-1.0989730442558046,6148.880092625354,9040.062820074536
2018-12-17,0.017304375098167405,0.018356380240344257,-1.1609181583440957,6148.880092625354,9589.645946790699
2018-12-18,0.01835638024034426,0.017103900091724487,0.056548229687919116,6148.880092625354,8935.331696192992
2018-12-19,0.017103900091724487,0.016918488126578913,-0.756643767722278,6148.880092625354,8838.469729031463
2018-12-20,0.016918488126578913,0.017334309427831575,-0.9730451319896162,6148.880092625354,9055.700958932815
2018-12-21,0.01733430942783157,0.020141318444099447,-1.5913439813130443,6148.880092625354,10522.124201588053
2018-12-24,0.020141318444099447,0.02156005353480992,-1.21370410880574,6148.880092625354,11263.292505690817
2018-12-26,0.02156005353480992,0.0220262613140378,2.5663358720375027,6148.880092625354,11506.84638079572
2018-12-27,0.0220262613140378,0.020543219916220427,0.4344924472933792,6148.880092625354,10732.083505801173
2018-12-28,0.02054321991622043,0.019239590922500254,-0.24311612086168558,6148.880092625354,10051.048338079401
2018-12-31,0.01923959092250025,0.01802250253385957,0.6180842562556316,6148.880092625354,9415.22326907357
2019-01-02,0.01802250253385957,0.016810414207909526,-0.08884091401566001,6148.880092625354,8782.010307154602
2019-01-03,0.016810414207909526,0.02129582081270532,-1.9673482339235961,6148.880092625354,11125.25340324453
2019-01-04,0.021295820812705323,0.02064332699615226,1.6559687245782164,6148.880092625354,10784.380932676406
2019-01-07,0.02064332699615226,0.019224638325986667,0.2325930997701497,6148.880092625354,10043.236879356433
2019-01-08,0.019224638325986667,0.01792493089557387,0.2861771184991126,6148.880092625354,9364.25039460937
2019-01-09,0.01792493089557387,0.01673542278139257,0.3348761075429347,6148.880092625354,8742.833671024468
2019-01-10,0.016735422781392572,0.015622500173878182,0.19992891323485595,6148.880092625354,8161.426354739656
2019-01-11,0.015622500173878182,0.014657898894263813,-0.20579170640047656,6148.880092625354,7657.504305282831
2019-01-14,0.014657898894263811,0.01380832747346963,-0.2626450897554434,6148.880092625354,7213.6755642534745
2019-01-15,0.01380832747346963,0.013015051461387945,0.6615931858752103,6148.880092625354,6799.256381694487
2019-01-16,0.013015051461387945,0.0124317661638033,1.109842155152598,6148.880092625354,6494.539470377101
2019-01-17,0.0124317661638033,0.011689858583987954,0.34018936199556266,6148.880092625354,6106.955920542327
2019-01-18,0.011689858583987953,0.011248628480463685,1.2404592494358364,6148.880092625354,5876.450754574802
2019-01-22,0.011248628480463685,0.012721626723803062,-1.4383617545706238,6148.880092625354,6645.966936355768
2019-01-23,0.01272162672380306,0.011936527360742123,-0.04554219561492785,6148.880092625354,6235.819356809654
2019-01-24,0.011936527360742124,0.011217274989029878,0.029950480776859727,6148.880092625354,5860.0712245090035
2019-01-25,0.01121727498902988,0.01071787280248969,0.9867796652822596,6148.880092625354,5599.176097513981
2019-01-28,0.010717872802489689,0.01306341399386388,-1.772400697867249,6148.880092625354,6824.5216876786735
2019-01-29,0.01306341399386388,0.012282063041678106,-0.16466519034349966,6148.880092625354,6416.3323337023785
2019-01-30,0.012282063041678106,0.011780742503055637,1.1895428227910305,6148.880092625354,6154.435031058917
2019-01-31,0.011780742503055637,0.01117600381576516,-0.2920101322222904,6148.880092625354,5838.510550005898
2019-02-01,0.01117600381576516,0.010524141731349796,-0.0001550830718389569,6148.880092625354,5497.968105698637
2019-02-04,0.010524141731349794,0.009995153363475827,0.6502088098567178,6148.880092625354,4854.011563987977
2019-02-05,0.009995153363475829,0.00947561799701386,0.4110835244666033,5759.862027099778,3979.605350524941
2019-02-06,0.009475617997013859,0.009106961009169507,-0.3655919449489671,5759.862027099778,3824.7754152324737
2019-02-07,0.009106961009169507,0.010087001829363468,-1.3086979346005565,5759.862027099778,4236.3766103213675
2019-02-08,0.010087001829363468,0.009710742596262367,-0.41885641208006485,5366.435356417573,4078.3538557416205
2019-02-11,0.009710742596262366,0.009447675705334897,-0.5142365762208506,5366.435356417573,3967.870042758569
2019-02-12,0.009447675705334897,0.0093041193305505,1.6209530914196968,5366.435356417573,3907.578701616071
2019-02-13,0.009304119330550501,0.008841858640805155,0.34535949865321064,5366.435356417573,3713.436734851723
2019-02-14,0.008841858640805155,0.008560089464617561,-0.4158818606503059,5366.435356417573,3595.098266424384
2019-02-15,0.008560089464617561,0.008625779150409177,1.993520272327909,5366.435356417573,3622.6868654089567
2019-02-19,0.008625779150409178,0.008271508764425749,-0.25858440285437007,5366.435356417573,3473.899068767462
2019-02-20,0.008271508764425749,0.007912347042562185,0.37618043806300555,5366.435356417573,3323.05699065895
2019-02-21,0.007912347042562185,0.007771731709723999,-0.5057457348981016,5366.435356417573,3264.000839270719
2019-02-22,0.007771731709723998,0.007490514349748918,0.6238865150440405,5366.435356417573,3145.894124672261
2019-02-25,0.007490514349748919,0.007244886162257993,0.6767695177445714,5366.435356417573,3042.734283331393
2019-02-26,0.007244886162257993,0.007117164331465197,-0.44411367048902356,5366.435356417573,2989.0931929706335
2019-02-27,0.007117164331465198,0.007408022564544974,-0.8985223230126147,5366.435356417573,3111.248917375447
2019-02-28,0.007408022564544975,0.007737853034442591,-0.936557880153675,5366.435356417573,3249.772347001289
2019-03-01,0.007737853034442592,0.007459067997229545,0.6168433153381286,5366.435356417573,3132.687168378748
2019-03-04,0.007459067997229545,0.008086340994033634,-1.1514261270480988,5366.435356417573,3396.1316186624176
2019-03-05,0.008086340994033632,0.007730397547230973,-0.03185579791847712,5366.435356417573,3246.6411637045926
2019-03-06,0.007730397547230974,0.008300700368102903,-1.1102262879952116,5366.435356417573,3486.1590672415055
2019-03-07,0.008300700368102903,0.009111906441604522,-1.2449632812192506,5366.435356417573,3826.852416372161
2019-03-08,0.009111906441604522,0.008652468604292743,-0.007300585027420324,5366.435356417573,3633.89600169021
2019-03-11,0.00865246860429274,0.008629112555620214,1.8018973106793579,5366.435356417573,3624.0868413490475
2019-03-12,0.008629112555620216,0.008242948135093076,0.45783157880926645,5366.435356417573,3461.9040692494905
2019-03-13,0.008242948135093074,0.007931175865773889,0.72370180445686,5366.435356417573,3330.964789983595
2019-03-14,0.007931175865773889,0.007613822222913071,0.4555793695314686,5366.435356417573,3197.681424662674
2019-03-15,0.00761382222291307,0.0073630117744201,0.7248896584110304,5366.435356417573,3092.3451180381635
2019-03-18,0.007363011774420099,0.007197040051972059,1.0526402160482071,5366.435356417573,3022.639695669066
2019-03-19,0.007197040051972059,0.007058340890968732,-0.41868225390036096,5366.435356417573,2964.388305267289
2019-03-20,0.007058340890968732,0.008063354921215368,-1.403088842184968,5366.435356417573,3386.47784215898
2019-03-21,0.008063354921215368,0.007937118321783235,1.4227523801835824,5366.435356417573,3333.460524798729
2019-03-22,0.007937118321783235,0.011969748201727547,-2.6752668425175377,5366.435356417573,4563.338388550423
2019-03-25,0.011969748201727547,0.011258237059649427,-0.09460577293622575,5366.435356417573,4649.835950647161
2019-03-26,0.011258237059649425,0.010601601970000407,0.12665488495831773,5366.435356417573,4378.634924222735
2019-03-27,0.010601601970000407,0.010115029726191166,-0.32678910910807374,5366.435356417573,4177.672633247338
2019-03-28,0.010115029726191166,0.009582568296818597,0.3935846461803594,5366.435356417573,3957.757358456825
2019-03-29,0.009582568296818597,0.009206709851741707,0.9729230952342837,5366.435356417573,3802.5216762613672
2019-04-01,0.009206709851741707,0.009008294545042615,1.4444167760700222,5366.435356417573,3720.572910983116
2019-04-02,0.009008294545042615,0.008559036376290415,0.029819000954202982,5366.435356417573,3535.021943001372
2019-04-03,0.008559036376290415,0.008197176954717118,0.59492194382466,5366.435356417573,3385.568086363156
2019-04-04,0.00819717695471712,0.007834017810363973,0.20746789647533673,5366.435356417573,3235.5774229695303
2019-04-05,0.007834017810363974,0.007521653007793619,0.40420112244223366,5366.435356417573,3106.5656530971287
2019-04-08,0.00752165300779362,0.007226580143243339,0.14307705489000608,5366.435356417573,2984.695736308482
2019-04-09,0.007226580143243339,0.007932415168985076,-1.207865702425479,5366.435356417573,3276.217140639445
2019-04-10,0.007932415168985076,0.007602121958265384,0.30544450736597917,5366.435356417573,3139.8006451151514
2019-04-11,0.007602121958265384,0.007487263923188471,-0.5073916505506263,5366.435356417573,3092.3623989766434
2019-04-12,0.007487263923188471,0.007273342889623682,0.8703919628254333,5366.435356417573,3004.009515021638
2019-04-15,0.0072733428896236815,0.007141981988536941,-0.4423495903503453,5366.435356417573,2949.75531543903
2019-04-16,0.007141981988536942,0.006958166041178257,-0.32073727270610075,5366.435356417573,2873.836324232667
2019-04-17,0.006958166041178256,0.00674770073645113,0.5034744928822431,5366.435356417573,2786.9107127804436
2019-04-18,0.00674770073645113,0.006539448259449824,0.17601263920754628,5366.435356417573,2700.8990353533786
2019-04-22,0.006539448259449825,0.006398337127271669,-0.268310124424159,5366.435356417573,2642.617830937264
2019-04-23,0.00639833712727167,0.006344798574192484,1.1493986868642083,5366.435356417573,2620.5055332893958
2019-04-24,0.006344798574192484,0.006708121080922727,-0.9429687682167114,5366.435356417573,2770.5636680153434
2019-04-25,0.006708121080922727,0.006508381453483037,0.2706314819533711,5366.435356417573,2688.0679366217764
2019-04-26,0.006508381453483037,0.006407237252354864,0.9540600758717884,5366.435356417573,2646.293728092194
2019-04-29,0.006407237252354864,0.006261612323103077,0.5365441490885294,5366.435356417573,2586.148251694978
2019-04-30,0.006261612323103077,0.006210003706245867,-0.41118662545216295,5366.435356417573,2564.833049256586
2019-05-01,0.006210003706245868,0.006674790132606166,-1.032202175170819,5366.435356417573,2756.79744148002
2019-05-02,0.0066747901326061655,0.0067516796165908105,-0.6612832759994386,5366.435356417573,2788.5540553232213
2019-05-03,0.006751679616590811,0.006679327109688353,1.2203403966934137,5366.435356417573,2758.6712871835916
2019-05-06,0.0066793271096883535,0.006594311159049549,-0.4272474712475914,5366.435356417573,2723.5583097640997
2019-05-07,0.006594311159049548,0.010485306144687874,-2.890738575367854,5366.435356417573,4330.602847212515
2019-05-08,0.010485306144687874,0.010016111907314036,-0.33834033931439755,5366.435356417573,4586.240408494775
2019-05-09,0.010016111907314036,0.009563197009287852,-0.3045244383627573,5366.435356417573,4378.856882216463
2019-05-10,0.00956319700928785,0.009065973827751463,0.2045069005638321,5366.435356417573,4151.1852000004
2019-05-13,0.009065973827751464,0.014870667167930545,-3.069557494111567,5366.435356417573,6809.0747485596485
2019-05-14,0.014870667167930542,0.01396024519889327,0.5239512813963587,5366.435356417573,6929.912471911778
2019-05-15,0.013960245198893271,0.013088970200784122,0.33048283828575037,5366.435356417573,6497.408644805635
2019-05-16,0.013088970200784122,0.012320161841435435,0.5171477338145717,5366.435356417573,6115.769600357987
2019-05-17,0.012320161841435435,0.011737776496320457,-0.37147185965631835,5366.435356417573,5826.671564537607
2019-05-20,0.011737776496320457,0.01122979392697027,-0.40633081146256655,5366.435356417573,5574.507315794131
2019-05-21,0.011229793926970273,0.010638819045043666,0.6383811668045085,5366.435356417573,5281.145405132673
2019-05-22,0.010638819045043666,0.010355782287902997,-0.5512876509568888,5366.435356417573,5140.64501095091
2019-05-23,0.010355782287902997,0.010707367670896499,-0.9668513182327072,5366.435356417573,5315.173172586759
2019-05-24,0.010707367670896497,0.010110535773590315,0.2866424015534337,5366.435356417573,5018.903819874761
2019-05-28,0.010110535773590317,0.010615080184088183,-1.0492933742978823,5366.435356417573,5269.361355048982
2019-05-29,0.010615080184088181,0.010237446749131442,-0.45995166122077913,5366.435356417573,5081.902853179324
2019-05-30,0.010237446749131442,0.009671691076647022,0.060322010940770984,5366.435356417573,4801.05984254829
2019-05-31,0.009671691076647023,0.010783368432727218,-1.3509751673503536,5366.435356417573,5352.90020529871
2019-06-03,0.010783368432727218,0.010261508971747674,-0.29580454633611264,5366.435356417573,5093.847421074404
2019-06-04,0.010261508971747673,0.010373750547485908,2.187063293587892,5366.435356417573,5149.564515186553
2019-06-05,0.010373750547485907,0.009903589589861761,0.8566296282539503,5366.435356417573,4916.175041174746
2019-06-06,0.009903589589861763,0.009386326258286922,0.3550611429969858,5366.435356417573,4659.403790980137
2019-06-07,0.009386326258286922,0.009046935026966449,1.0494339497346035,5366.435356417573,4490.928847075019
2019-06-10,0.009046935026966449,0.008671148483304435,0.7756883604625441,5366.435356417573,4304.38714822961
2019-06-11,0.008671148483304435,0.008255084689254791,-0.003935080034799443,5366.435356417573,4097.851687396576
2019-06-12,0.00825508468925479,0.008054048205088088,-0.46174445791560126,5366.435356417573,3998.05650335163
2019-06-13,0.008054048205088088,0.007705714626661393,0.21100970590293106,5366.435356417573,3825.142548393577
2019-06-14,0.007705714626661391,0.007392787750037993,0.19129387901023565,5366.435356417573,3669.8045987936075
2019-06-17,0.007392787750037993,0.00711198034459444,0.15490932444621877,5366.435356417573,3530.410862260761
2019-06-18,0.007111980344594441,0.007106554751175839,1.585721092129181,5366.435356417573,3527.717579516553
2019-06-19,0.007106554751175839,0.0068766748652893004,0.4689258306686776,5366.435356417573,3413.604434256535
2019-06-20,0.0068766748652893,0.00675286035640959,1.0330904283700193,5366.435356417573,3352.14249737328
2019-06-21,0.0067528603564095905,0.006541328639574769,0.050464101550125054,5366.435356417573,3247.137444681602
2019-06-24,0.006541328639574768,0.006532094802281064,-0.5313314901808956,5366.435356417573,3242.5537369233516
2019-06-25,0.006532094802281064,0.007651110496098678,-1.5018834059787438,5366.435356417573,3798.0368751039377
2019-06-26,0.007651110496098678,0.007342872946207251,-0.061587666422267213,5366.435356417573,3645.0267229990536
2019-06-27,0.007342872946207249,0.007086396249455993,0.45500763248724024,5366.435356417573,3517.7108317486495
2019-06-28,0.007086396249455993,0.006889616913377886,0.7293879968974865,5366.435356417573,3420.028910272779
2019-07-01,0.006889616913377886,0.006808543624134231,1.2374219367550288,5366.435356417573,3379.7838579643094
2019-07-02,0.0068085436241342315,0.006596715573129779,0.25781931049643225,5366.435356417573,3274.631703998354
2019-07-03,0.006596715573129779,0.006448401086798758,0.702635277362288,5366.435356417573,3201.0078962537727
2019-07-05,0.006448401086798758,0.006291867581284845,-0.17682355856553703,5366.435356417573,3123.304139859943
2019-07-08,0.0062918675812848445,0.006781801777235569,-1.0548917980041088,5366.435356417573,3366.5091156009244
2019-07-09,0.006781801777235569,0.006569337747548474,-0.06297587276508769,5366.435356417573,3261.041259686907
2019-07-10,0.006569337747548475,0.006379017806549178,-0.014171817831588178,5366.435356417573,3166.5658035617453
2019-07-11,0.006379017806549178,0.006351431448047928,1.2637816777271627,5366.435356417573,3152.8718428104257
2019-07-12,0.006351431448047927,0.00633998705605479,1.3241648915801545,5366.435356417573,3147.190808295861
2019-07-15,0.00633998705605479,0.006177645048765688,0.09962779976193198,5366.435356417573,3066.6036921671903
2019-07-16,0.006177645048765688,0.006059281514015612,-0.20493431180059227,5366.435356417573,3007.847637098104
2019-07-17,0.006059281514015611,0.006942828813864281,-1.3676068559183772,5366.435356417573,3446.4434758897232
2019-07-18,0.006942828813864282,0.006709858544061698,0.0696660980787106,5366.435356417573,3330.796253703571
2019-07-19,0.006709858544061698,0.007176562476755727,-1.0383564643012642,5366.435356417573,3562.469648961917
2019-07-22,0.007176562476755727,0.006917890831997442,0.09531480247644894,5366.435356417573,3434.0641781695786
2019-07-23,0.006917890831997442,0.006782321202836652,0.993158217952594,5366.435356417573,3366.7669602089445
2019-07-24,0.006782321202836653,0.0065999762433674525,-0.22245798064802602,5366.435356417573,3276.250311624862
2019-07-25,0.0065999762433674525,0.006701827288295822,-0.6849117698137236,5366.435356417573,3326.80951144338
2019-07-26,0.006701827288295822,0.006557723557134382,0.8136344996205872,5366.435356417573,3255.2759366674973
2019-07-29,0.006557723557134382,0.0063686678054473405,0.018146972422709063,5366.435356417573,3161.4280283509192
2019-07-30,0.00636866780544734,0.0064379558113995,-0.6224180594609456,5366.435356417573,3195.822826562618
2019-07-31,0.006437955811399501,0.006495216512988223,-0.6136509204878695,5366.435356417573,3224.2472306068657
2019-08-01,0.006495216512988222,0.008326101728192422,-1.9182254629648134,5366.435356417573,4133.104783373082
2019-08-02,0.00832610172819242,0.00838005853888739,-0.734890873718415,5366.435356417573,4159.889124912391
2019-08-05,0.00838005853888739,0.016732592192131277,-4.0264030170868885,5366.435356417573,8306.114804405928
2019-08-06,0.016732592192131274,0.01579372944304902,0.8712514313619444,5759.862027099778,8204.371127892378
2019-08-07,0.015793729443049024,0.014768159825786352,-0.11215703312655097,5759.862027099778,7671.618316857197
2019-08-08,0.014768159825786352,0.013990482653806077,0.9281469685631342,5759.862027099778,7267.638233519501
2019-08-09,0.013990482653806077,0.013095764359024833,0.07617856481224583,5759.862027099778,6802.858779637504
2019-08-12,0.013095764359024833,0.013135654968532943,-0.8192882983618893,5759.862027099778,6823.580760858122
2019-08-13,0.013135654968532941,0.01258205225739307,1.197863820108188,5759.862027099778,6536.000673078544
2019-08-14,0.012582052257393072,0.018519006637164277,-2.602843269370601,5759.862027099778,9620.07130228933
2019-08-15,0.018519006637164274,0.017260542462502967,0.17101706740794845,5793.0232549501425,8966.336718744069
2019-08-16,0.017260542462502967,0.01626601655070431,0.8267456136871117,5793.0232549501425,8449.710186288634
2019-08-19,0.016266016550704306,0.015266815748713617,0.6012981765152126,5793.0232549501425,7930.65518788689
2019-08-20,0.015266815748713615,0.014402655336800954,-0.2992440448754925,5793.0232549501425,7481.749642244271
2019-08-21,0.014402655336800954,0.013510579992060257,0.4292602654936121,5793.0232549501425,7018.343122037206
2019-08-22,0.013510579992060257,0.01271069819791729,-0.20143696076967757,5793.0232549501425,6602.82840011815
2019-08-23,0.01271069819791729,0.01672078503371012,-2.1168132093727348,5793.0232549501425,8685.948841971718
2019-08-26,0.01672078503371012,0.015742011728503386,0.7679303151201181,5793.0232549501425,8177.505318550207
2019-08-27,0.015742011728503386,0.01501381905443708,-0.4448945644970986,5793.0232549501425,7799.230955158366
2019-08-28,0.01501381905443708,0.014076477896183482,0.4500859982878241,5793.0232549501425,7312.310195657475
2019-08-29,0.014076477896183482,0.013392175197063443,1.0400533775230272,5793.0232549501425,6956.835364481981
2019-08-30,0.013392175197063443,0.012556023395489757,0.21649278185987375,5793.0232549501425,6522.479456075209
2019-09-03,0.012556023395489757,0.013250597437113302,-1.1082095831743854,5793.0232549501425,6883.289943163027
2019-09-04,0.0132505974371133,0.012503097458924734,0.6695469593306389,5793.0232549501425,6494.986011449826
2019-09-05,0.012503097458924736,0.012066150128300705,1.3649805571610798,5793.0232549501425,6268.0049126087815
2019-09-06,0.012066150128300706,0.011336581142835606,0.08346788745711585,5793.0232549501425,5889.015596517266
2019-09-09,0.011336581142835605,0.010671047981893564,0.06600904590740587,5793.0232549501425,5543.290980303141
2019-09-10,0.010671047981893564,0.010118594211065451,-0.22395565784858915,5793.0232549501425,5256.307732728753
2019-09-11,0.01011859421106545,0.009589397808274145,0.4238978883981875,5793.0232549501425,4981.405993801198
2019-09-12,0.009589397808274147,0.009086859870038135,0.1454506831585594,5793.0232549501425,4720.35253166603
2019-09-13,0.009086859870038135,0.008635731057817422,0.21359190643918466,5793.0232549501425,4486.004576340447
2019-09-16,0.008635731057817422,0.008632164298979528,-0.6978600500987888,5793.0232549501425,4484.1517515636715
2019-09-17,0.008632164298979528,0.008222368155672235,-0.05272385161463342,5793.0232549501425,4271.274884285708
2019-09-18,0.008222368155672235,0.007861338546815675,-0.10909419197465514,5793.0232549501425,4083.730776359973
2019-09-19,0.007861338546815677,0.007542366335137329,-0.13583618164916447,5793.0232549501425,3918.034231188019
2019-09-20,0.0075423663351373285,0.008131314940786597,-1.124728530213161,5793.0232549501425,4223.975456370139
2019-09-23,0.008131314940786595,0.007771702095664877,-0.04701413247079957,5793.0232549501425,4037.167314925473
2019-09-24,0.007771702095664879,0.008862510360343658,-1.4187226954314511,5793.0232549501425,4603.8096564362495
2019-09-25,0.008862510360343656,0.008462383851323915,0.5261985327544414,5793.0232549501425,4395.955875608647
2019-09-26,0.008462383851323916,0.008280738914684402,-0.50674074707114,5793.0232549501425,4301.596751687543
2019-09-27,0.0082807389146844,0.008004083488947234,-0.3497189362459333,5793.0232549501425,4157.882513991028
2019-09-30,0.008004083488947234,0.0076624414023250395,0.24110832087233738,5793.0232549501425,3980.4096453020147
2019-10-01,0.0076624414023250395,0.008663366817395862,-1.3737166911159526,5793.0232549501425,4500.360528732838
2019-10-02,0.008663366817395862,0.012214186901583556,-2.3868342716643483,5793.0232549501425,6344.905598603673
2019-10-03,0.012214186901583554,0.011486696285291843,0.303532936853816,5793.0232549501425,5966.995933274867
2019-10-04,0.011486696285291842,0.01113500079082147,1.4179915595071588,5793.0232549501425,5784.300619223348
2019-10-07,0.01113500079082147,0.010596299472984454,-0.3131756900219194,5793.0232549501425,5504.461360576001
2019-10-08,0.010596299472984454,0.01147243291692751,-1.2191848964741399,5793.0232549501425,5959.586539058207
2019-10-09,0.011472432916927513,0.010875288400694391,0.7021409593000859,5793.0232549501425,5649.387782910813
2019-10-10,0.010875288400694391,0.010376142938725798,0.8986484254383225,5735.42594599738,5150.752106210552
2019-10-11,0.010376142938725798,0.010082061533142051,1.3929805424995818,5735.42594599738,5004.76911155128
2019-10-14,0.010082061533142053,0.009530434711442754,0.038880591050539086,5735.42594599738,4730.93970976985
2019-10-15,0.009530434711442754,0.009421168982531163,1.7103502590275392,5735.42594599738,4676.699835989051
2019-10-16,0.009421168982531161,0.009174446137818308,-0.5106752284812465,5735.42594599738,4554.225789557782
2019-10-17,0.009174446137818308,0.008721067925643079,0.3050414488371583,5735.42594599738,4329.167326595021
2019-10-18,0.008721067925643079,0.008340615545451763,-0.21631788814563366,5735.42594599738,4140.309490869805
2019-10-21,0.008340615545451761,0.00802523567198084,0.7557940778965048,5735.42594599738,3983.7538654192304
2019-10-22,0.00802523567198084,0.008315000992705185,-0.9151030653608532,5735.42594599738,4127.594341099009
2019-10-23,0.008315000992705183,0.007945561809871958,0.30197245393110606,5735.42594599738,3944.203493427377
2019-10-24,0.007945561809871958,0.007603469686889096,0.021566714754048158,5400.950103772033,3774.3878178553136
2019-10-25,0.007603469686889096,0.007430900236451472,1.1196098673441632,5400.950103772033,3688.7237646943095
2019-10-28,0.007430900236451472,0.007268441134006027,1.0966998045403227,5400.950103772033,3608.078522137858
2019-10-29,0.007268441134006027,0.007037050745746243,-0.23163092607420113,5400.950103772033,3493.2155584408374
2019-10-30,0.007037050745746243,0.00680557430030633,0.3567839643652335,5400.950103772033,3378.3098756713807
2019-10-31,0.006805574300306331,0.006707429699757968,-0.42544552943088226,5400.950103772033,3329.590567256596
2019-11-01,0.006707429699757968,0.0069750667752843665,2.288371549782926,5400.950103772033,3462.4465079089437
2019-11-04,0.006975066775284366,0.006740745950792138,-0.06348793823878181,5400.950103772033,3346.1288658516196
2019-11-05,0.006740745950792139,0.006718262824733614,-0.5372582422409273,5400.950103772033,3334.9681667764426
2019-11-06,0.006718262824733614,0.006511909234216602,0.12329616095064151,5400.950103772033,3232.53355333133
2019-11-07,0.006511909234216602,0.00647591749046259,1.2823182895394938,5400.950103772033,3214.667131189508
2019-11-08,0.006475917490462592,0.006324365523241062,0.5562557324570157,5400.950103772033,3139.4362270880174
2019-11-11,0.006324365523241063,0.006340098342669202,-0.5400267151153801,5400.950103772033,3147.246051343973
2019-11-12,0.006340098342669202,0.006177444157398353,-0.030568854333139318,5318.512414624899,3066.5039690196263
2019-11-13,0.006177444157398353,0.006119592434184951,-0.37908476158252763,5318.512414624899,3037.786179861458
2019-11-14,0.00611959243418495,0.0059833838483227325,0.04539197548951868,5318.512414624899,2970.171781654263
2019-11-15,0.005983383848322733,0.006110490693263253,1.743694644993887,5318.512414624899,3033.268045184684
2019-11-18,0.006110490693263253,0.005981657946281199,0.2754811975897311,5318.512414624899,2969.315038100513
2019-11-19,0.005981657946281199,0.005918888090634533,-0.3129575137922187,5318.512414624899,2938.1558715308297
2019-11-20,0.005918888090634532,0.006513592517474125,-1.1437875834618734,5318.512414624899,3233.36914077796
2019-11-21,0.006513592517474125,0.006338996523665942,-0.12093076666542306,5318.512414624899,3146.6991047005795
2019-11-22,0.006338996523665942,0.00618871838406078,0.38138322342043796,5318.512414624899,3072.1005328941133
2019-11-25,0.00618871838406078,0.006277589526059897,1.6650917733951072,5318.512414624899,3116.216465426699
2019-11-26,0.006277589526059895,0.006124617975045804,0.17647623835848375,5318.512414624899,3040.280875176157
2019-11-27,0.006124617975045805,0.006004442144639663,0.44536050190723403,5318.512414624899,2980.625190473721
2019-11-29,0.0060044421446396636,0.006133661576696632,-0.6642841430740772,5318.512414624899,3044.770149324153
2019-12-02,0.006133661576696632,0.007588836571027313,-1.7409932255309193,5318.512414624899,3767.123890132788
2019-12-03,0.007588836571027313,0.0089328716801835,-1.5638897341269176,5318.512414624899,4434.307419714859
2019-12-04,0.0089328716801835,0.008545912967214464,0.6580972977395558,4779.119326407682,4023.5461327566213
2019-12-05,0.008545912967214466,0.008155972969610315,0.3346380457452299,4779.119326407682,3839.956436092685
2019-12-06,0.008155972969610313,0.007964893743925441,1.228681800848902,4779.119326407682,3749.9934230706726
2019-12-09,0.007964893743925443,0.007811261423809798,-0.49415005082488084,4779.119326407682,3677.660984179804
2019-12-10,0.007811261423809799,0.0074834549901105695,0.048843531200237725,4779.119326407682,3523.324716812787
2019-12-11,0.0074834549901105695,0.007213131920589701,-0.17579784125250614,4779.119326407682,3396.0524938053354
2019-12-12,0.007213131920589702,0.007165576836397266,1.4701368539919235,4779.119326407682,3373.66283504922
2019-12-13,0.007165576836397265,0.006918261976167509,0.3313219105863964,4779.119326407682,3257.223227804422
2019-12-16,0.006918261976167509,0.006889520448221707,1.4532302200433669,4779.119326407682,3243.6912781976916
2019-12-17,0.006889520448221707,0.006668795022095668,0.2629283482492067,4779.119326407682,3139.7703819637163
2019-12-18,0.006668795022095668,0.006517772984658571,-0.2801792214680292,4779.119326407682,3068.6669039594085
2019-12-19,0.006517772984658571,0.0063349821626099865,0.13238568877846052,4779.119326407682,2982.6061977506597
2019-12-20,0.006334982162609986,0.006182219456212564,0.33442301843068295,4779.119326407682,2910.6831862581694
2019-12-23,0.006182219456212564,0.006040407863988285,0.1625384135272304,4779.119326407682,2843.9161263006145
2019-12-24,0.006040407863988284,0.005923611419936613,-0.129253303169909,4779.119326407682,2788.926579532856
2019-12-26,0.005923611419936613,0.005885146883211274,0.9501536289904706,4779.119326407682,2770.816889136611
2019-12-27,0.005885146883211273,0.005787021646713556,-0.1252786930495146,4779.119326407682,2724.6180315831957
2019-12-30,0.005787021646713556,0.006215031948720601,-0.9893607507697351,4779.119326407682,2926.1318080547303
2019-12-31,0.0062150319487206005,0.006075098819360802,0.30743422843271123,4779.119326407682,2860.2491570565107
2020-01-02,0.006075098819360802,0.006173909219954792,1.6675296718506296,4663.495531943453,2906.770600313809
2020-01-03,0.006173909219954793,0.007476865647089431,-1.64311024222496,4663.495531943453,3520.222353644355
2020-01-06,0.007476865647089432,0.007200229765165672,0.3869526927119413,4663.495531943453,3389.9779623000722
2020-01-07,0.007200229765165671,0.007864287465391046,-1.1804159344769012,4663.495531943453,3702.626453095545
2020-01-08,0.007864287465391046,0.0077634892247325105,1.4570457792204947,4663.495531943453,3655.16910442534
2020-01-09,0.00776348922473251,0.007541260029141991,0.9611592486087939,4663.495531943453,3550.540210598061
2020-01-10,0.007541260029141991,0.007526003997133189,-0.6234469651679623,4663.495531943453,3543.3574381048566
2020-01-13,0.007526003997133189,0.00723978382896818,0.3290202906216507,4663.495531943453,3408.6006186573213
2020-01-14,0.00723978382896818,0.00697416798001191,0.09670178509014211,4663.495531943453,3283.544626867223
2020-01-15,0.006974167980011909,0.00676588818398502,0.5420136463137087,4663.495531943453,3185.4833230544737
2020-01-16,0.006765888183985022,0.006775024031473389,1.545122797818618,4663.495531943453,3189.7846193550913
2020-01-17,0.006775024031473389,0.0066422616110801596,0.9300305605191146,4663.495531943453,3127.2780474770607
2020-01-21,0.006642261611080159,0.00675673404692842,-0.7029092005179362,4663.495531943453,3181.1734157462542
2020-01-22,0.00675673404692842,0.0066248852252431475,-0.349495127233983,4663.495531943453,3119.0969800704515
2020-01-23,0.0066248852252431475,0.00708307581480802,-1.0308144301337072,4663.495531943453,3334.8200961122147
2020-01-24,0.007083075814808021,0.009386581609564328,-2.085254486680115,4663.495531943453,4419.345748061979
2020-01-27,0.009386581609564326,0.011886856158391816,-1.9266824418163386,4663.495531943453,5596.513129751766
2020-01-28,0.011886856158391816,0.011351217272039317,1.0268173860037166,4663.495531943453,5344.326174653376
2020-01-29,0.011351217272039315,0.010686219907476358,0.12499476344860444,4663.495531943453,5031.2352755597985
2020-01-30,0.010686219907476358,0.010117674468079827,0.5042979767077276,4663.495531943453,4763.55541353027
2020-01-31,0.010117674468079827,0.01648871791301468,-3.0474064943348966,4663.495531943453,7763.139812860692
2020-02-03,0.016488717913014685,0.015421101729386969,0.3821676430410988,5247.564483966149,7655.086546300145
2020-02-04,0.015421101729386967,0.014711279142721665,1.1739065121081989,5247.564483966149,7302.728236965682
2020-02-05,0.014711279142721665,0.01412031249205357,1.3170946660365983,5247.564483966149,7009.370412328516
2020-02-06,0.014120312492053571,0.013213510071078545,0.008904716622059744,5247.564483966149,6559.230653524509
2020-02-07,0.013213510071078545,0.013121331554339026,-0.753559133980846,5247.564483966149,6513.472929093841
2020-02-10,0.013121331554339026,0.012323422508703413,0.3572702677912565,5247.564483966149,6117.388206510328
2020-02-11,0.012323422508703412,0.01157130710788358,-0.030221152377158673,5247.564483966149,5744.035602583895
2020-02-12,0.011571307107883582,0.010985609744376785,0.7816368721629701,5247.564483966149,5453.2934697413175
2020-02-13,0.010985609744376785,0.010405438942012207,-0.22232329332106524,5247.564483966149,5165.294740359108
2020-02-14,0.010405438942012206,0.00982365907672662,0.01470364387539047,5247.564483966149,4876.4972667538905
2020-02-18,0.009823659076726622,0.009717515775833003,-0.6614505896824557,5247.564483966149,4823.8073766987445
2020-02-19,0.009717515775833003,0.00924671767498149,0.5806059310983439,5247.564483966149,4590.101622654975
2020-02-20,0.00924671767498149,0.009231607278413044,-0.7124303795601631,5247.564483966149,4582.600771191168
2020-02-21,0.009231607278413042,0.009650196518445352,-1.0063001678226167,5247.564483966149,4790.389871868135
2020-02-24,0.009650196518445352,0.018591575296613774,-3.8509507987070095,5247.564483966149,9228.920243514392
2020-02-25,0.01859157529661377,0.02252183469600305,-1.7774678834516324,5848.382017513509,12943.55932859702
2020-02-26,0.022521834696003048,0.02094114803330768,-0.026825665100070808,6191.599805548117,12035.120390354103
2020-02-27,0.020941148033307683,0.02846519050562859,-2.274737762850427,6191.599805548117,16359.27476968861
2020-02-28,0.02846519050562859,0.02685112772732314,-0.38488852425689385,6593.927216058738,15431.654191122498
2020-03-02,0.02685112772732314,0.02670613517752182,2.1636681941510876,6593.927216058738,15348.32529292705
2020-03-03,0.02670613517752182,0.028476200899716406,-1.2029008314996081,6593.927216058738,16365.602570732819
2020-03-04,0.028476200899716406,0.027530331576233837,1.6403871514799915,6593.927216058738,15822.000512070641
2020-03-05,0.027530331576233837,0.02926570785063626,-1.1883543044243992,6593.927216058738,16819.341362332445
2020-03-06,0.02926570785063626,0.028528024829008673,-0.683910681829949,6640.596660812487,16395.386383308025
2020-03-09,0.028528024829008673,0.04479126834908552,-2.906569632627293,6640.596660812487,25742.060853611896
2020-03-10,0.04479126834908552,0.042406643538258085,1.174082313455543,7319.591860953082,25439.39283114549
2020-03-11,0.04240664353825809,0.044070130310862425,-1.0785948055731163,7319.591860953082,26437.304713502275
2020-03-12,0.04407013031086242,0.057960985175863004,-2.141843995761892,8178.837252182089,34770.31303924664
2020-03-13,0.057960985175863004,0.05664091005310703,1.8886111078901187,8979.308964485965,33978.410950034726
2020-03-16,0.056640910053107035,0.08088677499766501,-2.4945355461645313,8979.308964485965,48523.30371663744
2020-03-17,0.08088677499766503,0.07577463674688838,0.8565896274139139,12804.322882487151,45456.57448938076
2020-03-18,0.07577463674688838,0.07676099932677818,-0.9420272401547748,12804.322882487151,46048.285199074664
2020-03-19,0.07676099932677818,0.07115254845514575,0.2317821928270892,13924.65791210125,42683.8221575958
2020-03-20,0.07115254845514575,0.06881921488872117,-0.6395432867446719,13924.65791210125,41284.07475365847
2020-03-23,0.06881921488872117,0.06465528931125955,-0.36105986546755947,13924.65791210125,38786.170424372525
2020-03-24,0.06465528931125954,0.062491026215991466,1.6757371104170056,13924.65791210125,37487.84699019636
2020-03-25,0.06249102621599148,0.057900623106422515,0.12276986976480304,13924.65791210125,34734.102335722986
2020-03-26,0.05790062310642252,0.05454250233558939,1.036501311365993,13924.65791210125,32719.593609358402
2020-03-27,0.054542502335589396,0.05286989137534574,-0.654230092493444,13924.65791210125,31716.20820270791
2020-03-30,0.05286989137534574,0.049350444825832354,0.6882049441704385,13924.65791210125,29604.921483198574
2020-03-31,0.04935044482583234,0.04648581719837059,-0.3883912545295839,13924.65791210125,27886.4551899583
2020-04-01,0.0464858171983706,0.04765467723081863,-1.0059907718739403,13924.65791210125,28587.644603905785
2020-04-02,0.04765467723081863,0.04440118087262376,0.5875027033203939,13924.65791210125,26635.899192690904
2020-04-03,0.04440118087262376,0.04250718572705927,-0.5504266622448626,13924.65791210125,25499.70725416058
2020-04-06,0.04250718572705926,0.04102236848656037,1.6313973673645832,13924.65791210125,24608.977738408375
2020-04-07,0.041022368486560365,0.03803524859671071,0.11266390709142816,13924.65791210125,22817.0293555316
2020-04-08,0.03803524859671072,0.035875126439709595,1.050957755537595,13924.65791210125,21521.190035788306
2020-04-09,0.03587512643970959,0.033379836209769344,0.459541178437687,13924.65791210125,20024.286176139503
2020-04-13,0.033379836209769344,0.032454497406348516,-0.6687283708405763,13924.65791210125,19469.18312251331
2020-04-14,0.032454497406348516,0.03034770703254953,0.7118880682448755,13924.65791210125,18205.337096038806
2020-04-15,0.030347707032549534,0.030057675419300357,-0.7945842354451388,13924.65791210125,18031.349542974385
2020-04-16,0.030057675419300357,0.027916338125460453,0.2249466542774501,13924.65791210125,16746.77910643818
2020-04-17,0.027916338125460457,0.02628783819856104,0.957379478040175,13924.65791210125,15769.855541890785
2020-04-20,0.026287838198561037,0.02615861738216333,-0.8202894106325753,13924.65791210125,15692.337048654297
2020-04-21,0.02615861738216333,0.02740412485859603,-1.112622100620016,13924.65791210125,16439.506626895378
2020-04-22,0.02740412485859603,0.025541379182116384,0.4941011829637303,13924.65791210125,15322.060985017773
2020-04-23,0.025541379182116387,0.023725313523151107,0.0440274169831454,13924.65791210125,14232.618297484843
2020-04-24,0.023725313523151104,0.02223041803444136,0.7249543083487336,13924.65791210125,13335.842924435443
2020-04-27,0.022230418034441358,0.02089937724153363,0.8418733843727322,13924.65791210125,12537.362620883221
2020-04-28,0.02089937724153363,0.01957687380967186,-0.24985233125361067,13924.65791210125,11744.00380923105
2020-04-29,0.01957687380967186,0.01861924681089121,1.1802429027805106,13924.65791210125,11169.531335697191
2020-04-30,0.018619246810891207,0.017890616164746354,-0.5405869355395669,13924.65791210125,10732.43186991731
2020-05-01,0.017890616164746354,0.021039267430997783,-1.6460695581560119,13924.65791210125,12621.281582302354
2020-05-04,0.02103926743099778,0.019576528929983034,0.10533206697843515,13924.65791210125,11743.79691877353
2020-05-05,0.019576528929983034,0.018319559486950902,0.5736955488679268,13924.65791210125,10989.751402080086
2020-05-06,0.018319559486950906,0.01742155247613152,-0.43680784458699345,13924.65791210125,10451.044463561193
2020-05-07,0.01742155247613152,0.01631309112589771,0.5251678416305966,13924.65791210125,9786.087716835887
2020-05-08,0.01631309112589771,0.01545642953143886,0.9922046036449426,13924.65791210125,9272.183549788733
2020-05-11,0.015456429531438857,0.014494030341338738,-0.18835008103777276,13924.65791210125,8694.848278364916
2020-05-12,0.01449403034133874,0.016581674885719228,-1.512282538843104,13924.65791210125,9947.208880976157
2020-05-13,0.016581674885719228,0.017868285966205277,-1.2374115745208782,13924.65791210125,10719.036169496658
2020-05-14,0.017868285966205277,0.016879747627246065,0.9347682731031506,13924.65791210125,10126.02024002929
2020-05-15,0.016879747627246065,0.015758773659238837,0.23360572569193694,13924.65791210125,9453.557277948912
2020-05-18,0.015758773659238837,0.015487910918499975,1.86062028736165,13924.65791210125,9291.068972106925
2020-05-19,0.015487910918499976,0.01663706003342293,-1.21750629785099,13924.65791210125,9980.433970534928
2020-05-20,0.016637060033422926,0.015722381161404172,0.9122854016925718,13924.65791210125,9431.72572111543
2020-05-21,0.015722381161404172,0.014835970427958391,-0.31074083831801713,13924.65791210125,8899.975292965482
2020-05-22,0.014835970427958391,0.013870158859376524,0.061865713033877535,13924.65791210125,8320.592964065698
2020-05-26,0.013870158859376525,0.01346193360101579,1.5557352844281143,13924.65791210125,8075.702026124205
2020-05-27,0.01346193360101579,0.01331023078297229,1.9206069220194293,13924.65791210125,7984.696767046846
2020-05-28,0.01331023078297229,0.012937734105397048,-0.5932566513827495,13924.65791210125,7761.239107621759
2020-05-29,0.012937734105397048,0.012137840287754508,-0.07036000276687418,13924.65791210125,7281.389457840938
2020-06-01,0.012137840287754506,0.011418358227129062,0.3168144812351022,13924.65791210125,6849.778152440167
2020-06-02,0.011418358227129062,0.010858170908837773,0.832170874200255,13924.65791210125,6513.726438368967
2020-06-03,0.010858170908837774,0.010473843069178559,1.2437310938238182,13924.65791210125,6283.171363190341
2020-06-04,0.010473843069178559,0.00988730191584198,0.10194894833076892,13924.65791210125,5931.310202617687
2020-06-05,0.00988730191584198,0.010804886880946506,3.3216393617994533,13924.65791210125,6481.761793114061
2020-06-08,0.010804886880946506,0.010295060835622372,0.8378330516131931,13924.65791210125,6175.921387922615
2020-06-09,0.010295060835622373,0.010048515932986586,-0.5652493121705324,13924.65791210125,6028.021150946543
2020-06-10,0.010048515932986588,0.009947315057286932,-0.673873758301645,13924.65791210125,5967.311587138296
2020-06-11,0.009947315057286932,0.03121262717883628,-6.867374089957213,13924.65791210125,18724.1954996545
2020-06-12,0.03121262717883628,0.02906166750617788,0.470312046180426,15305.633793801935,19554.25301280385
2020-06-15,0.029061667506177877,0.026998820816633056,0.2404810763596275,15305.633793801935,18166.258807536396
2020-06-16,0.026998820816633056,0.02534328602567009,0.8352340534182875,15305.633793801935,17052.32595536584
2020-06-17,0.02534328602567009,0.023753240132405297,-0.28640815901614375,15305.633793801935,15982.45755596102
2020-06-18,0.023753240132405297,0.02207497060741524,-0.0002960026268307198,15305.633793801935,14853.22755192366
2020-06-19,0.02207497060741524,0.020552441544612332,-0.10511032265366708,15305.633793801935,13828.788107522669
2020-06-22,0.020552441544612332,0.019137456384200585,0.20680277388486976,15305.633793801935,12876.709985020843
2020-06-23,0.019137456384200585,0.01787701249612483,0.44556114673723163,15305.633793801935,12028.61554272375
2020-06-24,0.01787701249612483,0.02028575831201494,-1.4856647020960485,15305.633793801935,13649.349284771935
2020-06-25,0.02028575831201494,0.019106021945843873,0.8789531203166656,15305.633793801935,12855.559204157638
2020-06-26,0.01910602194584387,0.023049027369992304,-1.7602209372068918,15305.633793801935,15508.625332529868
2020-06-29,0.0230490273699923,0.021538142074801345,0.5793940607487477,15305.633793801935,14492.020441251403
2020-06-30,0.021538142074801345,0.020166961170687416,0.6547028914713817,15305.633793801935,13569.416178448206
2020-07-01,0.02016696117068742,0.018790964828453344,0.26963745261383437,15305.633793801935,12643.57182987399
2020-07-02,0.01879096482845334,0.017515364954954968,0.2135366921783992,15305.633793801935,11785.279625402743
2020-07-06,0.017515364954954968,0.016560987187059603,0.9563647124375567,15305.633793801935,11143.122930875365
2020-07-07,0.016560987187059603,0.017430491229658757,-1.1177842022646274,15305.633793801935,11728.17201799417
2020-07-08,0.017430491229658757,0.016313580739864622,0.49502790334391467,15305.633793801935,10976.65456616707
2020-07-09,0.016313580739864622,0.01629942547068424,-0.8187590199560918,15305.633793801935,10967.130139705352
2020-07-10,0.01629942547068424,0.0153799226539146,0.8436378363341549,15305.633793801935,10348.43918808404
2020-07-13,0.015379922653914602,0.014372633042305509,0.14036560543614254,15305.633793801935,9670.680559182721
2020-07-14,0.014372633042305509,0.01395219573550696,1.5753915324848222,15305.633793801935,9387.787725472715
2020-07-15,0.01395219573550696,0.01308048094426093,0.32209066745746745,15305.633793801935,8801.251127756675
2020-07-16,0.01308048094426093,0.01233945352313375,-0.2424436680283789,15305.633793801935,8302.64802182457
2020-07-17,0.012339453523133752,0.011704029484473454,-0.30996317105661303,15305.633793801935,7875.100551613519
2020-07-20,0.011704029484473452,0.011026465203793084,0.3557599086020836,15305.633793801935,7419.198860010796
2020-07-21,0.011026465203793086,0.01038810776689233,0.01732651516043838,15305.633793801935,6989.677641687423
2020-07-22,0.01038810776689233,0.00981288235128814,0.18289568221278155,15305.633793801935,6602.635042919526
2020-07-23,0.00981288235128814,0.012280276077309846,-1.879616120935061,15305.633793801935,8262.830253348411
2020-07-24,0.012280276077309846,0.011794720193085481,-0.4637755530020267,15305.633793801935,7936.122138269999
2020-07-27,0.011794720193085481,0.011127229336355024,0.48180862540334296,15305.633793801935,7486.998388111274
2020-07-28,0.011127229336355023,0.010820800524058503,-0.555990278142897,15305.633793801935,7280.8166015780225
2020-07-29,0.010820800524058505,0.010299692036624305,0.7981547041302774,15305.633793801935,6930.18678282307
2020-07-30,0.010299692036624303,0.010800089367694497,-1.0456444283426956,15305.633793801935,7266.881021603354
2020-07-31,0.010800089367694499,0.010184716539716827,0.12786101378521753,15305.633793801935,6852.825084416611
2020-08-03,0.010184716539716827,0.009722023707592129,0.8238466256523285,15305.633793801935,5832.161179840098
2020-08-04,0.009722023707592129,0.009257398116184094,-0.23442729321091152,15305.633793801935,5553.436151093863
2020-08-05,0.009257398116184095,0.008948523182379545,1.1210122795154285,15305.633793801935,5368.14464671769
2020-08-06,0.008948523182379544,0.00854904120070946,0.5880046022062028,15305.633793801935,5128.498727759228
2020-08-07,0.008549041200709461,0.008157784412565379,0.32200199956927555,15305.633793801935,4893.787034001388
2020-08-10,0.008157784412565379,0.007907839181579675,0.996606368491245,15305.633793801935,4743.846968323228
2020-08-11,0.007907839181579675,0.0076899250454087595,-0.3932585561055394,15305.633793801935,4613.122090073659
2020-08-12,0.0076899250454087595,0.007626802164615164,1.53560927533108,15305.633793801935,4575.255198776471
2020-08-13,0.007626802164615164,0.007503366112178813,-0.4984644941092765,15305.633793801935,4501.206937337876
2020-08-14,0.007503366112178813,0.007257466792819523,-0.25853979708056957,15305.633793801935,4353.6939804011
2020-08-17,0.007257466792819525,0.007224718672054269,-0.5789730054460923,15305.633793801935,4334.04865506717
2020-08-18,0.007224718672054268,0.007417828411258524,-0.8152930787373623,15305.633793801935,4449.893581834484
2020-08-19,0.007417828411258525,0.007221376701314231,-0.3508679031847485,15305.633793801935,4332.043834609985
2020-08-20,0.0072213767013142305,0.006957385730559172,0.07353371234659827,15305.633793801935,4173.677846439887
2020-08-21,0.006957385730559171,0.006773127570576961,0.7228397333420058,15305.633793801935,4063.1429084436118
2020-08-24,0.006773127570576962,0.006793929484520592,1.5877517871552351,15305.633793801935,4075.6218036425275
2020-08-25,0.006793929484520592,0.0066546248099987855,0.9032329475309361,15305.633793801935,3992.0540877685285
2020-08-26,0.0066546248099987855,0.00648158290381464,0.5428932095625428,15305.633793801935,3888.2476871582735
2020-08-27,0.00648158290381464,0.0065144348996402325,1.5476775055507095,15305.633793801935,3907.95532627714
2020-08-28,0.0065144348996402325,0.006331919192941083,0.12740122195863865,15305.633793801935,3798.4656715162077
2020-08-31,0.0063319191929410825,0.0066094750645245325,-0.8593974862448732,15305.633793801935,3964.969130895921
2020-09-01,0.006609475064524533,0.006482085994409364,0.8587820481646056,15305.633793801935,3888.549487022658
2020-09-02,0.006482085994409363,0.006764226755883144,2.302300710055188,15305.633793801935,4057.803383722468
2020-09-03,0.006764226755883145,0.015828284332594554,-4.889479284534854,15305.633793801935,9495.25615288718
2020-09-04,0.015828284332594554,0.014789062849754788,-0.07629762505796321,15305.633793801935,10778.35921749604
2020-09-08,0.014789062849754786,0.018784579957608613,-1.9735780588833716,15305.633793801935,13690.316458168218
2020-09-09,0.018784579957608613,0.017789412994549187,1.0383006632381384,15305.633793801935,12965.032705018371
2020-09-10,0.017789412994549187,0.018640160841036483,-1.0986954533299504,15305.633793801935,13585.062925060563
2020-09-11,0.018640160841036483,0.017381774002845917,0.2550485812217763,15305.633793801935,12667.942921286161
2020-09-14,0.01738177400284592,0.016333054000149175,0.7081008582955035,15305.633793801935,11903.629386177592
2020-09-15,0.016333054000149175,0.015588501167894222,-0.4585628856544787,15305.633793801935,11360.994740292574
2020-09-16,0.015588501167894224,0.01461079810322246,-0.17990423639792247,15305.633793801935,10648.438782816625
2020-09-17,0.014610798103222461,0.013980330517044736,-0.46535562659129087,15305.633793801935,10188.950160187382
2020-09-18,0.013980330517044736,0.013680781574756934,-0.6554831445646221,15305.633793801935,9970.63706381343
2020-09-21,0.013680781574756934,0.014667073769068199,-1.1981864419850567,15305.633793801935,10689.45283136394
2020-09-22,0.014667073769068199,0.01372829033383964,0.25470683244171094,15305.633793801935,10005.261737234125
2020-09-23,0.01372829033383964,0.016531688241142945,-1.738044080230045,15305.633793801935,12048.395232673472
2020-09-24,0.016531688241142945,0.015455291192800171,0.35162121286748776,15305.633793801935,11263.910497869385
2020-09-25,0.01545529119280017,0.01459970337348599,0.852937767231631,15305.633793801935,10640.352876107352
2020-09-28,0.01459970337348599,0.013870165128962752,1.017397371122899,15305.633793801935,10108.660953349494
2020-09-29,0.01387016512896275,0.0133340280031398,-0.501985550101617,15305.633793801935,9717.920945638223
2020-09-30,0.013334028003139802,0.01271537268646818,1.076376705149641,15305.633793801935,9267.041177079322
2020-10-01,0.01271537268646818,0.011929510277939722,0.08621641344357386,15305.633793801935,8694.299860019682
2020-10-02,0.011929510277939724,0.011640055974098873,-0.60266450438123,15305.633793801935,8483.343797722697
2020-10-05,0.011640055974098873,0.011479286859358248,1.8026381053822185,15305.633793801935,8366.174286215613
2020-10-06,0.011479286859358246,0.012573804602301255,-1.2874077061351208,15305.633793801935,9163.865493779746
2020-10-07,0.012573804602301255,0.012163856052840611,1.4282679168830694,15305.633793801935,8865.092490265764
2020-10-08,0.012163856052840611,0.011424688104351145,0.030628908653581317,15305.633793801935,8326.382380516574
2020-10-09,0.011424688104351146,0.0108090143598499,0.5965478427405034,15305.633793801935,7877.675599942894
2020-10-12,0.0108090143598499,0.010583947593104007,1.6064670625945394,15305.633793801935,7713.645567441689
2020-10-13,0.010583947593104003,0.010742437916635636,-0.8588986454517968,15305.633793801935,7829.154282015136
2020-10-14,0.010742437916635636,0.010656895376769983,-0.7072878971101475,15305.633793801935,7766.810357155537
2020-10-15,0.010656895376769983,0.010069668528035704,-0.12833521701939216,15305.633793801935,7338.83584774156
2020-10-16,0.010069668528035704,0.009523052406656747,0.1679433693652434,15305.633793801935,6940.458684147689
2020-10-19,0.009523052406656747,0.011560726843686543,-1.7417561638400731,15305.633793801935,8425.528243574188
2020-10-20,0.011560726843686545,0.011000377810100383,0.8715031452124018,15305.633793801935,8017.142449793582
2020-10-21,0.011000377810100381,0.010371018263034862,-0.07772478026120128,15305.633793801935,7558.461372828298
2020-10-22,0.010371018263034864,0.009822415176773854,0.44939958051715945,15305.633793801935,7158.636097107994
2020-10-23,0.009822415176773854,0.0092986394443869,0.16286555112024856,15305.633793801935,6776.905148336804
2020-10-26,0.009298639444386898,0.013524165053103433,-2.530548405836701,15305.633793801935,9856.493987478869
2020-10-27,0.013524165053103433,0.013543901698481051,-0.8133653200224741,15305.633793801935,9870.878175022695
2020-10-28,0.013543901698481053,0.019016112708282434,-2.400831154239806,15305.633793801935,13859.058939198298
2020-10-29,0.019016112708282434,0.017773106448682543,0.47747305225447195,15305.633793801935,12953.148394921593
2020-10-30,0.017773106448682546,0.017098038955812682,-0.5462693606810485,15305.633793801935,12461.155088237763
2020-11-02,0.017098038955812685,0.016161307929823482,0.9337553997936787,15305.633793801935,11778.459802481195
2020-11-03,0.016161307929823482,0.015522604925888691,1.3743467214264238,15305.633793801935,11312.969157154936
2020-11-04,0.01552260492588869,0.014645818263371555,0.8087547261569588,15305.633793801935,10673.961689154632
2020-11-05,0.014645818263371555,0.014287684072340393,1.6883973961361747,15305.633793801935,10412.951306129231
2020-11-06,0.014287684072340393,0.013704430039267562,-0.4856812745225439,15305.633793801935,9987.872209003308
2020-11-09,0.013704430039267562,0.01385271944456938,2.3116348676301532,15305.633793801935,10095.946432145744
2020-11-10,0.013852719444569379,0.012992217616721003,0.3443666124858388,15305.633793801935,9468.807450988763
2020-11-11,0.012992217616721004,0.012182915651498476,-0.03648041168223227,15305.633793801935,8878.983242030281
2020-11-12,0.012182915651498476,0.01221291345674851,-0.8046073731143044,15305.633793801935,8900.84582548172
2020-11-13,0.012212913456748511,0.011551713780440195,0.684844125204661,15305.633793801935,8418.959468100984
2020-11-16,0.011551713780440193,0.010969652514485468,0.7896358600941612,15305.633793801935,7994.749666926559
2020-11-17,0.010969652514485466,0.01136532069955689,-0.988778789425728,15305.633793801935,8283.115053764117
2020-11-18,0.01136532069955689,0.011609222463995148,-0.9112615339495279,15305.633793801935,8460.872147476126
2020-11-19,0.011609222463995148,0.010986709673314556,-0.24130957264420144,15305.633793801935,8007.181028329072
2020-11-20,0.010986709673314554,0.010855061717271634,-0.6824607442510747,15305.633793801935,7911.2351949185895
2020-11-23,0.010855061717271635,0.010279109515645082,0.5489334764730346,15305.633793801935,7491.477717091548
2020-11-24,0.010279109515645082,0.010018679891022423,1.4601685337016994,15305.633793801935,7301.67501805797
2020-11-25,0.010018679891022422,0.009607036760020215,-0.36672404426585453,15305.633793801935,7001.66699317963
2020-11-27,0.009607036760020216,0.009103616341144833,0.16402183837806522,15305.633793801935,6634.771121062136
2020-11-30,0.009103616341144833,0.00990397554805896,-1.2184676439795235,15305.633793801935,7218.077793215047
2020-12-01,0.009903975548058958,0.009562750031827013,1.174820351872844,15305.633793801935,6969.390555525444
2020-12-02,0.009562750031827015,0.009094623934590346,0.5045408246768283,15305.633793801935,6628.217400311965
2020-12-03,0.009094623934590344,0.008765298190205405,-0.3773799446686994,15305.633793801935,6388.202788932514
2020-12-04,0.008765298190205405,0.008466307937468337,1.0098517827771514,15305.633793801935,6170.296868911119
2020-12-07,0.008466307937468337,0.00855046422613084,-0.7655430108962739,15305.633793801935,6231.630485437794
2020-12-08,0.008550464226130839,0.008158112812309245,0.30957208814455817,15305.633793801935,5945.68238171926
2020-12-09,0.008158112812309245,0.007954827816829572,-0.4478384556202974,15305.633793801935,5797.5270369846685
2020-12-10,0.007954827816829572,0.007713255545166286,-0.3599427903990643,15305.633793801935,5621.467691816856
2020-12-11,0.007713255545166288,0.007798755632336099,-0.7365793341606639,15305.633793801935,5683.780676892768
2020-12-14,0.007798755632336099,0.007578546710693779,-0.3727042774667448,15305.633793801935,5523.291071535676
2020-12-15,0.00757854671069378,0.007703799439527232,2.03012250403781,15305.633793801935,5614.57602434531
2020-12-16,0.007703799439527232,0.007387934032656775,0.0880751767583667,15305.633793801935,5384.371389053847
2020-12-17,0.007387934032656775,0.007142589547665531,0.6002519819190687,15305.633793801935,5205.562831802294
2020-12-18,0.007142589547665531,0.007372383550011112,-0.8456429375324751,15305.633793801935,5373.038102444467
2020-12-21,0.007372383550011113,0.0072504677353884784,1.2444125134363822,15305.633793801935,5284.1851130667
2020-12-22,0.007250467735388478,0.008180069068864641,-1.3489090669468806,15305.633793801935,5961.684235428976
2020-12-23,0.008180069068864641,0.007875152602894774,0.7291139464294002,15305.633793801935,5739.459255053892
2020-12-24,0.007875152602894772,0.0075700464682607075,0.5163224527363611,15305.633793801935,5517.09604299937
2020-12-28,0.007570046468260709,0.0074139211709842705,1.1756393847765305,15305.633793801935,5403.31097398726
2020-12-29,0.007413921170984271,0.007302852666898346,-0.49135372635146424,15305.633793801935,5322.363570696734
2020-12-30,0.007302852666898345,0.00703286121280044,0.18455323679425775,15305.633793801935,5125.592152014882
2020-12-31,0.007032861212800441,0.006884005554080818,0.9825860479356869,15305.633793801935,5017.105239927435
2021-01-04,0.006884005554080819,0.008475382903874179,-1.7489609326712472,15305.633793801935,6176.910759784569
2021-01-05,0.008475382903874179,0.008083976937802124,0.20464908813033333,15305.633793801935,5891.651704153088
2021-01-06,0.008083976937802124,0.008322278971300575,2.3207962399932067,15305.633793801935,6065.327679798067
2021-01-07,0.008322278971300575,0.008221126211876716,1.5515584238899947,15305.633793801935,5991.606931702837
2021-01-08,0.008221126211876716,0.007874422489180213,0.45296369993780733,15305.633793801935,5738.927143725061
2021-01-11,0.007874422489180213,0.007770506036060174,-0.5479352951086225,15305.633793801935,5663.19219880565
2021-01-12,0.007770506036060174,0.007500244067585905,0.6988496105219182,15305.633793801935,5466.22362759618
2021-01-13,0.007500244067585906,0.007208298560369804,0.16821701846012843,15305.633793801935,5253.451961083087
2021-01-14,0.007208298560369804,0.00733846386808313,-0.7547059271217172,15305.633793801935,5348.317231346873
2021-01-15,0.00733846386808313,0.007203594198066666,-0.4459771513189603,15305.633793801935,5250.023393140168
2021-01-19,0.007203594198066666,0.006946853555400244,-0.09072512995513195,15305.633793801935,5062.9092466589145
2021-01-20,0.006946853555400244,0.006798496867492547,0.939696644883895,15305.633793801935,4954.785987542896
2021-01-21,0.006798496867492546,0.006667486976594766,0.9534020295964598,15305.633793801935,4859.30517990236
2021-01-22,0.006667486976594766,0.0065743169928127905,-0.4099239083223706,15305.633793801935,4791.402327389493
2021-01-25,0.0065743169928127905,0.006390235682934848,-0.10403763215481897,15305.633793801935,4657.24274586303
2021-01-26,0.006390235682934849,0.00638887078299391,-0.5226169842260077,15305.633793801935,4656.247998460248
2021-01-27,0.00638887078299391,0.012866598009561811,-4.046630432376829,15305.633793801935,9377.25511501739
2021-01-28,0.01286659800956181,0.012105108357205168,0.4568460457889018,15305.633793801935,11376.696762247786
2021-01-29,0.012105108357205168,0.01502778753561669,-1.863059846412682,15305.633793801935,14123.50693237998
2021-02-01,0.01502778753561669,0.014151619646190843,0.699838678377847,15305.633793801935,13300.06148301451
2021-02-02,0.014151619646190841,0.013532440732772244,1.196172014912984,15305.633793801935,12718.140980390619
2021-02-03,0.013532440732772244,0.012686173443780742,-0.08914992824316531,15305.633793801935,11922.79689568152
2021-02-04,0.012686173443780742,0.012070803099558797,0.9643556372277838,15305.633793801935,11344.455785787526
2021-02-05,0.012070803099558798,0.011370828804096947,-0.1601079480987452,15305.633793801935,10686.601674461246
2021-02-08,0.011370828804096947,0.01076030303110238,0.5997697513005686,15305.633793801935,10112.813619043976
2021-02-09,0.01076030303110238,0.010154827599457409,-0.09026158005091334,15305.633793801935,9543.772006234629
2021-02-10,0.010154827599457407,0.009599659356267741,0.15393402008569704,15305.633793801935,9022.010402090104
2021-02-11,0.009599659356267741,0.009093362038500969,-0.011212828944899354,15305.633793801935,8546.178969127875
2021-02-12,0.009093362038500967,0.008639085826499986,0.16192226101686083,15305.633793801935,8119.238329049953
2021-02-16,0.008639085826499988,0.008226554680925998,0.053133642292547474,15305.633793801935,7731.530791894002
2021-02-17,0.008226554680926,0.00786844292282165,0.33455530107365294,15305.633793801935,7394.968015359778
2021-02-18,0.00786844292282165,0.007691363006732003,-0.45102228280068724,15305.633793801935,7228.543688655004
2021-02-19,0.007691363006732003,0.0073793608720122425,0.1765127540684379,15305.633793801935,6935.315939580958
2021-02-22,0.0073793608720122425,0.0071026264991112574,0.2217342383727446,15305.633793801935,5836.4117380763255
2021-02-23,0.0071026264991112574,0.006857871853288903,0.2575948683992608,15305.633793801935,5635.290520734396
2021-02-24,0.006857871853288903,0.006762070046377701,1.1594168322021294,15305.633793801935,5556.5677003164255
2021-02-25,0.006762070046377703,0.009923657781754898,-2.5307784039088834,15305.633793801935,8154.526043194589
2021-02-26,0.009923657781754898,0.010289230266663965,-0.9747478792148806,15305.633793801935,8934.569552792927
2021-03-01,0.010289230266663965,0.010406031325163,2.1956913916466725,15305.633793801935,9035.992803507852
2021-03-02,0.010406031325163,0.010469990334711025,-0.7985595009575245,15305.633793801935,9091.531090097276
2021-03-03,0.010469990334711026,0.01006114311910962,-0.41410670382239645,15305.633793801935,8736.511930297598
2021-03-04,0.01006114311910962,0.011021717225933288,-1.2705260380004697,15305.633793801935,9570.618656029435
2021-03-05,0.011021717225933288,0.010739161524920441,1.509509664009998,15305.633793801935,9325.263707426857
2021-03-08,0.010739161524920443,0.010168831143159463,0.5222771285056091,13197.94652958806,8830.02195154704
2021-03-09,0.01016883114315946,0.009621511178976572,0.29395963128144864,13197.94652958806,8354.761104924968
2021-03-10,0.009621511178976572,0.009246436704761024,0.9877263046329416,13197.94652958806,8029.068230870691
2021-03-11,0.009246436704761026,0.008807040779888258,0.5012876800484692,9860.397640949166,7647.522347432867
2021-03-12,0.008807040779888258,0.008513359993234458,1.04454181359084,9860.397640949166,7392.507021050433
2021-03-15,0.008513359993234458,0.00813099828318628,0.3847811551782634,7804.647467631754,7060.486334933753
2021-03-16,0.00813099828318628,0.007771659232809616,-0.050091441589128885,7804.647467631754,6748.457188397235
2021-03-17,0.0077716592328096155,0.007486505141788486,0.5942864195948606,7482.477370760338,6500.845948930069
2021-03-18,0.007486505141788486,0.007302536634822719,-0.38625705353059003,7482.477370760338,6341.098389743406
2021-03-19,0.00730253663482272,0.009345525756527674,-1.9358526246782906,7482.477370760338,8115.111404362275
2021-03-22,0.009345525756527672,0.008863945798275513,0.06240551274320811,7482.477370760338,7696.935358076736
2021-03-23,0.008863945798275513,0.009448528737810075,-1.1056684571110809,7482.477370760338,8204.553206767481
2021-03-24,0.009448528737810075,0.008958016996077931,0.10461018667500563,7482.477370760338,7778.6213188238025
2021-03-25,0.008958016996077931,0.008571396911673605,0.6737372668013257,7482.477370760338,7442.902907913256
2021-03-26,0.008571396911673605,0.008478381061046304,1.617128908645409,7482.477370760338,7362.133349316208
2021-03-29,0.008478381061046304,0.008114818704952443,-0.19850746112944043,7482.477370760338,7046.4369295537
2021-03-30,0.008114818704952443,0.0078002173740634295,-0.2369080507574814,7482.477370760338,6773.2554184608925
2021-03-31,0.007800217374063429,0.007746239624365421,-0.5997473986550457,7078.041263943147,6726.384277813705
2021-04-01,0.007746239624365421,0.007498582759230159,0.8212512695520204,7078.041263943147,6511.333449964453
2021-04-05,0.007498582759230159,0.007406154160494941,1.3922455896332835,7078.041263943147,6431.073826779371
2021-04-06,0.007406154160494941,0.007531299643498313,-0.7595521989072125,7078.041263943147,6539.742890755331
2021-04-07,0.007531299643498313,0.007248068696304261,0.37642867171011957,7078.041263943147,6293.801597614348
2021-04-08,0.007248068696304261,0.007002968649304601,0.46866397941476845,7078.041263943147,6080.970962031606
2021-04-09,0.0070029686493046,0.006965773077341983,1.4475847284852856,7078.041263943147,6048.6724891484955
2021-04-12,0.006965773077341982,0.00678209228853182,-0.27714670145576914,7078.041263943147,5889.1747676859595
2021-04-13,0.00678209228853182,0.006570745614405113,-0.07548345423448316,7078.041263943147,5705.653599357714
2021-04-14,0.006570745614405114,0.00638044567743063,0.05850108933814944,7078.041263943147,5540.408194334632
2021-04-15,0.006380445677430629,0.0065322441152075765,1.9214788479484177,7078.041263943147,5672.221135164381
2021-04-16,0.006532244115207577,0.006394276270052409,0.7278447456082684,7078.041263943147,5552.41787713238
2021-04-19,0.006394276270052408,0.006415330838710255,-0.5574365534135762,7078.041263943147,5570.700440861861
2021-04-20,0.006415330838710254,0.007149195095508888,-1.2463678917427945,7078.041263943147,6207.945509224195
2021-04-21,0.007149195095508888,0.007023843100039448,1.147670444846803,7078.041263943147,6099.09712182522
2021-04-22,0.007023843100039448,0.008693992582653439,-1.7779474707827678,7078.041263943147,7549.357863323227
2021-04-23,0.008693992582653439,0.008537356916656538,1.4650620792494757,7078.041263943147,7413.344554647311
2021-04-26,0.008537356916656538,0.008229548823283677,-0.3350166727346393,7078.041263943147,7146.061896190093
2021-04-27,0.008229548823283675,0.00786152609946564,-0.06506135011111003,7078.041263943147,6826.492352332791
2021-04-28,0.007861526099465641,0.008530833959318997,-1.1715986168653676,7078.041263943147,7407.680397610125
2021-04-29,0.008530833959318996,0.008171651993203423,0.59489072369513,7078.041263943147,7095.787653916188
2021-04-30,0.008171651993203424,0.008227841175167188,-0.7304325241211781,7078.041263943147,7144.5790738143605
2021-05-03,0.008227841175167186,0.007943496432681775,0.8650698111999396,7078.041263943147,6897.670625576222
2021-05-04,0.007943496432681775,0.007605552769810295,0.18818452080632442,7078.041263943147,6604.219990047796
2021-05-05,0.007605552769810295,0.007336104709715419,0.5858918959141235,7078.041263943147,6370.24695500138
2021-05-06,0.007336104709715419,0.007265157725452572,1.4224394931119742,7078.041263943147,6308.640717311179
2021-05-07,0.0072651577254525725,0.007089385651131612,0.9595830648380433,7078.041263943147,6156.010463856032
2021-05-10,0.007089385651131612,0.007418740537554098,-0.9304833629505804,7078.041263943147,6442.0031050964335
2021-05-11,0.007418740537554097,0.010066392151070044,-2.1977810031219924,7078.041263943147,8741.069884577928
2021-05-12,0.010066392151070046,0.012735445759240583,-1.92994352713694,7078.041263943147,11058.720912332054
2021-05-13,0.012735445759240582,0.01221937430232284,1.2243821186186012,7078.041263943147,10610.594453253621
2021-05-14,0.012219374302322844,0.011636392450315256,0.9591476703758077,7078.041263943147,10104.366895915984
2021-05-17,0.011636392450315254,0.011000973728350856,-0.2215815801037871,7078.041263943147,9552.606208342373
2021-05-18,0.011000973728350856,0.011460736615516038,-1.0204232368897548,7078.041263943147,9951.837578105667
2021-05-19,0.01146073661551604,0.011190905864657479,-0.5993106668606889,7078.041263943147,9717.532236642084
2021-05-20,0.011190905864657479,0.010575445424917574,0.48433427812484436,7078.041263943147,9183.102161375475
2021-05-21,0.010575445424917573,0.009982588840766608,0.17336348811332047,7078.041263943147,8668.299960564642
2021-05-24,0.009982588840766608,0.00945832264064639,0.3575720656617718,7078.041263943147,8213.057662768226
2021-05-25,0.00945832264064639,0.009386147418604511,-0.6743499073558396,7078.041263943147,8150.384894775978
2021-05-26,0.009386147418604513,0.008927698669064869,-0.17140907636377523,7078.041263943147,7752.2946457489315
2021-05-27,0.008927698669064869,0.008490770873961972,0.18882390225425724,7078.041263943147,7372.891942755388
2021-05-28,0.008490770873961972,0.008093209617783767,0.06059798354099027,7078.041263943147,7027.672854178069
2021-06-01,0.008093209617783766,0.007739632243024696,-0.06958800039670246,7078.041263943147,6720.646811878882
2021-06-02,0.007739632243024696,0.007421419051265627,0.14479131424415298,7078.041263943147,6444.328970728122
2021-06-03,0.007421419051265626,0.0071440080780565685,-0.11091665550849987,7078.041263943147,6203.441404738416
2021-06-04,0.007144008078056569,0.006917645699520249,0.5434974360395205,7078.041263943147,6006.881471414646
2021-06-07,0.006917645699520251,0.007080633393159422,-0.7723927306624546,7078.041263943147,6148.410511714823
2021-06-08,0.007080633393159421,0.006854129279166033,-0.17956931076585475,7078.041263943147,5951.727503557809
2021-06-09,0.006854129279166034,0.007071762134123049,-0.8232270729436222,7078.041263943147,6140.707225965829
2021-06-10,0.00707176213412305,0.007224109262975273,-0.7696799136057627,6840.619738773794,4756.872214188205
2021-06-11,0.007224109262975272,0.006971277595199468,-0.1299646414836623,6840.619738773794,4590.389691356836
2021-06-14,0.0069712775951994675,0.006916051753981388,-0.5181643647893175,6840.619738773794,4554.025032402707
2021-06-15,0.006916051753981388,0.0069870728680269485,-0.673773503521598,6840.619738773794,4600.79043305293
2021-06-16,0.006987072868026949,0.007219250596274294,-0.8422695150602706,6840.619738773794,4753.672919190504
2021-06-17,0.007219250596274294,0.007800037436722541,-1.1227387469283345,6840.619738773794,5136.1046741826185
2021-06-18,0.007800037436722541,0.00995481863050285,-1.9352981090686654,6840.619738773794,6554.967320804237
2021-06-21,0.00995481863050285,0.00981727593812177,1.6968784398166572,6840.619738773794,6464.399336872231
2021-06-22,0.00981727593812177,0.009307944666360823,0.35480010074332935,6840.619738773794,6129.019058659364
2021-06-23,0.009307944666360823,0.008859914673612647,-0.18098565512412654,6840.619738773794,5834.003943847966
2021-06-24,0.008859914673612647,0.008552078232228602,1.0061643819948156,6840.619738773794,5631.302328848964
2021-06-25,0.008552078232228602,0.008156882852243166,0.27157957533896704,6667.193268485186,5371.077316491657
2021-06-28,0.008156882852243164,0.007817771079271226,-0.175503543189314,6667.193268485186,5147.781777673914
2021-06-29,0.007817771079271228,0.007504354447160288,0.37247769346125675,6667.193268485186,4941.405764454681
2021-06-30,0.0075043544471602875,0.00723774434928624,0.5216821726636053,6667.193268485186,4765.8505339851
2021-07-01,0.0072377443492862405,0.007005924045775751,0.5827827754780305,6667.193268485186,4613.203401956597
2021-07-02,0.007005924045775751,0.006856740173347879,0.9669388458821727,6667.193268485186,4514.970029270194
2021-07-06,0.006856740173347879,0.007268189614767359,-0.9946877034483194,6667.193268485186,4785.897882682187
2021-07-07,0.007268189614767359,0.007036818876496303,0.6126985465268721,6667.193268485186,4633.546776685139
2021-07-08,0.007036818876496304,0.008913491545211281,-1.8825599800413153,6667.193268485186,5869.282802812194
2021-07-09,0.008913491545211281,0.008858530996578365,1.7599700330464627,6667.193268485186,5833.092831543572
2021-07-12,0.008858530996578363,0.008443114958659589,0.3904891894891466,6667.193268485186,5559.553086203379
2021-07-13,0.008443114958659589,0.008116817908604725,-0.2827314796041945,6667.193268485186,5344.695681023671
2021-07-14,0.008116817908604725,0.007764533063367903,0.25725233314502244,6667.193268485186,5112.726045628586
2021-07-15,0.0077645330633679035,0.007456404750139889,0.36984492341594394,6667.193268485186,4909.832241251747
2021-07-16,0.00745640475013989,0.007967473686062033,-1.0719709997372626,6667.193268485186,5246.356722308879
2021-07-19,0.007967473686062033,0.012596476463945003,-2.8889637928374854,6667.193268485186,8294.424503670576
2021-07-20,0.012596476463945003,0.012022815299697938,1.061263001168295,6840.558600837914,9276.21079527527
2021-07-21,0.012022815299697938,0.011335113418926164,0.4761862162020908,6840.558600837914,8745.613971542436
2021-07-22,0.011335113418926165,0.010721375764790998,-0.21433782345494135,6840.558600837914,8272.084293938677
2021-07-23,0.010721375764790996,0.010190688231774018,0.7220471674333558,6840.558600837914,7862.631990133111
2021-07-26,0.010190688231774018,0.009630563411420405,-0.042261177367856805,6840.558600837914,7430.467328550365
2021-07-27,0.009630563411420405,0.009337293777219471,-0.4760031989517543,6840.558600837914,7204.194955658679
2021-07-28,0.009337293777219473,0.009375326606913321,-0.7564206194217208,6840.558600837914,7233.5392096113965
2021-07-29,0.009375326606913321,0.008918195731162612,0.4560026213657745,6840.558600837914,6880.83959152786
2021-07-30,0.00891819573116261,0.008883271885961833,-0.6829878507097852,6840.558600837914,6853.894076539192
2021-08-02,0.008883271885961835,0.008655192793432742,-0.48852030520877804,6840.558600837914,6677.919507558823
2021-08-03,0.008655192793432742,0.008375613371858479,1.0503745526714146,6840.558600837914,6462.209826931095
2021-08-04,0.008375613371858479,0.009678327519412768,-1.497084161732269,6840.558600837914,7467.319756466861
2021-08-05,0.009678327519412768,0.009242445660729038,0.7517887510798809,6840.558600837914,7131.014831023295
2021-08-06,0.009242445660729036,0.008822377395782524,0.6288911712282205,6840.558600837914,6806.910893890758
2021-08-09,0.008822377395782524,0.00850288559844388,-0.3572360295926432,6840.558600837914,6560.406794343534
2021-08-10,0.00850288559844388,0.008138921864560396,0.5404364534540782,6840.558600837914,6279.590343855146
2021-08-11,0.008138921864560396,0.007849049485033486,0.7930232350406626,6840.558600837914,6055.939124969065
2021-08-12,0.007849049485033486,0.007517009691687181,-0.0022748972117044275,6840.558600837914,5799.753611117136
2021-08-13,0.007517009691687181,0.007256037270227871,-0.21974497049184769,6840.558600837914,5598.400173268781
2021-08-16,0.007256037270227871,0.0070524887267730705,0.798253043311445,6840.558600837914,5441.3521650368475
2021-08-17,0.00705248872677307,0.007801129779244205,-1.2404652438702908,6840.558600837914,6018.966645473343
2021-08-18,0.007801129779244204,0.009171643473332394,-1.5640503049990582,6840.558600837914,7076.387358282003
2021-08-19,0.009171643473332396,0.008709577106236073,-0.05933122252729888,6840.558600837914,6719.879758710029
2021-08-20,0.008709577106236073,0.008367085841760817,0.791661063345155,6840.558600837914,6455.630405657697
2021-08-23,0.008367085841760817,0.008020071359283796,0.5695060671256567,6840.558600837914,6187.891160877726
2021-08-24,0.008020071359283797,0.007671921631695629,0.12393648651090441,6840.558600837914,5919.276017009831
2021-08-25,0.007671921631695628,0.00735897469495413,0.05891574561959753,6840.558600837914,5677.821608821197
2021-08-26,0.007358974694954129,0.007834582194469608,-1.0468127958008355,6840.558600837914,6044.776877728156
2021-08-27,0.00783458219446961,0.007600963750735207,0.9376817536696995,6840.558600837914,5864.528418800329
2021-08-30,0.007600963750735207,0.007304315209954875,-0.11010842111210291,6840.558600837914,5635.6490483871185
2021-08-31,0.007304315209954876,0.007181496283883968,-0.4601002949213352,6840.558600837914,5540.888027820522
2021-09-01,0.007181496283883967,0.007021998719629367,-0.37861503303024824,6840.558600837914,5417.8275806226175
2021-09-02,0.007021998719629368,0.006810656196794688,0.5614352297833021,6667.193268485186,4484.6250303775705
2021-09-03,0.006810656196794689,0.006638341085521249,-0.26318674822652594,6667.193268485186,4371.160389262247
2021-09-07,0.006638341085521249,0.006721886001663179,-0.6662160571904642,6269.504042794215,4426.172360394666
2021-09-08,0.00672188600166318,0.00667031898981761,-0.490710020534712,6269.504042794215,4392.2169373954475
2021-09-09,0.00667031898981761,0.006972719396901334,-0.89619481496854,6269.504042794215,4591.339077115594
2021-09-10,0.006972719396901336,0.008403526879589878,-1.6540590583315036,6269.504042794215,5533.485452605291
2021-09-13,0.008403526879589876,0.008185804161599463,1.2042897085137156,6269.504042794215,5390.121183059402
2021-09-14,0.008185804161599464,0.008883145788918429,-1.1822575358547125,6269.504042794215,5849.300978109207
2021-09-15,0.008883145788918429,0.008518577385668465,0.7581537520021344,6269.504042794215,5609.242966185328
2021-09-16,0.008518577385668464,0.008233350932812925,-0.3704173419627064,6269.504042794215,5421.429390981846
2021-09-17,0.008233350932812925,0.008555744129285628,-0.9412078742511812,6269.504042794215,5633.716218674803
2021-09-20,0.008555744129285628,0.013155331378270747,-2.770205142410049,6269.504042794215,8662.4147038387
2021-09-21,0.013155331378270747,0.012330470941765743,-0.011109971094285333,6840.558600837914,9289.216595518094
2021-09-22,0.012330470941765743,0.011653869937346692,0.6597501276018106,6840.558600837914,8779.496138896699
2021-09-23,0.011653869937346692,0.011129745517237109,1.0106942032178583,6840.558600837914,8384.64461340411
2021-09-24,0.011129745517237109,0.010485035926453584,0.13674627687183474,6840.558600837914,7898.949698888673
2021-09-27,0.010485035926453586,0.009902367508274572,0.20718724498905355,6840.558600837914,7459.993785088217
2021-09-28,0.00990236750827457,0.012092761154479246,-1.7727319911522104,6840.558600837914,9110.136841678408
2021-09-29,0.012092761154479246,0.01136211868762491,0.11897208534666724,6840.558600837914,8559.704002531578
2021-09-30,0.01136211868762491,0.01334448923600145,-1.6126354868197814,6840.558600837914,10053.131908360507
2021-10-01,0.013344489236001449,0.01264848013789629,0.8694565429031612,6840.558600837914,9528.79027572663
2021-10-04,0.012648480137896292,0.01342706185717269,-1.1399539959459875,6840.558600837914,10115.33836961749
2021-10-05,0.013427061857172686,0.012708445770922283,0.8186300598256715,6840.558600837914,9573.965659221434
2021-10-06,0.012708445770922285,0.011934392286868415,0.261721264405717,6840.558600837914,8990.828932015285
2021-10-07,0.011934392286868413,0.011374496663888786,0.9652313863087513,6840.558600837914,8569.029007478459
2021-10-08,0.011374496663888787,0.010712366887297224,-0.08088410242584386,6840.558600837914,8070.210516428982
2021-10-11,0.010712366887297224,0.011080775566631914,-0.9754485614395673,6840.558600837914,8347.752877476762
2021-10-12,0.011080775566631916,0.010862971066620791,-0.6236210503928599,6840.558600837914,8183.668862710646
2021-10-13,0.01086297106662079,0.010323929380708136,-0.27866060489651895,6840.558600837914,7777.579346900244
2021-10-14,0.010323929380708136,0.010183640953424795,1.7299291159416996,6840.558600837914,7671.892419528682
2021-10-15,0.010183640953424798,0.00991916865614797,1.4360307107842358,6840.558600837914,7472.651006567138
2021-10-18,0.009919168656147968,0.009387336869456026,-0.06928290038458855,6840.558600837914,7071.993101261261
2021-10-19,0.009387336869456024,0.009010785519040113,0.9061733382421167,6840.558600837914,6788.316421768
2021-10-20,0.009010785519040112,0.00861957453779532,0.6750271084683435,6840.558600837914,6493.595842441316
2021-10-21,0.008619574537795322,0.008217036493183765,0.2615298450853418,6840.558600837914,6190.341968198164
2021-10-22,0.008217036493183765,0.007886690986044099,0.5851799157706177,6840.558600837914,5941.474671752697
2021-10-25,0.007886690986044099,0.007551465267756011,0.08279159331830022,6840.558600837914,5688.930845951325
2021-10-26,0.007551465267756011,0.007254336390798157,-0.06672381323168824,6840.558600837914,5465.087449549038
2021-10-27,0.007254336390798156,0.00815691620831979,-1.332265587666314,6269.504042794215,6145.050077034944
2021-10-28,0.00815691620831979,0.007889252542858506,0.9151278127053453,6269.504042794215,5943.404432277103
2021-10-29,0.007889252542858506,0.00755363339063835,0.07570886416720703,6269.504042794215,5690.564211226249
2021-11-01,0.00755363339063835,0.007345512996473983,-0.35323694258630733,6269.504042794215,5533.775761825747
2021-11-02,0.007345512996473984,0.0070921965027009445,0.4902728033909377,6269.504042794215,5342.938624380776
2021-11-03,0.007092196502700944,0.006844352600014118,0.15421725180643756,6269.504042794215,5156.224288423163
2021-11-04,0.006844352600014117,0.007236700809829409,-0.9787646761378592,6269.504042794215,5451.801604086995
2021-11-05,0.00723670080982941,0.00699435768192137,0.48460602259572155,6269.504042794215,5269.231301930252
2021-11-08,0.00699435768192137,0.006816035307094251,0.7894433163820062,6269.504042794215,5134.891326480859
2021-11-09,0.00681603530709425,0.007296119807487389,-1.049517014078257,6269.504042794215,5496.565177330899
2021-11-10,0.007296119807487389,0.007661529899427474,-0.9630747193420971,6269.504042794215,5771.848538870823
2021-11-11,0.007661529899427475,0.007439104780486326,-0.34523470314124705,6269.504042794215,5604.283559732054
2021-11-12,0.007439104780486327,0.0071929771228697184,0.6350969941389779,6269.504042794215,5418.86216483594
2021-11-15,0.0071929771228697184,0.007255122928509191,-0.6836791468207071,6269.504042794215,5465.679991325653
2021-11-16,0.0072551229285091915,0.0070427024597748715,0.7407519222706246,6269.504042794215,5305.652061110037
2021-11-17,0.0070427024597748715,0.00779076693790233,-1.2403342799708692,6269.504042794215,5869.209852013363
2021-11-18,0.007790766937902328,0.007477393779965373,0.3373411977541583,6269.504042794215,5633.128752350107
2021-11-19,0.007477393779965373,0.007493804176473392,-0.6536454428577743,6269.504042794215,5645.491599503412
2021-11-22,0.007493804176473392,0.007206094613725828,0.2486499972681643,6269.504042794215,5428.744286478139
2021-11-23,0.0072060946137258285,0.00718323300311001,1.5515029045845865,6269.504042794215,5411.52138771493
2021-11-24,0.00718323300311001,0.006923673881510468,0.08717436663209364,6269.504042794215,5215.981338087653
2021-11-26,0.006923673881510467,0.013924242444232435,-4.048052382509989,6269.504042794215,10489.89163543326
2021-11-29,0.013924242444232435,0.013060881304830437,0.36570250231803314,6840.558600837914,11112.260015836335
2021-11-30,0.013060881304830437,0.013620937099661874,-1.0488133776761455,6840.558600837914,11588.758153312028
2021-12-01,0.013620937099661874,0.012945617743138538,-0.3717541309727972,6840.558600837914,11014.193228612867
2021-12-02,0.012945617743138538,0.012420266033617084,1.233704526261675,6840.558600837914,10567.221492195093
2021-12-03,0.012420266033617088,0.011994446519418762,-0.5208811270537544,6840.558600837914,10204.932221574521
2021-12-06,0.01199444651941876,0.011717709669093567,1.6241473062065048,6840.558600837914,9969.483191374711
2021-12-07,0.011717709669093565,0.011351762614848226,1.4167875921998665,6840.558600837914,9658.133694821241
2021-12-08,0.011351762614848224,0.01068664369944075,0.12319684168230516,6840.558600837914,9092.247354002458
2021-12-09,0.01068664369944075,0.010079064947649324,0.006447552085438483,6840.558600837914,8575.316458419893
2021-12-10,0.010079064947649324,0.009567603637605419,0.5271999576465913,6840.558600837914,8140.162740029834
2021-12-13,0.009567603637605419,0.010412063774912756,-1.2291822907250483,6840.558600837914,8858.633446543143
2021-12-14,0.010412063774912756,0.009831175206663205,-0.0382816824707331,6840.558600837914,8364.410686228448
2021-12-15,0.009831175206663207,0.009557750969162797,1.3542607075052582,6840.558600837914,8131.780042796093
2021-12-16,0.009557750969162795,0.009055336143299227,0.00957682158236698,6840.558600837914,7704.323116230017
2021-12-17,0.009055336143299229,0.011603190731339696,-1.9740677340545012,6840.558600837914,9872.049933743947
2021-12-20,0.011603190731339696,0.01300462474001879,-1.399112080222605,6840.558600837914,11064.396662575971
2021-12-21,0.01300462474001879,0.012420325907831575,1.105639091196913,6840.558600837914,10567.272433461929
2021-12-22,0.012420325907831577,0.011751580587911621,0.7211043625539956,6840.558600837914,9998.30073041339
2021-12-23,0.011751580587911621,0.011067630427989817,0.3363541201940651,6840.558600837914,9416.392677079115
2021-12-27,0.011067630427989816,0.010546000537166212,0.8720976048533943,6840.558600837914,8972.587481734414
2021-12-28,0.010546000537166214,0.009952406998776614,0.08647061555345857,6840.558600837914,8467.555272317886
2021-12-29,0.009952406998776616,0.009419284955410109,0.2151417208931235,6840.558600837914,8013.972498858978
2021-12-30,0.009419284955410107,0.00915672644455346,-0.4933672583663756,6840.558600837914,7790.586467402523
2021-12-31,0.00915672644455346,0.008815075253848092,-0.36664971374740646,6840.558600837914,7499.9080072564975
2022-01-03,0.008815075253848092,0.00848152811421684,0.8802342634162136,6840.558600837914,7216.1245123594
2022-01-04,0.008481528114216841,0.008259005007707232,1.2091920717062266,6840.558600837914,7026.80079358769
2022-01-05,0.00825900500770723,0.009947593151521493,-1.6857038842304521,6840.558600837914,8463.45962814756
2022-01-06,0.009947593151521493,0.009592269682174623,-0.431384936924394,6840.558600837914,8161.148728219913
2022-01-07,0.009592269682174623,0.009107837854834282,-0.14890714955882223,6840.558600837914,7748.9918224403855
2022-01-10,0.009107837854834284,0.00882274892110933,-0.4394153746501947,6840.558600837914,7506.436799907752
2022-01-11,0.008822748921109328,0.008409476644782051,0.3769126895887056,6840.558600837914,7154.822779023355
2022-01-12,0.008409476644782051,0.008020376664223101,0.07634217066578294,6840.558600837914,6823.774662497803
2022-01-13,0.0080203766642231,0.008256018624290703,-0.873984256891273,6840.558600837914,7024.25996435443
2022-01-14,0.008256018624290703,0.00868572574041204,-1.0146314623687283,6840.558600837914,7389.856825205579
2022-01-18,0.00868572574041204,0.011566896742627343,-2.1376258792519214,6840.558600837914,9841.17083529947
2022-01-19,0.011566896742627343,0.012703725997092834,-1.3013767564733416,6840.558600837914,10808.390579081828
2022-01-20,0.012703725997092834,0.01218992870767779,-0.4630393917478986,6840.558600837914,10371.24939831784
2022-01-21,0.012189928707677789,0.013144501080102186,-1.2161541384129064,6840.558600837914,11183.40411887185
2022-01-24,0.013144501080102186,0.012339024398389053,0.3130366410078213,6840.558600837914,10498.100722034525
2022-01-25,0.012339024398389053,0.011960308049809774,-0.5534118132073026,6443.74074529154,9093.420063638458
2022-01-26,0.011960308049809774,0.011249989263548227,0.25454046689317394,6443.74074529154,8553.36481793157
2022-01-27,0.011249989263548225,0.01071142569354483,-0.32612763416400437,6443.74074529154,8143.895032319189
2022-01-28,0.010711425693544831,0.01077386087185092,2.1236468911436193,6443.74074529154,8191.364487179465
2022-01-31,0.01077386087185092,0.010197277562072301,0.5018017637783244,6443.74074529154,7752.988300239754
2022-02-01,0.010197277562072303,0.009739822218551578,0.8497445305808209,6443.74074529154,7405.185084664873
2022-02-02,0.009739822218551577,0.009315153564988472,0.8274597994002584,6443.74074529154,7082.309583580226
2022-02-03,0.009315153564988472,0.011031518228170237,-1.6274266728340612,6443.74074529154,8387.26132894479
2022-02-04,0.011031518228170237,0.01039469692606153,-0.0428428356403328,6443.74074529154,7903.086207248005
2022-02-07,0.010394696926061531,0.009872078178463358,-0.2363694012714776,6443.74074529154,7505.739267248546
2022-02-08,0.009872078178463356,0.009765033359739765,1.7529368872711975,6443.74074529154,7424.353110785365
2022-02-09,0.009765033359739765,0.009299792067124222,0.638454056611458,6443.74074529154,7070.6302395111115
2022-02-10,0.009299792067124222,0.011913477171993104,-1.976105636377435,6443.74074529154,9057.814555639632
2022-02-11,0.011913477171993102,0.012682051319894439,-1.1476613396374207,6443.74074529154,9642.161342345596
2022-02-14,0.012682051319894439,0.012080495863386255,-0.37892367508078595,6443.74074529154,9184.79883672939
2022-02-15,0.012080495863386255,0.011472864836093945,0.8469284081265313,6443.74074529154,8722.81707573645
2022-02-16,0.011472864836093949,0.010833075063064343,-0.18282038112426144,6443.74074529154,8236.38502613129
2022-02-17,0.010833075063064341,0.013883797940707102,-1.992962577540907,6443.74074529154,10555.849082460401
2022-02-18,0.0138837979407071,0.01330940506651906,-0.4740246982741416,6878.562055234047,10119.138283307066
2022-02-22,0.01330940506651906,0.013791194241928796,-1.0154070338693812,6878.562055234047,10485.442506899735
2022-02-23,0.013791194241928796,0.014969546073655225,-1.260576996948528,6878.562055234047,11381.343193071163
2022-02-24,0.014969546073655225,0.013994216132714052,-0.03973709960515755,6878.562055234047,10639.800014025468
2022-02-25,0.01399421613271405,0.013604154429461182,1.5951439887242163,6878.562055234047,10343.236171050448
2022-02-28,0.013604154429461184,0.013420026301561047,-0.7111751663606796,6878.562055234047,10203.243588455229
2022-03-01,0.013420026301561045,0.014726696822851092,-1.3116584366350887,6878.562055234047,11196.70495127128
2022-03-02,0.01472669682285109,0.014228686044954093,1.4789446185520754,6878.562055234047,10818.067446218993
2022-03-03,0.014228686044954095,0.013353412890587127,-0.16794844557495767,6878.562055234047,10152.597424047508
2022-03-04,0.013353412890587127,0.013089460194982002,-0.6612129868435392,6878.562055234047,9951.91423695307
2022-03-07,0.013089460194982002,0.015355547302229678,-1.618991318007929,6878.562055234047,11674.819857876955
2022-03-08,0.015355547302229678,0.014415565370246207,-0.21163449443958643,6878.562055234047,10960.151763697551
2022-03-09,0.014415565370246207,0.014046012860266667,1.6568590807904566,6878.562055234047,10679.181056687261
2022-03-10,0.014046012860266665,0.01346612140204735,-0.4773822159042457,6878.562055234047,10238.28968508183
2022-03-11,0.013466121402047351,0.012969218697865763,-0.5134194789741968,6878.562055234047,9860.494648276495
2022-03-14,0.012969218697865761,0.0121627242379733,0.11736665599275119,6878.562055234047,9247.3170551696
2022-03-15,0.0121627242379733,0.01188541185622265,1.6381394388742208,6878.562055234047,9036.476501096511
2022-03-16,0.01188541185622265,0.011424735982287163,1.2244711252102813,6878.562055234047,8686.224716825303
2022-03-17,0.011424735982287165,0.01092747782207145,1.0406589099968688,6878.562055234047,8308.159426861019
2022-03-18,0.01092747782207145,0.010351700777538803,0.5850625980232682,6878.562055234047,7870.396243243111
2022-03-21,0.0103517007775388,0.009923076940287089,-0.3788969575303909,6878.562055234047,7544.513616709887
2022-03-22,0.00992307694028709,0.009434205723224042,0.5822243087100478,6878.562055234047,7172.824918119289
2022-03-23,0.00943420572322404,0.010654618291741464,-1.4089026563774967,6878.562055234047,8100.704374923863
2022-03-24,0.010654618291741462,0.01016332528047945,0.8627117129972834,6878.562055234047,7727.174386638452
2022-03-25,0.01016332528047945,0.009614951710686938,0.27516498025800074,6878.562055234047,7310.246059947103
2022-03-28,0.009614951710686938,0.009113737614063139,0.21997005037001494,6878.562055234047,6929.173072241759
2022-03-29,0.009113737614063139,0.008713622911614094,0.6775666455457806,6878.562055234047,6624.9659357821965
2022-03-30,0.008713622911614096,0.008453734563132849,-0.43176287142270037,6878.562055234047,6427.372871076577
2022-03-31,0.008453734563132849,0.010842076525877984,-1.9691354777553638,6878.562055234047,8243.22883669292
2022-04-01,0.010842076525877984,0.010229407314367805,0.24100156550005278,6878.562055234047,7777.416545143389
2022-04-04,0.010229407314367807,0.009683973282709313,0.37027183181182677,6878.562055234047,7362.723148767747
2022-04-05,0.009683973282709311,0.0098866888739789,-0.8762264851138729,6878.562055234047,7516.847776426691
2022-04-06,0.0098866888739789,0.010263062999387519,-0.9808668563630203,6878.562055234047,7803.004956423365
2022-04-07,0.010263062999387517,0.009694669528392128,0.04281162956891023,6878.562055234047,7370.855502440632
2022-04-08,0.00969466952839213,0.009266035008023156,0.7925310592037432,6878.562055234047,7044.964753535277
2022-04-11,0.009266035008023157,0.010298167166955126,-1.3284640849121072,6878.562055234047,7829.694648724533
2022-04-12,0.010298167166955126,0.009970995767263005,-0.4893786711058439,6878.562055234047,7580.946292259223
2022-04-13,0.009970995767263006,0.009458036989053394,0.4468564733584889,6878.562055234047,7190.943825252118
2022-04-14,0.009458036989053393,0.009242022433623482,-0.5449046544196211,6878.562055234047,7026.707997528973
2022-04-18,0.009242022433623482,0.008781332330113316,0.29418100032441796,6878.562055234047,6676.445394514693
2022-04-19,0.008781332330113318,0.008432058463125712,0.789968997293848,6878.562055234047,6410.892536131569
2022-04-20,0.008432058463125712,0.00818492221150923,1.104320966414597,6878.562055234047,6222.994888383485
2022-04-21,0.008184922211509228,0.00931015488139841,-1.417735769717089,6878.562055234047,7078.509085343862
2022-04-22,0.009310154881398412,0.017259489779959204,-3.6559502741112517,6878.562055234047,13122.386981975782
2022-04-25,0.017259489779959204,0.01614088038690785,0.4307235629902809,7022.876729018477,13732.737903184057
2022-04-26,0.016140880386907853,0.01891784329485755,-1.626889317707534,7022.876729018477,16095.391170391797
2022-04-27,0.018917843294857548,0.017709226375578813,0.5709769644003864,7634.736920674526,15067.094139501749
2022-04-28,0.017709226375578813,0.01663928356797281,0.7156911915695648,7634.736920674526,14156.78170325025
2022-04-29,0.016639283567972805,0.020581004216435383,-1.8639239775274572,7634.736920674526,17510.416403177245
2022-05-02,0.020581004216435383,0.019158953206184652,0.16325641532142954,8541.396965929724,16300.5286312208
2022-05-03,0.019158953206184652,0.01784568615745598,0.1216457642356593,8541.396965929724,15183.194771804607
2022-05-04,0.01784568615745598,0.017273692023777525,1.5854881629610527,8541.396965929724,14696.539438782229
2022-05-05,0.017273692023777525,0.022018520245693115,-1.9948398788083563,8541.396965929724,18733.461886956098
2022-05-06,0.02201852024569311,0.02052354906057862,-0.14626262716559119,9297.400354620147,17461.53328294748
2022-05-09,0.020523549060578617,0.0208885471185354,-0.9463291982942579,9297.400354620147,17772.0753689391
2022-05-10,0.0208885471185354,0.019479953385665834,-0.14651502460785404,9297.400354620147,16573.637112668053
2022-05-11,0.019479953385665837,0.01886084459590404,-0.6097622891606129,9297.400354620147,16046.896405869162
2022-05-12,0.01886084459590404,0.017696486355121954,-0.25985361674542307,9297.400354620147,15056.25486942345
2022-05-13,0.017696486355121954,0.01664567983172807,0.7638949241337296,9297.400354620147,14162.223674915058
2022-05-16,0.01664567983172807,0.01553033625153503,0.004814687330264904,9297.400354620147,13213.284045127974
2022-05-17,0.015530336251535028,0.014889649422083259,1.3125809956548053,9297.400354620147,12668.184639396693
2022-05-18,0.01488964942208326,0.019272006809166197,-2.054892391039759,9297.400354620147,16396.715175048703
2022-05-19,0.019272006809166194,0.018157835325474717,-0.3296759847798185,9433.033120806747,15448.772770547184
2022-05-20,0.018157835325474717,0.01700229226363416,-0.21068151501635113,9433.033120806747,14465.631230326699
2022-05-23,0.01700229226363416,0.016431341113457495,1.5366203754035308,9433.033120806747,13979.863272634793
2022-05-24,0.016431341113457495,0.015333455523091915,0.0077566888512698275,9433.033120806747,13045.776983735568
2022-05-25,0.015333455523091916,0.014360434470124781,0.39583464769527565,9433.033120806747,12217.926037915031
2022-05-26,0.014360434470124781,0.013683725379097591,1.1014920445941438,9433.033120806747,11642.178720481461
2022-05-27,0.013683725379097591,0.013145514190198737,1.3022711374066502,9433.033120806747,11184.266077766872
2022-05-31,0.01314551419019874,0.012485624501652767,-0.3525097879689616,9433.033120806747,10622.828788065748
2022-06-01,0.012485624501652765,0.012382339663560265,-0.7354587487148034,9433.033120806747,10534.953555928621
2022-06-02,0.012382339663560265,0.011725926224940099,0.7566663155782172,9433.033120806747,9976.47387621981
2022-06-03,0.011725926224940099,0.012396573729132962,-1.1094491742402286,9433.033120806747,10547.063966706779
2022-06-06,0.012396573729132963,0.011637747066547263,0.06643519071665045,9433.033120806747,9901.450628311079
2022-06-07,0.011637747066547265,0.011009074801525711,0.6202378138207366,9433.033120806747,9366.573271215691
2022-06-08,0.01100907480152571,0.011087458152971519,-0.8168265777163667,9433.033120806747,9433.262199921932
2022-06-09,0.011087458152971517,0.014091346730194812,-1.9585034411750186,9433.033120806747,11988.984907267923
2022-06-10,0.014091346730194812,0.019487573475815718,-2.337183271806975,9433.033120806747,16580.12032165781
2022-06-13,0.019487573475815714,0.021926955163944342,-1.4501705639054587,9779.680057187035,18655.557879330874
2022-06-14,0.02192695516394434,0.020522389005915197,-0.24257920350286877,9779.680057187035,17460.546302915147
2022-06-15,0.020522389005915197,0.019156439841166068,0.4462675100945999,9779.680057187035,16298.390248293237
2022-06-16,0.019156439841166068,0.021723574711150318,-1.485375037262471,9779.680057187035,18482.520821506154
2022-06-17,0.021723574711150318,0.020210624270269095,-0.05591555770728454,9779.680057187035,17195.295381066044
2022-06-21,0.020210624270269095,0.019129202941521924,1.0458105701108877,9779.680057187035,16275.21696436185
2022-06-22,0.01912920294152192,0.017886746447657944,-0.19314026753639996,9779.680057187035,15218.12906225568
2022-06-23,0.017886746447657947,0.01668216107413086,0.2063419806176674,9779.680057187035,14193.262089691145
2022-06-24,0.01668216107413086,0.016263631087874736,1.7177816127155014,9779.680057187035,13837.17478415975
2022-06-27,0.016263631087874736,0.015185769259328286,-0.06200681306446269,9779.680057187035,12920.124807178243
2022-06-28,0.015185769259328288,0.015663800702993287,-1.00256895872827,9779.680057187035,13326.836236045338
2022-06-29,0.015663800702993287,0.014645070874028762,0.2681209280135571,9779.680057187035,12460.096045920836
2022-06-30,0.01464507087402876,0.014525159525379137,-0.7589073433004068,9779.680057187035,12358.07489941892
2022-07-01,0.014525159525379137,0.013671927726519161,0.6456046141125182,9779.680057187035,11632.1412214821
2022-07-05,0.013671927726519161,0.012873513355021494,-0.2260010201653696,9779.680057187035,10952.846471809937
2022-07-06,0.012873513355021494,0.012077081761374096,0.15414520035354823,9779.680057187035,10275.238678975646
2022-07-07,0.012077081761374096,0.011561578193879473,1.1189807611176825,9779.680057187035,9836.645788695501
2022-07-08,0.011561578193879474,0.010886468652622858,-0.09790610499611288,9779.680057187035,9262.2593758245
2022-07-11,0.010886468652622858,0.01089188659071055,-0.770400284130445,9779.680057187035,9266.868983352124
2022-07-12,0.010891886590710548,0.010837402917650375,-0.7320223496134838,9779.680057187035,9220.514014837205
2022-07-13,0.010837402917650375,0.010636992923490988,-0.6274712287363081,9779.680057187035,9050.004237365474
2022-07-14,0.010636992923490986,0.01091542805302218,-0.9273080876871086,9779.680057187035,9286.8981716017
2022-07-15,0.01091542805302218,0.01091055452453156,2.0223539224037803,9779.680057187035,9282.751750351985
2022-07-18,0.010910554524531562,0.010909112593091866,-0.7665533526303618,9779.680057187035,8393.054714043568
2022-07-19,0.010909112593091866,0.011259619081997609,2.555154248291462,9779.680057187035,8662.72102410403
2022-07-20,0.011259619081997607,0.010600880652420206,0.061906731671405875,9779.680057187035,8155.912827332152
2022-07-21,0.010600880652420208,0.010055898707013337,0.6003413238579963,9779.680057187035,7736.624526204685
2022-07-22,0.010055898707013337,0.0099840828624676,-0.6964145002545763,9779.680057187035,7681.372157374126
2022-07-25,0.0099840828624676,0.009472997347614486,0.47023224284641224,9779.680057187035,7288.162475732956
2022-07-26,0.009472997347614486,0.009944331136770897,-1.0357871218169632,9779.680057187035,7650.788697362781
2022-07-27,0.009944331136770896,0.009675606222162635,1.3865599298390834,9779.680057187035,7444.042008107592
2022-07-28,0.009675606222162637,0.009188230446701454,0.4356049437450248,9779.680057187035,7069.073694705507
2022-07-29,0.009188230446701452,0.008996295107636916,1.458640719054523,9779.680057187035,6921.405973011325
2022-08-01,0.008996295107636916,0.009178570738919421,-0.8529674829111366,9779.680057187035,7061.641884350225
2022-08-02,0.009178570738919421,0.011280720839285366,-1.7919422761839028,9779.680057187035,8678.955910486153
2022-08-03,0.011280720839285368,0.010890505026016904,1.299664743596496,9779.680057187035,8378.738762381809
2022-08-04,0.010890505026016906,0.01026776155265311,-0.05545499748900214,9779.680057187035,7899.623710616219
2022-08-05,0.01026776155265311,0.009749520306406327,0.5881352306423089,9779.680057187035,7500.908682449974
2022-08-08,0.009749520306406327,0.009281702956729166,-0.2327781148373608,9779.680057187035,7140.987875096161
2022-08-09,0.009281702956729166,0.008805899921548097,-0.01248922386030365,9779.680057187035,6774.9231862128945
2022-08-10,0.008805899921548097,0.008929930311011705,2.1341268710795918,9779.680057187035,6870.347432327229
2022-08-11,0.008929930311011705,0.00849114359760525,0.15089718711224787,9779.680057187035,6532.761688116668
2022-08-12,0.008491143597605248,0.008329511154518313,1.4090441262687605,9779.680057187035,6408.407857608744
2022-08-15,0.008329511154518314,0.007983185488624922,0.5471187531486061,9779.680057187035,6141.958113148184
2022-08-16,0.007983185488624922,0.007711198106992488,0.811018539071686,9779.680057187035,5932.701406327133
2022-08-17,0.007711198106992486,0.007599451415287981,-0.5228083902015438,9779.680057187035,5846.727768271256
2022-08-18,0.007599451415287981,0.007318788516708996,-0.18230311189123286,9779.680057187035,5630.79644994687
2022-08-19,0.0073187885167089965,0.008522700484980402,-1.5049023538237545,9779.680057187035,6557.040352406216
2022-08-22,0.008522700484980404,0.012219196365995545,-2.458813261796964,9779.680057187035,9400.983149297239
2022-08-23,0.012219196365995545,0.011765165413704641,-0.48778336412993084,9779.680057187035,9427.690873890248
2022-08-24,0.01176516541370464,0.011071511563598169,-0.09474801276964159,9779.680057187035,8871.85048896289
2022-08-25,0.011071511563598169,0.010608034229104484,1.0642277704335066,9779.680057187035,8500.455707588098
2022-08-26,0.010608034229104484,0.016876880176397244,-2.94049268275997,9779.680057187035,13523.822540856108
2022-08-29,0.016876880176397244,0.016007426091737942,-0.394262404643763,9838.523297718279,14042.02156838321
2022-08-30,0.016007426091737942,0.015575873507703562,-0.6296238681138077,9838.523297718279,13663.45535429149
2022-08-31,0.015575873507703562,0.014898468796744769,-0.4733869157886052,9838.523297718279,13069.222933208042
2022-09-01,0.014898468796744769,0.013955338165718185,0.36457270244525636,9838.523297718279,12241.890632138502
2022-09-02,0.013955338165718185,0.013891851919996956,-0.777708642256416,9838.523297718279,12186.199278225376
2022-09-06,0.013891851919996956,0.013186635549344898,-0.3611047774133725,9838.523297718279,11567.569935174135
2022-09-07,0.013186635549344898,0.012517125334890723,0.9134494619274868,9838.523297718279,10980.262718027541
2022-09-08,0.012517125334890723,0.011797959715976481,0.5311386704787924,9838.523297718279,10349.396826524491
2022-09-09,0.01179795971597648,0.011240356384886952,0.9407032701308464,9838.523297718279,9860.256476483906
2022-09-12,0.011240356384886952,0.010615670901032914,0.451469510056785,9838.523297718279,9312.270373817357
2022-09-13,0.010615670901032914,0.021487771147494245,-4.11069786273533,9838.523297718279,18849.485493819157
2022-09-14,0.021487771147494242,0.01998785406911351,-0.025860952124070538,10365.898620839836,20932.635554111104
2022-09-15,0.01998785406911351,0.018707200203714035,-0.22460686457014667,10365.898620839836,19591.448023790108
2022-09-16,0.018707200203714035,0.017605798949632278,-0.3080958346272658,10365.898620839836,18437.98597774882
2022-09-19,0.017605798949632278,0.01646257597622035,0.44143695706672786,10365.898620839836,17240.725392556822
2022-09-20,0.016462575976220348,0.016277959119803623,-0.7505460773243603,10365.898620839836,17047.382107221918
2022-09-21,0.016277959119803623,0.017728066023858177,-1.2882934993873805,10365.898620839836,18566.032345117146
2022-09-22,0.017728066023858173,0.01662452458120422,-0.23497996883825004,10365.898620839836,17410.328948541475
2022-09-23,0.01662452458120422,0.01683205254826691,-0.9025410736923267,10365.898620839836,17627.66630185554
2022-09-26,0.01683205254826691,0.016856653543512345,-0.8362778134985075,10365.898620839836,17653.430131527326
2022-09-27,0.016856653543512345,0.01578998057848048,-0.19610479207906562,10365.898620839836,16536.33790365589
2022-09-28,0.01578998057848048,0.01504858664908685,1.1573970031507128,10365.898620839836,15759.899929255791
2022-09-29,0.01504858664908685,0.015247023778119938,-0.8980749797035796,10365.898620839836,15967.71674080999
2022-09-30,0.015247023778119938,0.015603352742597035,-0.9581427226624684,10365.898620839836,16340.888584319635
2022-10-03,0.015603352742597037,0.015237180749381605,1.73126399940044,10365.898620839836,15957.408453956596
2022-10-04,0.015237180749381603,0.015051064530674693,1.9455094697143542,10365.898620839836,15762.494934804923
2022-10-05,0.015051064530674695,0.014116658153867355,-0.18118672159260799,10365.898620839836,14783.921243126328
2022-10-06,0.014116658153867354,0.013931406676074948,-0.7194168782407466,10365.898620839836,14589.9133392723
2022-10-07,0.013931406676074948,0.01607596247872411,-1.5489471937313033,10365.898620839836,16835.83753338966
2022-10-10,0.01607596247872411,0.01511544365813968,-0.2579601331739586,10365.898620839836,15829.917120691234
2022-10-11,0.015115443658139681,0.014155943017286393,-0.14062703289183137,10365.898620839836,14825.063014819292
2022-10-12,0.014155943017286392,0.013247612250047478,-0.03212751033973251,10365.898620839836,13873.797468880592
2022-10-13,0.013247612250047478,0.013371591973657535,2.276798282983431,10365.898620839836,14003.637438767058
2022-10-14,0.013371591973657533,0.013938232983757869,-1.0486764105866568,10365.898620839836,14597.062311363685
2022-10-17,0.013938232983757869,0.013461217135888588,1.443998469374036,10365.898620839836,14097.498983431813
2022-10-18,0.013461217135888586,0.012723416472863961,0.7642390028858839,10365.898620839836,13324.824121124244
2022-10-19,0.012723416472863963,0.012130108101889293,-0.3904194404668486,10365.898620839836,12703.47138071138
2022-10-20,0.01213010810188929,0.011914916271855454,-0.6595398799042254,10365.898620839836,12478.10791063876
2022-10-21,0.011914916271855456,0.012373151677502811,2.682790588285239,10365.898620839836,12958.003086541043
2022-10-24,0.012373151677502811,0.011859273778881527,1.1737833179722506,10365.898620839836,12419.835320558905
2022-10-25,0.011859273778881529,0.01120433014833787,0.5812807020627627,10365.898620839836,11733.933958699263
2022-10-26,0.011204330148337872,0.01055116274197746,0.08755198832880605,10365.898620839836,11049.892779196452
2022-10-27,0.010551162741977458,0.00999113529234085,0.48203330049131315,10365.898620839836,10463.394075383301
2022-10-28,0.00999113529234085,0.01050564639999205,2.792193078558369,10365.898620839836,11002.224980780356
2022-10-31,0.01050564639999205,0.01022314751954681,-0.5446011878567093,10365.898620839836,10706.373005457881
2022-11-01,0.010223147519546812,0.009706293490396617,-0.21671465488888347,10365.898620839836,10165.08843386431
2022-11-02,0.009706293490396615,0.012047386061580281,-1.8422433837787415,10365.898620839836,12616.839253215674
2022-11-03,0.012047386061580281,0.01252788418172585,-1.0232759421002293,10365.898620839836,13120.049452703026
2022-11-04,0.012527884181725851,0.012001893811784726,1.1694318370790686,10365.898620839836,12569.196685773757
2022-11-07,0.012001893811784728,0.011481842456254962,1.0930472567012302,10365.898620839836,12024.563657281327
2022-11-08,0.01148184245625496,0.010919073391300932,0.8410117277520275,10365.898620839836,11435.193748081612
2022-11-09,0.01091907339130093,0.013287953078899739,-1.7672803210743258,10365.898620839836,13916.045119148363
2022-11-10,0.013287953078899739,0.014350306715182132,3.2597958782015426,10365.898620839836,15028.613853190072
2022-11-11,0.014350306715182132,0.013424473303730266,0.03673726682804746,10365.898620839836,14059.018351905685
2022-11-14,0.013424473303730266,0.013110045715196897,-0.6329864971403478,10365.898620839836,13729.728469351578
2022-11-15,0.013110045715196899,0.012322448480208893,-0.15910269573092833,10365.898620839836,12904.903261681815
2022-11-16,0.012322448480208893,0.011572723889640394,0.13910648647452967,10365.898620839836,12119.740854248768
2022-11-17,0.011572723889640394,0.01088568533747453,0.03759073761670685,10365.898620839836,11400.227515078685
2022-11-18,0.010885685337474528,0.010286659683549101,0.412784482171606,10365.898620839836,10772.887248443436
2022-11-21,0.010286659683549105,0.009946156145421856,-0.4748722623863708,10365.898620839836,10416.288864051736
2022-11-22,0.009946156145421855,0.009632724144533677,1.2655652931507926,10365.898620839836,10088.041628360412
2022-11-23,0.009632724144533679,0.009130424621965508,0.2295066985853555,10365.898620839836,9561.999522561217
2022-11-25,0.009130424621965508,0.008676063086398612,0.23051751831751977,10365.898620839836,7339.367512485461
2022-11-28,0.008676063086398613,0.011068477962269356,-1.949369544330857,10365.898620839836,9363.190050599489
2022-11-29,0.011068477962269356,0.01048493970045882,-0.22966739463615787,10365.898620839836,8869.555815996171
2022-11-30,0.01048493970045882,0.010799088351262441,2.5038718463251097,10365.898620839836,9135.304506253367
2022-12-01,0.010799088351262441,0.010385363966912526,-0.43547370140573705,10365.898620839836,8785.321423444635
2022-12-02,0.010385363966912524,0.00983291631332325,-0.16246594939602704,10365.898620839836,8317.987758310466
2022-12-05,0.009832916313323252,0.011657924957670495,-1.6396250120932685,10365.898620839836,9861.822677552304
2022-12-06,0.011657924957670493,0.012052310842024011,-0.985811454515829,10365.898620839836,10195.446686297098
2022-12-07,0.012052310842024011,0.011342057284362468,-0.12601278315485942,10365.898620839836,9594.619809542315
2022-12-08,0.01134205728436247,0.010721268760696843,0.530810071071209,10365.898620839836,9069.474351591693
2022-12-09,0.010721268760696845,0.011076712855931259,-0.968658037217997,10365.898620839836,9370.156218365799
2022-12-12,0.011076712855931259,0.010736820964808873,1.3884934080766258,10365.898620839836,9082.630473264702
2022-12-13,0.010736820964808871,0.010128681995206086,0.1613440286206919,10365.898620839836,8568.185689711176
2022-12-14,0.010128681995206088,0.009888792624510359,-0.5622521067457957,10365.898620839836,8365.255370240016
2022-12-15,0.009888792624510357,0.014510871754721719,-2.574805529823968,10365.898620839836,12275.224335494697
2022-12-16,0.014510871754721719,0.013936253563670849,-0.5011687577442034,10365.898620839836,12269.033167049614
2022-12-19,0.013936253563670849,0.01343934525944979,-0.5323223558092794,10365.898620839836,11831.5709439624
2022-12-20,0.013439345259449788,0.01259140221288655,0.08190116549137082,10365.898620839836,11085.06892930523
2022-12-21,0.01259140221288655,0.012047496807033414,1.1361435197611904,10365.898620839836,10606.231956824657
2022-12-22,0.012047496807033415,0.012744000163117665,-1.1159071458056826,10365.898620839836,11219.411297866165
2022-12-23,0.012744000163117665,0.011967542166409812,0.26815314176339083,10365.898620839836,10535.842441221434
2022-12-27,0.011967542166409812,0.011254957787337594,-0.08889737144317003,10365.898620839836,9908.505880415083
2022-12-28,0.011254957787337594,0.01157540110424959,-0.9503399815612835,10365.898620839836,10190.61395669187
2022-12-29,0.011575401104249592,0.011030860885286216,0.9286106862815795,10365.898620839836,9711.218114995208
2022-12-30,0.011030860885286216,0.010508721699165662,-0.3249275024728982,10365.898620839836,9251.543428174857
2023-01-03,0.010508721699165662,0.010269517193765577,-0.582330611429989,10365.898620839836,9040.955410595168
2023-01-04,0.010269517193765579,0.009700404261477136,0.03169922472146923,10365.898620839836,8539.926535787257
2023-01-05,0.009700404261477136,0.01017500518612624,-1.0362178194526088,10365.898620839836,8957.750053350932
2023-01-06,0.01017500518612624,0.010231635919670759,2.0884660905238404,10365.898620839836,9007.605945033563
2023-01-09,0.010231635919670759,0.00979546416228717,-0.3562539098643696,10365.898620839836,8623.61424070496
2023-01-10,0.00979546416228717,0.009363023319006463,0.813941350883759,10365.898620839836,8242.907114162093
2023-01-11,0.009363023319006465,0.009066039952531812,1.1873664994711726,10365.898620839836,7981.45243003967
2023-01-12,0.009066039952531812,0.008640308766760557,0.4760473439935046,10365.898620839836,7606.652271976312
2023-01-13,0.008640308766760555,0.00828371792477793,0.6782216906860297,10365.898620839836,7292.721067484177
2023-01-17,0.00828371792477793,0.010570972678743452,-1.944182342902348,10365.898620839836,9306.34720521808
2023-01-18,0.010570972678743452,0.011971228692733395,-1.4375480590505776,10365.898620839836,10539.087941421943
2023-01-19,0.011971228692733394,0.011868867386403473,-0.725957563262189,10365.898620839836,10448.972311949028
2023-01-20,0.011868867386403472,0.011250159529403968,0.7453955307308646,10365.898620839836,9904.281647161666
2023-01-23,0.01125015952940397,0.010654227746121764,0.6223523432272705,10365.898620839836,9379.642311275293
2023-01-24,0.010654227746121766,0.010129656511853824,0.7243754301440913,10365.898620839836,8917.826526831554
2023-01-25,0.010129656511853822,0.009643823574665153,-0.26365052408252604,10365.898620839836,8490.114703651805
2023-01-26,0.009643823574665153,0.009190164483400392,0.6432252041440678,10365.898620839836,8090.7277082996
2023-01-27,0.009190164483400393,0.008730258053628877,0.23395717587623863,10365.898620839836,7685.840755373078
2023-01-30,0.008730258053628875,0.00925219254485027,-1.0704145366341529,10365.898620839836,8145.335235332562
2023-01-31,0.009252192544850268,0.0089066773136236,0.9858206473436806,10365.898620839836,7841.154645314347
2023-02-01,0.0089066773136236,0.008630979383114187,-0.43115884114456443,10365.898620839836,7598.438980157064
2023-02-02,0.008630979383114188,0.008228453152881862,0.278713743902352,10365.898620839836,7244.067724872082
2023-02-03,0.008228453152881862,0.007857226934375273,-0.013352708682974291,10365.898620839836,6917.252001655861
2023-02-06,0.007857226934375273,0.007525573029919492,-0.04004278145970957,10365.898620839836,6625.274481645978
2023-02-07,0.007525573029919492,0.007364028952226904,1.137159377581725,10365.898620839836,6483.056227787749
2023-02-08,0.007364028952226904,0.007677095026559904,-0.9223753447193592,10365.898620839836,6758.669614981161
2023-02-09,0.007677095026559903,0.008507360995364812,-1.2740552894719226,10365.898620839836,7489.609294156806
2023-02-10,0.008507360995364812,0.008133037345800434,0.45797863001386496,10365.898620839836,7160.066691424003
2023-02-13,0.008133037345800433,0.00796035104293804,1.2869937000254872,10365.898620839836,7008.039177886438
2023-02-14,0.007960351042938041,0.008116090501685028,-0.8082670687653382,10365.898620839836,7145.147230352288
2023-02-15,0.008116090501685026,0.0077712616862777775,0.36106351476537446,10365.898620839836,6841.570938929558
2023-02-16,0.007771261686277778,0.009513312000343227,-1.7483758236898823,10365.898620839836,8375.2164760382
2023-02-17,0.009513312000343227,0.009017681396316767,0.137049936108784,10365.898620839836,7938.879099452483
2023-02-21,0.009017681396316767,0.0133497944785887,-2.6059727905083605,10365.898620839836,11752.733292544806
2023-02-22,0.0133497944785887,0.012624170841188902,-0.2935768447379767,10365.898620839836,11188.839090518599
2023-02-23,0.0126241708411889,0.011870127782716549,0.3726157605250187,10365.898620839836,10520.528549200297
2023-02-24,0.011870127782716549,0.011900179800971002,-0.8006957856287293,10365.898620839836,10547.16373980603
2023-02-27,0.011900179800971,0.011199691424250478,0.30269294650700596,10365.898620839836,9926.31886765549
2023-02-28,0.01119969142425048,0.01104137217023052,-0.6704029466297831,10365.898620839836,9786.000055398872
2023-03-01,0.01104137217023052,0.010461401357463389,-0.232160072389908,10365.898620839836,9271.970248381655
2023-03-02,0.010461401357463389,0.009888961952157636,0.3109533069762209,10365.898620839836,8764.615549557328
2023-03-03,0.009888961952157636,0.009637395011886457,1.421541621188339,10365.898620839836,8541.651043563425
2023-03-06,0.009637395011886457,0.009134643911144635,0.22932389140846865,10365.898620839836,8096.061290418766
2023-03-07,0.009134643911144635,0.013037454350933772,-2.4460156796559724,10365.898620839836,11555.133459271345
2023-03-08,0.013037454350933772,0.012224007701192901,-0.033545628056684915,10365.898620839836,10834.173343381874
2023-03-09,0.012224007701192901,0.014301757613900692,-1.6017377239280142,10365.898620839836,12675.689094085794
2023-03-10,0.014301757613900692,0.014486539011960677,-0.8913314684741271,10365.898620839836,12839.461381059971
2023-03-13,0.01448653901196068,0.013618141667169296,-0.21711376538893137,10365.898620839836,12069.798305382734
2023-03-14,0.013618141667169294,0.012834208333433326,0.6399233378306529,10365.898620839836,11374.995926738788
2023-03-15,0.012834208333433326,0.012924915971650167,-0.8421068393149814,10365.898620839836,11455.390368564453
2023-03-16,0.012924915971650165,0.012321332618228983,1.0430624079508226,10365.898620839836,10920.432698543787
2023-03-17,0.012321332618228981,0.013217234224935493,-1.1909597774747231,10365.898620839836,11714.472881022195
2023-03-20,0.013217234224935495,0.012483848886401406,0.7132977939249147,10365.898620839836,11064.471336569819
2023-03-21,0.012483848886401406,0.011860533812300247,0.8958505014779435,10365.898620839836,10512.025385501263
2023-03-22,0.011860533812300247,0.013232209097067706,-1.3795966608994406,10365.898620839836,11727.745153458634
2023-03-23,0.013232209097067705,0.012406615681254902,0.1770587140886895,10365.898620839836,10996.019323704963
2023-03-24,0.0124066156812549,0.011647843908739266,0.09790967655591151,10365.898620839836,10323.517709467815
2023-03-27,0.011647843908739266,0.010959081559294618,0.17550742452742354,10365.898620839836,9713.065649170923
2023-03-28,0.010959081559294618,0.010405993262291984,-0.26844477063021227,10365.898620839836,9222.86189354521
2023-03-29,0.010405993262291984,0.009956827112829785,0.9453825476703476,10365.898620839836,8824.76463753825
2023-03-30,0.009956827112829785,0.009438475197944794,0.39087026741459496,10365.898620839836,8365.347837744359
2023-03-31,0.009438475197944794,0.009197586268029107,1.3705794613383515,10365.898620839836,8151.847283179621
2023-04-03,0.009197586268029107,0.008837358828291507,0.9075790188033875,10365.898620839836,7832.576662564833
2023-04-04,0.008837358828291507,0.009815576802579676,-1.3168484615697404,10365.898620839836,8699.574079460739
2023-04-05,0.009815576802579674,0.00928871385845623,-0.001160038549812,10365.898620839836,8232.613929862591
2023-04-06,0.009288713858456232,0.00881300224643733,0.08292485055452918,10365.898620839836,7810.989353696016
2023-04-10,0.008813002246437331,0.008389530610662096,0.23077036748342206,10365.898620839836,7435.66521940685
2023-04-11,0.008389530610662095,0.008020099566667235,0.3923955982969069,10365.898620839836,7108.237417747638
2023-04-12,0.008020099566667235,0.00773086809294192,-0.2766457545111037,10365.898620839836,6851.890726932312
2023-04-13,0.007730868092941921,0.00760262592994647,1.3312397862744498,10365.898620839836,6738.229327349967
2023-04-14,0.00760262592994647,0.007301531572318276,0.21225909715059854,10365.898620839836,6471.3685282570705
2023-04-17,0.007301531572318277,0.007042920699523736,0.37872705526600536,10365.898620839836,6242.160964516261
2023-04-18,0.007042920699523736,0.006798594085934194,-0.023431543975951968,10365.898620839836,6025.613580979169
2023-04-19,0.006798594085934193,0.006586492861538314,0.22743700293699728,10365.898620839836,5837.627652990573
2023-04-20,0.006586492861538315,0.006663996910352878,-0.6543138529565934,10365.898620839836,5906.31971538096
2023-04-21,0.0066639969103528774,0.006510624008949721,-0.27215566292210286,10365.898620839836,5770.384869739701
2023-04-24,0.00651062400894972,0.006330271554122099,0.18737635827740953,9838.523297718279,5350.421762320946
2023-04-25,0.0063302715541221,0.008376354086718153,-2.0548964068036772,9838.523297718279,7079.795362854406
2023-04-26,0.008376354086718153,0.008405707688346736,-0.7154801784206724,9838.523297718279,7104.605380499511
2023-04-27,0.008405707688346736,0.008340805080150074,1.6642996288352128,9838.523297718279,7049.748914334062
2023-04-28,0.008340805080150074,0.00808016705628321,1.0191317736061902,9838.523297718279,6829.454517314471
2023-05-01,0.00808016705628321,0.007737270001351831,-0.1284452887330076,9838.523297718279,6539.633796472575
2023-05-02,0.007737270001351831,0.009104252738166401,-1.5662882561495561,9838.523297718279,7695.024070213217
2023-05-03,0.009104252738166401,0.00976631477275914,-1.1452967861191592,9838.523297718279,8254.606876038475
2023-05-04,0.00976631477275914,0.01012550087373346,-0.9711043997550696,9838.523297718279,8558.19529478882
2023-05-05,0.01012550087373346,0.010164434742889621,2.054581510362506,9494.278126257632,8591.102669937496
2023-05-08,0.010164434742889621,0.009689659501966067,-0.2887515367557813,9494.278126257632,8189.816917891927
2023-05-09,0.009689659501966066,0.009242552262972178,-0.2648190731678013,9494.278126257632,7811.916494323779
2023-05-10,0.00924255226297218,0.008774945296611847,-0.07022605804189506,9494.278126257632,7416.689454277128
2023-05-11,0.008774945296611847,0.008661382847030621,-0.6034074346375549,9494.278126257632,7320.705104091359
2023-05-12,0.008661382847030621,0.008313122316699917,-0.27881255558112555,9494.278126257632,7026.351109241727
2023-05-15,0.008313122316699915,0.007935282041498001,0.13570906817060027,9494.278126257632,6706.995957754544
2023-05-16,0.007935282041498001,0.00887799754642425,-1.330176696798445,9494.278126257632,7503.790457028483
2023-05-17,0.00887799754642425,0.008747276657192953,1.568200041551865,9494.278126257632,7393.303586986132
2023-05-18,0.008747276657192955,0.00835854670987404,0.5298108221646176,9043.275251878822,7064.744353465315
2023-05-19,0.008358546709874038,0.008146478078403886,-0.45801866566336696,9043.275251878822,6885.5013918920995
2023-05-22,0.008146478078403886,0.007954644752928916,-0.4623955726285915,9043.275251878822,6723.361554669584
2023-05-23,0.007954644752928917,0.008601149767790157,-1.1558068576239775,9043.275251878822,7269.795380041696
2023-05-24,0.008601149767790157,0.009237306014723057,-1.1390482201626226,9043.275251878822,7807.482302115333
2023-05-25,0.009237306014723055,0.008767373180111549,0.11428582365341482,9043.275251878822,7410.289410208933
2023-05-26,0.00876737318011155,0.008497568299195447,1.1219286274992593,9043.275251878822,7182.247075201375
2023-05-30,0.008497568299195447,0.008138010983425734,-0.21531401666651673,9043.275251878822,6878.344901234879
2023-05-31,0.008138010983425734,0.008674399501553581,-1.0843547008857959,9043.275251878822,7331.706937272893
2023-06-01,0.008674399501553581,0.008328192284053387,0.7553019095228026,9043.275251878822,7039.088427158675
2023-06-02,0.008328192284053385,0.008742189009438859,2.6566336010131613,9043.275251878822,7389.003445826342
2023-06-05,0.008742189009438859,0.008699880473630697,-0.6684420265007887,9043.275251878822,7353.243761777319
2023-06-06,0.008699880473630697,0.008284625444779276,0.17241092550407133,9043.275251878822,7002.265209864632
2023-06-07,0.008284625444779276,0.007925504551405964,0.3911745173981018,9043.275251878822,6698.731905364051
2023-06-08,0.007925504551405964,0.007586954517986936,0.11561625865813363,9043.275251878822,6412.585339461973
2023-06-09,0.007586954517986935,0.007284969859698164,-0.05502901354058858,9043.275251878822,6157.344269030614
2023-06-12,0.007284969859698164,0.007073757591468616,0.7683537582531171,8248.308993008432,5978.8251159828005
2023-06-13,0.007073757591468615,0.00689204596518914,0.8195147985552492,8187.59700171835,5825.2402608308375
2023-06-14,0.006892045965189141,0.007910707035631945,-1.419470063068486,8187.59700171835,6686.224866803589
2023-06-15,0.007910707035631945,0.007944589027096948,1.8450980036671358,8187.59700171835,6714.862334080499
2023-06-16,0.007944589027096946,0.007837056411874894,-0.5497647991198394,7992.423866564663,6623.974472521271
2023-06-20,0.007837056411874896,0.008007041761454435,-0.8163330378961753,7992.423866564663,6767.648137369642
2023-06-21,0.008007041761454434,0.007823832621180879,-0.45864537862056354,7992.423866564663,6612.797565353117
2023-06-22,0.00782383262118088,0.00750288785162839,-0.10443069670458881,7992.423866564663,6341.5311805171405
2023-06-23,0.007502887851628389,0.00792878959328315,-1.0107386279683837,7992.423866564663,6701.508462325242
2023-06-26,0.00792878959328315,0.007715203966754909,-0.4032860615656449,7992.423866564663,6520.983318257527
2023-06-27,0.007715203966754911,0.007482992729937874,0.8888087293394825,7992.423866564663,6324.715584038086
2023-06-28,0.007482992729937874,0.007714641968595856,-0.8578297119129269,7992.423866564663,6520.508310644524
2023-06-29,0.007714641968595856,0.007636478771790562,1.4940989848680428,7992.423866564663,6454.443835270274
2023-06-30,0.0076364787717905615,0.00751755258763021,1.3375577072995108,7992.423866564663,6353.925992014877
2023-07-03,0.00751755258763021,0.007221548011647019,0.08685648021862376,7992.423866564663,6103.739359175129
2023-07-05,0.007221548011647019,0.007360143609003467,-0.7636301003966489,7992.423866564663,6220.882027371557
2023-07-06,0.007360143609003468,0.008395130492580278,-1.4067139790508474,7992.423866564663,7095.665407240966
2023-07-07,0.008395130492580276,0.008130749580381121,-0.3867114483906385,7992.423866564663,6872.2074759218085
2023-07-10,0.008130749580381121,0.00779305593793312,0.453024680442035,7992.423866564663,6586.784741983219
2023-07-11,0.007793055937933121,0.00756274363548715,0.9351387523040782,7992.423866564663,6392.122009965862
2023-07-12,0.007562743635487151,0.007285986907298775,0.4832629438394477,7992.423866564663,6158.203889912452
2023-07-13,0.007285986907298775,0.007017059205900924,0.16277219444128144,7992.423866564663,5930.902957598883
2023-07-14,0.007017059205900924,0.0068374592759076185,0.7962905583169823,7992.423866564663,5779.102933582258
2023-07-17,0.006837459275907619,0.006721003065601833,1.0509880289236049,7992.423866564663,5680.672741978271
2023-07-18,0.006721003065601832,0.006929872664324741,2.1389415877496085,7992.423866564663,5857.211842542857
2023-07-19,0.006929872664324741,0.0067019740104808006,0.20484764638795744,7992.423866564663,5664.589155395058
2023-07-20,0.0067019740104808,0.006498203468688511,0.15069139361600042,7992.423866564663,5492.35983916368
2023-07-21,0.006498203468688512,0.006465540762743355,-0.4881379333361379,7992.423866564663,5464.7529266937945
2023-07-24,0.006465540762743355,0.006444506702246208,1.3285206610774134,7992.423866564663,5446.974685417458
2023-07-25,0.006444506702246209,0.006311448036064159,-0.26090192507055543,7992.423866564663,5334.511898139044
2023-07-26,0.006311448036064159,0.006279599937910256,-0.4586374446287222,7992.423866564663,5307.593501985845
2023-07-27,0.006279599937910255,0.006724870976366544,-1.0159096720666134,7992.423866564663,5683.941946743547
2023-07-28,0.006724870976366545,0.006541525574003012,0.5179550093915904,7992.423866564663,5528.97620436737
2023-07-31,0.006541525574003011,0.006373993114032215,0.46421829353893296,7992.423866564663,5387.375751360069
2023-08-01,0.006373993114032214,0.006303734721154393,1.0496317978334977,7992.423866564663,5327.992511474506
2023-08-02,0.006303734721154392,0.008002201148148664,-1.8664992370776765,7992.423866564663,6763.556792700974
2023-08-03,0.008002201148148664,0.007757713975001658,-0.3623681865588443,7992.423866564663,6556.913289238272
2023-08-04,0.007757713975001659,0.0076083874363283505,-0.477456717389254,7992.423866564663,6430.700700192316
2023-08-07,0.007608387436328351,0.007480133668485021,1.2956261013678807,7992.423866564663,6322.299070862248
2023-08-08,0.007480133668485021,0.007391704881833588,-0.5296442587033118,7992.423866564663,6247.557995306434
2023-08-09,0.007391704881833588,0.007649411899051232,-0.8773541694704032,7992.423866564663,6465.375070203678
2023-08-10,0.007649411899051232,0.00733852194925904,0.018475337317198994,7992.423866564663,6202.607140134097
2023-08-11,0.007338521949259039,0.0070643692280417,0.17709778571638524,7992.423866564663,5970.889958136493
2023-08-14,0.0070643692280417,0.006817649327463248,0.062458210274773406,7992.423866564663,5762.3593265567115
2023-08-15,0.006817649327463249,0.007965157066584965,-1.5020624339256963,7992.423866564663,6732.246688786941
2023-08-16,0.007965157066584965,0.007801883455945262,-0.48136289693909373,7992.423866564663,6594.245866529873
2023-08-17,0.007801883455945262,0.008582083469651162,-1.2405367451093514,7992.423866564663,7253.68031521113
2023-08-18,0.008582083469651162,0.008218969423467882,-0.2273187487484936,7992.423866564663,6946.771949860147
2023-08-21,0.008218969423467882,0.007861286322089564,-0.1248317388347615,7992.423866564663,6644.45388447118
2023-08-22,0.007861286322089565,0.008075517506784558,-0.8534576018866562,7992.423866564663,6825.524662076842
2023-08-23,0.008075517506784558,0.007793491097327375,0.8035204809018043,7992.423866564663,6587.152543944508
2023-08-24,0.007793491097327374,0.008653687666857935,-1.2880344615977002,7992.423866564663,7314.201045125024
2023-08-25,0.008653687666857935,0.00826391326360557,0.44673329554386754,7992.423866564663,6984.759024869335
2023-08-28,0.00826391326360557,0.00792497639089042,0.5548660403158877,7444.009602622726,6453.322036775265
2023-08-29,0.00792497639089042,0.007797087403659818,1.383959801761613,7444.009602622726,6349.181812394939
2023-08-30,0.0077970874036598185,0.007475234710949,0.2069337147767033,7444.009602622726,6087.096605825282
2023-08-31,0.007475234710948999,0.0077962727996364395,-0.930677586707939,7444.009602622726,6348.5184789241475
2023-09-01,0.007796272799636439,0.00751311384056139,0.6275563984843787,7444.009602622726,6117.941646845527
2023-09-05,0.0075131138405613905,0.007847830984516113,-0.9419727116979659,7444.009602622726,6390.502398402139
2023-09-06,0.007847830984516113,0.00828882754794619,-1.0222531576634213,7444.009602622726,6749.606665791095
2023-09-07,0.008288827547946189,0.007911674822727113,-0.021683280878628742,7444.009602622726,6442.490546721792
2023-09-08,0.007911674822727114,0.007594604247918723,0.43863388154166616,7444.009602622726,6184.299427064201
2023-09-11,0.0075946042479187225,0.007298735263671075,0.29299328222226556,7444.009602622726,5943.372799416652
2023-09-12,0.007298735263671075,0.007047751709415762,-0.17522982742332688,7444.009602622726,5738.996455355139
2023-09-13,0.007047751709415763,0.006879638390161536,-0.33458008380096677,6684.369043606571,4961.105103214492
2023-09-14,0.0068796383901615354,0.006900145607399591,1.6141976388876182,6684.369043606571,4975.893447357395
2023-09-15,0.006900145607399591,0.007790390154081096,-1.3381060179851707,6684.369043606571,5617.874393618553
2023-09-18,0.007790390154081096,0.007489920863407113,0.48038910375723015,6684.369043606571,5401.197346543854
2023-09-19,0.007489920863407114,0.00732356145766748,-0.4169185078496469,6684.369043606571,5281.230794528139
2023-09-20,0.007323561457667479,0.007174284001389672,-0.4203642615893527,6684.369043606571,5173.582527550356
2023-09-21,0.007174284001389672,0.008090115816765728,-1.3435061569310611,6684.369043606571,5834.0151891632095
2023-09-22,0.008090115816765726,0.007885103691368453,-0.43734492291303506,6684.369043606571,5686.175049340774
2023-09-25,0.007885103691368455,0.007552344630997636,0.1657042086345612,6684.369043606571,5446.21292067608
2023-09-26,0.007552344630997636,0.00889821335562936,-1.5671963206523378,6684.369043606571,6416.757565519026
2023-09-27,0.00889821335562936,0.008471333442830705,-0.11474969875490403,6684.369043606571,6108.922183230068
2023-09-28,0.008471333442830705,0.008144111460823588,0.757307616950591,6684.369043606571,5872.953001021154
2023-09-29,0.008144111460823588,0.008762937740234749,-1.135754614602664,6684.369043606571,6319.206428698457
2023-10-02,0.008762937740234749,0.008337879136503908,-0.012834322462220299,6684.369043606571,6012.68444475959
2023-10-03,0.008337879136503907,0.010960319476881421,-2.0755101359333943,6684.369043606571,7903.8015962261725
2023-10-04,0.01096031947688142,0.010369054456430202,0.5113805288332935,6684.369043606571,7746.3122412069215
2023-10-05,0.010369054456430202,0.009796802655987483,0.20418263275594348,6684.369043606571,7318.805456914437
2023-10-06,0.009796802655987485,0.009426517796084057,1.054510422513574,6684.369043606571,7042.180220249319
2023-10-09,0.009426517796084057,0.008976939716936866,0.5473265643124194,6684.369043606571,6706.31814212931
2023-10-10,0.008976939716936866,0.008532789097007786,0.12957539514432365,6684.369043606571,6374.510705052665
2023-10-11,0.008532789097007786,0.008172432502644298,0.5879729970365972,6684.369043606571,6105.302484587928
2023-10-12,0.0081724325026443,0.008035895306567451,-0.5350762980580177,6684.369043606571,6003.300922363105
2023-10-13,0.008035895306567451,0.007696481649663987,0.32629775179624637,6684.369043606571,5749.738345722026
2023-10-16,0.0076964816496639865,0.007515342539818849,1.1179284323349885,6684.369043606571,5614.416450186548
2023-10-17,0.007515342539818849,0.007343146501792962,-0.41102653985562587,6684.369043606571,5485.77557142059
2023-10-18,0.007343146501792963,0.009533692675352213,-2.0008710841329456,6684.369043606571,7122.246351902234
2023-10-19,0.009533692675352212,0.010337683120025734,-1.2101137178298353,6684.369043606571,7722.875951212104
2023-10-20,0.010337683120025736,0.010591156608074505,-0.9120741160685877,6684.369043606571,7912.236012107145
2023-10-23,0.010591156608074503,0.0106576956938553,-0.8033550513459635,6684.369043606571,7961.944742721713
2023-10-24,0.0106576956938553,0.010062069493910754,0.2466491743847643,6684.369043606571,7516.97586506742
2023-10-25,0.010062069493910758,0.009518645683302494,0.21316890320835138,6684.369043606571,7111.005336706698
2023-10-26,0.009518645683302492,0.010553083987477655,-1.3209711865576277,6684.369043606571,7883.793456595121
2023-10-27,0.010553083987477656,0.011849849734617182,-1.3971729975217304,6684.369043606571,8852.55607841889
2023-10-30,0.011849849734617179,0.011489906541412185,1.4458289808032456,6684.369043606571,8583.656693679532
2023-10-31,0.011489906541412185,0.010886934524554977,-0.258117061348797,6684.369043606571,8133.20004549502
2023-11-01,0.010886934524554978,0.010435721055854818,1.0601771425902802,6684.369043606571,7796.116232243181
2023-11-02,0.01043572105585482,0.010220855678778989,1.58509177918083,6684.369043606571,7635.598770632024
2023-11-03,0.010220855678778985,0.009717725852350477,0.6491220564056976,6684.369043606571,7259.730291036703
2023-11-06,0.009717725852350477,0.009206107650335802,0.20771423698234295,6684.369043606571,6877.520480321238
2023-11-07,0.009206107650335802,0.008739910940525572,0.1361849078406047,6684.369043606571,6529.243277690299
2023-11-08,0.008739910940525574,0.008319260395688236,0.13492698713820683,6684.369043606571,6214.991821259466
2023-11-09,0.008319260395688236,0.009110388972738902,-1.233204536411148,6684.369043606571,6806.012825780837
2023-11-10,0.009110388972738902,0.008980059233731205,1.6052530158972054,6684.369043606571,6708.648610276833
2023-11-13,0.008980059233731203,0.008606545887560211,-0.2860983260848873,6684.369043606571,6429.611498662065
2023-11-14,0.008606545887560211,0.00858300008235742,1.7957327348999677,6684.369043606571,6412.021354851185
2023-11-15,0.00858300008235742,0.008210038836998662,0.5304293818727802,6684.369043606571,6133.396696010984
2023-11-16,0.008210038836998662,0.007846767686760516,0.23093045888356203,6684.369043606571,5862.0111256302625
2023-11-17,0.007846767686760516,0.007515154423170054,-0.01566973989371345,6684.369043606571,5614.275915646445
2023-11-20,0.007515154423170055,0.007225426600000891,0.25357778200243714,6684.369043606571,5397.831668713038
2023-11-21,0.00722542660000089,0.0070860287027782725,-0.421935030381439,6684.369043606571,5293.692989319332
2023-11-22,0.007086028702778273,0.006877908408373642,0.6457360249396727,6684.369043606571,5138.214513344078
2023-11-24,0.006877908408373642,0.006656797411004024,0.22706147345340275,6684.369043606571,4973.031194769877
2023-11-27,0.006656797411004024,0.0064998809030367526,-0.2595840615489009,6684.369043606571,4855.805051188336
2023-11-28,0.0064998809030367526,0.006317635904822305,0.017560665421367923,6684.369043606571,4719.65699000308
2023-11-29,0.006317635904822305,0.006158144776901159,0.10857447920048512,6684.369043606571,4600.507449244971
2023-11-30,0.00615814477690116,0.006206819683841483,1.5019015129170963,6684.369043606571,4636.870555356119
2023-12-01,0.006206819683841483,0.006154183843313382,1.050743928639337,6684.369043606571,4597.548391746862
2023-12-04,0.006154183843313382,0.006047993574292488,-0.24042500149654497,6684.369043606571,4518.217823634792
2023-12-05,0.006047993574292488,0.005920510032364471,-0.0072493644718301204,6684.369043606571,4422.979889883077
2023-12-06,0.005920510032364471,0.005991529369608196,-0.569019604522096,6684.369043606571,4476.035639929053
2023-12-07,0.005991529369608196,0.005897149043156133,0.5614951027628131,6684.369043606571,4405.527814823425
2023-12-08,0.005897149043156133,0.005819666581561744,0.618538890148209,6684.369043606571,4347.643719099031
2023-12-11,0.005819666581561744,0.005722140100585022,0.12065597296541918,6684.369043606571,4274.785525846575
2023-12-12,0.005722140100585022,0.005710715639083014,0.9769338565350295,6684.369043606571,4266.250760564547
2023-12-13,0.005710715639083014,0.006148939526839605,2.63827677971464,6684.369043606571,4593.630569435456
2023-12-14,0.006148939526839605,0.00611132210880442,1.1000150914601936,6684.369043606571,4565.528077830945
2023-12-15,0.00611132210880442,0.005976538501979537,-0.0312539295818265,6009.3191813749345,4163.912920372194
2023-12-18,0.005976538501979537,0.0060091857547381914,-0.514511000591486,6009.3191813749345,4186.658581180936
2023-12-19,0.0060091857547381914,0.0060596389784723734,1.4531769857097256,6009.3191813749345,4221.8098363952395
2023-12-20,0.0060596389784723734,0.00796286575608132,-2.012755558442307,6009.3191813749345,5547.806576324108
2023-12-21,0.00796286575608132,0.007672079494990965,0.6875212046356214,6009.3191813749345,5612.156018241829
2023-12-22,0.007672079494990964,0.0073589162614234515,0.04039440953137989,6009.3191813749345,5383.075893732502
2023-12-26,0.007358916261423452,0.007094218569859213,0.3794859434536746,6009.3191813749345,5189.448501876507
2023-12-27,0.007094218569859212,0.006865129344933693,0.4630639183235316,6009.3191813749345,5021.868841991657
2023-12-28,0.006865129344933693,0.006647634060776162,0.272281096780227,6009.3191813749345,4862.770194914181
2023-12-29,0.006647634060776162,0.006480184358615793,-0.2225914647594434,6009.3191813749345,4740.280085896715
2024-01-02,0.006480184358615793,0.006300325402196085,0.030578282895055462,6009.3191813749345,4608.712559078909
2024-01-03,0.006300325402196085,0.007028874322552473,-1.24523272488486,6009.3191813749345,5141.648930584338
2024-01-04,0.007028874322552472,0.006792319910202586,0.2581740777274398,6009.3191813749345,4968.6084570363455
2024-01-05,0.006792319910202587,0.006580477343592813,0.21664322741160147,6009.3191813749345,4813.64479485127
2024-01-08,0.006580477343592813,0.006580386244834748,1.4548029890745784,6009.3191813749345,4813.578155755094
2024-01-09,0.006580386244834747,0.0066484727430971505,-0.6419979385823005,6009.3191813749345,4863.383694297002
2024-01-10,0.0066484727430971505,0.0064919323882598025,0.6824867068227918,6009.3191813749345,4748.873815316771
2024-01-11,0.0064919323882598025,0.006355013501053344,-0.265186399394928,6009.3191813749345,4648.717116295548
2024-01-12,0.006355013501053343,0.0063639624312030315,-0.5337802645660279,6009.3191813749345,4655.263293538522
2024-01-16,0.0063639624312030315,0.006276797520076756,-0.35789975737175556,6009.3191813749345,4591.501821713807
2024-01-17,0.006276797520076756,0.006479864599150431,-0.7774219713991126,6009.3191813749345,4740.046180602968
2024-01-18,0.006479864599150431,0.006350710593661291,0.7508488226904102,6009.3191813749345,4645.569522786903
2024-01-19,0.006350710593661292,0.006659840559891066,2.3584227994949605,6009.3191813749345,4871.699296537034
2024-01-22,0.006659840559891066,0.0064893753685258265,0.5734225228302061,6009.3191813749345,4747.003345426806
2024-01-23,0.006489375368525826,0.00660474660639988,-0.6919938915601445,6009.3191813749345,4831.397855075671
2024-01-24,0.006604746606399881,0.006461498329952327,-0.2825289821787532,6009.3191813749345,4726.61118318407
2024-01-25,0.006461498329952326,0.0063516086086906004,0.8700377417169193,6009.3191813749345,4646.226424276844
2024-01-26,0.006351608608690601,0.006276873679224809,-0.38249138400192867,6009.3191813749345,4591.557532427098
2024-01-29,0.006276873679224809,0.006185836792598403,0.8623305293718192,6009.3191813749345,4524.96369545031
2024-01-30,0.006185836792598403,0.006087077998074384,0.7313016391341536,6009.3191813749345,4452.721252784779
2024-01-31,0.006087077998074384,0.007687630117260109,-1.833469967735109,6009.3191813749345,5623.5313589707885
2024-02-01,0.007687630117260108,0.007560960169028263,1.3245819183811327,6009.3191813749345,5584.295041537707
2024-02-02,0.007560960169028264,0.007310153615541737,0.6899712556288387,6009.3191813749345,5399.05695514266
2024-02-05,0.007310153615541737,0.007281825580243729,-0.5892464194086455,6009.3191813749345,5378.134730515797
2024-02-06,0.007281825580243729,0.007015503730018452,0.217893246060593,6009.3191813749345,5181.437518201649
2024-02-07,0.007015503730018452,0.006775411537786357,0.12500419279186392,6009.3191813749345,5004.112732907097
2024-02-08,0.0067754115377863565,0.006779014400939301,-0.5776828558106326,6009.3191813749345,5006.773697968483
2024-02-09,0.006779014400939301,0.006603521523447768,-0.24353498067249718,6009.3191813749345,4877.160000277612
2024-02-12,0.006603521523447767,0.006418825082811242,0.32526886186257414,6009.3191813749345,4740.748830984443
2024-02-13,0.006418825082811243,0.008796246373929143,-2.214772302549374,6009.3191813749345,6496.63983303189
2024-02-14,0.008796246373929143,0.008380265771712851,0.3161234413687383,6009.3191813749345,6483.076397471705
2024-02-15,0.008380265771712851,0.008123394661530923,1.0486597945777165,6009.3191813749345,6284.357755727191
2024-02-16,0.008123394661530921,0.008217333889736762,-0.7615158603032851,6009.3191813749345,6357.030294972149
2024-02-20,0.008217333889736764,0.008035994978159619,-0.4838330931195246,6009.3191813749345,6216.744288583512
2024-02-21,0.008035994978159617,0.007700845133136196,0.37953016792591976,5789.123141871325,5687.609818231472
2024-02-22,0.007700845133136196,0.0077030045922848655,1.7286199617773998,5789.123141871325,5689.204729029404
2024-02-23,0.0077030045922848655,0.007386386592604191,-0.0032725270695775992,5789.123141871325,5455.360311633721
2024-02-26,0.007386386592604193,0.007303055616449893,-0.5265443715792582,5789.123141871325,5393.814589061194
2024-02-27,0.007303055616449893,0.00710198073046935,-0.3180058721582607,5789.123141871325,5245.306798561456
2024-02-28,0.007101980730469351,0.006878514840847678,-0.19981230299490702,5789.123141871325,5080.261694306199
2024-02-29,0.006878514840847677,0.006655408164385684,-0.06715977264394518,5789.123141871325,4915.481893957007
2024-03-01,0.0066554081643856846,0.006456708165195501,0.1390427791505231,5789.123141871325,4768.728122554203
2024-03-04,0.006456708165195499,0.006632470399315453,-0.7588832862120184,5789.123141871325,4898.54075885219
2024-03-05,0.0066324703993154545,0.008056037876127804,-1.6775015573549126,5789.123141871325,5949.944366904691
2024-03-06,0.008056037876127804,0.00770289472390734,0.06488559460415756,5390.225903734874,5478.472571683736
2024-03-07,0.0077028947239073395,0.0073869977104157524,-0.030679030688200735,5390.225903734874,5253.799486315046
2024-03-08,0.007386997710415753,0.007134041642431104,-0.20214226749397374,5047.178511354716,5073.8914218839245
2024-03-11,0.007134041642431104,0.006883860156110002,0.21627605816369716,5047.178511354716,4895.9567025505185
2024-03-12,0.006883860156110002,0.006762631122315055,1.0496944702851831,5047.178511354716,4809.735877738253
2024-03-13,0.006762631122315055,0.00657683504134663,0.535533924516465,5047.178511354716,4677.593511784234
2024-03-14,0.006576835041346631,0.006511775500606427,-0.445377836989777,5047.178511354716,4631.321698102904
2024-03-15,0.006511775500606427,0.006493776499066554,-0.5137578644306112,5047.178511354716,4618.520401994333
2024-03-18,0.006493776499066553,0.006328731018172195,0.4271209839272975,5047.178511354716,4501.136331126306
2024-03-19,0.006328731018172197,0.006337564457624782,1.4017330854391656,5047.178511354716,4507.418872623909
2024-03-20,0.006337564457624781,0.006342598162181623,1.389222832798244,5047.178511354716,4510.99895690872
2024-03-21,0.006342598162181623,0.006349707527004912,1.3997991054251704,4958.064676574356,4516.055297619908
2024-03-22,0.006349707527004913,0.00766884357714916,-1.6388254190836027,4958.064676574356,5454.2546276204375
2024-03-25,0.007668843577149159,0.00783985522517715,-0.8117192664709318,4958.064676574356,5575.881971202323
2024-03-26,0.00783985522517715,0.007511292739855863,-0.0569100978142809,4958.064676574356,5342.200916425576
2024-03-27,0.007511292739855863,0.007486196224313317,1.6136646252272089,4958.064676574356,5324.351708176897
2024-03-28,0.0074861962243133184,0.0072022604347121814,-0.11332549597357756,4958.064676574356,5122.410166561211
2024-04-01,0.007202260434712182,0.008158961941943127,-1.367341281785484,4958.064676574356,5802.8378699784735
2024-04-02,0.008158961941943125,0.009615404724372842,-1.5839182182578586,4958.064676574356,6838.692846809898
2024-04-03,0.009615404724372844,0.009114522166757974,0.22606987981945278,5179.076238177464,6482.453867584189
2024-04-04,0.009114522166757974,0.009999623883102118,-1.2613679460927485,5179.076238177464,7111.9581838111535
2024-04-05,0.009999623883102118,0.009563102729325042,0.8687581281779345,5179.076238177464,6801.494487545763
2024-04-08,0.009563102729325042,0.009077575417606867,-0.13487853828086716,5179.076238177464,6456.176505749163
2024-04-09,0.009077575417606868,0.008741686217297439,-0.365375382681428,5179.076238177464,6217.284525918683
2024-04-10,0.008741686217297439,0.01000659655823637,-1.460377171503531,5179.076238177464,7116.917307730595
2024-04-11,0.01000659655823637,0.009462664615963005,0.0777033036223564,5224.894186554215,6730.060634568676
2024-04-12,0.009462664615963005,0.01099080137049539,-1.5408212035282849,5224.894186554215,7816.905982396667
2024-04-15,0.010990801370495391,0.010573969508029473,-0.44645874563756777,5503.3555620874195,7520.445754472768
2024-04-16,0.010573969508029473,0.009984587083164614,-0.08623713683880015,5503.3555620874195,7101.26367233512
2024-04-17,0.009984587083164614,0.009999261819066537,-0.7567780849557199,5503.3555620874195,7111.700675697748
2024-04-18,0.009999261819066536,0.009456151003868658,0.08357248394037742,5503.3555620874195,6725.428006643656
2024-04-19,0.009456151003868658,0.008995762258552305,0.48930858180326214,5503.3555620874195,6397.989140615883
2024-04-22,0.008995762258552305,0.008619352706596143,0.7490557521714198,5503.3555620874195,6130.2781722040545
2024-04-23,0.008619352706596145,0.008295840882252893,0.846065666599894,5503.3555620874195,5900.189261501557
2024-04-24,0.008295840882252891,0.007922075843309766,-0.07378922036472255,5503.3555620874195,5634.359130427723
2024-04-25,0.007922075843309766,0.00898869911202666,-1.3987083070740252,5503.3555620874195,6392.965671401065
2024-04-26,0.00898869911202666,0.008583231973056384,0.5728007783422505,5503.3555620874195,6104.588291313889
2024-04-29,0.008583231973056382,0.008195917589119583,0.40458503806233503,5503.3555620874195,5829.121560289945
2024-04-30,0.008195917589119583,0.010597445714294221,-2.000622387312244,5503.3555620874195,7537.142562194862
2024-05-01,0.010597445714294223,0.009998852708677577,-0.028145106267175344,5789.123141871325,7384.848267136182
2024-05-02,0.009998852708677576,0.00955889485501578,0.8544346066518157,5789.123141871325,7059.908787788958
2024-05-03,0.00955889485501578,0.009787173764593026,2.3572957068952998,5789.123141871325,7228.508642085463
2024-05-06,0.009787173764593026,0.009268527646477205,0.19877626613315413,5789.123141871325,6845.452405713412
2024-05-07,0.009268527646477205,0.008801417156991896,0.23901563063455614,5789.123141871325,6500.458816014564
2024-05-08,0.008801417156991896,0.008412101014077921,0.5631492061442613,5789.123141871325,6212.921762801321
2024-05-09,0.008412101014077921,0.008266422451656638,1.4401530773921647,5789.123141871325,6105.328010737942
2024-05-10,0.00826642245165664,0.00789176347076097,0.07117907113575464,5789.123141871325,5828.616291259046
2024-05-13,0.00789176347076097,0.007647811363117844,-0.34504583652108156,5789.123141871325,5648.440689929399
2024-05-14,0.007647811363117843,0.0073748443432469935,0.5919953228485775,5789.123141871325,5446.83555757965
2024-05-15,0.007374844343246994,0.0072883215923187335,1.3782331852789114,5789.123141871325,5382.932487309809
2024-05-16,0.0072883215923187335,0.007224704219776403,-0.5424040498754312,5789.123141871325,5335.946632325541
2024-05-17,0.007224704219776403,0.006976615142239641,0.40689760203767183,5789.123141871325,5152.715590952888
2024-05-20,0.006976615142239643,0.007494011004941369,-1.0782808183749502,5789.123141871325,5534.848426731166
2024-05-21,0.007494011004941369,0.007223118771961088,0.47047730694894446,5789.123141871325,5334.775668826758
2024-05-22,0.007223118771961088,0.007849786674839461,-1.1545471946930848,5789.123141871325,5797.613507474477
2024-05-23,0.007849786674839461,0.009229597645952225,-1.5656929368056092,5789.123141871325,6816.699892270843
2024-05-24,0.009229597645952227,0.008763834388050182,0.19758624095491872,5789.123141871325,6472.701326812576
2024-05-28,0.008763834388050182,0.00884665785353185,-0.7739508365459763,5789.123141871325,6533.872217449828
2024-05-29,0.00884665785353185,0.009764306333653845,-1.2858373803094747,5789.123141871325,7211.6194536290195
2024-05-30,0.009764306333653845,0.009243014670959287,0.07247383257289297,5789.123141871325,6826.609298555781
2024-05-31,0.009243014670959287,0.008943348411748204,1.1485022368603492,5789.123141871325,6605.284920696549
2024-06-03,0.008943348411748204,0.009112519589828512,-0.8427570566966005,5789.123141871325,6730.229603621175
2024-06-04,0.009112519589828512,0.008654150946211343,-0.035957501965940795,5789.123141871325,6391.692475197618
2024-06-05,0.008654150946211343,0.008256620704430806,0.3699402094347504,5789.123141871325,6098.088738580969
2024-06-06,0.008256620704430806,0.007919910271940493,-0.21412486083400767,5789.123141871325,5849.404661882371
2024-06-07,0.007919910271940493,0.007582168832123634,-0.046873023924395546,5789.123141871325,5599.9591145540235
2024-06-10,0.007582168832123633,0.0072818593073502545,-0.06768983544351971,5789.123141871325,5378.1596403300955
2024-06-11,0.007281859307350255,0.007010924768181435,0.05025824505954905,5789.123141871325,5178.055636362543
2024-06-12,0.007010924768181434,0.006796337931435252,0.5195921784901109,5789.123141871325,5019.56833030192
2024-06-13,0.006796337931435251,0.00658190449802352,0.15658066641820656,5789.123141871325,4861.194323274854
2024-06-14,0.006581904498023521,0.006616978480836007,-0.599231297375281,5789.123141871325,4887.09889940383
2024-06-17,0.0066169784808360055,0.006517085640753123,1.0233878590944594,5789.123141871325,4813.321088241037
2024-06-18,0.006517085640753123,0.006344969284380381,0.3662351665765048,5789.123141871325,4686.201186274489
2024-06-20,0.006344969284380382,0.006205153350745515,0.5217839898870014,5789.123141871325,4582.937393386993
2024-06-21,0.006205153350745514,0.006606424723134833,-0.9746427154201793,5789.123141871325,4879.304215199346
2024-06-24,0.006606424723134834,0.006535234990602101,1.1626869113503253,5789.123141871325,4826.72564561246
2024-06-25,0.006535234990602101,0.007291818910171676,-1.2596990097263614,5789.123141871325,5385.515499825187
2024-06-26,0.007291818910171676,0.007061237059739612,-0.2412213445911153,5789.123141871325,5215.214763509861
2024-06-27,0.007061237059739612,0.006912130835392197,-0.3763464069005111,5789.123141871325,5105.0894446784705
2024-06-28,0.006912130835392196,0.006692983314799386,0.3341880175992357,5789.123141871325,4943.233756346099
2024-07-01,0.006692983314799387,0.0064948559708643576,0.26819789403662536,5789.123141871325,4796.902930684361
2024-07-02,0.0064948559708643576,0.006380766861490719,0.8659779624096811,5789.123141871325,4712.64018712721
2024-07-03,0.0063807668614907186,0.0062225822052091,-0.126376315080536,5789.123141871325,4595.809814797088
2024-07-05,0.0062225822052091,0.0060742626666533935,0.08927381733557993,5789.123141871325,4486.265518146437
2024-07-08,0.006074262666653393,0.005948989426474122,0.2557539605312747,5789.123141871325,4393.742515997045
2024-07-09,0.005948989426474122,0.005834312524563549,0.07346412356077978,5789.123141871325,4309.04564676325
2024-07-10,0.005834312524563548,0.006041054298300946,1.9797615539854778,5789.123141871325,4461.738828072369
2024-07-11,0.006041054298300946,0.0059176317229178805,-0.07425705859053436,5789.123141871325,4370.582670611213
2024-07-12,0.00591763172291788,0.005946410914432967,1.3159384002980026,5789.123141871325,4391.838105487788
2024-07-15,0.005946410914432967,0.006101720966724283,1.833284953940641,5789.123141871325,4506.545382807413
2024-07-16,0.006101720966724282,0.006726956467575454,3.089805061878271,5789.123141871325,4968.325292917066
2024-07-17,0.006726956467575454,0.0065525995471652785,0.6055284463011992,5789.123141871325,4839.550578550403
2024-07-18,0.0065525995471652785,0.00962657909695959,-2.5301258241517957,5789.123141871325,7109.898308726432
2024-07-19,0.00962657909695959,0.01081976419039751,-1.389030272580044,5873.957057954668,8494.22233408957
2024-07-22,0.01081976419039751,0.010213472470921041,0.2935980719825706,5915.727724433745,8018.2436922332945
2024-07-23,0.010213472470921041,0.009692751760117793,-0.20578128675330923,5915.727724433745,7609.443887201181
2024-07-24,0.009692751760117793,0.011739574740010639,-1.7336000383109709,5915.727724433745,9216.333756868
2024-07-25,0.011739574740010639,0.01103793615595887,0.04928711425570283,6306.006005884831,8755.514787662874
2024-07-26,0.011037936155958869,0.010647263194952785,1.2587145229205416,6306.006005884831,8445.625072873916
2024-07-29,0.010647263194952785,0.010186574207321197,-0.3670571859486529,6306.006005884831,8080.197225971189
2024-07-30,0.010186574207321197,0.009726230606664376,0.8342790534056037,6306.006005884831,7715.043347020652
2024-07-31,0.009726230606664376,0.009208423214751706,0.06667769132475658,6306.006005884831,7304.308023587475
2024-08-01,0.009208423214751706,0.010989924000132637,-1.6609171839929306,6306.006005884831,8717.430572064543
2024-08-02,0.010989924000132635,0.01167699902263857,-1.1272632789782548,6751.255141787804,9262.432412516111
2024-08-05,0.011676999022638574,0.016773541684929533,-2.4924988055547077,6751.255141787804,13305.113400623968
2024-08-06,0.016773541684929533,0.015731423914195436,0.5863991663365332,7186.755223490711,13383.966014054378
2024-08-07,0.015731423914195436,0.015153821755429247,-0.5423975571287455,7186.755223490711,12892.554193691742
2024-08-08,0.015153821755429245,0.01445113794836645,1.154848629142448,7186.755223490711,12294.72552645531
2024-08-09,0.01445113794836645,0.013522036046174883,0.16128948981691382,7186.755223490711,11504.265085598185
2024-08-12,0.013522036046174883,0.012734887022213969,-0.22493320171853326,7186.755223490711,10834.575180720443
2024-08-13,0.012734887022213967,0.012062627941549739,0.797946749545434,7186.755223490711,10262.631233540273
2024-08-14,0.012062627941549737,0.011380294788463583,0.5263598821158242,7186.755223490711,9682.116476517736
2024-08-15,0.011380294788463585,0.010836969665494014,0.8820178431576122,7186.755223490711,9219.866840371018
2024-08-16,0.010836969665494014,0.010216272317774187,0.06013568281825205,7186.755223490711,8691.790535758848
2024-08-19,0.010216272317774189,0.009675876986246305,0.4042246297651055,7186.755223490711,8232.033504814155
2024-08-20,0.009675876986246305,0.009167625195865557,-0.07467239331974292,7186.755223490711,7799.623525517877
2024-08-21,0.009167625195865557,0.008707784684140308,-0.07433575757107411,7186.755223490711,7408.400848258349
2024-08-22,0.00870778468414031,0.008574951208313737,-0.5797863925662132,7186.755223490711,7295.38890886313
2024-08-23,0.008574951208313737,0.008405819870670406,1.4044305143120233,7186.755223490711,7151.495508794796
2024-08-26,0.008405819870670406,0.008018586002498763,-0.051204850019359836,7186.755223490711,6822.045043320822
2024-08-27,0.008018586002498763,0.007670998998229291,0.13768665788964798,7186.755223490711,6526.325299358438
2024-08-28,0.007670998998229292,0.007456168229810182,-0.36125850391372966,7186.755223490711,6343.551780637098
2024-08-29,0.007456168229810181,0.007252593691283037,0.9100372255867287,7186.755223490711,6170.354826576538
2024-08-30,0.007252593691283036,0.00703976523598326,0.7363070396286406,7186.755223490711,5989.284833924089
2024-09-03,0.007039765235983261,0.009779267113080024,-2.292991788333496,7186.755223490711,8319.995659497597
2024-09-04,0.009779267113080024,0.009256440935221813,0.06614495263452715,7477.397399888909,9024.348551134228
2024-09-05,0.009256440935221813,0.009321343124623255,-0.774198260830798,7477.397399888909,9087.623408391912
2024-09-06,0.009321343124623255,0.009553977510324283,-0.8914373705663342,7477.397399888909,9314.424810381819
2024-09-09,0.009553977510324283,0.009316815316984686,1.401966164814149,7477.397399888909,9083.209129233337
2024-09-10,0.009316815316984686,0.009221008809649439,-0.6483675606765236,7477.397399888909,8989.804836837304
2024-09-11,0.009221008809649439,0.008766097852616766,-0.12831329242800218,7477.397399888909,8546.300139435536
2024-09-12,0.008766097852616764,0.008372115463558618,0.5028517580556694,7477.397399888909,8162.1963108959435
2024-09-13,0.008372115463558618,0.00807081978900452,0.8458903718101812,7477.397399888909,7868.4552063879255
2024-09-16,0.00807081978900452,0.00774639352283178,0.5185803702110172,7477.397399888909,7552.163477679813
2024-09-17,0.00774639352283178,0.007425343165776947,0.039779015455029675,7477.397399888909,7239.163011863144
2024-09-18,0.007425343165776946,0.007188454839605101,-0.26151659047832687,7477.397399888909,7008.2143310440315
2024-09-19,0.007188454839605102,0.0073310193159035215,2.0260233566728005,7477.397399888909,7147.204201354917
2024-09-20,0.007331019315903522,0.007239388246999447,-0.5090738440270053,7477.397399888909,7057.870654077921
2024-09-23,0.007239388246999446,0.006972902060434882,0.019620627997488593,7477.397399888909,6798.066238055513
2024-09-24,0.006972902060434882,0.006811817801832127,-0.3334832658409957,7477.397399888909,6641.02094322725
2024-09-25,0.006811817801832126,0.008592305402707692,-1.856570260530172,7477.397399888909,8376.86529352546
2024-09-26,0.008592305402707692,0.008246119555486913,0.7133417800195111,7477.397399888909,8039.359575004377
2024-09-27,0.008246119555486913,0.007893347119717285,0.4176771560683848,7477.397399888909,7695.4324174827425
2024-09-30,0.007893347119717285,0.00756634981417928,0.2944965599547744,7477.397399888909,7376.634114646063
2024-10-01,0.0075663498141792795,0.007873576869935749,-0.9213019975798414,7477.397399888909,7676.157879221208
2024-10-02,0.007873576869935749,0.007541306308561272,0.14507722786251134,7477.397399888909,7352.218540104963
2024-10-03,0.007541306308561272,0.007664559369724707,-0.763944722912076,7477.397399888909,7472.381202160175
2024-10-04,0.007664559369724706,0.007459474540441028,0.9994538241733015,7477.397399888909,7272.438589771926
2024-10-07,0.007459474540441027,0.008994679476718458,-1.6715917462881127,7477.397399888909,8769.150397187284
2024-10-08,0.00899467947671846,0.008564522861384002,0.37343023493368477,7477.397399888909,8349.779360789991
2024-10-09,0.008564522861384002,0.008372233913225741,1.3307853191410546,7477.397399888909,8162.3117906023845
2024-10-10,0.008372233913225741,0.008024609399155704,-0.21496739326290557,7477.397399888909,7823.403477802623
2024-10-11,0.008024609399155704,0.007900402449030135,1.4201364725536028,7477.397399888909,7702.310844224486
2024-10-14,0.007900402449030133,0.007587522711280768,0.4687059594641093,7477.397399888909,7397.276130796576
2024-10-15,0.007587522711280769,0.008322997092923572,-1.2186272477015827,7477.397399888909,8114.309515098675
2024-10-16,0.00832299709292357,0.008030593803364601,0.867968870523839,7477.397399888909,7829.2378313981235
2024-10-17,0.008030593803364601,0.007800936817444724,1.0362581429617785,7477.397399888909,7605.339175030342
2024-10-18,0.007800936817444724,0.007479418273186628,0.2224948058480754,7477.397399888909,7291.882261153452
2024-10-21,0.0074794182731866285,0.008571033035492554,-1.4333265342773716,7477.397399888909,8356.12630133607
2024-10-22,0.008571033035492554,0.008167141222684176,-0.0505086986375913,7477.397399888909,7962.361514066359
2024-10-23,0.008167141222684176,0.00871157331754829,-1.0891948554767052,7477.397399888909,8493.142731259984
2024-10-24,0.00871157331754829,0.008294550201952763,0.15750623786262605,7477.397399888909,8086.575890359617
2024-10-25,0.008294550201952765,0.008411669418528448,-0.7869249028104084,7477.397399888909,8200.758505450158
2024-10-28,0.008411669418528446,0.008112004350893594,0.871553566194926,7477.397399888909,7908.60712266047
2024-10-29,0.008112004350893596,0.00825815743346819,-0.8050325760733793,7477.397399888909,8051.095619935611
2024-10-30,0.00825815743346819,0.007888782203925974,-0.07832399115194517,7477.397399888909,7690.981960606751
2024-10-31,0.007888782203925975,0.00913252677503115,-1.493915464545815,7477.397399888909,8903.541366190544
2024-11-01,0.00913252677503115,0.008671626653569114,0.06741184292675312,7477.397399888909,8454.197674328718
2024-11-04,0.008671626653569115,0.008953358849205579,-0.9172927535693444,7477.397399888909,8728.865826947234
2024-11-05,0.008953358849205579,0.0087008344848063,1.2310823643926732,7477.397399888909,8482.673159815165
2024-11-06,0.008700834484806299,0.011231352308191563,5.294410109077176,7477.397399888909,10949.741767814543
2024-11-07,0.011231352308191563,0.010710837856181172,-0.34811781890489746,7477.397399888909,10442.278491840878
2024-11-08,0.010710837856181172,0.010112595093613915,0.27389931674665846,7477.397399888909,9859.03583460558
2024-11-11,0.010112595093613917,0.009578585671800494,0.3777417846997511,7477.397399888909,9338.415956430072
2024-11-12,0.00957858567180049,0.010545363942496914,-1.287439150480805,7477.397399888909,10280.953606427858
2024-11-13,0.010545363942496914,0.009950816565501919,-0.010681953424545431,7477.397399888909,9701.313678110542
2024-11-14,0.009950816565501919,0.009674505623406193,-0.5170608107470636,7477.397399888909,9431.930848639235
2024-11-15,0.009674505623406195,0.009375678269426369,-0.47331708403993084,7477.397399888909,9140.596174999631
2024-11-18,0.009375678269426367,0.00889098928251022,0.04820710375566466,7477.397399888909,8668.060090403242
2024-11-19,0.00889098928251022,0.00898612404525609,-0.7870876889356198,7477.397399888909,8760.809481271323
2024-11-20,0.00898612404525609,0.00853901785205026,0.027242686527257986,7477.397399888909,8324.913854097043
2024-11-21,0.00853901785205026,0.008297575413063024,1.1581608943011679,7477.397399888909,8089.525248508263
2024-11-22,0.008297575413063024,0.008050602277506652,1.06030176354705,7477.397399888909,7848.744620875617
2024-11-25,0.008050602277506652,0.007829195420382499,1.0783665525318573,7477.397399888909,7632.8892327969525
2024-11-26,0.007829195420382499,0.007499769127851666,-0.026167220236293944,7477.397399888909,7311.722846438446
2024-11-27,0.007499769127851666,0.007215246364826616,-0.11833409652803517,7477.397399888909,7034.334096027943
2024-11-29,0.007215246364826615,0.0069673790171435575,0.39710517154716996,7477.397399888909,6792.681677394161
2024-12-02,0.006967379017143557,0.006941631630047989,-0.5588580578932218,7477.397399888909,6767.579870224707
2024-12-03,0.006941631630047989,0.006841277535444484,-0.4438141005688074,7477.397399888909,6669.742014987117
2024-12-04,0.0068412775354444845,0.006621791008463051,-0.06007378150400252,7477.397399888909,6455.75880744333
2024-12-05,0.006621791008463052,0.007060615890950181,-1.0147035558023718,7477.397399888909,6883.5807662488705
2024-12-06,0.00706061589095018,0.007014456148393607,-0.541351781448849,7477.397399888909,6838.5784150453865
2024-12-09,0.007014456148393608,0.006799370828354017,-0.19598380631661083,7477.397399888909,6628.886060299865
2024-12-10,0.006799370828354016,0.007284261930928248,-1.0532576004142398,7477.397399888909,7101.61919278528
2024-12-11,0.007284261930928249,0.0073614413294110954,-0.7054117941346096,7477.397399888909,7176.863425179812
2024-12-12,0.0073614413294110954,0.007906330906638646,-1.0962940463015067,7477.397399888909,7708.090654002804
2024-12-13,0.007906330906638646,0.0076052032885835725,-0.21729206944644927,7477.397399888909,7414.513392210804
2024-12-16,0.007605203288583572,0.007640516192237895,-0.6817346510688949,7477.397399888909,7448.940873913477
2024-12-17,0.007640516192237896,0.00775978072001222,-0.764587923116457,7477.397399888909,7565.215009507705
2024-12-18,0.007759780720012219,0.014203685280626332,-3.5794819072646673,7477.397399888909,13847.547624406165
2024-12-19,0.014203685280626332,0.01328996367213345,-0.008326509950466717,7553.187693594918,14466.880775793903
2024-12-20,0.01328996367213345,0.012660550711651673,1.042011201256255,7553.187693594918,13781.728996400994
2024-12-23,0.012660550711651673,0.011880792048853618,0.12227373629002358,7553.187693594918,12932.917375324452
2024-12-24,0.011880792048853618,0.011260290633064777,0.7420667977859909,7553.187693594918,12257.466318806444
2024-12-26,0.011260290633064775,0.010601207100141093,-0.017220764655801336,7553.187693594918,11540.016435020169
2024-12-27,0.010601207100141095,0.010768809318300536,-0.8644122610286586,7553.187693594918,11722.460974951859
2024-12-30,0.010768809318300536,0.01097142039872566,-0.8858765338059535,7553.187693594918,11943.014651145204
2024-12-31,0.01097142039872566,0.010370867566434638,-0.17264333863509954,7553.187693594918,11289.278761517686
2025-01-02,0.010370867566434638,0.01012512306110897,-0.5698949210890959,7553.187693594918,11021.771900885149
2025-01-03,0.010125123061108972,0.009635447253917719,0.6760962414285359,7553.187693594918,10488.731954637555
2025-01-06,0.009635447253917717,0.009128633043732116,-0.05580418933953561,7553.187693594918,9937.035882690638
2025-01-07,0.009128633043732116,0.00880706900777518,-0.3926558245049355,7553.187693594918,9586.995153856555
2025-01-08,0.00880706900777518,0.00839910733104255,0.4151477959569771,7553.187693594918,9142.905682734887
2025-01-10,0.008399107331042549,0.011439037171405063,-2.2316828197863137,7553.187693594918,12452.04208462866
2025-01-13,0.011439037171405063,0.010900095545507091,0.9126251398967847,8299.015611673025,11924.330007667804
2025-01-14,0.01090009554550709,0.010322924164915806,0.5642442946160656,8299.015611673025,11292.924348477178
2025-01-15,0.010322924164915807,0.010288598066009055,1.934639886417101,8299.015611673025,11255.372775692234
2025-01-16,0.010288598066009054,0.010014284492348239,-0.5398156757813855,8299.015611673025,10955.283151316187
2025-01-17,0.01001428449234824,0.009538378587830505,0.6974538211000514,8299.015611673025,10434.658443544131
2025-01-21,0.009538378587830507,0.009193218730070845,1.071572064200802,8299.015611673025,10057.065418589194
2025-01-22,0.009193218730070845,0.008735176398204024,0.266794561248198,8299.015611673025,9555.982845518265
2025-01-23,0.008735176398204024,0.008412271899854067,0.8969198824993291,8299.015611673025,9202.736419080065
2025-01-24,0.008412271899854067,0.00806738496693744,-0.232671513098951,8299.015611673025,8825.441964525913
2025-01-27,0.00806738496693744,0.007836542565852924,1.0449388657147416,8299.015611673025,8572.908309311413
2025-01-28,0.007836542565852924,0.007509971779720804,0.1936349566137412,8299.015611673025,8215.651090010431
2025-01-29,0.007509971779720804,0.007258243301633852,-0.24461706549760548,8299.015611673025,7940.268784185225
2025-01-30,0.007258243301633851,0.007446566482942957,-0.8122054185076174,8299.015611673025,8146.287873893963
2025-01-31,0.007446566482942958,0.007650254721243993,-0.8326943961592682,8299.015611673025,8369.115808020024
2025-02-03,0.007650254721243992,0.007935066402369679,-0.9051376941437903,8299.015611673025,8680.69000125553
2025-02-04,0.007935066402369677,0.007602257751751468,0.27079305994917385,8299.015611673025,8316.608772535115
2025-02-05,0.007602257751751469,0.007459032041979071,1.2374282494052835,8299.015611673025,8159.9247671722005
2025-02-06,0.007459032041979071,0.00717032999355061,0.1303947100535054,8299.015611673025,7844.0946457775635
2025-02-07,0.00717032999355061,0.008247362232836963,-1.4405702248624166,8299.015611673025,9022.330909535967
2025-02-10,0.008247362232836963,0.007874066494215742,0.009549695250414028,8299.015611673025,8613.95819764627
2025-02-11,0.007874066494215742,0.00755650561593913,0.39188926081324765,8299.015611673025,8266.557507965528
2025-02-12,0.007556505615939129,0.007768041884422247,-0.8428949678939721,8299.015611673025,8497.97091745835
2025-02-13,0.007768041884422248,0.007535208912323122,0.9110271112073329,8299.015611673025,8243.259645948398
2025-02-14,0.007535208912323122,0.0074457224595116086,-0.5338871672477953,8299.015611673025,8145.364541260079
2025-02-18,0.007445722459511608,0.007189971363557772,-0.21307925613179504,8299.015611673025,7865.5816297026395
2025-02-19,0.007189971363557773,0.0069310956552727085,0.14736301774136454,8299.015611673025,7582.380499614175
2025-02-20,0.006931095655272708,0.008480395041739261,-1.7220941248469044,8299.015611673025,9277.260795642349
2025-02-21,0.008480395041739263,0.011016903666448434,-2.026023073177054,8299.015611673025,12052.114078538107
2025-02-24,0.011016903666448434,0.010384869753452082,0.18640425993318083,8752.476152346828,11360.69069393185
2025-02-25,0.010384869753452082,0.009829290348693996,0.4041849744206265,8752.476152346828,10752.90591441863
2025-02-26,0.009829290348693996,0.010175540519886034,-0.9636985681917544,8752.476152346828,11131.691704806235
2025-02-27,0.010175540519886032,0.0096355082126458,-0.14175322090702933,8752.476152346828,10540.914915790921
2025-02-28,0.009635508212645801,0.009474483650847158,1.6051284722010857,8752.476152346828,10364.759577866518
2025-03-03,0.009474483650847158,0.010894057163641745,-1.4942167139838058,8752.476152346828,11917.724225381393
2025-03-04,0.010894057163641745,0.012368674503041948,-1.4530511362761374,8752.476152346828,13530.904927938169
2025-03-05,0.012368674503041948,0.011786468509603519,0.9933519191506205,8752.476152346828,12893.99157527829
2025-03-06,0.011786468509603519,0.011730172225220825,-0.7498145594532556,8752.476152346828,12832.40537446178
2025-03-07,0.011730172225220827,0.011039324588405605,0.24764827302766046,8752.476152346828,12076.64179679317
2025-03-10,0.011039324588405605,0.014239799862172166,-2.0225119161898304,8752.476152346828,15577.85178036107
2025-03-11,0.014239799862172166,0.014536243638833447,-0.9371582957032424,9993.202314892722,15902.151086442433
2025-03-12,0.014536243638833449,0.013943607360168687,-0.4895463794206131,9993.202314892722,15253.827360121737
2025-03-13,0.013943607360168687,0.01427659653836607,-0.9524372974515591,9993.202314892722,15618.106079810974
2025-03-14,0.014276596538366066,0.013661488203111615,1.2205861027989184,9993.202314892722,14945.198695704183
2025-03-17,0.013661488203111615,0.012886575013411287,0.6875803396129113,9993.202314892722,14097.470291608683
2025-03-18,0.012886575013411289,0.012326068236973766,-0.43244785859870827,9993.202314892722,13484.29513677896
2025-03-19,0.012326068236973766,0.011618538280823163,0.5085480942442075,9993.202314892722,12710.281674949434
2025-03-20,0.011618538280823163,0.01092753175283037,-0.016818431280125577,9993.202314892722,11954.344275791942
2025-03-21,0.01092753175283037,0.01030124469257884,0.14222588233767572,9993.202314892722,11269.207750630967
2025-03-24,0.01030124469257884,0.009984849404740776,1.3236848429162005,9993.202314892722,10923.08217684118
2025-03-25,0.009984849404740776,0.009442878542462677,-0.02812902190909153,9993.202314892722,10330.18467522174
2025-03-26,0.009442878542462677,0.009092540622635112,-0.38787541609485965,9993.202314892722,9946.927028278848
2025-03-27,0.009092540622635112,0.008700454902483156,-0.2690289775764467,9993.202314892722,9517.998722204216
2025-03-28,0.008700454902483156,0.011125393819401634,-1.9599484767822974,9993.202314892722,12170.79857822853
2025-03-31,0.011125393819401634,0.01061623392284824,0.9317233159529879,9993.202314892722,11613.795145751717
2025-04-01,0.010616233922848241,0.010039971923441127,-0.1527689887154361,9993.202314892722,10983.384318330918
2025-04-02,0.010039971923441127,0.009532343704205287,0.5294871333698545,9993.202314892722,10428.056488212223
2025-04-03,0.009532343704205287,0.01946713308803669,-4.1525024271469535,9993.202314892722,21296.374722203367
2025-04-04,0.01946713308803669,0.030562691928462105,-2.901507195588567,12036.482972961505,34816.99076782218
2025-04-07,0.030562691928462105,0.029192429880064725,-0.5196549260700808,13375.222231809488,37302.83140538435
2025-04-08,0.02919242988006472,0.027285111321951043,-0.25279467740911366,13375.222231809488,34865.61110882171
2025-04-09,0.027285111321951043,0.028531966133044703,2.920831261796417,13375.222231809488,36458.87398540675
2025-04-10,0.028531966133044703,0.028360291169608965,-0.8158407387589326,13375.222231809488,36239.50333884259
2025-04-11,0.028360291169608965,0.026464137953711216,0.5768613787772279,13375.222231809488,33816.55040131705
2025-04-14,0.026464137953711216,0.024607968685185295,0.28691685439601317,13375.222231809488,31444.689971467677
2025-04-15,0.0246079686851853,0.022943006821299114,-0.1781402804729359,13375.222231809488,29317.159239695546
2025-04-16,0.022943006821299114,0.022891197964081088,-0.8318365643361598,13375.222231809488,29250.956560643146
2025-04-17,0.022891197964081088,0.023174606997805654,-0.9202275022006583,13375.222231809488,29613.10385181502
2025-04-21,0.02317460699780565,0.02430342041751597,-1.1145482259920716,13375.222231809488,31055.53042803999
2025-04-22,0.02430342041751597,0.022997670424633344,1.0869308457696152,13375.222231809488,29387.00978614081
2025-04-23,0.022997670424633344,0.02144058499258649,0.4315176944816786,13375.222231809488,27397.326310182933
2025-04-24,0.021440584992586487,0.020090590164743273,0.6886196067939031,13375.222231809488,25672.268489779777
2025-04-25,0.02009059016474328,0.0187172756598434,-0.09374622244182837,13375.222231809488,23917.412191303836
2025-04-28,0.018717275659843397,0.017438918032118098,0.11857279521159415,13375.222231809488,22283.894212199648
2025-04-29,0.017438918032118098,0.016273216472676804,0.23412343843270944,13375.222231809488,20794.331030255446
2025-04-30,0.016273216472676804,0.015197834071354386,0.20172629325569252,13375.222231809488,19420.179971996276
2025-05-01,0.015197834071354386,0.014210789387048455,0.20864508435954268,13375.222231809488,18158.90910144813
2025-05-02,0.014210789387048455,0.013396709832434975,0.6992799612831446,13375.222231809488,17118.657484810534
2025-05-05,0.013396709832434971,0.012710664117740338,-0.34400466286905396,13375.222231809488,16242.010774112543
2025-05-06,0.01271066411774034,0.013038905789376165,-0.9527458887549706,13375.222231809488,16661.446353389703
2025-05-07,0.013038905789376163,0.01222573080443698,0.09987159905249002,13375.222231809488,15622.350618951472
2025-05-08,0.012225730804436978,0.011516610540148008,0.4494998359400852,13375.222231809488,14716.21866030362
2025-05-09,0.01151661054014801,0.010948461521474618,-0.3142692471300864,13375.222231809488,13990.223354541802
2025-05-12,0.010948461521474617,0.011239348594670517,2.4728402871580606,13375.222231809488,14361.926275265178
2025-05-13,0.011239348594670516,0.011879801831354685,-1.1027203799281629,13375.222231809488,15180.31375480065
2025-05-14,0.011879801831354685,0.011251943463170521,-0.26914540856955743,13375.222231809488,14378.020319445768
2025-05-15,0.011251943463170521,0.010598537960231842,0.18029129832406304,13375.222231809488,13543.082103764153
2025-05-16,0.010598537960231842,0.010102058482831532,0.8245952374185195,13375.222231809488,12908.667965654182
2025-05-19,0.010102058482831532,0.009572350210201962,0.40718689257637364,13375.222231809488,12231.793225554798
2025-05-20,0.009572350210201962,0.009213243743089097,-0.39002472871387583,13375.222231809488,11772.917823461525
2025-05-21,0.009213243743089095,0.012758646536321885,-2.314781365887076,13375.222231809488,16303.323932288264
2025-05-22,0.012758646536321885,0.011993079216747441,-0.14033437304658639,13375.222231809488,15325.06248680786
2025-05-23,0.011993079216747441,0.011787190350464351,-0.6617254683236248,13375.222231809488,15061.972442616348
2025-05-27,0.011787190350464353,0.011554040373903412,1.6857570931170616,13375.222231809488,14764.047456462273
2025-05-28,0.011554040373903412,0.011101011433934424,-0.44907326260751285,13375.222231809488,14185.155523216132
2025-05-29,0.011101011433934424,0.010464358290026511,0.23022449556297467,13375.222231809488,13371.623899145237
2025-05-30,0.010464358290026511,0.009883229236896673,0.20153210074687,13375.222231809488,12629.04237432066
2025-06-02,0.009883229236896673,0.009350525827967476,-0.02309098558252117,13375.222231809488,11948.340372671619
2025-06-03,0.009350525827967474,0.00889393347064002,0.44120636252297596,13375.222231809488,11364.895013845759
2025-06-04,0.008893933470640021,0.00869771593802465,-0.5257453967450517,13375.222231809488,11114.163246466227
2025-06-05,0.00869771593802465,0.00836025693466893,-0.30687439571572367,13375.222231809488,10682.949525644592
2025-06-06,0.00836025693466893,0.008140886415933494,1.1859513548454117,13375.222231809488,10402.632282122226
2025-06-09,0.008140886415933492,0.007923330172007066,-0.42518457258069065,13375.222231809488,10124.633365220889
2025-06-10,0.007923330172007068,0.0075920377022939455,0.2757468986973851,13375.222231809488,9701.299398355006
2025-06-11,0.007592037702293944,0.007287669088350246,-0.02396913768550556,13375.222231809488,9312.369421039695
2025-06-12,0.007287669088350247,0.007084307611206919,0.818668840548586,13375.222231809488,9052.508939147854
2025-06-13,0.007084307611206919,0.010305769928395025,-2.4990862599434243,13375.222231809488,13168.975646118677
2025-06-16,0.010305769928395023,0.00981692222721934,0.7539932616274804,13375.222231809488,12790.109843478576
2025-06-17,0.00981692222721934,0.009807534043327857,-0.7351231634016887,13375.222231809488,12777.878321172135
2025-06-18,0.009807534043327857,0.009299084021953759,-0.13404937337564782,13375.222231809488,12115.437336841776
2025-06-20,0.009299084021953759,0.008822938050997563,0.1054931321922349,13375.222231809488,11495.084121332551
2025-06-23,0.008822938050997563,0.008418469041287601,0.46084153095400565,13375.222231809488,10968.11620381868
2025-06-24,0.008418469041287603,0.008230605303968469,1.3098519665785453,13375.222231809488,10723.35539383122
2025-06-25,0.008230605303968469,0.007870312539067507,-0.11757174830957487,13375.222231809488,10253.943094106891
2025-06-26,0.007870312539067508,0.007690501938887483,1.1832040510034807,13375.222231809488,10019.674422715396
2025-06-27,0.007690501938887483,0.007389015005305867,0.3565418420411355,13375.222231809488,9626.87809535011
2025-06-30,0.0073890150053058665,0.007309911090073095,1.4085402122005084,13375.222231809488,9523.816489944793
2025-07-01,0.007309911090073095,0.007238504362594117,1.4135107836172116,13375.222231809488,9430.78326966653
2025-07-02,0.007238504362594118,0.007090974991891372,-0.4100424142172562,13375.222231809488,9238.572634525148
2025-07-03,0.007090974991891374,0.006985816327192273,1.212143179155135,13375.222231809488,9101.565246530796
2025-07-07,0.006985816327192272,0.00924656599911559,-2.0772974945600695,13375.222231809488,12047.013520770377
2025-07-08,0.00924656599911559,0.00897176466880723,-0.46502461845675513,13375.222231809488,11688.984892405302
2025-07-09,0.00897176466880723,0.008539325979127453,0.3231024685577886,13375.222231809488,11125.57629920705
2025-07-10,0.008539325979127453,0.008178878499133234,0.5917020178420399,13375.222231809488,10655.962426831802
2025-07-11,0.008178878499133234,0.008346648950315559,-0.8244434975227757,13375.222231809488,10874.544427325018
2025-07-14,0.008346648950315559,0.007963309306328966,0.026926880344460898,13375.222231809488,10375.105189602007
2025-07-15,0.007963309306328966,0.009474655588768683,-1.6232633390611935,13375.222231809488,12344.183126303999
2025-07-16,0.009474655588768683,0.009035428835725792,0.6394755541229404,13375.222231809488,11771.930612981985
2025-07-17,0.009035428835725792,0.008621985954915267,0.5475462277262862,13375.222231809488,11233.270966182616
2025-07-18,0.008621985954915267,0.00828089331769472,-0.2861963717944821,13375.222231809488,10788.87381238258
2025-07-21,0.00828089331769472,0.007904584066206342,-0.022631783369913686,13375.222231809488,10298.594216573165
2025-07-22,0.007904584066206342,0.0076872506499592605,1.0415934949447145,13375.222231809488,10015.438436979506
2025-07-23,0.0076872506499592605,0.007599801053240291,1.4578108886264372,13375.222231809488,9901.503547620568
2025-07-24,0.007599801053240291,0.007782499946643889,-0.8195135947489665,13375.222231809488,10139.535270886638
2025-07-25,0.007782499946643889,0.007487614292562025,0.5237589444675114,13375.222231809488,9755.339509763511
2025-07-28,0.007487614292562026,0.007616947120755324,-0.7672246269650039,13375.222231809488,9923.842533488554
2025-07-29,0.007616947120755324,0.007972388596155282,-0.9591402946561444,13375.222231809488,10386.934265099559
2025-07-30,0.007972388596155282,0.007642331186862277,-0.1372516040356621,13375.222231809488,9956.914507195534
2025-07-31,0.007642331186862277,0.008192055297145773,-1.0973653302885662,13375.222231809488,10673.129996265981
2025-08-01,0.008192055297145773,0.010613818889002877,-2.009425175046778,13375.222231809488,13828.357432916784
2025-08-04,0.010613818889002877,0.010299086832461982,1.379361458977058,13375.222231809488,13418.304518036744
2025-08-05,0.01029908683246198,0.009727090034409691,-0.0003730384168354872,13375.222231809488,12673.070756591424
2025-08-06,0.009727090034409693,0.009284004341280542,-0.2786861369732909,12696.791070757394,12095.790571007139
2025-08-07,0.009284004341280542,0.009270764327112617,-0.7152435728497121,12696.791070757394,12078.540639550269
2025-08-08,0.009270764327112616,0.008946863236931163,1.0720281488860501,12696.791070757394,11656.541725231
2025-08-11,0.008946863236931165,0.008746041545436014,-0.5247458596348781,12696.791070757394,11394.898469460431
2025-08-12,0.008746041545436014,0.008609219994977255,1.5296547592488958,12696.791070757394,11216.638662688154
2025-08-13,0.008609219994977255,0.008401301491240527,1.2914697669638469,12696.791070757394,10945.749229143392
2025-08-14,0.008401301491240529,0.008012838406601452,0.06509447292645791,12696.791070757394,10439.634847500009
2025-08-15,0.008012838406601452,0.007719859978161848,0.7044008074095566,12696.791070757394,10057.923941089613
2025-08-18,0.007719859978161848,0.007442367350556199,-0.23173275010381636,12696.791070757394,9696.388919655807
2025-08-19,0.007442367350556198,0.007155041728146232,0.11391631681291667,12696.791070757394,9322.042848004156
2025-08-20,0.007155041728146233,0.006995717104933139,-0.3741018195700209,12696.791070757394,9114.464608663913
2025-08-21,0.006995717104933139,0.006863523244481789,-0.39648632501976255,12696.791070757394,8942.234050381783
2025-08-22,0.006863523244481789,0.007268925638691406,2.618420768193969,12696.791070757394,9470.41804050991
2025-08-25,0.007268925638691406,0.007960924131133825,-1.1977937599546773,12696.791070757394,10371.997631852675
2025-08-26,0.007960924131133824,0.00761757688770472,0.05944966205307395,12696.791070757394,9924.663033872699
2025-08-27,0.007617576887704721,0.007320744772760947,0.3153644070572967,12696.791070757394,9537.931299900485
2025-08-28,0.007320744772760946,0.007049240005533488,-0.07396528494297154,12696.791070757394,9184.1976433132
2025-08-29,0.007049240005533487,0.006812661523112354,-0.11294503730483578,12696.791070757394,8875.968169071268
2025-09-02,0.006812661523112354,0.007085808098426809,-0.87389611497099,12696.791070757394,9231.840877521096
2025-09-03,0.00708580809842681,0.006858367949880411,0.47102373797565555,12696.791070757394,8935.517405113442
2025-09-04,0.006858367949880411,0.006752148209736333,1.1110257678433737,12696.791070757394,8797.127580630406
2025-09-05,0.006752148209736333,0.007003888574094664,-0.8516845586531777,12696.791070757394,9125.110917735072
2025-09-08,0.007003888574094664,0.006770578531786662,-0.10099220997827835,12696.791070757394,8821.139774882162
2025-09-09,0.006770578531786661,0.006779223250905126,1.5447028091581276,12696.791070757394,8832.402664057816
2025-09-10,0.006779223250905126,0.006838735070461166,-0.6492289873679847,12696.791070757394,8909.938442735633
2025-09-11,0.006838735070461166,0.0071715567613728015,2.4549869432699793,12696.791070757394,9343.559682318159
2025-09-12,0.0071715567613728015,0.006944407554819259,-0.2127480062269035,12696.791070757394,9047.615267619283
2025-09-15,0.006944407554819259,0.006713344687813827,0.16205228005394,12696.791070757394,8746.571887489985
2025-09-16,0.006713344687813827,0.006923980475057097,-0.8099540480352025,12696.791070757394,9021.001570587525
2025-09-17,0.006923980475057097,0.006780089845441132,0.9517306459838373,12696.791070757394,8833.531718464965
2025-09-18,0.006780089845441131,0.00656550277657942,0.057687887163863874,12696.791070757394,8553.95405469154
2025-09-19,0.0065655027765794205,0.006528298065279372,1.2986173906041498,12696.791070757394,8505.481393585686
2025-09-22,0.006528298065279372,0.006398021807728442,0.7810668520756426,12696.791070757394,8335.749210167372
2025-09-23,0.0063980218077284426,0.006265521372914063,-0.2461239634463074,12696.791070757394,8163.119227331643
2025-09-24,0.006265521372914062,0.00641534078791408,-0.714956383282291,12696.791070757394,8358.313477645948
2025-09-25,0.0064153407879140815,0.0070641378179334925,-1.182645909840471,12696.791070757394,9203.607459609319
2025-09-26,0.007064137817933492,0.0068503798701226816,0.5800900071556402,12696.791070757394,8925.11002740635
2025-09-29,0.0068503798701226816,0.00662851489338828,0.10611485121451357,12696.791070757394,8636.050242967414
2025-09-30,0.006628514893388281,0.006455281217392533,0.5108649771751532,12696.791070757394,8410.35040616604
2025-10-01,0.006455281217392532,0.006305070981530831,0.5460503059820182,12696.791070757394,8214.646969608391
2025-10-02,0.00630507098153083,0.006146482634809815,0.06948541678028769,12696.791070757394,8008.02799804993
2025-10-03,0.006146482634809816,0.006157278038574091,1.3366061465210124,12696.791070757394,8022.092935792531
2025-10-06,0.00615727803857409,0.006124187663103949,-0.4267270680221073,12696.791070757394,7978.980692746377
2025-10-07,0.006124187663103949,0.006048990543871906,-0.32312818684139727,12696.791070757394,7881.009109328484
2025-10-08,0.0060489905438719065,0.005921362565884345,-0.004212471117473849,12696.791070757394,7714.727272742687
2025-10-09,0.005921362565884345,0.006864204799709527,-1.417104450795646,12696.791070757394,8943.122023824519
2025-10-10,0.006864204799709528,0.01111220171369203,-2.9795956184863424,12696.791070757394,14477.682233942833
2025-10-13,0.011112201713692028,0.010640344184357138,1.0479871938720204,12696.791070757394,16279.908296687892
2025-10-14,0.01064034418435714,0.010090390324089774,0.5916521048815223,12696.791070757394,15438.469499461322
2025-10-15,0.010090390324089774,0.009538314940160353,0.061445864596957195,12696.791070757394,14593.784734804647
2025-10-16,0.009538314940160353,0.010406163458924332,-1.2413076376316514,12696.791070757394,15921.607787903338
2025-10-17,0.010406163458924332,0.009827428346024627,0.14503535453818223,12696.791070757394,15036.133182680336
2025-10-20,0.009827428346024627,0.009543696519568606,1.325531939424107,12696.791070757394,14602.018643195177
2025-10-21,0.009543696519568606,0.009076693455828073,-0.18900803067392274,12696.791070757394,13887.495981123275
2025-10-22,0.009076693455828073,0.009900695624954567,-1.2313241835435882,12696.791070757394,15148.233370555916
2025-10-23,0.009900695624954567,0.00936589725807009,-0.008675807041863982,12696.791070757394,14329.982737000515
2025-10-24,0.00936589725807009,0.008999290862676545,0.9395468867168855,12696.791070757394,13769.068691873996
2025-10-27,0.008999290862676545,0.008618427545111274,0.7270534923534382,12696.791070757394,13186.341312373392
2025-10-28,0.008618427545111274,0.008210172712819468,0.1444286689775143,12696.791070757394,12561.704447603415
2025-10-29,0.00821017271281947,0.007862838016710389,0.43633188415373086,12696.791070757394,12030.276431465853
2025-10-30,0.007862838016710389,0.007576661147752371,-0.24679741159426813,12696.791070757394,11592.42093520107
2025-10-31,0.0075766611477523695,0.007507240050604198,-0.5630912682519996,12696.791070757394,11486.20547112903
2025-11-03,0.007507240050604198,0.008108312226818438,-1.1332770373952954,12696.791070757394,12405.856164651184
2025-11-04,0.008108312226818438,0.007750261842028304,0.0921063362192096,12696.791070757394,11858.032961850404
2025-11-05,0.0077502618420283035,0.0075114908597026945,0.8717161373280857,12696.791070757394,11492.709281636588
2025-11-06,0.0075114908597026945,0.0081103066922461,-1.1317130810602354,12696.791070757394,12408.907730813018
2025-11-07,0.008110306692246102,0.007754831066055,0.18069224007002552,12696.791070757394,11865.023952635362
2025-11-10,0.007754831066055,0.007493838381217801,0.747907938479073,12696.791070757394,11465.700688120805
2025-11-11,0.0074938383812178,0.007499443209947318,1.7011103173709432,12696.791070757394,11474.276171785077
2025-11-12,0.007499443209947319,0.007295233715627504,0.9282416675748476,12696.791070757394,11161.832158392437
2025-11-13,0.007295233715627503,0.010039728815445091,-2.257499612913696,12696.791070757394,15360.95652613854
2025-11-14,0.010039728815445093,0.010357277559944242,-0.9475828894030114,12696.791070757394,15846.811527687712
2025-11-17,0.010357277559944242,0.010488572713850444,-0.8399151007473981,12696.791070757394,16047.695355161533
2025-11-18,0.010488572713850444,0.01122153673817992,-1.1565690658794918,12696.791070757394,17169.14282848649
2025-11-19,0.01122153673817992,0.010565908367447203,-0.016795948313956394,12696.791070757394,16166.020225748953
2025-11-20,0.010565908367447203,0.010694462089205067,-0.8409069957883988,12696.791070757394,16362.709615223095
2025-11-21,0.010694462089205069,0.010207358178644228,0.890425280982701,12696.791070757394,15617.432314273865
2025-11-24,0.010207358178644226,0.009652174500970202,0.2383000344129051,12696.791070757394,14767.991807110693
2025-11-25,0.009652174500970202,0.009488430211385283,1.600990636714865,12696.791070757394,14517.460247946674
2025-11-26,0.009488430211385283,0.00911007627846791,0.9331489495080864,12696.791070757394,13938.57226980763
2025-11-28,0.009110076278467912,0.008681901469131776,0.48962164325292684,12696.791070757394,13283.457500006109
2025-12-01,0.008681901469131776,0.009615833482961722,-1.2994689499958312,12696.791070757394,14712.389428998136
2025-12-02,0.00961583348296172,0.009120952780784841,0.3082925740329783,12696.791070757394,13955.213504079795
2025-12-03,0.009120952780784843,0.008755940271547136,0.8579217360364553,12696.791070757394,13396.738131988923
2025-12-04,0.008755940271547136,0.008582705734421025,-0.5404371149239239,12696.791070757394,13131.686332031322
2025-12-05,0.008582705734421027,0.008199687360562683,-0.16842846033694855,12696.791070757394,12545.661679602556
2025-12-08,0.008199687360562681,0.00832388852499597,-0.7897072285060974,12696.791070757394,12735.691582045785
2025-12-09,0.008323888524995972,0.00881528623516311,-1.054435229819477,12696.791070757394,13487.53846971362
2025-12-10,0.00881528623516311,0.008509378124418196,0.9988874598646698,12696.791070757394,13019.493836584008
2025-12-11,0.008509378124418198,0.008682826538423307,2.2140904044493417,12696.791070757394,13284.872871818643
2025-12-12,0.008682826538423305,0.008569709038651589,-0.5981681934010237,12696.791070757394,13111.80116557238
2025-12-15,0.008569709038651589,0.008166896023028282,-0.06049859503538171,12696.791070757394,12495.490373229724
2025-12-16,0.008166896023028282,0.008330387831035891,-0.8206963694149778,12696.791070757394,12745.635631269079
2025-12-17,0.008330387831035891,0.008521303672171708,-0.846231088683266,12696.791070757394,13037.74012828765
2025-12-18,0.008521303672171708,0.008120932590337112,0.07631829997986989,12696.791070757394,12425.165536340204
2025-12-19,0.008120932590337112,0.0077905263689561155,0.5100398339485449,11546.99689776673,10476.990302369804
2025-12-22,0.0077905263689561155,0.007480384716772777,0.37806834789268895,11546.99689776673,10059.900246011883
2025-12-23,0.007480384716772776,0.007191652381760343,0.19627980904680078,11546.99689776673,9671.602237553796
2025-12-24,0.007191652381760344,0.0069887611146150184,0.7610246218404404,11546.99689776673,9398.746497434928
2025-12-26,0.0069887611146150184,0.006770418561200197,-0.1719905968199696,11546.99689776673,9105.111291495914
2025-12-29,0.006770418561200197,0.00730235403713117,-1.0899070742922472,11546.99689776673,9820.47795080446
2025-12-30,0.007302354037131171,0.00708764990017835,-0.2862224905900148,11546.99689776673,9531.73582296865
2025-12-31,0.007087649900178349,0.007512403337152707,-1.0075266225955435,11546.99689776673,10102.96008039644
2026-01-02,0.007512403337152708,0.007277662063852954,0.7631687469213191,11546.99689776673,9787.271264589635
2026-01-05,0.007277662063852954,0.00717448711702262,1.2861374052654402,11546.99689776673,9648.517749590137
2026-01-06,0.00717448711702262,0.007031063155806535,1.0761711966418916,11546.99689776673,9455.635859506794
2026-01-07,0.007031063155806535,0.007830464265402723,-1.2745901578866605,11546.99689776673,10530.700274450193
2026-01-08,0.007830464265402723,0.007500402894533241,0.016302559276962857,11546.99689776673,10086.821437768993
2026-01-09,0.00750040289453324,0.007214653519550779,0.29500722798415285,11546.99689776673,9702.535025168012
2026-01-12,0.007214653519550779,0.007041688649457134,-0.3586794767062853,11546.99689776673,9469.925419500945
2026-01-13,0.007041688649457134,0.009291842516427203,-2.0651308633689482,11546.99689776673,12496.016228592734
2026-01-14,0.009291842516427203,0.008926089638597364,-0.3469265332990309,11546.99689776673,12004.138122723421
2026-01-15,0.008926089638597364,0.008548223935955264,0.7071577811404045,11546.99689776673,11495.97023846403
2026-01-16,0.008548223935955264,0.008354482280216954,-0.4998644842327508,11546.99689776673,11235.419236875245
2026-01-20,0.008354482280216952,0.0097351154826734,-1.5358073679426292,11546.99689776673,13092.146239418485
2026-01-21,0.0097351154826734,0.0094078591487717,1.1794831364044729,11546.99689776673,12652.039721027144
2026-01-22,0.009407859148771701,0.008981405165813102,0.6779674036640222,11546.99689776673,12078.528505961083
2026-01-23,0.0089814051658131,0.009096499719284919,-0.8043578120988163,11546.99689776673,12233.311952351161
2026-01-26,0.009096499719284919,0.008786421930125198,1.0716277944554773,11546.99689776673,11816.307781368301
2026-01-27,0.008786421930125198,0.012234407604773973,-2.3338067941033014,11546.99689776673,16453.2874622221
2026-01-28,0.012234407604773971,0.011489047689731762,0.027555319008761726,11873.525497570383,15885.043448074559
2026-01-29,0.011489047689731762,0.01090558651588604,-0.28902207098968524,11873.525497570383,15078.335499156623
2026-01-30,0.01090558651588604,0.010731153370865129,-0.6493482071728339,11873.525497570383,14837.159888934557
2026-02-02,0.01073115337086513,0.010409740713167717,1.3811705027207035,11873.525497570383,14392.766744248802
2026-02-03,0.010409740713167715,0.009871259316158882,-0.20464630810806925,11873.525497570383,13648.248954918872
2026-02-04,0.00987125931615888,0.00944560462302264,0.869848943327553,11873.525497570383,13059.728176091474
2026-02-05,0.009445604623022642,0.010816203834073593,-1.4745172895288408,11873.525497570383,14954.752777381942
2026-02-06,0.010816203834073591,0.01115206159648202,2.5351542265736393,11873.525497570383,15419.118083568212
2026-02-09,0.011152061596482021,0.010631508232909032,-0.3400515000730472,11873.525497570383,14699.388039729276
2026-02-10,0.010631508232909032,0.01003161900627853,-0.049897007725006555,11873.525497570383,13869.966255922594
2026-02-11,0.010031619006278532,0.009504918997586147,0.377080498216126,11873.525497570383,13141.737707471413
2026-02-12,0.009504918997586147,0.011542407884096557,-1.7429476602367107,11873.525497570383,15958.820581634553
2026-02-13,0.011542407884096557,0.010857910990380032,0.022668157963466967,11873.525497570383,15012.418130326341
2026-02-17,0.010857910990380032,0.010247829315191064,0.28944973441867083,11873.525497570383,14168.904013319736
2026-02-18,0.010247829315191064,0.009685661978252493,0.18594373494463692,11873.525497570383,13391.637453590967
2026-02-19,0.009685661978252493,0.00942371009314215,-0.513642196881067,11873.525497570383,13029.456253838285
2026-02-20,0.00942371009314215,0.00896856029492117,0.506110671590481,11873.525497570383,12400.15480820285
2026-02-23,0.008968560294921168,0.01127597321219733,-1.8894846127279659,11873.525497570383,15590.441369232525
2026-02-24,0.011275973212197333,0.010664110483633077,0.5496531189932206,11873.525497570383,14744.464723475603
2026-02-25,0.010664110483633076,0.01015129675388888,0.7794174103431161,11873.525497570383,14035.435690108789
2026-02-26,0.01015129675388888,0.009604900796747149,-0.10805966334348385,11873.525497570383,13279.975032842483
2026-02-27,0.009604900796747147,0.009917065033354686,-0.9431234282311876,11873.525497570383,13711.581080215547
2026-03-02,0.009917065033354688,0.009381184134673926,-0.023062987018817968,11873.525497570383,12970.658804634335
2026-03-03,0.009381184134673924,0.009833963822608517,-1.0257206075888303,11873.525497570383,13596.683276764848
2026-03-04,0.009833963822608517,0.009321451734859142,0.3379737633122039,11873.525497570383,12888.07130113188
2026-03-05,0.009321451734859144,0.012130223253378423,-2.0449700575891017,11873.525497570383,16771.54874959522
2026-03-06,0.012130223253378423,0.012464416596103202,-0.9563356206597539,11873.525497570383,17233.612787677765
2026-03-09,0.0124644165961032,0.011735100712315306,0.4486471943515636,11873.525497570383,16225.242484567627
2026-03-10,0.011735100712315307,0.01103344804016065,0.0033575244573332236,11873.525497570383,15255.120026759765
2026-03-11,0.011033448040160649,0.010845065417968269,-0.6436217081317253,11873.525497570383,14994.657522015992
2026-03-12,0.010845065417968269,0.01303019539121359,-1.7099758146206225,11873.525497570383,18015.872639411187
2026-03-13,0.01303019539121359,0.012374935170181027,-0.3483778347871225,11873.525497570383,17109.893539837947
2026-03-16,0.012374935170181027,0.011698542618767788,0.6757387990940513,11873.525497570383,16174.696354021045
2026-03-17,0.011698542618767788,0.011000360542384211,0.037747580207711386,11873.525497570383,15209.372428354674
2026-03-18,0.011000360542384213,0.013002307833102168,-1.638239504912429,11873.525497570383,17977.314607081273
2026-03-19,0.013002307833102168,0.012417483751393937,-0.41731911406762456,11873.525497570383,17168.722267812074
2026-03-20,0.012417483751393938,0.012195763376261097,-0.6632207644851836,11873.525497570383,16862.16615564132
2026-03-23,0.012195763376261095,0.01157471591597954,0.8313483381315404,11873.525497570383,16003.490471084278
2026-03-24,0.011574715915979542,0.010887452412462252,0.033530356004398125,11873.525497570383,15053.262836168531
2026-03-25,0.01088745241246225,0.010269738347210365,0.2277813561947787,11873.525497570383,14199.195986591192
2026-03-26,0.010269738347210367,0.010660144861306118,-0.9879846973979477,11873.525497570383,14738.981755290284
2026-03-27,0.010660144861306115,0.014096036925995736,-2.1271662771090063,11873.525497570383,19489.531688098814
2026-03-30,0.014096036925995736,0.013192194595247482,-0.02558255830598708,12293.150199452473,18239.85677318163
2026-03-31,0.013192194595247482,0.013120718333563895,2.021257756974714,12293.150199452473,18141.031913801464
2026-04-01,0.013120718333563895,0.01232693663404093,0.38621285371200753,12293.150199452473,17043.529568461025
2026-04-02,0.012326936634040928,0.011612379302608354,-0.17707051317275277,12293.150199452473,16055.564807370223
2026-04-06,0.011612379302608354,0.01094935859702716,0.4075194863089955,11873.525497570383,14620.404977707489
2026-04-07,0.01094935859702716,0.010337947005268994,0.3567065892228426,11546.99689776673,12963.48864609418
2026-04-08,0.010337947005268995,0.010821925693311476,2.7430547258234084,11546.99689776673,13570.384021374448
2026-04-09,0.010821925693311474,0.010238984552893723,0.48765938571674816,11546.99689776673,12839.392572947105
2026-04-10,0.010238984552893722,0.01009250327414107,-0.6458639145975937,11546.99689776673,12655.709256229813
2026-04-13,0.010092503274141072,0.009639196670102695,0.8311661673513282,11546.99689776673,12087.275793410174
2026-04-14,0.009639196670102695,0.00915387067488146,0.42460596219970714,11546.99689776673,11478.690933621454
2026-04-15,0.00915387067488146,0.008690305034651903,0.003852385166324609,11546.99689776673,10897.392934050324
2026-04-16,0.008690305034651903,0.008280387443008994,0.25533933598444164,11546.99689776673,10383.368046672904
2026-04-17,0.008280387443008994,0.008406659546466215,2.100298475793239,11546.99689776673,10541.709637962917
2026-04-20,0.008406659546466215,0.008019871657704689,0.15096212431517286,11546.99689776673,10056.688733730072
2026-04-21,0.00801987165770469,0.0076876910441878365,-0.14920042108660053,11265.689473378901,9640.143784371798
2026-04-22,0.007687691044187836,0.007488325232628984,1.035400059896187,11265.689473378901,9390.144782321844
2026-04-23,0.007488325232628985,0.0071948451719233125,-0.015401774313312206,11265.689473378901,9022.129214736335
2026-04-24,0.007194845171923312,0.0072711525580972875,-0.6989484901544916,11265.689473378901,9117.816485504434
2026-04-27,0.007271152558097288,0.007050527492683124,-0.26299278992947334,11265.689473378901,8841.158989670632
2026-04-28,0.007050527492683124,0.006830296410456328,0.5061081892282667,11265.689473378901,8564.995537438866
2026-04-29,0.006830296410456328,0.006650951839487239,-0.2487217659481097,11265.689473378901,8340.102596092634
2026-04-30,0.006650951839487239,0.00675205694833209,1.8202660341099581,11265.689473378901,8466.885498916989
2026-05-01,0.00675205694833209,0.006732972096348528,-0.5435331701655889,11265.689473378901,8442.953642633029
2026-05-04,0.006732972096348528,0.008877305647685584,-2.0525801077644554,11265.689473378901,11131.88633226945
2026-05-05,0.008877305647685584,0.008502424351442899,0.6989388082993067,11265.689473378901,10731.542675213786
2026-05-06,0.008502424351442899,0.008273619444185682,1.1929167888833034,11265.689473378901,10442.750970044137
2026-05-07,0.008273619444185682,0.008445521323389776,-0.8301728457758014,11265.689473378901,10659.721127775103
2026-05-08,0.008445521323389778,0.008053254942050002,0.09889409744033872,11265.689473378901,10164.612528463063
2026-05-11,0.008053254942050002,0.007706513287060435,0.240328321737992,11265.689473378901,9726.96407503539
2026-05-12,0.007706513287060434,0.007434766777532284,0.645333967541639,11265.689473378901,9383.972577163744
2026-05-13,0.007434766777532283,0.0075374992246206125,-0.7393917507994301,11265.689473378901,9513.638845805164
2026-05-14,0.007537499224620613,0.007284543770709876,0.6584084249616435,11265.689473378901,9194.36493799198
2026-05-15,0.0072845437707098745,0.007765872546443425,-1.0510249728340828,11265.689473378901,9801.88581487181
2026-05-18,0.007765872546443424,0.0074426398799301305,0.02141635933273667,11265.689473378901,9393.909805756019
2026-05-19,0.007442639879930132,0.007443322906464295,-0.633880525804027,11265.689473378901,9394.77190438774
2026-05-20,0.007443322906464294,0.007435276975173065,1.6510156553051079,11265.689473378901,9384.616535584135
2026-05-21,0.007435276975173065,0.007161653899389009,0.3693744247734418,11265.689473378901,9039.25648375356
2026-05-22,0.007161653899389009,0.006951294449924935,0.6883822403891316,11265.689473378901,8773.746163902837
2026-05-26,0.006951294449924935,0.007013281827114425,-0.6661182273840284,11265.689473378901,8851.985046853992
2026-05-27,0.007013281827114425,0.00677193893556648,0.019961328396932133,11265.689473378901,8547.36821841179
2026-05-28,0.006771938935566479,0.0065643549989543625,-0.09809575988386605,11265.689473378901,8285.361079934426
2026-05-29,0.0065643549989543625,0.006406009641729512,0.5870900899779873,11265.689473378901,8085.501617710328
2026-06-01,0.006406009641729512,0.006723115254201393,-0.9012468252605245,11265.689473378901,8485.744215836388
2026-06-02,0.006723115254201394,0.006557125315635927,0.6720138694589346,11265.689473378901,8276.235958456939
2026-06-03,0.006557125315635927,0.006848914063397922,-0.8824433082685051,11265.689473378901,8644.524257102446
2026-06-04,0.006848914063397921,0.007429773212687586,2.9797153723679703,11265.689473378901,9377.669827263568
2026-06-05,0.007429773212687587,0.007909825678922299,-1.0499748483217206,11265.689473378901,9983.579778919318
2026-06-08,0.007909825678922299,0.007922614652678033,-0.6769282151129098,11265.689473378901,9999.72169467874
2026-06-09,0.007922614652678031,0.007583581818571125,-0.030196599896154905,11265.689473378901,9571.803117914276
2026-06-10,0.007583581818571125,0.010082002613924869,-2.111199963851682,11265.689473378901,12725.245980529124
2026-06-11,0.010082002613924869,0.009801331709803657,1.3789317185585157,11265.689473378901,12789.452976077284
2026-06-12,0.009801331709803655,0.009349839919480312,0.7274605412415025,11265.689473378901,12200.315378004803
2026-06-15,0.009349839919480312,0.008968029527752604,0.8703608707895272,11265.689473378901,11702.102870219267
2026-06-16,0.008968029527752604,0.008639711664205314,0.9598957415586177,11265.689473378901,11273.691099108182
2026-06-17,0.008639711664205314,0.009437531881511323,-1.2286480369768593,11265.689473378901,12314.741892480766
2026-06-18,0.009437531881511323,0.008949092570555222,0.13603043377249832,11265.689473378901,11677.392623616384
2026-06-22,0.00894909257055522,0.008540862306618139,0.5266250719657015,11265.689473378901,11144.70564610978
2026-06-23,0.00854086230661814,0.00816612215996473,-0.1825602232685479,11265.689473378901,10655.718881272693
2026-06-24,0.008166122159964729,0.007825704844796433,0.46066492718339586,11265.689473378901,10211.518911973353
2026-06-25,0.007825704844796433,0.007540035530914252,-0.2383581907087699,11265.689473378901,9838.7579071652
2026-06-26,0.007540035530914252,0.007275037343306966,0.567618623557762,11265.689473378901,9492.970012265256
2026-06-29,0.007275037343306966,0.007027153320740886,0.46960798677908777,11265.689473378901,9169.513859163253
2026-06-30,0.007027153320740886,0.006822709230109567,0.6253746870146326,11265.689473378901,8902.74112247985
2026-07-01,0.006822709230109567,0.0066635571536856255,0.7982096882967721,11265.689473378901,8695.068526782155
2026-07-02,0.0066635571536856255,0.006865990210389689,2.11417210277442,11265.689473378901,8959.217127826907
2026-07-06,0.006865990210389689,0.006795194990636133,-0.48078386762706676,11265.689473378901,8866.838646945222
2026-07-07,0.006795194990636132,0.006726176203239423,-0.4733900380985527,11265.689473378901,8776.778177407885
2026-07-08,0.006726176203239422,0.008027367987600125,-1.5992191898218169,11265.689473378901,10474.662876309954
2026-07-09,0.008027367987600125,0.007713487048655532,0.5690452949881154,11265.689473378901,10065.089399197293
2026-07-10,0.007713487048655532,0.007396781998376137,0.09731997918396855,11265.689473378901,9651.830827019488
2026-07-13,0.007396781998376136,0.007113716025254175,-0.03045109049211958,11265.689473378901,9282.466840618561
2026-07-14,0.0071137160252541754,0.0069014076531387,0.6357155475851856,11265.689473378901,9005.432247566025
2026-07-15,0.0069014076531387,0.006716129381148543,0.6712428797521818,11265.689473378901,8763.668391667054
2026-07-16,0.006716129381148542,0.006549794674667616,0.6631607296477812,11265.689473378901,8546.623405351615
2026-07-17,0.006549794674667617,0.006411005198612476,-0.278273274905007,11265.689473378901,8365.521333700866
2026-07-20,0.006411005198612477,0.006909411722319079,-1.0627806362599526,11265.689473378901,9015.876508553269
2026-07-21,0.00690941172231908,0.006814191405129035,1.183662387282337,11265.689473378901,8891.626477524205
2026-07-22,0.006814191405129035,0.006691148353528651,-0.37997330804913054,11265.689473378901,8731.071425509985
2026-07-23,0.006691148353528651,0.007220641242839523,-1.0882062828651426,11265.689473378901,9421.990232210012
2026-07-24,0.007220641242839523,0.0071267917583136475,1.3034982507691177,11265.689473378901,9299.528958098434
2026-07-27,0.0071267917583136475,0.006898333573671267,0.5059659177113804,11265.689473378901,9001.420976857358
2026-07-28,0.006898333573671268,0.0068604907148389765,1.4133950998162756,11265.689473378901,8952.041007089392
