Date,AAPL,AMGN,CAT,GS,HD,JPM,MSFT,TRV,UNH,V
2016-07-29,23.70292854309082,126.93212890625,66.45771026611328,128.6365203857422,107.7691879272461,49.18779754638672,50.018245697021484,93.36761474609375,120.67481994628906,72.60527038574219
2016-08-01,24.121444702148438,128.50376892089844,65.80728912353516,128.126220703125,108.18235778808594,49.05707931518555,49.929996490478516,93.84159851074219,120.93606567382812,72.80062103271484
2016-08-02,23.764341354370117,128.49636840820312,65.23712921142578,126.40898132324219,106.9740219116211,48.94176483154297,49.929996490478516,94.01832580566406,120.6495361328125,72.81919860839844
2016-08-03,24.062305450439453,127.9651107788086,65.87152099609375,128.25576782226562,106.84930419921875,49.718360900878906,50.27415466308594,94.78153228759766,120.4051513671875,73.21923065185547
2016-08-04,24.210947036743164,127.40438079833984,65.66272735595703,128.0209503173828,106.06193542480469,49.64146041870117,50.64478302001953,94.70120239257812,120.26188659667969,73.93550872802734
2016-08-05,24.579133987426758,128.13485717773438,66.297119140625,131.29331970214844,106.73237609863281,50.97938537597656,51.147796630859375,95.26355743408203,120.49786376953125,74.5494613647461
2016-08-08,24.782665252685547,127.16088104248047,67.00377655029297,131.8927459716797,106.18665313720703,50.82560348510742,51.236053466796875,94.9181137084961,119.77311706542969,74.37271118164062
2016-08-09,24.88327407836914,126.96905517578125,66.51394653320312,132.38687133789062,106.10868072509766,50.64875411987305,51.359588623046875,94.94220733642578,119.51190948486328,74.47502136230469
2016-08-10,24.698047637939453,126.34186553955078,66.36940002441406,131.3743438720703,105.7110824584961,50.19508743286133,51.200748443603516,94.98236846923828,119.82369232177734,74.12156677246094
2016-08-11,24.68204116821289,127.22724914550781,66.84317779541016,132.72702026367188,106.83369445800781,50.333492279052734,51.44783401489258,95.27962493896484,120.19448852539062,74.5308609008789
2016-08-12,24.73921012878418,127.66264343261719,66.65046691894531,132.2329559326172,106.46729278564453,50.2258415222168,51.13013458251953,95.20733642578125,120.4051513671875,74.43782043457031
2016-08-15,25.036508560180664,129.56248474121094,67.57394409179688,134.0959930419922,106.84930419921875,50.53339767456055,51.28898620605469,95.07878112792969,119.34336853027344,75.26576232910156
2016-08-16,25.013628005981445,127.76651000976562,67.68634033203125,134.17694091796875,106.20223999023438,50.52573013305664,51.00484085083008,93.97817993164062,118.8883056640625,75.1727066040039
2016-08-17,24.97704315185547,129.36209106445312,67.78275299072266,134.1931610107422,106.139892578125,50.664127349853516,51.11140823364258,94.33165740966797,119.41915893554688,75.33113861083984
2016-08-18,24.945035934448242,129.6886444091797,66.95561981201172,134.50909423828125,105.08743286132812,50.710262298583984,51.14691162109375,94.65300750732422,119.80683135986328,74.79999542236328
2016-08-19,25.009065628051758,128.8500213623047,67.32500457763672,134.64669799804688,105.60198211669922,50.641056060791016,51.16468048095703,94.3718490600586,119.69729614257812,74.98633575439453
2016-08-22,24.814682006835938,129.39181518554688,67.12423706054688,134.6710662841797,105.50839233398438,50.59492111206055,51.209075927734375,93.95407104492188,119.73943328857422,75.5361557006836
2016-08-23,24.892433166503906,129.42889404296875,67.46150207519531,134.52525329589844,106.19444274902344,50.57184600830078,51.40441131591797,93.69696044921875,119.67201232910156,75.29386138916016
2016-08-24,24.70490837097168,126.786865234375,66.77092742919922,133.8934783935547,105.2901611328125,50.710262298583984,51.457698822021484,94.08260345458984,117.86860656738281,74.81863403320312
2016-08-25,24.59971046447754,126.33418273925781,66.52201080322266,134.37942504882812,105.57857513427734,50.80253219604492,51.65305709838867,94.59674835205078,115.70289611816406,74.84656524658203
2016-08-26,24.455642700195312,127.62549591064453,66.37744903564453,134.43614196777344,104.74443054199219,50.9178581237793,51.52873611450195,94.10670471191406,115.12984466552734,75.07953643798828
2016-08-29,24.42819595336914,127.28411102294922,66.73076629638672,135.16514587402344,105.43047332763672,51.47917175292969,51.59089279174805,95.18323516845703,115.67759704589844,75.35906982421875
2016-08-30,24.240678787231445,126.7275390625,66.23291015625,137.7266082763672,105.07782745361328,51.90208435058594,51.40441131591797,95.17518615722656,115.34050750732422,75.6386489868164
2016-08-31,24.2635498046875,126.20803833007812,65.80728912353516,137.79981994628906,105.09353637695312,51.90208435058594,51.02259826660156,95.36798858642578,114.64949035644531,75.38703918457031
2016-09-01,24.40761947631836,126.26000213623047,65.40576171875,137.02731323242188,105.1797103881836,51.67910385131836,51.13803482055664,95.07878112792969,114.38827514648438,75.75982666015625
2016-09-02,24.636302947998047,125.99279022216797,65.59850311279297,137.57215881347656,105.90058135986328,51.89440155029297,51.209075927734375,95.4724349975586,115.12141418457031,76.41210174560547
2016-09-06,24.629438400268555,126.786865234375,65.91168975830078,137.6941375732422,105.07782745361328,51.85594940185547,51.15580368041992,95.83395385742188,114.58209228515625,76.90596771240234
2016-09-07,24.78038215637207,126.63099670410156,67.22865295410156,137.97059631347656,104.05135345458984,51.64067077636719,51.200191497802734,95.8824234008789,114.28153228759766,77.56758117675781
2016-09-08,24.130905151367188,126.88331604003906,67.0841064453125,139.5888214111328,102.85249328613281,51.70985794067383,50.99595260620117,94.4443588256836,114.6624984741211,77.31597900390625
2016-09-09,23.584346771240234,123.60313415527344,64.87578582763672,137.07615661621094,100.09429168701172,51.24849319458008,49.91263961791992,92.45689392089844,113.12174224853516,75.78775024414062
2016-09-12,24.11261558532715,127.67743682861328,65.783203125,139.10089111328125,100.76031494140625,51.56376266479492,50.65853500366211,93.32942962646484,114.73871612548828,77.31597900390625
2016-09-13,24.686616897583008,125.64405822753906,64.42610168457031,135.79942321777344,98.511474609375,51.1562385559082,50.19679641723633,92.31147766113281,113.40108489990234,76.30958557128906
2016-09-14,25.560190200805664,126.2673568725586,65.06047058105469,135.1163787841797,98.93460083007812,51.05628204345703,49.9570426940918,91.86713409423828,113.18095397949219,75.93683624267578
2016-09-15,26.42919921875,128.1227569580078,65.87152099609375,136.67767333984375,99.48309326171875,51.24080276489258,50.78285217285156,92.86084747314453,114.80642700195312,76.42139434814453
2016-09-16,26.280555725097656,128.36026000976562,65.88760375976562,134.98623657226562,98.81706237792969,50.61029052734375,50.836116790771484,92.6427230834961,117.22766876220703,76.47734069824219
2016-09-19,25.9741153717041,127.18763732910156,65.75108337402344,135.15701293945312,98.95809173583984,50.894798278808594,50.55197525024414,92.98202514648438,116.55887603759766,76.8873291015625
2016-09-20,25.971824645996094,128.6719207763672,65.60655212402344,135.36849975585938,99.38126373291016,51.10240936279297,50.44542694091797,92.73968505859375,116.38113403320312,76.85938262939453
2016-09-21,25.967256546020508,129.02073669433594,67.02787780761719,135.8237762451172,100.38420867919922,51.394596099853516,51.28898620605469,93.66069030761719,118.44680786132812,77.54895782470703
2016-09-22,26.21195411682129,130.33432006835938,67.052001953125,136.62889099121094,100.88568878173828,51.817501068115234,51.34226608276367,94.30699920654297,119.40343475341797,77.6794204711914
2016-09-23,25.775157928466797,129.72576904296875,66.20076751708984,134.27882385253906,100.13347625732422,51.70985794067383,50.99595260620117,93.15977478027344,118.95474243164062,76.91529083251953
2016-09-26,25.814035415649414,128.78323364257812,66.14454650878906,131.31069946289062,98.29988098144531,50.57954406738281,50.52532958984375,92.05296325683594,118.28591918945312,76.23505401611328
2016-09-27,25.862060546875,127.37316131591797,66.55412292480469,132.45736694335938,99.37340545654297,51.02552795410156,51.457698822021484,92.43266296386719,119.19178009033203,76.56119537353516
2016-09-28,26.058731079101562,125.94830322265625,69.5333023071289,132.91265869140625,100.50961303710938,51.29465103149414,51.52873611450195,92.91740417480469,118.8700942993164,77.31597900390625
2016-09-29,25.65395736694336,122.78677368164062,70.23994445800781,129.25340270996094,100.2431640625,50.479591369628906,50.96932601928711,91.99640655517578,117.1007308959961,76.33753967285156
2016-09-30,25.8529052734375,123.79605102539062,71.28385925292969,131.1400146484375,100.83087158203125,51.20235824584961,51.14691162109375,92.54576873779297,118.5229721069336,77.06436157226562
2016-10-03,25.731704711914062,124.18936157226562,70.890380859375,130.97726440429688,100.68982696533203,51.140865325927734,50.987064361572266,91.29351806640625,117.24461364746094,77.2134780883789
2016-10-04,25.841480255126953,124.3452377319336,70.27205657958984,131.95315551757812,100.45474243164062,51.582332611083984,50.827247619628906,90.74414825439453,116.96521759033203,77.09233856201172
2016-10-05,25.8529052734375,124.11516571044922,71.80582427978516,135.31155395507812,99.96891784667969,52.42652893066406,51.18243408203125,91.37429809570312,116.49114227294922,77.67008209228516
2016-10-06,26.045013427734375,123.86282348632812,71.70144653320312,135.92147827148438,102.01406860351562,52.56594467163086,51.27123260498047,91.43894958496094,115.53448486328125,77.6794204711914
2016-10-07,26.08388328552246,124.3081283569336,71.04296875,138.10069274902344,100.5409164428711,52.7518424987793,51.324493408203125,92.52961730957031,115.69538116455078,77.23212432861328
2016-10-10,26.538969039916992,124.90926361083984,70.84219360351562,139.08462524414062,99.71033477783203,53.16231918334961,51.53762435913086,93.02244567871094,116.89757537841797,77.45577239990234
2016-10-11,26.596141815185547,121.94819641113281,70.23994445800781,137.45828247070312,98.61331176757812,52.90672302246094,50.78285217285156,92.10143280029297,114.0783462524414,76.44937133789062
2016-10-12,26.833974838256836,121.62155151367188,70.32828521728516,137.66969299316406,99.2715072631836,52.76730728149414,50.711814880371094,93.19207763671875,114.37468719482422,76.64508056640625
2016-10-13,26.75164794921875,121.92587280273438,69.83843231201172,136.14096069335938,98.95809173583984,52.465267181396484,50.543087005615234,92.95780944824219,113.60427856445312,76.29093170166016
2016-10-14,26.900293350219727,120.15214538574219,70.40055847167969,138.66180419921875,99.05995178222656,52.29486083984375,50.987064361572266,92.97394561767578,113.3757095336914,76.83140563964844
2016-10-17,26.881994247436523,120.6865005493164,70.09541320800781,137.42576599121094,98.0569839477539,52.02379608154297,50.80949020385742,92.89315795898438,113.553466796875,76.5518569946289
2016-10-18,26.863698959350586,120.8200912475586,70.03919219970703,140.37759399414062,98.5271224975586,52.43429946899414,51.200191497802734,93.05472564697266,121.39295196533203,76.02071380615234
2016-10-19,26.783662796020508,119.5436019897461,70.6655502319336,141.90634155273438,98.64468383789062,52.937713623046875,51.084747314453125,93.9030532836914,122.22257995605469,77.1668930053711
2016-10-20,26.76993751525879,119.85531616210938,70.17948913574219,141.90634155273438,98.9267578125,52.868019104003906,50.836116790771484,88.48200988769531,122.815185546875,76.87801361083984
2016-10-21,26.664743423461914,117.63630676269531,69.93644714355469,142.0364227294922,99.20100402832031,53.0461311340332,52.976131439208984,87.53673553466797,123.06915283203125,76.73824310302734
2016-10-24,26.904865264892578,117.82185363769531,69.66098022460938,142.4023895263672,100.12562561035156,53.34046173095703,54.16600799560547,88.11842346191406,122.49349212646484,77.50233459472656
2016-10-25,27.04207992553711,117.18363189697266,68.4377670288086,142.75205993652344,96.64653778076172,53.28623962402344,54.15712356567383,88.08613586425781,121.72308349609375,76.44003295898438
2016-10-26,26.43376922607422,117.9925765991211,68.15422058105469,143.988037109375,96.15288543701172,53.54182815551758,53.83744812011719,87.91645812988281,120.41089630126953,76.17913818359375
2016-10-27,26.179933547973633,119.16514587402344,67.24691009521484,144.5409393310547,95.80028533935547,53.61928939819336,53.366825103759766,87.2701416015625,120.16539764404297,76.33753967285156
2016-10-28,26.006132125854492,107.7436294555664,67.95169830322266,144.0449676513672,96.83460998535156,53.52633285522461,53.16259002685547,87.60137939453125,118.81929779052734,76.6170883178711
2016-10-31,25.964962005615234,104.76024627685547,67.61145782470703,144.939453125,95.60437774658203,53.64252853393555,53.20699691772461,87.3993911743164,119.64896392822266,76.8873291015625
2016-11-01,25.496164321899414,104.46336364746094,66.62310791015625,144.79307556152344,93.9432144165039,53.41790771484375,53.10044479370117,85.83203125,118.04044342041016,76.05797576904297
2016-11-02,25.519027709960938,102.9345932006836,65.70768737792969,143.58956909179688,94.2566146850586,53.193302154541016,52.771888732910156,85.33116912841797,117.6594467163086,75.0888442993164
2016-11-03,25.24549674987793,100.3519287109375,65.83731079101562,143.28875732421875,94.1704330444336,52.960941314697266,52.576560974121094,85.41194915771484,116.68587493896484,75.15408325195312
2016-11-04,25.017934799194336,100.4854965209961,66.6798324584961,143.0529022216797,94.74244689941406,52.48074722290039,52.13254928588867,84.56366729736328,116.58425903320312,74.88385772705078
2016-11-07,25.378822326660156,103.31307220458984,67.84638977050781,147.5740966796875,96.96781921386719,54.122703552246094,53.6509895324707,85.12112426757812,120.1568832397461,76.8873291015625
2016-11-08,25.528223037719727,102.7490463256836,68.59976196289062,147.93194580078125,97.35960388183594,54.23890686035156,53.69538116455078,87.2620620727539,120.97807312011719,77.23212432861328
2016-11-09,25.486846923828125,108.66386413574219,73.88165283203125,156.64097595214844,98.74654388427734,56.73280334472656,53.42898941040039,86.39757537841797,120.13152313232422,77.56758117675781
2016-11-10,24.776582717895508,112.48589324951172,75.70439910888672,163.34153747558594,101.1050796508789,59.36614990234375,52.12367630004883,88.56278991699219,123.71257781982422,76.29093170166016
2016-11-11,24.92369270324707,110.60826110839844,75.34796905517578,165.8379364013672,101.74765014648438,59.39712905883789,52.40781784057617,89.09601593017578,123.9581298828125,76.30027770996094
2016-11-14,24.29846954345703,109.39788818359375,76.28768157958984,170.09896850585938,100.0394515991211,61.58125305175781,51.6086540222168,90.63104248046875,128.9191436767578,73.03875732421875
2016-11-15,24.62027359008789,109.8760757446289,76.50642395019531,171.7333526611328,97.47713470458984,61.46505355834961,52.627784729003906,90.36442565917969,128.87680053710938,73.2158203125
2016-11-16,25.28228187561035,110.00308227539062,75.6233901977539,167.72450256347656,98.20585632324219,59.94704818725586,53.325077056884766,89.96048736572266,128.2587432861328,74.77998352050781
2016-11-17,25.273080825805664,110.10022735595703,75.1616439819336,170.46490478515625,101.0267333984375,60.427215576171875,54.21009826660156,89.8231201171875,127.6407699584961,75.70446014404297
2016-11-18,25.29836654663086,108.5088119506836,74.80522155761719,171.0504150390625,100.55660247802734,60.18711853027344,53.950843811035156,90.34017181396484,126.52326965332031,75.47097778320312
2016-11-21,25.682233810424805,108.74785614013672,75.25885009765625,171.64398193359375,100.47039031982422,60.450462341308594,54.406776428222656,90.35633087158203,127.33599090576172,76.28341674804688
2016-11-22,25.69832420349121,107.83633422851562,75.84213256835938,171.66839599609375,102.6330795288086,60.82221221923828,54.63920593261719,90.80878448486328,128.90220642089844,74.6398696899414
2016-11-23,25.567302703857422,108.35936737060547,77.91600036621094,172.6442108154297,102.81331634521484,61.077796936035156,53.99554443359375,91.35006713867188,129.9858856201172,74.30372619628906
2016-11-25,25.696025848388672,108.658203125,77.61624908447266,171.887939453125,103.09537506103516,61.0545539855957,54.11176681518555,91.65705871582031,129.3677978515625,74.82665252685547
2016-11-28,25.645444869995117,108.38922882080078,76.87906646728516,171.0504150390625,102.36664581298828,60.65959167480469,54.18328094482422,91.94792175292969,128.7751922607422,73.84616088867188
2016-11-29,25.62017059326172,109.0840835571289,76.18236541748047,172.72250366210938,102.10671997070312,61.12425994873047,54.61237716674805,91.85905456542969,133.41452026367188,73.9115219116211
2016-11-30,25.404104232788086,107.64208221435547,77.41372680664062,178.87281799316406,101.93339538574219,62.09242248535156,53.87038803100586,91.5762939453125,134.5662841796875,72.20262145996094
2016-12-01,25.16734504699707,106.38687133789062,77.96460723876953,184.86001586914062,101.98855590820312,63.34712219238281,52.92279052734375,93.24059295654297,136.7931671142578,70.4377212524414
2016-12-02,25.2615966796875,107.59725189208984,77.0735092163086,182.19268798828125,102.30364227294922,63.19994354248047,52.96748352050781,93.43447875976562,136.61465454101562,70.70854949951172
2016-12-05,25.079998016357422,108.5535888671875,76.5145492553711,186.42611694335938,102.15396881103516,64.48566436767578,53.834632873535156,93.61222076416016,133.9798126220703,72.19329071044922
2016-12-06,25.273080825805664,108.4190902709961,77.13829040527344,188.7345428466797,101.41348266601562,64.8187026977539,53.593265533447266,94.3878173828125,133.71632385253906,72.00654602050781
2016-12-07,25.52132797241211,105.49031829833984,78.84761810302734,192.14410400390625,104.34388732910156,65.1130142211914,54.86269760131836,95.87478637695312,135.4842071533203,74.06095123291016
2016-12-08,25.771879196166992,105.0420150756836,77.9889144897461,196.94854736328125,104.3990478515625,65.92623901367188,54.54086685180664,96.19168090820312,135.41619873046875,74.03292083740234
2016-12-09,26.192520141601562,107.17887115478516,77.3894271850586,197.27484130859375,105.07648468017578,66.21279907226562,55.39907455444336,96.84986877441406,136.09617614746094,73.90218353271484
2016-12-12,26.043102264404297,108.90479278564453,77.02488708496094,193.45742797851562,106.01390075683594,65.62419891357422,55.57786178588867,98.24750518798828,135.56065368652344,73.30452728271484
2016-12-13,26.477542877197266,110.85484313964844,77.78638458251953,194.58303833007812,107.55785369873047,65.64742279052734,56.301979064941406,98.67001342773438,136.45315551757812,73.95822143554688
2016-12-14,26.477542877197266,111.09394836425781,75.93936920166016,195.70867919921875,107.11671447753906,65.62419891357422,56.03378677368164,97.80870819091797,135.8751220703125,73.89285278320312
2016-12-15,26.622356414794922,112.36408233642578,76.57933044433594,198.21286010742188,107.00643157958984,66.60782623291016,55.94438934326172,97.83307647705078,136.5211181640625,74.23836517333984
2016-12-16,26.656835556030273,111.60199737548828,74.99959564208984,194.86856079101562,106.43140411376953,65.78683471679688,55.694068908691406,98.80816650390625,139.34304809570312,73.16448211669922
2016-12-19,26.810836791992188,110.3841552734375,75.10491180419922,195.00723266601562,106.69136047363281,66.16632843017578,56.87411117553711,98.93006134033203,137.30311584472656,72.9310073852539
2016-12-20,26.882104873657227,109.99560546875,76.42539978027344,198.28628540039062,108.00688934326172,67.0182876586914,56.8026008605957,99.49071502685547,137.34559631347656,73.173828125
2016-12-21,26.907379150390625,109.21111297607422,76.00415802001953,196.94039916992188,107.78632354736328,67.188720703125,56.8026008605957,99.59635925292969,137.12461853027344,72.96835327148438
2016-12-22,26.730396270751953,109.35307312011719,76.2471694946289,195.86370849609375,106.68345642089844,67.29712677001953,56.81154251098633,99.2306900024414,137.33714294433594,72.74424743652344
2016-12-23,26.783260345458984,110.24217224121094,76.4092025756836,196.55699157714844,106.38412475585938,67.4210433959961,56.53440856933594,99.2306900024414,138.569580078125,72.97772979736328
2016-12-27,26.953359603881836,110.84733581542969,76.59551239013672,197.0382843017578,106.54954528808594,67.48299407958984,56.570167541503906,99.116943359375,138.23806762695312,73.16448211669922
2016-12-28,26.838430404663086,110.33184814453125,75.46136474609375,196.2959747314453,106.39990234375,66.99506378173828,56.3109245300293,99.19820404052734,137.2181396484375,73.11776733398438
2016-12-29,26.831533432006836,110.41402435302734,75.57477569580078,194.28123474121094,106.42354583740234,66.5226058959961,56.2304573059082,99.36882019042969,136.8781280517578,73.1457748413086
2016-12-30,26.622356414794922,109.24097442626953,75.12922668457031,195.31715393066406,105.6200180053711,66.8324203491211,55.55104064941406,99.47447967529297,136.02818298339844,72.85630798339844
2017-01-03,26.698209762573242,112.61811828613281,76.14186096191406,197.0464630126953,105.80120086669922,67.56046295166016,55.94438934326172,98.23936462402344,137.22659301757812,74.23836517333984
2017-01-04,26.6683292388916,114.21702575683594,75.8016128540039,198.31893920898438,106.73861694335938,67.68504333496094,55.694068908691406,97.71118927001953,137.61761474609375,74.84534454345703
2017-01-05,26.8039493560791,114.29922485351562,75.33987426757812,196.84249877929688,105.47823333740234,67.06202697753906,55.694068908691406,96.15106201171875,137.84707641601562,75.72311401367188
2017-01-06,27.102767944335938,117.1384048461914,75.37228393554688,199.76263427734375,105.18677520751953,67.06981658935547,56.17682647705078,96.1023178100586,138.0426025390625,76.76898193359375
2017-01-09,27.351011276245117,118.6775131225586,74.8294677734375,198.12318420410156,105.80120086669922,67.1165542602539,55.99802017211914,95.33037567138672,137.65159606933594,76.33944702148438
2017-01-10,27.378602981567383,118.61776733398438,76.01226043701172,197.8621368408203,107.21123504638672,67.31124114990234,55.98014831542969,95.21659851074219,137.33714294433594,75.92857360839844
2017-01-11,27.525707244873047,117.01880645751953,76.6765365600586,200.46417236328125,106.89616394042969,67.81745910644531,56.489707946777344,95.59852600097656,137.60060119628906,76.38612365722656
2017-01-12,27.41077995300293,116.0774154663086,76.14186096191406,198.8980712890625,106.39990234375,67.16328430175781,55.971214294433594,94.86722564697266,138.00010681152344,75.9845962524414
2017-01-13,27.36250877380371,116.6452407836914,76.53885650634766,199.27322387695312,106.37626647949219,67.52153015136719,56.05167770385742,95.1109848022461,137.5240936279297,75.7978286743164
2017-01-17,27.58316993713379,115.65901947021484,75.8016128540039,192.2909393310547,107.0773696899414,65.06832122802734,55.89969253540039,95.44412994384766,136.55516052246094,75.88187408447266
2017-01-18,27.580873489379883,116.38372039794922,76.23455047607422,191.10816955566406,107.2585220336914,65.37202453613281,55.872867584228516,96.32169342041016,134.07325744628906,76.19001770019531
2017-01-19,27.532604217529297,114.9118881225586,76.27538299560547,188.75904846191406,106.65199279785156,64.87361145019531,55.694068908691406,95.87478637695312,134.8892059326172,76.3207778930664
2017-01-20,27.58316993713379,115.56190490722656,77.25558471679688,189.4034423828125,106.8173828125,65.16175079345703,56.087432861328125,95.89913940429688,134.855224609375,76.4234848022461
2017-01-23,27.601560592651367,114.10493469238281,77.15753936767578,189.7868194580078,108.76313018798828,65.19292449951172,56.284095764160156,95.91544342041016,135.20372009277344,76.71295166015625
2017-01-24,27.57628059387207,113.45496368408203,78.61151123046875,190.610595703125,108.75521850585938,65.9794921875,56.78471755981445,94.94031524658203,136.3596649169922,77.72151184082031
2017-01-25,28.015304565429688,115.13602447509766,80.171630859375,193.52264404296875,108.29835510253906,66.9997329711914,56.92775344848633,95.61476135253906,137.04815673828125,78.34715270996094
2017-01-26,28.02910041809082,114.29922485351562,79.4120101928711,195.42320251464844,109.07034301757812,67.56048583984375,57.455204010009766,95.98855590820312,138.33155822753906,77.73082733154297
2017-01-27,28.031396865844727,117.42230224609375,80.85780334472656,193.27789306640625,108.96794128417969,67.70063018798828,58.80508804321289,95.96416473388672,138.53555297851562,78.22575378417969
2017-01-30,27.957847595214844,115.38260650634766,79.06076049804688,190.79010009765625,109.07821655273438,66.9997329711914,58.2239990234375,95.48473358154297,137.77056884765625,78.16036987304688
2017-01-31,27.893474578857422,117.06369018554688,78.13775634765625,187.05422973632812,108.37712860107422,65.90938568115234,57.794898986816406,95.70417785644531,137.7791290283203,77.23589324951172
2017-02-01,29.594444274902344,119.29766082763672,77.68849182128906,188.1553955078125,108.26683044433594,66.15864562988281,56.8383674621582,94.69654846191406,138.29754638671875,76.98377990722656
2017-02-02,29.54387855529785,119.23043823242188,76.59395599365234,187.9433135986328,107.88084411621094,65.8782730102539,56.47182083129883,95.58226776123047,136.64015197753906,76.85302734375
2017-02-03,29.670297622680664,125.17021179199219,76.19368743896484,196.5406951904297,108.69219207763672,67.89535522460938,56.92775344848633,95.70417785644531,137.5835723876953,80.38285064697266
2017-02-06,29.948427200317383,124.46047973632812,75.85880279541016,195.74951171875,107.51848602294922,67.57604217529297,56.891990661621094,95.61476135253906,136.4276580810547,80.14942169189453
2017-02-07,30.233449935913086,124.63978576660156,76.21822357177734,195.45579528808594,107.6445083618164,67.53710174560547,56.704261779785156,95.68793487548828,136.44468688964844,80.10272979736328
2017-02-08,30.35068130493164,125.61104583740234,75.8915023803711,193.9141845703125,108.61343383789062,66.94519805908203,56.6237907409668,95.72852325439453,136.25765991210938,79.45836639404297
2017-02-09,30.569995880126953,125.12544250488281,76.7491683959961,197.03012084960938,109.26726531982422,67.91089630126953,57.26746368408203,96.5167236328125,136.3681640625,79.91595458984375
2017-02-10,30.500732421875,125.43927001953125,78.6686782836914,197.98448181152344,110.165283203125,67.7551498413086,57.21382141113281,97.2886734008789,136.63165283203125,80.21476745605469
2017-02-13,30.770849227905273,126.13134765625,80.4575424194336,200.88015747070312,110.18103790283203,68.65074920654297,57.85747528076172,97.27240753173828,137.68557739257812,80.71905517578125
2017-02-14,31.17023277282715,126.42475128173828,80.12264251708984,203.48219299316406,111.3547592163086,69.74887084960938,58.07334518432617,97.70305633544922,138.654541015625,81.10189819335938
2017-02-15,31.283342361450195,129.23838806152344,80.88229370117188,204.3631591796875,112.00860595703125,70.55101776123047,58.03736114501953,98.30437469482422,139.64053344726562,81.90184020996094
2017-02-16,31.246417999267578,129.47911071777344,80.26152038574219,203.4658966064453,111.4965591430664,70.50430297851562,58.028350830078125,98.96253967285156,139.09657287597656,81.78020477294922
2017-02-17,31.331823348999023,130.36680603027344,80.74342346191406,204.23269653320312,112.64668273925781,70.27069854736328,58.11830520629883,99.0925521850586,133.9712677001953,81.82698822021484
2017-02-21,31.558055877685547,130.25401306152344,80.13082885742188,205.35830688476562,114.23790740966797,70.87812042236328,58.001365661621094,98.76753234863281,136.4786376953125,82.25736999511719
2017-02-22,31.6527099609375,129.85525512695312,80.21249389648438,205.33383178710938,114.41908264160156,70.91706085205078,57.88447189331055,99.05194854736328,136.4786376953125,82.14508056640625
2017-02-23,31.51881217956543,130.9084930419922,78.04792022705078,204.893310546875,113.99369812011719,70.97154998779297,58.11830520629883,99.42569732666016,138.20407104492188,82.5006332397461
2017-02-24,31.54883575439453,131.3222198486328,77.99073028564453,201.76109313964844,114.97050476074219,70.3485336303711,58.11830520629883,99.3525619506836,138.5950469970703,82.7345199584961
2017-02-27,31.61117172241211,132.50340270996094,79.59171295166016,203.3761749267578,114.45846557617188,70.42642974853516,57.767547607421875,99.16569519042969,140.5669708251953,82.33219909667969
2017-02-28,31.625015258789062,132.80429077148438,78.95458984375,202.869140625,114.1512451171875,70.57439422607422,57.542686462402344,99.32818603515625,140.5669708251953,82.27606201171875
2017-03-01,32.27140808105469,134.09072875976562,80.52288818359375,206.67205810546875,115.54554748535156,72.89521026611328,58.40611267089844,101.56275939941406,142.74282836914062,83.25841522216797
2017-03-02,32.079795837402344,133.9628143310547,77.07588195800781,205.32264709472656,116.54593658447266,71.7581787109375,57.569679260253906,101.18087005615234,142.20741271972656,82.82806396484375
2017-03-03,32.26909255981445,135.56520080566406,77.69664764404297,206.81919860839844,116.4356689453125,72.27215576171875,57.7855339050293,100.86396026611328,142.9638671875,83.07131958007812
2017-03-06,32.167518615722656,135.00856018066406,78.13775634765625,206.09954833984375,115.9000473022461,71.5868148803711,57.803531646728516,99.3932113647461,143.3888702392578,83.21167755126953
2017-03-07,32.209083557128906,133.44371032714844,78.35830688476562,205.19171142578125,115.72566986083984,71.18964385986328,57.92043685913086,99.24693298339844,143.04888916015625,83.32392883300781
2017-03-08,32.08903884887695,133.74465942382812,76.15283966064453,204.6520233154297,116.43896484375,71.03387451171875,58.4510612487793,99.05905151367188,143.24937438964844,83.23039245605469
2017-03-09,32.015159606933594,134.60227966308594,74.64989471435547,204.60292053222656,116.20115661621094,71.31424713134766,58.21723556518555,99.5982894897461,143.3346405029297,83.37071228027344
2017-03-10,32.12135314941406,136.4981231689453,75.40138244628906,203.1308135986328,116.38343811035156,71.08836364746094,58.39710235595703,100.35812377929688,145.01531982421875,83.95077514648438
2017-03-13,32.135196685791016,136.20469665527344,75.67093658447266,202.95091247558594,116.84312438964844,71.15069580078125,58.1992301940918,99.80255126953125,145.21157836914062,84.3062973022461
2017-03-14,32.08673095703125,135.5050506591797,75.03382110595703,202.5911102294922,116.62915802001953,71.26753234863281,57.92943572998047,100.18656921386719,144.23048400878906,83.78238677978516
2017-03-15,32.42607116699219,137.37078857421875,76.25904083251953,201.82229614257812,117.2552261352539,71.43885040283203,58.2352294921875,100.48886108398438,146.55091857910156,84.12854766845703
2017-03-16,32.479183197021484,135.49754333496094,75.84246063232422,203.0,117.8734359741211,71.3687744140625,58.136287689208984,100.28460693359375,146.14151000976562,84.24081420898438
2017-03-17,32.317588806152344,126.84603118896484,75.8915023803711,199.49972534179688,118.56295776367188,70.62113189697266,58.34314727783203,100.61143493652344,144.77645874023438,84.42793273925781
2017-03-20,32.65693664550781,127.32002258300781,77.92537689208984,198.02761840820312,117.13638305664062,70.11488342285156,58.39710235595703,99.97411346435547,143.326171875,83.43619537353516
2017-03-21,32.282955169677734,125.52198028564453,75.49940490722656,190.55270385742188,116.19327545166016,68.05889129638672,57.749549865722656,99.42669677734375,143.07022094726562,82.3883285522461
2017-03-22,32.64771270751953,125.97337341308594,75.49940490722656,188.974365234375,116.78764343261719,68.16793060302734,58.48705291748047,99.70447540283203,142.49862670898438,82.81871032714844
2017-03-23,32.532291412353516,124.91261291503906,75.33602142333984,189.65310668945312,117.28697967529297,68.05889129638672,58.34314727783203,99.09989166259766,141.01414489746094,83.13681030273438
2017-03-24,32.46763229370117,124.68690490722656,75.27069091796875,186.79891967773438,117.06507873535156,67.98101043701172,58.442073822021484,98.67499542236328,140.7667236328125,83.44557189941406
2017-03-27,32.52303695678711,124.06254577636719,74.7479248046875,184.40274047851562,116.39935302734375,67.94208526611328,58.55000305175781,98.87110900878906,140.42550659179688,83.22102355957031
2017-03-28,33.1971435546875,123.91205596923828,75.92415618896484,187.5513153076172,116.66084289550781,69.001220703125,58.72089767456055,99.51655578613281,141.0653839111328,83.38007354736328
2017-03-29,33.271018981933594,122.67071533203125,75.85063934326172,186.83163452148438,116.5340576171875,68.74422454833984,58.882789611816406,98.47892761230469,139.4358367919922,83.43619537353516
2017-03-30,33.22714614868164,123.66382598876953,76.14468383789062,189.0970001220703,116.46271514892578,69.33610534667969,59.098636627197266,98.88744354248047,140.7581787109375,83.27715301513672
2017-03-31,33.16482925415039,123.43059539794922,75.7689437866211,187.87030029296875,116.36759948730469,68.40933227539062,59.233551025390625,98.48709869384766,139.92210388183594,83.14617156982422
2017-04-03,33.1740608215332,123.29517364501953,75.36870574951172,187.24871826171875,116.20115661621094,68.16011810302734,58.95473098754883,98.35636138916016,141.27011108398438,83.60462188720703
2017-04-04,33.42107391357422,123.64876556396484,76.88800048828125,187.49404907226562,115.97926330566406,68.38728332519531,59.11662673950195,98.54429626464844,140.74114990234375,83.06195831298828
2017-04-05,33.2479362487793,122.0538558959961,76.97786712646484,186.18560791015625,116.21703338623047,67.51002502441406,58.96369934082031,98.78942108154297,141.0823974609375,83.2958755493164
2017-04-06,33.16482925415039,122.0614242553711,78.2684326171875,186.9870147705078,116.69261169433594,67.73719024658203,59.11662673950195,98.48709869384766,141.0568084716797,83.35200500488281
2017-04-07,33.090946197509766,122.91150665283203,78.02338409423828,186.3654327392578,116.60539245605469,67.502197265625,59.07164764404297,98.16844177246094,141.63693237304688,83.02454376220703
2017-04-10,33.05169677734375,122.46762084960938,79.3466567993164,187.1914520263672,117.46128845214844,67.2671890258789,58.93674850463867,98.95281219482422,141.1762237548828,83.13681030273438
2017-04-11,32.69618225097656,122.70834350585938,79.3139877319336,186.2509307861328,117.45341491699219,67.14971160888672,58.89176559448242,99.0181655883789,141.4748077392578,83.1274642944336
2017-04-12,32.73542022705078,122.66324615478516,77.48429107666016,184.6234893798828,116.13777160644531,66.8912124633789,58.666934967041016,99.23876953125,141.2445068359375,82.96842193603516
2017-04-13,32.56229019165039,121.57992553710938,76.04667663574219,182.6361846923828,115.63849639892578,66.10797119140625,58.415096282958984,98.47892761230469,140.73263549804688,83.14617156982422
2017-04-17,32.74235153198242,121.9560546875,76.89617919921875,185.0406036376953,116.74803161621094,67.25152587890625,58.89176559448242,99.61463165283203,142.62655639648438,84.02565002441406
2017-04-18,32.59690856933594,121.30912780761719,77.1003646850586,176.31442260742188,117.10466003417969,66.70325469970703,58.81081771850586,98.6586685180664,143.82948303222656,83.95077514648438
2017-04-19,32.47686767578125,121.31660461425781,76.34891510009766,175.0877227783203,116.67669677734375,66.15495300292969,58.496036529541016,98.37271881103516,144.3925323486328,83.96949005126953
2017-04-20,32.88317108154297,121.90338897705078,77.96318054199219,178.3344268798828,117.86553192138672,67.00875091552734,58.90977096557617,97.13079833984375,146.34619140625,85.27933502197266
2017-04-21,32.84392547607422,120.67713928222656,77.68316650390625,177.35301208496094,118.87995910644531,66.20194244384766,59.71921920776367,97.31053161621094,146.0220489501953,85.27933502197266
2017-04-24,33.160213470458984,122.73090362548828,79.73395538330078,182.55441284179688,120.37779998779297,68.53608703613281,60.735504150390625,98.51161193847656,147.0202178955078,85.93424224853516
2017-04-25,33.36565399169922,123.90452575683594,86.00164031982422,185.34320068359375,121.28134155273438,69.13136291503906,61.08626174926758,99.12439727783203,148.47903442382812,86.17749786376953
2017-04-26,33.1694450378418,123.83682250976562,86.19932556152344,184.9915313720703,122.22442626953125,69.2645492553711,61.00531768798828,99.68816375732422,148.7691192626953,85.90615844726562
2017-04-27,33.194828033447266,122.41496276855469,84.56855010986328,184.67254638671875,123.73023986816406,68.62224578857422,61.401065826416016,99.81072235107422,148.98239135742188,85.70034790039062
2017-04-28,33.162506103515625,122.86634826660156,84.2226333618164,183.0287628173828,123.71438598632812,68.14445495605469,61.57196044921875,99.40221405029297,149.19566345214844,85.34479522705078
2017-05-01,33.838924407958984,122.32465362548828,84.00850677490234,183.88746643066406,122.21656036376953,68.19147491455078,62.426368713378906,99.00999450683594,148.9482879638672,85.38224792480469
2017-05-02,34.05360794067383,122.9942398071289,83.60493469238281,184.1083221435547,122.80302429199219,67.7528305053711,62.327430725097656,98.33999633789062,148.56436157226562,86.57980346679688
2017-05-03,33.949729919433594,123.23494720458984,83.6296157836914,185.0814666748047,122.84259796142578,68.14445495605469,62.12957000732422,98.70771026611328,147.19935607910156,86.48622131347656
2017-05-04,33.8273811340332,123.59609985351562,81.85885620117188,185.3104705810547,122.73164367675781,68.22279357910156,61.88673400878906,98.70771026611328,148.46202087402344,86.65465545654297
2017-05-05,34.388370513916016,123.23494720458984,82.06475067138672,185.5394744873047,123.421142578125,68.14445495605469,62.057613372802734,99.10806274414062,148.5473175048828,86.15878295898438
2017-05-08,35.323333740234375,122.6481704711914,81.84239196777344,184.03469848632812,124.34053039550781,68.22279357910156,62.00365447998047,98.87110900878906,148.8203125,85.9997329711914
2017-05-09,35.54956817626953,122.79112243652344,81.77651977539062,182.99598693847656,124.96662902832031,67.94865417480469,62.09357452392578,98.00503540039062,147.79653930664062,86.07459259033203
2017-05-10,35.38104248046875,120.75236511230469,82.65776824951172,183.91201782226562,125.3232192993164,68.48128509521484,62.336429595947266,98.60965728759766,147.92454528808594,86.30848693847656
2017-05-11,35.6870231628418,120.42889404296875,83.1766586303711,183.81390380859375,123.79368591308594,68.269775390625,61.57196044921875,98.48709869384766,147.8648223876953,86.16810607910156
2017-05-12,36.185420989990234,120.53421020507812,82.94603729248047,182.22731018066406,124.36430358886719,68.08180236816406,61.499969482421875,98.5279312133789,146.57656860351562,86.7575912475586
2017-05-15,36.09270095825195,121.2161865234375,84.35441589355469,184.1083221435547,124.68921661376953,68.41075134277344,61.54496383666992,98.25016021728516,146.33767700195312,87.22537994384766
2017-05-16,36.03936767578125,121.23133850097656,84.28852081298828,184.5008544921875,125.42628479003906,68.62224578857422,62.78419494628906,97.98868560791016,143.4285125732422,87.15052795410156
2017-05-17,34.829341888427734,119.0111312866211,82.47660064697266,174.78504943847656,123.70648193359375,66.00613403320312,61.038414001464844,98.25016021728516,144.05984497070312,86.00240325927734
2017-05-18,35.36017990112305,119.69309997558594,82.54246520996094,175.96278381347656,123.39739990234375,65.76331329345703,61.24646759033203,98.764892578125,146.26942443847656,85.95551300048828
2017-05-19,35.48070526123047,118.59439849853516,84.3626480102539,176.15086364746094,123.87291717529297,66.40562438964844,61.22837448120117,98.69135284423828,147.24205017089844,86.67721557617188
2017-05-22,35.69630432128906,115.94986724853516,84.24734497070312,176.6660919189453,123.60344696044922,66.34294128417969,61.91582489013672,99.39402770996094,149.0421142578125,87.45513916015625
2017-05-23,35.65226364135742,116.7454605102539,85.35099792480469,179.6265869140625,122.70794677734375,67.1732177734375,62.12386703491211,99.40221405029297,149.4857635498047,87.97059631347656
2017-05-24,35.54561996459961,117.1471176147461,85.61455535888672,183.0532684326172,122.84259796142578,67.13404846191406,62.20524597167969,99.7208480834961,149.80142211914062,88.8609848022461
2017-05-25,35.668487548828125,117.77604675292969,86.49580383300781,181.9410400390625,123.9997329711914,66.85205841064453,62.97412872314453,101.08528900146484,151.90016174316406,89.07654571533203
2017-05-26,35.60822296142578,117.45779418945312,87.02291870117188,182.80789184570312,122.76336669921875,66.85990142822266,63.28169250488281,101.03628540039062,151.43089294433594,88.72978210449219
2017-05-30,35.622127532958984,116.57880401611328,86.86643981933594,179.23020935058594,122.65971374511719,65.71633911132812,63.68872833251953,101.09349822998047,150.65455627441406,88.77666473388672
2017-05-31,35.41115951538086,117.6320571899414,86.83349609375,173.3549041748047,122.36480712890625,64.34561920166016,63.17313003540039,102.00857543945312,149.45166015625,89.25468444824219
2017-06-01,35.5085334777832,118.38980102539062,87.01468658447266,176.43206787109375,123.67205047607422,65.05838775634766,63.40830993652344,102.45794677734375,153.20541381835938,89.41397857666016
2017-06-02,36.03474426269531,120.59478759765625,87.26175689697266,175.03709411621094,123.83154296875,64.72940063476562,64.90987396240234,102.25367736816406,153.04324340820312,90.11692810058594
2017-06-05,35.68239974975586,121.40560913085938,86.64403533935547,175.59507751464844,123.3851089477539,64.8469009399414,65.38021087646484,102.44159698486328,153.02622985839844,90.49182891845703
2017-06-06,35.80292892456055,120.88276672363281,86.10871124267578,176.03817749023438,122.91481018066406,64.98005676269531,65.59730529785156,101.33860778808594,154.26332092285156,89.77949523925781
2017-06-07,36.016197204589844,122.49675750732422,85.25216674804688,177.06394958496094,123.52056884765625,65.72418212890625,65.47969818115234,101.49474334716797,156.30227661132812,90.06068420410156
2017-06-08,35.92811584472656,123.24691009521484,86.48756408691406,179.50921630859375,122.35682678222656,66.53877258300781,65.08171844482422,101.72484588623047,155.00555419921875,90.06068420410156
2017-06-09,34.53493881225586,124.31533813476562,87.2370834350586,182.5289764404297,121.9263916015625,68.11314392089844,63.6073112487793,102.91650390625,154.8092803955078,88.62669372558594
2017-06-12,33.70969009399414,124.93670654296875,87.360595703125,182.0940704345703,121.30460357666016,68.1287841796875,63.118873596191406,103.27809143066406,152.92388916015625,87.63318634033203
2017-06-13,33.98091125488281,124.59565734863281,87.09707641601562,183.97312927246094,122.7474594116211,68.35594177246094,63.905818939208984,103.63147735595703,154.45953369140625,89.11406707763672
2017-06-14,33.6494255065918,125.10344696044922,86.24048614501953,185.86866760253906,124.95543670654297,68.21493530273438,63.56209945678711,105.16004943847656,155.57711791992188,89.3389892578125
2017-06-15,33.44775390625,124.35322570800781,87.63240051269531,183.17718505859375,124.96341705322266,67.80765533447266,63.22740173339844,106.03121185302734,154.52340698242188,88.26115417480469
2017-06-16,32.9794921875,123.0726318359375,88.62071990966797,182.011962890625,124.8597183227539,67.502197265625,63.31785583496094,106.3763427734375,155.5942840576172,88.26115417480469
2017-06-19,33.922950744628906,125.0958023071289,88.53013610839844,185.55690002441406,126.58949279785156,68.9825668334961,64.10482788085938,105.41482543945312,156.78501892089844,88.84224700927734
2017-06-20,33.614662170410156,126.00509643554688,88.15950775146484,184.71170043945312,125.68077850341797,68.5517578125,63.23646545410156,105.80928802490234,156.99913024902344,88.45797729492188
2017-06-21,33.81400680541992,129.83932495117188,85.21920013427734,182.57000732421875,124.8199234008789,68.23844146728516,63.56209945678711,105.6695785522461,158.41259765625,88.60795593261719
2017-06-22,33.75837707519531,131.7108917236328,85.52394104003906,180.33798217773438,123.93513488769531,68.16012573242188,63.55304718017578,105.44769287109375,159.76617431640625,88.05493927001953
2017-06-23,33.90904998779297,130.710693359375,85.74633026123047,178.22093200683594,120.61113739013672,68.03482055664062,64.41236114501953,104.91351318359375,158.69534301757812,89.58269500732422
2017-06-26,33.80241012573242,131.5972900390625,85.86162567138672,180.88780212402344,120.69883728027344,68.33243560791016,63.79725646972656,105.15184783935547,158.58395385742188,89.24526977539062
2017-06-27,33.31794738769531,129.46043395996094,85.59806823730469,180.75650024414062,121.35245513916016,68.96688079833984,62.60327911376953,104.68339538574219,158.13851928710938,88.94535827636719
2017-06-28,33.804744720458984,131.90036010742188,87.67355346679688,183.1689910888672,122.14160919189453,70.35330200195312,63.1369514465332,105.01213073730469,159.08082580566406,90.19190216064453
2017-06-29,33.30635452270508,130.77890014648438,87.00645446777344,184.1454620361328,121.28876495361328,71.39501953125,61.951995849609375,103.8698501586914,158.71246337890625,88.49547576904297
2017-06-30,33.385169982910156,130.5061492919922,88.50541687011719,182.0858612060547,122.277099609375,71.5908432006836,62.35000991821289,103.98484802246094,158.84095764160156,87.89562225341797
2017-07-03,33.26462173461914,130.93800354003906,88.10186004638672,186.50054931640625,122.76336669921875,73.04788208007812,61.66254806518555,104.65052795410156,159.89471435546875,87.49260711669922
2017-07-05,33.401390075683594,132.04432678222656,88.53013610839844,187.12420654296875,121.71117401123047,73.78031921386719,62.485694885253906,103.85334777832031,161.26531982421875,88.11119842529297
2017-07-06,33.08613967895508,130.11965942382812,87.7229995727539,186.01638793945312,121.20103454589844,73.5440444946289,62.02437210083008,103.69722747802734,160.1431121826172,87.39888000488281
2017-07-07,33.42226028442383,129.89988708496094,88.06067657470703,184.8593292236328,121.34449005126953,73.9142074584961,62.82940673828125,104.51081848144531,161.01687622070312,88.0268783569336
2017-07-10,33.62623977661133,130.4833984375,88.81838989257812,185.3189239501953,120.50756072998047,73.39439392089844,63.29978942871094,103.36029052734375,160.1516571044922,89.12344360351562
2017-07-11,33.735198974609375,131.33204650878906,89.14784240722656,186.2298126220703,120.04525756835938,73.11089324951172,63.30880355834961,102.76856231689453,159.2949981689453,89.4233627319336
2017-07-12,33.78388214111328,131.294189453125,89.74082946777344,186.59075927734375,121.6314468383789,72.85885620117188,64.35808563232422,102.93293762207031,159.9289093017578,90.14503479003906
2017-07-13,34.254451751708984,132.6354217529297,89.3372802734375,189.0607147216797,122.189453125,73.32350158691406,64.91890716552734,103.08085632324219,158.89234924316406,89.92012023925781
2017-07-14,34.5488395690918,134.21905517578125,89.5843734741211,187.583740234375,121.86260223388672,72.654052734375,65.83248901367188,103.31918334960938,160.10874938964844,90.84798431396484
2017-07-17,34.66938400268555,134.42359924316406,89.6419906616211,188.12527465820312,122.66771697998047,71.97675323486328,66.34806060791016,103.73832702636719,159.63766479492188,90.7542495727539
2017-07-18,34.78994369506836,134.48431396484375,88.82073974609375,183.24281311035156,121.29669952392578,71.7247314453125,66.30284118652344,103.16304779052734,160.06600952148438,91.45719909667969
2017-07-19,35.00783157348633,135.7724151611328,89.46780395507812,182.88177490234375,122.19740295410156,71.82711029052734,66.80937957763672,103.92733764648438,162.07052612304688,92.08515167236328
2017-07-20,34.850189208984375,135.87850952148438,89.02814483642578,182.4140625,117.19951629638672,71.82711029052734,67.13504791259766,102.37409210205078,164.04942321777344,91.95394897460938
2017-07-21,34.83396911621094,136.5529022216797,88.42257690429688,180.67442321777344,116.89656829833984,71.58296966552734,66.74606323242188,102.85075378417969,164.289306640625,93.35044860839844
2017-07-24,35.255855560302734,137.19703674316406,89.74156188964844,179.0332794189453,115.24663543701172,71.8901138305664,66.57422637939453,103.86157989501953,163.52688598632812,94.0721435546875
2017-07-25,35.40653991699219,137.06820678710938,95.017578125,181.82325744628906,117.15171813964844,73.08724975585938,67.10789489746094,104.74916076660156,163.10711669921875,93.71598052978516
2017-07-26,35.573448181152344,133.2794647216797,94.17141723632812,182.3730010986328,116.92852020263672,72.40204620361328,66.98126220703125,103.54930114746094,163.40696716308594,94.52201080322266
2017-07-27,34.90119552612305,130.44546508789062,94.87652587890625,181.74122619628906,117.75747680664062,72.10277557373047,66.1762466430664,103.45068359375,161.84783935546875,93.32233428955078
2017-07-28,34.65547561645508,132.2565155029297,94.65254211425781,183.48902893066406,118.03648376464844,71.8901138305664,66.06766510009766,104.54368591308594,163.74961853027344,92.92866516113281
2017-07-31,34.47698974609375,132.23374938964844,94.52809143066406,184.90045166015625,119.24810791015625,72.29969024658203,65.76012420654297,105.26689147949219,164.3149871826172,93.31292724609375
2017-08-01,34.782962799072266,131.94583129882812,93.8229751586914,186.27073669433594,119.4473648071289,73.26837921142578,65.65157318115234,106.1873550415039,164.67478942871094,94.54076385498047
2017-08-02,36.42649459838867,132.19583129882812,93.8146743774414,185.67172241210938,119.96549224853516,73.33140563964844,65.36212921142578,105.79285430908203,165.3343963623047,94.9250259399414
2017-08-03,36.06257629394531,131.98373413085938,94.2045669555664,183.8008575439453,120.1966552734375,72.85096740722656,65.26261138916016,106.47499084472656,166.8506622314453,94.2783432006836
2017-08-04,36.25264358520508,131.73365783691406,94.85991668701172,188.5601806640625,121.75900268554688,73.7645492553711,65.74203491210938,106.5818099975586,166.9449005126953,94.55949401855469
2017-08-07,36.81362533569336,132.2867889404297,95.15857696533203,191.1285400390625,122.23725891113281,74.04808044433594,65.48876953125,105.85038757324219,166.85931396484375,95.12187194824219
2017-08-08,37.10801696777344,131.6124267578125,94.90970611572266,190.41465759277344,122.23725891113281,73.78031921386719,65.8415298461914,105.64495086669922,166.9620819091797,94.9250259399414
2017-08-09,37.33518600463867,131.50633239746094,94.85162353515625,189.561279296875,123.75972747802734,73.66218566894531,65.55208587646484,106.95983123779297,166.902099609375,94.63448333740234
2017-08-10,36.145999908447266,128.14193725585938,93.86447143554688,185.03988647460938,122.65971374511719,72.6068115234375,64.59327697753906,106.5818099975586,164.96607971191406,93.24735260009766
2017-08-11,36.64866638183594,128.3843994140625,93.6156005859375,183.93212890625,123.45683288574219,72.00038146972656,65.57923126220703,105.34083557128906,165.35150146484375,93.80970001220703
2017-08-14,37.20021438598633,130.08177185058594,94.32901000976562,186.56619262695312,122.96263122558594,72.84307098388672,66.56517791748047,105.8421859741211,165.94264221191406,95.4780044555664
2017-08-15,37.60748291015625,129.7156219482422,94.27924346923828,186.75486755371094,119.70243072509766,73.03211212158203,66.58334350585938,106.05584716796875,166.61935424804688,96.19031524658203
2017-08-16,37.456207275390625,130.7454833984375,94.66915130615234,185.1301727294922,121.36044311523438,72.52806091308594,66.9743881225586,106.40099334716797,165.99404907226562,96.99295043945312
2017-08-17,36.73710632324219,128.0144500732422,93.8561782836914,181.69195556640625,119.30390167236328,71.39397430419922,65.83767700195312,105.34907531738281,165.07745361328125,95.90401458740234
2017-08-18,36.65332794189453,127.61772918701172,94.50321197509766,182.2909698486328,117.56619262695312,71.46483612060547,65.91950225830078,105.1025390625,163.46690368652344,96.23257446289062
2017-08-21,36.58583450317383,128.28146362304688,94.23773956298828,181.17495727539062,118.92922973632812,71.37818908691406,65.61032104492188,104.74095916748047,164.5034637451172,96.89907836914062
2017-08-22,37.183929443359375,129.738525390625,96.07938385009766,183.46441650390625,119.49519348144531,72.11065673828125,66.52882385253906,105.00390625,166.86785888671875,97.697021484375
2017-08-23,37.23046875,128.92221069335938,95.19175720214844,182.77508544921875,118.84951782226562,72.19727325439453,66.128662109375,104.50260162353516,166.39663696289062,96.86152648925781
2017-08-24,37.06523132324219,129.64694213867188,95.2166519165039,182.98028564453125,118.17198181152344,72.07911682128906,66.10140991210938,103.19590759277344,166.83351135253906,96.89907836914062
2017-08-25,37.20254898071289,129.48670959472656,95.68948364257812,182.55355834960938,119.2879409790039,72.37055206298828,66.2196044921875,103.935546875,166.49945068359375,97.0211181640625
2017-08-28,37.57722473144531,131.04296875,95.45721435546875,180.81398010253906,120.67496490478516,72.14215087890625,66.22870635986328,101.27283477783203,167.12484741210938,97.4247817993164
2017-08-29,37.91234588623047,131.38621520996094,96.23699951171875,181.11041259765625,120.14572143554688,71.74837493896484,66.42876434326172,101.0920639038086,168.52975463867188,97.41539764404297
2017-08-30,38.014739990234375,132.46946716308594,97.51453399658203,183.1358642578125,120.27399444580078,71.91374206542969,67.30174255371094,100.10586547851562,167.80162048339844,97.37787628173828
2017-08-31,38.16600036621094,135.6124267578125,97.46473693847656,184.22274780273438,120.16976928710938,71.58296966552734,67.99285888671875,99.5881118774414,170.388671875,97.18072509765625
2017-09-01,38.177642822265625,136.32957458496094,98.12008666992188,185.9847869873047,120.89944458007812,72.22091674804688,67.23810577392578,98.53618621826172,171.1168212890625,97.53743743896484
2017-09-05,37.71918487548828,134.8267364501953,98.1366958618164,179.31536865234375,122.62335968017578,70.4961166381836,66.93800354003906,94.86265563964844,170.73989868164062,96.7019271850586
2017-09-06,37.679622650146484,136.07778930664062,97.04167175292969,180.17990112304688,125.53400421142578,70.96866607666016,66.74701690673828,96.75284576416016,169.94322204589844,96.86152648925781
2017-09-07,37.528358459472656,137.85525512695312,97.6969985961914,177.718017578125,126.63250732421875,69.72428894042969,67.601806640625,95.23966217041016,170.40756225585938,98.15702819824219
2017-09-08,36.91630935668945,137.80184936523438,97.73851776123047,178.84608459472656,128.0196533203125,69.63766479492188,67.27446746826172,99.0267562866211,170.0464324951172,98.03498840332031
2017-09-11,37.584197998046875,142.26455688476562,98.60954284667969,182.01605224609375,126.98530578613281,70.71662902832031,67.9837875366211,101.342041015625,171.6200408935547,99.64964294433594
2017-09-12,37.435264587402344,145.70501708984375,100.32671356201172,186.0424041748047,128.2201385498047,71.58296966552734,67.9110107421875,101.27587890625,169.8055877685547,99.70600128173828
2017-09-13,37.15366744995117,144.7133026123047,99.239990234375,186.5446319580078,128.3083038330078,71.78773498535156,68.39295959472656,100.47380828857422,170.545166015625,99.34923553466797
2017-09-14,36.8348503112793,144.51495361328125,99.94512176513672,186.783447265625,127.79511260986328,71.64595794677734,67.99285888671875,99.19214630126953,170.02919006347656,99.58395385742188
2017-09-15,37.20719528198242,143.01217651367188,100.68344116210938,185.4413299560547,127.00936126708984,72.15789794921875,68.48391723632812,99.80403137207031,170.41616821289062,98.85172271728516
2017-09-18,36.92560958862305,142.24929809570312,102.72413635253906,187.34335327148438,126.5362777709961,73.1817398071289,68.34751892089844,99.820556640625,170.42477416992188,98.4104995727539
2017-09-19,36.9395751953125,142.13482666015625,103.47904205322266,188.47959899902344,126.416015625,73.98509979248047,68.60211944580078,99.70478057861328,167.3806610107422,98.9549789428711
2017-09-20,36.32054901123047,143.54615783691406,103.57028198242188,189.2041473388672,127.23384094238281,74.50489044189453,68.14744567871094,100.80455780029297,168.3266143798828,98.54194641113281
2017-09-21,35.696842193603516,142.37896728515625,103.52049255371094,190.439208984375,127.64280700683594,74.84354400634766,67.48361206054688,100.45726776123047,167.86227416992188,98.861083984375
2017-09-22,35.34777069091797,141.7076416015625,103.22186279296875,190.2251739501953,128.26821899414062,74.68605041503906,67.66549682617188,100.91203308105469,165.9876708984375,99.09579467773438
2017-09-25,35.03593063354492,142.11196899414062,103.13063049316406,189.59117126464844,129.17428588867188,74.12686157226562,66.6197280883789,101.43296813964844,164.88697814941406,96.71131134033203
2017-09-26,35.638675689697266,141.58560180664062,103.2882308959961,189.32763671875,129.30258178710938,73.7960433959961,66.6197280883789,101.35027313232422,165.70391845703125,96.63623046875
2017-09-27,35.89234924316406,141.03631591796875,103.29654693603516,193.29632568359375,129.0299835205078,74.96170043945312,67.15621185302734,101.36681365966797,167.24314880371094,97.52806091308594
2017-09-28,35.67125701904297,141.47874450683594,103.88550567626953,193.8809814453125,130.1845703125,75.11920166015625,67.17444610595703,101.54045104980469,168.62753295898438,98.17581176757812
2017-09-29,35.86674118041992,142.2340087890625,103.45415496826172,195.29718017578125,131.14682006835938,75.22158813476562,67.73822784423828,101.30892181396484,168.41258239746094,98.79540252685547
2017-10-02,35.79460144042969,142.7832794189453,103.46245574951172,198.1460418701172,131.51564025878906,76.26905822753906,67.84735870361328,101.97041320800781,169.77981567382812,98.983154296875
2017-10-03,35.95051193237305,142.8290252685547,104.1177978515625,198.9447479248047,132.43771362304688,76.67076110839844,67.52909851074219,102.2846450805664,170.8031463623047,99.12394714355469
2017-10-04,35.717796325683594,143.8665008544922,105.13815307617188,197.8660888671875,132.53395080566406,75.8910140991211,67.92011260986328,102.45001983642578,172.39393615722656,98.861083984375
2017-10-05,36.16228485107422,142.5391845703125,104.8561019897461,202.60052490234375,133.199462890625,76.91292572021484,69.0841064453125,102.89653015136719,170.17535400390625,99.73416900634766
2017-10-06,36.14134216308594,141.75344848632812,105.2957534790039,202.56761169433594,132.98304748535156,76.77828216552734,69.11137390136719,103.41746520996094,170.3129425048828,100.19416046142578
2017-10-09,36.267005920410156,141.47874450683594,105.25428009033203,199.91632080078125,132.8707275390625,76.374267578125,69.37507629394531,103.31822967529297,168.79957580566406,100.45698547363281
2017-10-10,36.28097915649414,141.7305145263672,106.34101104736328,199.75167846679688,132.42974853515625,76.94463348388672,69.37507629394531,104.1368637084961,167.40655517578125,100.73861694335938
2017-10-11,36.4322509765625,140.47947692871094,106.68111419677734,199.5869903564453,132.50184631347656,76.7148666381836,69.49329376220703,103.8639907836914,167.90521240234375,101.79942321777344
2017-10-12,36.30424499511719,139.41908264160156,107.83422088623047,197.44618225097656,131.97268676757812,76.04153442382812,70.1298599243164,104.1451187133789,165.89303588867188,101.4896469116211
2017-10-13,36.534637451171875,139.6098175048828,108.43148803710938,196.4005126953125,131.87643432617188,75.93855285644531,70.46632385253906,104.74047088623047,165.5491180419922,102.0059585571289
2017-10-16,37.20719528198242,138.7630615234375,109.06193542480469,199.59521484375,131.67596435546875,77.50708770751953,70.61180114746094,106.51825714111328,166.13385009765625,101.66799926757812
2017-10-17,37.344505310058594,142.03567504882812,108.29047393798828,194.39146423339844,130.9784698486328,77.33280181884766,70.55723571777344,106.37769317626953,175.32618713378906,100.95455169677734
2017-10-18,37.17926788330078,142.10433959960938,108.91264343261719,199.2823028564453,131.05859375,77.62588500976562,70.57544708251953,107.51048278808594,176.47850036621094,101.19862365722656
2017-10-19,36.299583435058594,140.4566192626953,109.12830352783203,197.60267639160156,130.89019775390625,77.72098541259766,70.8482666015625,110.11516571044922,174.77593994140625,100.46638488769531
2017-10-20,36.362422943115234,139.57168579101562,109.62067413330078,201.5054931640625,131.04251098632812,78.83000183105469,71.66667175292969,110.23922729492188,178.42184448242188,100.96392822265625
2017-10-23,36.343807220458984,137.71792602539062,109.88772583007812,199.3646697998047,132.0929718017578,78.69534301757812,71.68486022949219,111.173583984375,178.0090789794922,100.94515228271484
2017-10-24,36.56023406982422,137.59591674804688,115.36207580566406,201.5960235595703,133.12728881835938,79.94700622558594,71.71214294433594,110.13169860839844,178.9894256591797,101.7712631225586
2017-10-25,36.399658203125,135.40650939941406,114.19377136230469,199.01890563964844,133.1593475341797,80.02621459960938,71.50299835205078,108.96580505371094,178.4820556640625,102.78515625
2017-10-26,36.63237762451172,134.65884399414062,114.2772216796875,199.02706909179688,134.42625427246094,80.59657287597656,71.6211929321289,109.09813690185547,179.84938049316406,103.07616424560547
2017-10-27,37.94491958618164,133.7129364013672,115.00323486328125,199.01890563964844,134.17767333984375,80.6203384399414,76.2134780883789,108.37044525146484,182.8159942626953,102.99166107177734
2017-10-30,38.79899597167969,133.18655395507812,113.90168762207031,198.34364318847656,132.55001831054688,80.33515930175781,76.28622436523438,109.6603775024414,180.05572509765625,103.30145263671875
2017-10-31,39.338905334472656,133.6671600341797,113.32585906982422,199.65286254882812,132.92681884765625,79.70143127441406,75.64058685302734,109.51981353759766,180.76942443847656,103.24510955810547
2017-11-01,38.83856964111328,133.81976318359375,113.73477935791016,201.11846923828125,132.6061553955078,79.94700622558594,75.64058685302734,110.36322784423828,180.17611694335938,104.26837158203125
2017-11-02,39.12248229980469,131.52357482910156,113.885009765625,203.27569580078125,130.46527099609375,80.47776794433594,76.43172454833984,111.3720474243164,181.526123046875,104.18388366699219
2017-11-03,40.14411163330078,132.30931091308594,114.01852416992188,201.2337188720703,131.81227111816406,80.33515930175781,76.5135498046875,110.23922729492188,183.04815673828125,104.54061126708984
2017-11-06,40.55138397216797,130.29539489746094,114.91980743408203,200.48446655273438,131.67596435546875,79.8360824584961,76.81363677978516,110.33841705322266,182.4032440185547,105.06632232666016
2017-11-07,40.68171691894531,132.33981323242188,115.8377456665039,197.4544219970703,131.2269744873047,78.22798156738281,76.63177490234375,110.56995391845703,182.9019775390625,105.22591400146484
2017-11-08,41.01449203491211,132.41610717773438,114.56927490234375,198.64007568359375,131.53968811035156,77.3486328125,76.8954849243164,110.40459442138672,181.2423858642578,105.58264923095703
2017-11-09,40.93070983886719,132.73648071289062,112.94200134277344,198.26132202148438,130.91424560546875,77.34072875976562,76.46808624267578,111.2397232055664,181.9217071533203,105.27283477783203
2017-11-10,40.79524612426758,131.477783203125,113.89336395263672,197.73434448242188,131.58775329589844,77.24565124511719,76.26802825927734,112.07484436035156,181.50033569335938,105.02876281738281
2017-11-13,40.631752014160156,130.82936096191406,113.93506622314453,197.8331756591797,132.58203125,77.52293395996094,76.32258605957031,110.23922729492188,182.86764526367188,104.57819366455078
2017-11-14,40.017513275146484,129.7843017578125,114.7779312133789,195.33834838867188,134.75494384765625,77.05552673339844,76.43172454833984,110.68573760986328,182.0507049560547,105.12265014648438
2017-11-15,39.48966979980469,129.21214294433594,111.90724182128906,195.64300537109375,132.6782684326172,77.78435516357422,75.83766174316406,110.56169891357422,180.45985412597656,103.49859619140625
2017-11-16,39.961456298828125,131.1630401611328,113.79322052001953,197.09214782714844,134.30596923828125,78.00613403320312,76.03871154785156,108.16373443603516,181.5519561767578,104.40609741210938
2017-11-17,39.73958206176758,130.5716094970703,113.60126495361328,195.9805450439453,134.4984130859375,77.7447280883789,75.30757141113281,107.42781066894531,180.49427795410156,103.27757263183594
2017-11-20,39.69987487792969,129.64222717285156,114.25216674804688,196.0711669921875,136.67138671875,78.43392944335938,75.42642211914062,107.30380249023438,180.7952880859375,103.39982604980469
2017-11-21,40.43791198730469,130.44871520996094,114.8280029296875,195.9805450439453,138.6038055419922,78.37055206298828,76.51399230957031,108.0149154663086,182.8159942626953,104.81047821044922
2017-11-22,40.86297607421875,130.54086303710938,115.17012786865234,194.6714324951172,137.96229553222656,78.14082336425781,75.95647430419922,107.50222778320312,181.6293182373047,104.21800994873047
2017-11-24,40.86532211303711,130.6637725830078,114.65275573730469,194.2761993408203,138.1788330078125,77.88731384277344,76.09354400634766,107.35337829589844,182.73858642578125,105.29951477050781
2017-11-27,40.659793853759766,130.34884643554688,114.48585510253906,193.58448791503906,139.6461639404297,77.57837677001953,76.65106201171875,107.89086151123047,182.64405822753906,105.68507385253906
2017-11-28,40.42155075073242,130.77127075195312,115.98797607421875,197.12510681152344,141.5785369873047,80.29556274414062,77.57415008544922,109.98286437988281,185.8600616455078,106.606689453125
2017-11-29,39.58309555053711,132.28436279296875,115.21186828613281,199.35516357421875,142.8437957763672,82.17301177978516,76.16668701171875,111.2397232055664,191.65585327148438,103.3152084350586
2017-11-30,40.136619567871094,134.91885375976562,117.79047393798828,204.54222106933594,144.9148712158203,82.79885864257812,76.92523956298828,112.09967041015625,196.86715698242188,105.88258361816406
2017-12-01,39.94977951049805,136.10166931152344,118.0992660522461,205.62428283691406,145.3984375,83.01274108886719,77.00750732421875,112.62886810302734,195.6679229736328,104.13335418701172
2017-12-04,39.65782165527344,137.24610900878906,118.08255004882812,207.0283966064453,149.00881958007812,84.72383880615234,74.1012191772461,112.7529067993164,191.04324340820312,101.02996826171875
2017-12-05,39.620452880859375,137.23072814941406,116.94761657714844,205.1121368408203,147.3567657470703,83.74947357177734,74.56732940673828,111.8929672241211,189.89569091796875,102.11148071289062
2017-12-06,39.47332000732422,135.3489990234375,117.11456298828125,203.1463623046875,145.7046661376953,83.12364959716797,75.65489196777344,111.926025390625,189.7663116455078,103.20235443115234
2017-12-07,39.54573059082031,133.6131591796875,119.24254608154297,205.30213928222656,146.6717529296875,82.87806701660156,75.38983917236328,110.97511291503906,189.94747924804688,104.76349639892578
2017-12-08,39.55739974975586,134.7268524169922,120.05194854736328,206.78060913085938,147.8080596923828,83.91584014892578,76.91610717773438,111.19129180908203,193.191650390625,105.89198303222656
2017-12-11,40.328128814697266,135.81752014160156,119.97689819335938,206.5989227294922,146.87322998046875,83.6702651977539,77.89399719238281,110.70076751708984,192.20803833007812,105.67566680908203
2017-12-12,40.101585388183594,135.3796844482422,119.6848373413086,212.8349609375,146.5105743408203,84.64464569091797,78.21388244628906,111.6900863647461,191.96644592285156,106.70074462890625
2017-12-13,40.234718322753906,136.23997497558594,123.98255920410156,211.08392333984375,147.5017852783203,83.58309936523438,78.00367736816406,111.0333251953125,193.5712890625,106.55966186523438
2017-12-14,40.22304153442383,134.3505401611328,122.07152557373047,211.01785278320312,146.7764892578125,82.90975189208984,77.40047454833984,110.21859741210938,190.8966064453125,106.19290924072266
2017-12-15,40.631752014160156,135.97879028320312,122.41364288330078,212.41372680664062,147.1392059326172,84.08216857910156,79.3745346069336,112.13900756835938,191.38833618164062,107.03929901123047
2017-12-18,41.2039680480957,135.28753662109375,124.98393249511719,214.76768493652344,148.87185668945312,84.73177337646484,78.94502258300781,112.4050064086914,192.1217498779297,106.7853775024414
2017-12-19,40.764892578125,135.8482208251953,125.93527221679688,211.84384155273438,149.8791961669922,84.37527465820312,78.44237518310547,112.67933654785156,191.5781707763672,105.45935821533203
2017-12-20,40.72050476074219,136.03253173828125,127.27880096435547,210.77003479003906,150.95101928710938,84.08216857910156,78.15902709960938,112.44656372070312,191.87155151367188,105.4405746459961
2017-12-21,40.8746452331543,135.7022705078125,129.0479736328125,215.58538818359375,151.57159423828125,85.42096710205078,78.14076232910156,111.76488494873047,191.27622985839844,105.71330261230469
2017-12-22,40.8746452331543,135.50262451171875,129.9742431640625,213.90045166015625,151.6118621826172,85.11992645263672,78.14989471435547,111.72332763671875,189.8180389404297,105.97663116455078
2017-12-26,39.83767318725586,135.24916076660156,130.5501251220703,212.8679962158203,153.4089813232422,84.77930450439453,78.04937744140625,112.04752349853516,189.4729461669922,106.25875091552734
2017-12-27,39.84468460083008,135.34133911132812,131.4513397216797,211.40602111816406,153.27195739746094,84.93772888183594,78.33267974853516,112.03925323486328,190.18045043945312,107.22737884521484
2017-12-28,39.95677947998047,134.60398864746094,132.202392578125,211.8602752685547,152.9415740966797,85.3892822265625,78.34182739257812,112.77912902832031,192.20803833007812,107.5377197265625
2017-12-29,39.524696350097656,133.56704711914062,131.50143432617188,210.4231414794922,152.74008178710938,84.71591186523438,78.17733001708984,112.76253509521484,190.21493530273438,107.22737884521484
2018-01-02,40.23236846923828,135.94805908203125,131.05081176757812,211.17474365234375,151.53126525878906,85.51602935791016,78.5520248413086,109.71979522705078,190.8188934326172,107.68820190429688
2018-01-03,40.225372314453125,138.51339721679688,131.2510528564453,209.20895385742188,152.32102966308594,85.60316467285156,78.91761779785156,110.06895446777344,192.82061767578125,108.76025390625
2018-01-04,40.41222381591797,137.92971801757812,133.05361938476562,212.13282775878906,153.52987670898438,86.82948303222656,79.61219024658203,110.06895446777344,193.6575927734375,109.16464233398438
2018-01-05,40.87230682373047,138.75160217285156,135.15658569335938,211.05088806152344,155.1335906982422,86.27208709716797,80.59923553466797,109.86946105957031,197.35037231445312,111.77903747558594
2018-01-08,40.72050476074219,138.71315002441406,138.552978515625,207.9864959716797,154.76287841796875,86.39948272705078,80.68145751953125,109.27920532226562,193.92503356933594,112.23045349121094
2018-01-09,40.71583938598633,140.84832763671875,138.88677978515625,209.745849609375,155.6171417236328,86.83747100830078,80.62665557861328,110.1271743774414,194.89134216308594,112.01412963867188
2018-01-10,40.70649337768555,140.44900512695312,138.41941833496094,210.06793212890625,154.5694580078125,87.79301452636719,80.26107025146484,109.82786560058594,193.44186401367188,111.89189910888672
2018-01-11,40.93770980834961,139.7577362060547,141.1983642578125,210.72877502441406,156.8904266357422,88.26287078857422,80.49868774414062,110.0190658569336,194.46865844726562,112.70066833496094
2018-01-12,41.36046600341797,142.1233673095703,142.11634826660156,212.29806518554688,158.29266357421875,89.72008514404297,81.88785552978516,112.0060043334961,197.27273559570312,112.93575286865234
2018-01-16,41.15025329589844,142.50738525390625,141.29014587402344,213.47918701171875,158.20404052734375,89.40156555175781,80.7454605102539,112.66272735595703,200.9482879638672,113.21790313720703
2018-01-17,41.82990264892578,144.40451049804688,140.6141815185547,209.5063018798828,161.0327606201172,89.97492980957031,82.38140869140625,113.77671813964844,205.71966552734375,114.71317291259766
2018-01-18,41.867271423339844,144.0819091796875,140.8896484375,207.29270935058594,159.8319091796875,90.18989562988281,82.3448257446289,114.1757583618164,209.8007049560547,115.77584838867188
2018-01-19,41.6804313659668,145.3799285888672,142.86817932128906,211.5464324951172,162.24960327148438,89.99083709716797,82.25343322753906,114.5997543334961,209.9646759033203,115.39026641845703
2018-01-22,41.33943557739258,147.7225341796875,143.27061462402344,216.0066680908203,164.77203369140625,91.04195404052734,83.72484588623047,115.84675598144531,210.14581298828125,116.92315673828125
2018-01-23,41.34877395629883,147.46145629882812,142.0465545654297,214.8255615234375,165.1265869140625,90.9464111328125,83.98991394042969,121.59126281738281,211.56951904296875,117.22411346435547
2018-01-24,40.69015884399414,146.4168701171875,141.13272094726562,219.44268798828125,166.19041442871094,92.1090316772461,83.91679382324219,122.72188568115234,211.2589111328125,117.13007354736328
2018-01-25,39.963783264160156,145.99440002441406,141.99627685546875,222.20965576171875,165.5054168701172,92.13289642333984,84.38288879394531,123.4285659790039,211.54359436035156,117.76013946533203
2018-01-26,40.05721664428711,150.54905700683594,140.05960083007812,221.47454833984375,167.00433349609375,92.62663269042969,85.9639663696289,124.21832275390625,214.38221740722656,118.79461669921875
2018-01-29,39.228092193603516,152.0775146484375,136.30368041992188,225.0592803955078,165.14271545410156,92.53108215332031,85.83600616455078,123.83589935302734,213.46768188476562,117.40277862548828
2018-01-30,38.996864318847656,146.90843200683594,137.29295349121094,222.1352996826172,162.6364288330078,91.66307067871094,84.7575912475586,123.63636779785156,204.18380737304688,116.18962097167969
2018-01-31,39.10430145263672,142.8990936279297,136.4713592529297,221.26805114746094,161.90306091308594,92.1090316772461,86.83222198486328,124.63400268554688,204.29598999023438,116.82915496826172
2018-02-01,39.1860466003418,142.52272033691406,136.0186309814453,224.85276794433594,161.09716796875,93.06458282470703,86.14677429199219,124.70050811767578,202.9500732421875,118.23037719726562
2018-02-02,37.485755920410156,143.6364288330078,132.03634643554688,214.78421020507812,156.31820678710938,91.00215148925781,83.88020324707031,122.99626922607422,200.06820678710938,113.70691680908203
2018-02-05,36.54918670654297,134.2199249267578,126.6623306274414,205.7564239501953,147.56631469726562,86.63838195800781,80.42558288574219,117.6507339477539,189.8353271484375,109.34333038330078
2018-02-06,38.07665252685547,135.67926025390625,131.13092041015625,213.67742919921875,153.9569854736328,89.2741470336914,83.46896362304688,117.09375,194.28738403320312,112.82290649414062
2018-02-07,37.261539459228516,136.3090362548828,129.39541625976562,212.35589599609375,154.15846252441406,89.87935638427734,81.8969955444336,118.16618347167969,194.8396453857422,112.52198028564453
2018-02-08,36.23624038696289,132.9679412841797,122.39497375488281,203.4767303466797,146.0431671142578,85.90577697753906,77.69293975830078,112.23875427246094,186.7637481689453,107.0768814086914
2018-02-09,36.67946243286133,133.22915649414062,125.0945816040039,205.91336059570312,148.3802490234375,87.62579345703125,80.590087890625,113.95965576171875,190.64634704589844,109.3903579711914
2018-02-12,38.15686798095703,134.31207275390625,127.67674255371094,209.10154724121094,148.3319091796875,88.97949981689453,81.45832061767578,114.84080505371094,194.7274627685547,111.4122543334961
2018-02-13,38.53910827636719,135.1339111328125,129.0852508544922,211.05906677246094,148.0579376220703,89.52898406982422,82.09805297851562,115.20662689208984,195.54708862304688,111.2994384765625
2018-02-14,39.24966049194336,138.9259033203125,132.51419067382812,216.88217163085938,148.839599609375,91.59935760498047,83.38357543945312,116.88594055175781,197.3935089111328,113.63169860839844
2018-02-15,40.56760025024414,142.08331298828125,134.12391662597656,221.0946044921875,149.3070068359375,91.98159790039062,85.08228302001953,117.11871337890625,195.01220703125,115.19548797607422
2018-02-16,40.43627166748047,142.04464721679688,131.03030395507812,221.04502868652344,150.67703247070312,91.32068634033203,84.47625732421875,117.3514633178711,197.90261840820312,114.79043579101562
2018-02-20,40.300262451171875,141.60350036621094,130.41822814941406,218.7901611328125,150.46746826171875,91.34455108642578,85.13738250732422,115.61397552490234,195.56436157226562,114.94116973876953
2018-02-21,40.117340087890625,141.1778564453125,130.1415252685547,217.55943298339844,147.52601623535156,91.72675323486328,84.00794982910156,115.17333984375,194.24427795410156,113.45269012451172
2018-02-22,40.452693939208984,141.193359375,133.1849822998047,215.93231201171875,149.4681854248047,91.55956268310547,84.22834777832031,114.4251480102539,195.9353485107422,113.40555572509766
2018-02-23,41.15620803833008,144.4591064453125,136.16114807128906,220.3429412841797,151.7891387939453,93.41494750976562,86.36779022216797,116.1709976196289,198.584228515625,115.80785369873047
2018-02-26,41.969970703125,145.8752899169922,137.2342987060547,224.05160522460938,151.8778076171875,94.57756042480469,87.61656188964844,118.531982421875,201.94915771484375,117.37163543701172
2018-02-27,41.833946228027344,143.77809143066406,135.197021484375,221.30105590820312,149.07330322265625,93.45478057861328,86.4963150024414,117.66737365722656,200.6204376220703,116.22235107421875
2018-02-28,41.7706413269043,142.2149200439453,129.63853454589844,217.78089904785156,146.8893585205078,91.9736328125,86.10148620605469,115.55577850341797,195.1329345703125,115.8172607421875
2018-03-01,41.0389518737793,141.84339904785156,125.94966125488281,212.6869354248047,144.76988220214844,90.32530212402344,85.25675201416016,115.53085327148438,193.6575927734375,113.42442321777344
2018-03-02,41.322715759277344,143.22869873046875,122.72196197509766,213.79685974121094,143.8189697265625,90.23768615722656,85.4404067993164,114.62470245361328,194.2960205078125,113.77299499511719
2018-03-05,41.46577453613281,147.13668823242188,126.69587707519531,217.93824768066406,146.46221923828125,91.623291015625,85.98213195800781,116.03790283203125,197.0484161376953,114.81867980957031
2018-03-06,41.43059539794922,147.30699157714844,128.90077209472656,221.09400939941406,146.381591796875,91.70289611816406,85.68831634521484,117.54270935058594,195.15023803710938,114.04618072509766
2018-03-07,41.04600143432617,145.12469482421875,127.0228042602539,219.78533935546875,144.73631286621094,91.36048126220703,86.18415069580078,115.45603942871094,196.09066772460938,114.79043579101562
2018-03-08,41.49390411376953,144.8383026123047,128.76661682128906,220.60531616210938,144.21766662597656,91.3684310913086,86.70755004882812,116.71788024902344,194.54112243652344,115.13897705078125
2018-03-09,42.20682907104492,147.88735961914062,132.67347717285156,224.27456665039062,147.63790893554688,93.99626922607422,88.64495849609375,118.91570281982422,195.1470947265625,117.29630279541016
2018-03-12,42.61485290527344,146.4944305419922,129.52957153320312,226.43643188476562,145.65220642089844,93.69367980957031,88.85617065429688,118.23884582519531,192.8444061279297,117.04193878173828
2018-03-13,42.2044792175293,146.8426055908203,128.8505401611328,222.41932678222656,144.54994201660156,92.57086944580078,86.68917083740234,117.57024383544922,196.4542694091797,116.06217956542969
2018-03-14,41.84567642211914,147.4772186279297,127.8863296508789,219.02328491210938,143.78807067871094,91.53567504882812,86.17498016357422,116.59253692626953,195.10386657714844,115.4781265258789
2018-03-15,41.89491271972656,146.8426055908203,129.5882568359375,220.82901000976562,144.32302856445312,91.76660919189453,86.47796630859375,117.38642120361328,198.6529998779297,116.2600326538086
2018-03-16,41.747188568115234,145.67410278320312,131.1728057861328,221.64898681640625,145.0443572998047,91.92585754394531,86.86363983154297,118.09674072265625,197.25067138671875,117.3151626586914
2018-03-19,41.10931396484375,141.27078247070312,127.55935668945312,217.44956970214844,143.53684997558594,91.20123291015625,85.29348754882812,117.0103759765625,194.818115234375,116.0716323852539
2018-03-20,41.09524917602539,140.86830139160156,129.16065979003906,217.9962921142578,144.39593505859375,91.28882598876953,85.51384735107422,118.23043823242188,196.3157501220703,117.67313385009766
2018-03-21,40.16424560546875,140.52783203125,130.6195068359375,216.88633728027344,144.28245544433594,91.3684310913086,84.91700744628906,117.91287231445312,192.88772583007812,116.0810317993164
2018-03-22,39.59673309326172,136.26376342773438,123.15787506103516,209.22470092773438,142.0698699951172,87.55411529541016,82.44699096679688,115.44766998291016,186.29998779296875,113.03816223144531
2018-03-23,38.6798095703125,131.1175079345703,120.9697036743164,203.1450958251953,139.24124145507812,85.21299743652344,80.05046081542969,112.73170471191406,183.99729919433594,110.22139739990234
2018-03-26,40.516014099121094,135.57504272460938,125.07779693603516,211.11322021484375,142.95326232910156,87.8408203125,86.11067199707031,115.50616455078125,189.6414337158203,113.65052795410156
2018-03-27,39.47713851928711,132.44862365722656,123.23335266113281,204.80166625976562,141.57550048828125,86.1366958618164,82.15315246582031,114.27772521972656,188.68060302734375,110.59825134277344
2018-03-28,39.040950775146484,131.9145965576172,121.69912719726562,206.54933166503906,141.6403350830078,86.00135040283203,82.07970428466797,115.98248291015625,189.14804077148438,110.21198272705078
2018-03-29,39.34581756591797,131.9300994873047,123.56029510498047,208.6117706298828,144.4607696533203,87.5700454711914,83.80594635009766,116.04096984863281,185.2525177001953,112.68963623046875
2018-04-02,39.08784866333008,128.50181579589844,120.63433837890625,204.87620544433594,140.13282775878906,85.88186645507812,81.28084564208984,112.68161010742188,188.02264404296875,111.53087615966797
2018-04-03,39.48886489868164,130.18112182617188,121.61524200439453,207.55154418945312,140.82980346679688,87.0604476928711,82.37355041503906,114.47830200195312,194.41127014160156,112.2939453125
2018-04-04,40.24396896362305,134.2826690673828,121.71588134765625,209.2412567138672,143.81240844726562,88.38227081298828,84.77928924560547,115.84880828857422,198.0557403564453,112.86857604980469
2018-04-05,40.523040771484375,133.10641479492188,124.18910217285156,211.8834686279297,145.18215942382812,89.54279327392578,84.82518768310547,116.40034484863281,198.2981414794922,114.16866302490234
2018-04-06,39.48653030395508,130.11924743652344,119.87986755371094,207.0463409423828,141.38902282714844,87.309814453125,82.85101318359375,114.6955795288086,193.87460327148438,110.880859375
2018-04-09,39.878150939941406,131.2645721435547,119.95527648925781,208.88507080078125,139.8166961669922,88.3582763671875,83.3468246459961,114.67886352539062,192.809814453125,111.90769958496094
2018-04-10,40.628570556640625,133.98085021972656,124.15558624267578,212.51300048828125,140.6109619140625,90.0469970703125,85.28428649902344,115.20532989501953,196.32440185546875,113.72588348388672
2018-04-11,40.43861770629883,133.42364501953125,123.0656967163086,209.50631713867188,140.1004180908203,88.53435516357422,84.34770965576172,114.1440200805664,192.09127807617188,112.84034729003906
2018-04-12,40.83728790283203,132.3479766845703,125.87425231933594,215.01438903808594,140.50558471679688,90.73530578613281,85.92706298828125,114.7289810180664,194.11695861816406,114.05561828613281
2018-04-13,40.975650787353516,132.7039794921875,125.94966125488281,211.9746551513672,140.0517578125,88.27824401855469,85.46792602539062,113.89332580566406,194.1515655517578,113.75413513183594
2018-04-16,41.231258392333984,132.62657165527344,127.55101013183594,213.59808349609375,141.3728485107422,88.20621490478516,86.46880340576172,114.9462661743164,199.38021850585938,114.81867980957031
2018-04-17,41.79877471923828,135.3351593017578,128.53192138671875,210.0778350830078,141.76187133789062,88.20621490478516,88.21341705322266,114.7707748413086,206.50465393066406,116.62744140625
2018-04-18,41.70496368408203,135.5131378173828,130.7451934814453,210.38427734375,145.76571655273438,87.493896484375,88.55315399169922,114.04376983642578,204.6434783935547,117.26803588867188
2018-04-19,40.523040771484375,133.8260955810547,130.53562927246094,210.52511596679688,143.5205841064453,89.41472625732422,88.25017547607422,114.1440200805664,204.08941650390625,116.77814483642578
2018-04-20,38.86271667480469,132.7658233642578,129.1285400390625,208.69461059570312,143.46388244628906,89.21463775634766,87.23092651367188,114.3529281616211,203.4834747314453,117.00425720214844
2018-04-23,38.75017547607422,135.16488647460938,129.7520294189453,204.31297302246094,143.99072265625,88.78246307373047,87.5522689819336,114.67886352539062,202.86016845703125,117.24919891357422
2018-04-24,38.21079635620117,133.0599365234375,121.7051773071289,200.85073852539062,142.85604858398438,88.36626434326172,85.5046615600586,111.04368591308594,202.7562713623047,114.24402618408203
2018-04-25,38.37729263305664,135.29644775390625,122.337158203125,198.15054321289062,143.77186584472656,88.03013610839844,84.76091766357422,110.49214172363281,203.34494018554688,114.18749237060547
2018-04-26,38.51096725463867,135.71434020996094,123.28082275390625,198.86282348632812,150.52322387695312,88.1181869506836,86.55145263671875,111.10221099853516,205.18887329101562,119.71739959716797
2018-04-27,38.06538772583008,137.33172607421875,121.94111633300781,198.6226806640625,151.1230010986328,87.55794525146484,87.98387145996094,111.30274963378906,207.9156494140625,118.70938873291016
2018-04-30,38.754852294921875,135.0255584716797,121.63780975341797,197.40509033203125,149.77757263183594,87.06169891357422,85.87194061279297,109.97403717041016,204.6434783935547,119.52898406982422
2018-05-01,39.65536880493164,131.0014190673828,121.68830108642578,196.03013610839844,149.6397705078125,87.06169891357422,87.23092651367188,109.54784393310547,205.0330047607422,120.12248992919922
2018-05-02,41.40713119506836,131.1175079345703,121.21644592285156,193.8600311279297,150.67724609375,86.3734359741211,85.8627700805664,107.23304748535156,202.098388671875,119.05797576904297
2018-05-03,41.482177734375,128.7649688720703,121.14906311035156,193.32992553710938,148.47265625,85.82915496826172,86.37696838378906,106.38903045654297,202.69569396972656,119.81163787841797
2018-05-04,43.10967254638672,129.99539184570312,123.3313980102539,194.59718322753906,149.96400451660156,86.7816162109375,87.37784576416016,108.39462280273438,204.21060180664062,120.73484802246094
2018-05-07,43.421573638916016,130.0573272705078,126.23836517333984,196.46913146972656,148.77255249023438,87.533935546875,88.35115814208984,107.79296112060547,202.37542724609375,121.7710952758789
2018-05-08,43.63028335571289,130.39007568359375,126.33104705810547,196.303466796875,149.9720458984375,88.8304672241211,87.97466278076172,107.51717376708984,200.8605194091797,122.37403869628906
2018-05-09,43.93749237060547,131.28005981445312,128.58926391601562,200.22125244140625,151.04190063476562,90.76730346679688,89.01226043701172,108.42803955078125,198.4193115234375,123.2595443725586
2018-05-10,44.56596755981445,132.154541015625,129.73516845703125,201.63760375976562,151.69029235839844,91.47164154052734,89.9029541015625,109.37235260009766,202.3148193359375,123.41033172607422
2018-05-11,44.39649200439453,134.56900024414062,130.48507690429688,201.2069091796875,154.2433624267578,91.12748718261719,89.71012115478516,109.68157196044922,206.27088928222656,124.18284606933594
2018-05-14,44.292884826660156,136.1709442138672,130.83895874023438,202.0269012451172,154.86741638183594,91.15950012207031,90.01311492919922,108.636962890625,210.27027893066406,123.60813903808594
2018-05-15,43.89034652709961,133.36952209472656,128.57237243652344,200.08045959472656,152.35488891601562,90.46319580078125,89.36119079589844,108.51997375488281,207.3270263671875,123.50450134277344
2018-05-16,44.29994201660156,135.5374298095703,129.59193420410156,199.58343505859375,151.05810546875,90.71128845214844,89.59172058105469,108.76231384277344,209.24879455566406,123.30665588378906
2018-05-17,44.01980972290039,136.2003631591797,129.49928283691406,198.04283142089844,150.20712280273438,90.40716552734375,88.69721221923828,109.23863983154297,210.32228088378906,122.59896850585938
2018-05-18,43.85972213745117,137.487060546875,131.20126342773438,196.303466796875,151.90103149414062,88.9425277709961,88.86321258544922,108.5116195678711,211.7764892578125,122.59896850585938
2018-05-21,44.17047119140625,137.6196746826172,133.90602111816406,196.8832550048828,153.8218994140625,89.75888061523438,90.0067138671875,109.5896224975586,214.5985870361328,123.28780364990234
2018-05-22,44.059837341308594,139.0935821533203,131.6142120361328,197.13174438476562,151.4552459716797,90.44717407226562,89.91449737548828,109.82359313964844,212.24400329589844,123.3349609375
2018-05-23,44.34233093261719,140.32574462890625,132.9118194580078,196.97438049316406,151.29315185546875,90.031005859375,90.98426818847656,109.3890609741211,211.44761657714844,124.4389419555664
2018-05-24,44.292884826660156,138.78163146972656,132.87808227539062,195.55799865722656,151.68218994140625,89.0225830078125,90.66149139404297,109.1801528930664,210.1230926513672,124.44839477539062
2018-05-25,44.39411926269531,139.00001525878906,131.31922912597656,194.65512084960938,151.43907165527344,88.56639099121094,90.70759582519531,109.49771118164062,212.04490661621094,123.8728256225586
2018-05-29,44.23402786254883,138.37611389160156,129.4402313232422,188.04551696777344,149.93966674804688,84.78073120117188,90.38484191894531,107.1411361694336,209.6383819580078,122.37251281738281
2018-05-30,44.13987350463867,140.5596923828125,130.9906463623047,190.48094177246094,152.4825439453125,86.71757507324219,91.25171661376953,108.77903747558594,212.03622436523438,123.26891326904297
2018-05-31,43.99155807495117,140.07615661621094,127.99940490722656,187.75457763671875,152.04238891601562,85.6451187133789,91.1502685546875,107.40016174316406,209.06698608398438,123.34442138671875
2018-06-01,44.78490447998047,143.1565704345703,129.3560028076172,189.8076934814453,152.69447326660156,86.75758361816406,92.94855499267578,108.04364013671875,210.65988159179688,123.46705627441406
2018-06-04,45.159202575683594,144.6149139404297,128.49652099609375,191.0877227783203,155.9626922607422,86.797607421875,93.76007843017578,108.40296173095703,211.76785278320312,125.56180572509766
2018-06-05,45.50762176513672,141.72166442871094,128.92623901367188,189.79933166503906,156.43540954589844,86.30937194824219,94.2396240234375,107.943359375,211.5947265625,126.0241470336914
2018-06-06,45.665340423583984,143.14100646972656,131.87533569335938,193.03274536132812,157.7801513671875,88.32625579833984,94.51630401611328,107.60908508300781,215.2478485107422,128.59071350097656
2018-06-07,45.542930603027344,142.94602966308594,131.69000244140625,194.04684448242188,159.8829345703125,88.67842102050781,93.03153991699219,109.09712219238281,215.5335693359375,126.2883529663086
2018-06-08,45.12860107421875,143.72586059570312,130.87271118164062,193.99693298339844,161.6433868408203,88.92650604248047,93.72318267822266,110.40020751953125,217.00514221191406,127.13758087158203
2018-06-11,45.0179557800293,143.96759033203125,131.69839477539062,194.5787811279297,162.7110595703125,88.70242309570312,93.18833923339844,109.71082305908203,219.68873596191406,126.3543930053711
2018-06-12,45.26513671875,144.32635498046875,132.7011260986328,193.36524963378906,164.0721435546875,88.19019317626953,93.4281005859375,108.9374008178711,219.51559448242188,127.25081634521484
2018-06-13,44.893192291259766,143.24232482910156,130.3586883544922,194.36270141601562,163.25711059570312,88.01412200927734,93.0038833618164,109.05509185791016,218.9009552001953,126.81678009033203
2018-06-14,44.91673278808594,144.8878173828125,129.03582763671875,194.2130584716797,162.73550415039062,86.4614486694336,93.52952575683594,108.33211517333984,221.03048706054688,127.3829574584961
2018-06-15,44.45531463623047,144.279541015625,126.40686798095703,192.7750701904297,163.444580078125,86.357421875,92.33990478515625,108.76085662841797,222.3770294189453,127.47731018066406
2018-06-18,44.431785583496094,143.4529266357422,125.27777862548828,192.3345184326172,163.5668182373047,86.58153533935547,93.01311492919922,107.264404296875,221.41273498535156,128.5151824951172
2018-06-19,43.71377944946289,145.1997833251953,120.74459838867188,189.78268432617188,162.36061096191406,86.07728576660156,93.01311492919922,107.74359130859375,219.80563354492188,127.48674011230469
2018-06-20,43.90446472167969,145.4493408203125,120.60137939453125,189.3670654296875,162.25465393066406,86.06929779052734,93.94453430175781,105.07859802246094,219.6231689453125,127.85472869873047
2018-06-21,43.659629821777344,145.0438232421875,117.5679931640625,188.6688995361328,163.25711059570312,86.04529571533203,93.27131652832031,103.78390502929688,218.82391357421875,126.93940734863281
2018-06-22,43.53250503540039,144.38870239257812,117.91349029541016,187.8709259033203,160.89356994628906,84.63666534423828,92.59812927246094,104.59101867675781,220.97837829589844,127.6943130493164
2018-06-25,42.88511276245117,144.5525360107422,115.08235931396484,184.14706420898438,160.05409240722656,83.86833190917969,90.73526763916016,104.01090240478516,217.79884338378906,123.54254150390625
2018-06-26,43.41716003417969,143.95199584960938,114.20603942871094,184.1803436279297,160.0377960205078,83.92434692382812,91.3716049194336,103.08612060546875,216.98223876953125,125.07115936279297
2018-06-27,43.35359191894531,143.12535095214844,113.42243957519531,183.01657104492188,158.94564819335938,82.6277847290039,89.9513931274414,102.01004791259766,215.59226989746094,123.62747192382812
2018-06-28,43.66905212402344,142.97718811035156,114.61888885498047,185.7097625732422,159.10047912597656,83.98039245605469,90.95658111572266,102.94322204589844,212.7515411376953,125.25044250488281
2018-06-29,43.577239990234375,143.95199584960938,114.31555938720703,183.34078979492188,159.01087951660156,83.3961181640625,90.93814849853516,102.85076141357422,213.1337890625,124.9767837524414
2018-07-02,44.064537048339844,144.49794006347656,114.83798217773438,185.5767059326172,158.130615234375,84.10045623779297,92.22923278808594,102.89279174804688,214.99288940429688,125.02395629882812
2018-07-03,43.29709243774414,144.825439453125,112.76522064208984,183.182861328125,157.80465698242188,82.92391967773438,91.34392547607422,103.2122573852539,214.55848693847656,124.033203125
2018-07-05,43.6455078125,146.11215209960938,114.43355560302734,183.48211669921875,158.448486328125,83.46309661865234,91.99868774414062,103.0693359375,217.61639404296875,125.76935577392578
2018-07-06,44.250518798828125,148.95863342285156,114.09650421142578,184.35487365722656,158.50555419921875,83.73667907714844,93.2897720336914,103.55696105957031,217.8422393798828,126.52432250976562
2018-07-09,44.864952087402344,151.42291259765625,118.78138732910156,189.50840759277344,159.8095703125,86.3277816772461,93.92609405517578,105.42330932617188,220.37026977539062,127.87357330322266
2018-07-10,44.8108024597168,152.6083221435547,119.01730346679688,188.56080627441406,161.05654907226562,85.79669189453125,94.17508697509766,105.81841278076172,221.99481201171875,128.9776153564453
2018-07-11,44.22933578491211,150.6275177001953,115.2340087890625,187.57168579101562,160.51864624023438,85.61161041259766,94.04595184326172,105.12904357910156,221.16952514648438,130.3551788330078
2018-07-12,44.97087478637695,151.35275268554688,117.47533416748047,188.86839294433594,161.3336639404297,85.98177337646484,96.08402252197266,105.94450378417969,222.43783569335938,132.00645446777344
2018-07-13,45.041500091552734,152.7798614501953,118.5959701538086,188.1951141357422,161.936767578125,85.58745574951172,97.22756958007812,106.45732116699219,224.74002075195312,131.5535430908203
2018-07-16,44.942623138427734,151.97662353515625,116.34626770019531,192.37608337402344,162.09165954589844,88.9832992553711,96.74800872802734,107.76884460449219,223.24578857421875,130.64772033691406
2018-07-17,45.069759368896484,151.2279815673828,117.07930755615234,192.02696228027344,163.9010009765625,88.91889190673828,97.70708465576172,108.27325439453125,217.4339599609375,131.76112365722656
2018-07-18,44.82255554199219,150.3545379638672,118.90776062011719,192.2098388671875,163.79507446289062,89.74775695800781,96.94165802001953,109.29048156738281,221.89051818847656,132.95001220703125
2018-07-19,45.17097473144531,149.54351806640625,118.19563293457031,190.87158203125,165.14797973632812,88.42802429199219,96.2777099609375,105.23834228515625,219.7274169921875,132.22348022460938
2018-07-20,45.06739807128906,148.55313110351562,115.9914321899414,192.5838623046875,165.00131225585938,89.54657745361328,98.0022201538086,105.25516510009766,219.52757263183594,133.0349578857422
2018-07-23,45.10741424560547,148.1475830078125,115.53359985351562,194.3044891357422,164.82200622558594,91.21231079101562,99.56996154785156,104.44807434082031,219.56236267089844,132.12913513183594
2018-07-24,45.43464660644531,149.26278686523438,116.96636962890625,196.06666564941406,164.6263885498047,91.85606384277344,99.28407287597656,104.8768310546875,220.44842529296875,132.12913513183594
2018-07-25,45.863101959228516,150.54171752929688,119.0942153930664,196.7399444580078,163.81948852539062,92.68488311767578,102.20742797851562,106.16311645507812,221.404052734375,134.5918426513672
2018-07-26,45.7194938659668,151.32937622070312,120.87452697753906,197.08905029296875,162.51544189453125,92.41934204101562,101.09158325195312,108.86174011230469,223.26315307617188,134.45973205566406
2018-07-27,44.9591178894043,150.0738525390625,120.85762023925781,197.5296173095703,160.67352294921875,93.36888122558594,99.30252838134766,109.90418243408203,222.35096740722656,132.77072143554688
2018-07-30,44.70722579956055,148.66232299804688,118.47539520263672,198.61851501464844,160.78758239746094,93.93217468261719,97.17224884033203,110.21524810791016,220.51795959472656,128.7794189453125
2018-07-31,44.79668045043945,153.27899169921875,121.90885162353516,197.3550567626953,160.9832305908203,92.49981689453125,97.8270034790039,109.40817260742188,219.97933959960938,129.0247802734375
2018-08-01,47.43564224243164,152.72531127929688,117.44955444335938,196.19967651367188,159.98887634277344,93.0711441040039,98.01142120361328,108.41617584228516,220.10968017578125,130.4495391845703
2018-08-02,48.822235107421875,153.14645385742188,117.00025939941406,194.49566650390625,159.46730041503906,93.46543884277344,99.2010498046875,107.88654327392578,222.46392822265625,131.0817413330078
2018-08-03,48.96348571777344,154.40196228027344,117.42415618896484,194.5787811279297,159.45098876953125,94.22187042236328,99.63450622558594,109.03828430175781,223.4542694091797,131.9309539794922
2018-08-06,49.21772384643555,154.10565185546875,118.2464828491211,196.1082000732422,159.49169921875,94.24601745605469,99.71751403808594,109.29048156738281,223.05465698242188,131.82716369628906
2018-08-07,48.75632095336914,156.28140258789062,120.7050552368164,197.6875,160.6001739501953,94.5920181274414,100.40914154052734,109.24003601074219,223.8278045654297,132.364990234375
2018-08-08,48.789276123046875,153.00604248046875,118.44147491455078,196.47398376464844,161.39073181152344,94.78514862060547,100.97168731689453,108.6263656616211,224.83551025390625,132.74241638183594
2018-08-09,49.173004150390625,151.26699829101562,117.43266296386719,194.3211212158203,161.4395751953125,94.05284881591797,101.13768768310547,108.92058563232422,227.2506103515625,132.11024475097656
2018-08-10,49.02652359008789,151.617919921875,115.22850036621094,190.85498046875,159.98887634277344,93.12747192382812,100.51981353759766,108.34049987792969,226.1820831298828,131.84603881835938
2018-08-13,49.34307861328125,152.54592895507812,114.4654312133789,188.5691375732422,158.22845458984375,91.6468276977539,99.79127502441406,107.651123046875,226.659912109375,132.2989959716797
2018-08-14,49.55097961425781,152.66294860839844,114.38066101074219,190.81341552734375,157.3808135986328,92.2583999633789,101.0362548828125,107.22236633300781,228.89248657226562,132.8179168701172
2018-08-15,49.66672897338867,152.27294921875,111.92214965820312,190.5557403564453,158.1061553955078,91.49393463134766,99.66612243652344,108.25643920898438,226.3992156982422,132.0253448486328
2018-08-16,50.39434051513672,154.23590087890625,115.51665496826172,193.67276000976562,159.2472381591797,92.3549575805664,99.64762115478516,109.57633209228516,228.5623779296875,132.9136199951172
2018-08-17,51.40071487426758,155.00535583496094,118.1277847290039,193.98866271972656,159.3857879638672,92.3549575805664,99.59207916259766,109.64358520507812,227.89340209960938,133.55621337890625
2018-08-20,50.8998908996582,155.11524963378906,117.55979919433594,195.9835662841797,161.3173828125,92.23426055908203,98.93480682373047,110.48423767089844,227.95425415039062,133.18765258789062
2018-08-21,50.80068588256836,154.91897583007812,118.67886352539062,198.369140625,163.1919403076172,92.79754638671875,98.1108627319336,110.72810363769531,227.3374481201172,132.33717346191406
2018-08-22,50.80305099487305,155.3350830078125,118.3736572265625,198.94265747070312,162.1649932861328,92.51589965820312,99.11067962646484,108.79448699951172,226.5121612548828,133.37664794921875
2018-08-23,50.9069709777832,154.3614501953125,115.96597290039062,196.44898986816406,163.1348876953125,92.32279968261719,99.57357025146484,108.8869400024414,227.10292053222656,134.28387451171875
2018-08-24,51.06526565551758,154.39291381835938,117.16980743408203,195.4266357421875,164.06398010253906,92.28254699707031,100.35118103027344,109.71923828125,229.5874481201172,136.2683868408203
2018-08-27,51.485774993896484,155.93182373046875,120.41675567626953,201.65240478515625,164.61822509765625,93.91607666015625,101.46209716796875,110.87940216064453,232.01988220214844,137.40234375
2018-08-28,51.90155029296875,155.947509765625,120.38284301757812,201.4612579345703,164.6100616455078,93.4573974609375,102.07307434082031,111.20726776123047,233.26222229003906,137.2133331298828
2018-08-29,52.67641067504883,156.83477783203125,120.2641830444336,201.31942749023438,165.21624755859375,93.15160369873047,103.70237731933594,111.5267562866211,233.68792724609375,138.94268798828125
2018-08-30,53.16069412231445,157.30584716796875,117.89044189453125,199.65151977539062,163.23379516601562,92.69290161132812,103.63758850097656,110.67765808105469,233.1580352783203,138.6686248779297
2018-08-31,53.77490997314453,156.8818817138672,117.71239471435547,198.32553100585938,164.4708709716797,92.20205688476562,103.98938751220703,110.63561248779297,233.21875,138.81036376953125
2018-09-04,53.94736862182617,154.4635772705078,117.19525146484375,198.200439453125,168.00155639648438,92.66072082519531,103.41541290283203,111.08118438720703,233.26222229003906,139.67034912109375
2018-09-05,53.59537887573242,155.26441955566406,119.18753814697266,198.11700439453125,167.2397003173828,92.21012878417969,100.43450164794922,111.4679183959961,232.50640869140625,134.82252502441406
2018-09-06,52.70476150512695,154.0082244873047,120.018310546875,195.58181762695312,168.66510009765625,91.8158187866211,100.66593170166016,111.4510726928711,235.04286193847656,136.55189514160156
2018-09-07,52.279541015625,154.1259765625,119.80636596679688,195.07310485839844,168.94363403320312,91.99284362792969,100.17530822753906,110.00506591796875,233.84873962402344,135.32334899902344
2018-09-10,51.57790756225586,158.99392700195312,120.42527770996094,193.4051513671875,172.5972900390625,91.50199127197266,101.25843048095703,107.89952850341797,226.39605712890625,136.1549072265625
2018-09-11,52.8819465637207,156.6149139404297,120.4083023071289,191.98745727539062,175.18594360351562,92.08135986328125,102.98030090332031,108.1109390258789,227.53797912597656,137.4874267578125
2018-09-12,52.225189208984375,156.63845825195312,122.31578826904297,190.26943969726562,173.65406799316406,90.99502563476562,103.41541290283203,107.29914093017578,228.958740234375,138.5080108642578
2018-09-13,53.4867057800293,159.33151245117188,123.38395690917969,190.41954040527344,171.58143615722656,91.34909057617188,104.52632141113281,108.93964385986328,231.41685485839844,139.50973510742188
2018-09-14,52.879581451416016,157.4864044189453,122.84136199951172,191.17845153808594,171.2702178955078,91.3329849243164,104.95215606689453,109.93743133544922,231.25994873046875,139.70814514160156
2018-09-17,51.471588134765625,157.66700744628906,123.96039581298828,190.05259704589844,170.72128295898438,91.60658264160156,103.81348419189453,109.83596801757812,230.00477600097656,138.13943481445312
2018-09-18,51.556644439697266,158.86830139160156,126.37657165527344,190.88653564453125,172.8675537109375,91.97674560546875,104.8040542602539,111.08746337890625,229.49916076660156,139.50973510742188
2018-09-19,51.58734130859375,159.54354858398438,129.50479125976562,196.46578979492188,173.4082794189453,94.6483383178711,103.40614318847656,112.04300689697266,231.27737426757812,139.31126403808594
2018-09-20,51.9795036315918,161.0353546142578,132.25155639648438,197.98361206054688,172.90036010742188,95.46107482910156,105.13731384277344,113.43824768066406,232.20127868652344,141.03114318847656
2018-09-21,51.41962432861328,161.0353546142578,132.57379150390625,196.265625,173.98988342285156,94.83343505859375,105.77608489990234,113.68347930908203,232.4453582763672,141.79656982421875
2018-09-24,52.15903854370117,162.69198608398438,130.55604553222656,194.23077392578125,170.3854522705078,93.9240951538086,106.1556396484375,112.3220443725586,233.0468292236328,140.9082794189453
2018-09-25,52.48978042602539,162.10311889648438,130.63235473632812,193.8971405029297,169.95126342773438,93.65857696533203,105.95196533203125,111.01980590820312,229.6909637451172,141.35240173339844
2018-09-26,52.07164001464844,162.3936309814453,129.85240173339844,190.87818908691406,170.0004119873047,92.5561294555664,105.51689147949219,109.50614929199219,229.16798400878906,141.05950927734375
2018-09-27,53.14179992675781,164.0110626220703,129.25901794433594,189.92747497558594,169.4433135986328,92.1537857055664,105.91492462158203,109.1848373413086,230.68470764160156,141.76820373535156
2018-09-28,53.32842254638672,162.7547607421875,129.27589416503906,187.00863647460938,169.69732666015625,90.80191040039062,105.8779296875,109.68376159667969,231.8963165283203,141.8343963623047
2018-10-01,53.68750762939453,162.4564208984375,129.09788513183594,187.91761779785156,170.06594848632812,91.3329849243164,107.02584838867188,109.05799865722656,234.5635528564453,142.49581909179688
2018-10-02,54.16471481323242,163.05316162109375,131.2512664794922,188.5347900390625,167.73121643066406,91.71118927001953,106.60000610351562,109.51461029052734,235.89718627929688,141.43746948242188
2018-10-03,54.823829650878906,162.44862365722656,134.13365173339844,189.96083068847656,166.90383911132812,92.57221984863281,106.61849975585938,109.53999328613281,236.1324462890625,141.1539764404297
2018-10-04,53.859962463378906,159.7554931640625,132.88739013671875,189.71066284179688,162.8979949951172,93.40686798095703,104.41522216796875,110.59701538085938,233.88365173339844,138.68753051757812
2018-10-05,52.985877990722656,160.1873321533203,129.97113037109375,188.23455810546875,160.87452697753906,92.8801498413086,103.80426025390625,110.03890228271484,234.6506805419922,137.3645477294922
2018-10-08,52.863040924072266,161.4043426513672,130.00502014160156,187.934326171875,162.5374755859375,93.4473876953125,102.61927032470703,111.33271026611328,234.48507690429688,134.08544921875
2018-10-09,53.59537887573242,161.741943359375,126.70719146728516,185.89944458007812,160.3584442138672,92.79910278320312,103.92457580566406,111.27349853515625,235.4438934326172,134.4822998046875
2018-10-10,51.11251449584961,157.97323608398438,121.84101104736328,179.21099853515625,158.6790771484375,90.32759857177734,98.27750396728516,108.38150787353516,229.31610107421875,128.06576538085938
2018-10-11,50.661293029785156,152.2023468017578,119.50969696044922,177.6097869873047,155.43507385253906,87.62109375,98.04606628417969,105.11746978759766,224.12107849121094,126.37422180175781
2018-10-12,52.47088623046875,154.9817657470703,120.44219970703125,178.3603973388672,157.67144775390625,86.66490173339844,101.43431854248047,104.55937957763672,226.2914581298828,132.3561248779297
2018-10-15,51.348751068115234,153.56849670410156,120.21329498291016,179.4862518310547,156.6064910888672,86.17060089111328,99.61058044433594,104.33951568603516,226.84934997558594,129.68170166015625
2018-10-16,52.48032760620117,158.86830139160156,121.83252716064453,184.89031982421875,158.58074951171875,88.0181655883789,102.75812530517578,105.48954772949219,237.58815002441406,133.94366455078125
2018-10-17,52.2535514831543,159.2058868408203,119.82331848144531,190.37786865234375,151.6913299560547,88.9986572265625,102.48967742919922,106.91861724853516,232.99453735351562,134.61459350585938
2018-10-18,51.032196044921875,159.1666259765625,115.12667846679688,187.60072326660156,147.8164520263672,87.58871459960938,100.44375610351562,105.81932830810547,232.56741333007812,131.62844848632812
2018-10-19,51.809417724609375,158.44427490234375,112.03823852539062,189.27699279785156,147.33311462402344,87.44283294677734,100.59188842773438,106.60574340820312,231.2511749267578,132.37496948242188
2018-10-22,52.1259765625,155.47637939453125,109.81147003173828,184.80690002441406,146.43203735351562,86.18682098388672,101.4898452758789,104.91453552246094,228.54039001464844,132.90419006347656
2018-10-23,52.617340087890625,155.17803955078125,101.51011657714844,182.271728515625,146.2517852783203,85.28733825683594,100.07347106933594,104.68621063232422,230.86770629882812,131.46775817871094
2018-10-24,50.8124885559082,147.5149688720703,95.84505462646484,174.44908142089844,144.9738311767578,83.69910430908203,94.72264099121094,102.79204559326172,223.42372131347656,126.8750991821289
2018-10-25,51.92517852783203,147.68771362304688,98.65199279785156,178.47714233398438,146.69419860839844,84.97130584716797,100.25862121582031,102.521484375,230.3272705078125,132.79080200195312
2018-10-26,51.09834289550781,146.02316284179688,98.15717315673828,177.1010284423828,141.09080505371094,83.804443359375,99.01814270019531,102.56375122070312,225.04501342773438,130.16371154785156
2018-10-29,50.13920593261719,147.75831604003906,97.24427795410156,178.87742614746094,141.8854522705078,84.96322631835938,96.1390380859375,103.4347152709961,223.59803771972656,126.9412612915039
2018-10-30,50.38962173461914,148.4571075439453,100.21330261230469,182.8721160888672,144.37582397460938,86.46233367919922,96.02792358398438,106.4366226196289,225.13218688964844,125.45760345458984
2018-10-31,51.7031135559082,151.3700714111328,103.50654602050781,187.95095825195312,144.08090209960938,88.3423080444336,98.8792495727539,105.81087493896484,227.80813598632812,130.2676239013672
2018-11-01,52.49686050415039,151.45640563964844,106.39024353027344,189.28533935546875,147.83287048339844,88.30989837646484,98.05535888671875,105.87007141113281,227.4420623779297,133.083740234375
2018-11-02,49.014705657958984,146.87112426757812,107.32022094726562,191.55372619628906,147.398681640625,87.82369232177734,98.27750396728516,105.61638641357422,227.51177978515625,132.0914764404297
2018-11-05,47.62327194213867,149.11668395996094,107.84917449951172,190.74481201171875,149.2501220703125,88.39901733398438,99.52725982666016,106.99472045898438,227.51177978515625,132.11038208007812
2018-11-06,48.138267517089844,149.768310546875,110.34041595458984,190.3111114501953,149.10256958007812,88.81227111816406,99.72168731689453,108.7451400756836,229.71705627441406,133.0458984375
2018-11-07,49.59822082519531,155.16236877441406,115.26319122314453,192.87973022460938,153.37884521484375,90.33570861816406,103.64684295654297,110.16576385498047,239.38381958007812,136.81643676757812
2018-11-08,49.42518615722656,153.90611267089844,112.09796142578125,193.18829345703125,154.00965881347656,91.06501007080078,103.45243835449219,110.76615142822266,241.14454650878906,137.24169921875
2018-11-09,48.47217559814453,151.66058349609375,108.27576446533203,185.68263244628906,152.36305236816406,90.18174743652344,101.43431854248047,110.79995727539062,241.05734252929688,136.01316833496094
2018-11-12,46.030433654785156,150.4043426513672,106.64619445800781,171.83877563476562,146.989013671875,88.28556060791016,98.93480682373047,107.42598724365234,237.42259216308594,132.03475952148438
2018-11-13,45.570533752441406,150.39645385742188,107.46524810791016,171.00477600097656,146.6367950439453,88.80416870117188,98.99960327148438,107.23149871826172,234.6681365966797,132.03475952148438
2018-11-14,44.28329086303711,149.46212768554688,106.73149871826172,168.86985778808594,147.37413024902344,86.97282409667969,97.59569549560547,104.0435562133789,230.954833984375,131.81741333007812
2018-11-15,45.37614059448242,152.15817260742188,110.41720581054688,169.9123077392578,145.2933349609375,89.19314575195312,99.74340057373047,106.19983673095703,230.93743896484375,134.27879333496094
2018-11-16,45.87872314453125,153.52601623535156,110.8779296875,168.56126403808594,145.01483154296875,89.12831115722656,100.68244171142578,108.88888549804688,236.3155059814453,132.70733642578125
2018-11-19,44.06044006347656,154.10321044921875,107.48230743408203,165.308837890625,142.20486450195312,89.80901336669922,97.27027893066406,110.36868286132812,231.90489196777344,127.57627868652344
2018-11-20,41.955322265625,155.31285095214844,104.3170394897461,159.57113647460938,138.48577880859375,87.8803939819336,94.564697265625,108.55064392089844,227.93890380859375,126.2603530883789
2018-11-21,41.90791320800781,152.4111785888672,105.68212890625,160.62191772460938,138.69058227539062,87.22404479980469,95.8663558959961,108.03482818603516,227.11083984375,127.25434112548828
2018-11-23,40.8434944152832,152.2530975341797,104.35971069335938,157.70303344726562,138.3219451904297,86.42182159423828,95.82917785644531,107.05390930175781,228.0435028076172,125.7869873046875
2018-11-26,41.39585494995117,153.6208953857422,106.4755630493164,162.07302856445312,139.11656188964844,88.53679656982422,98.99031066894531,110.21647644042969,232.00083923339844,128.69332885742188
2018-11-27,41.30577850341797,155.8346710205078,106.30493927001953,161.4976043701172,141.90185546875,88.9095458984375,99.61324310302734,109.59920501708984,236.35044860839844,128.66494750976562
2018-11-28,42.89409637451172,159.25021362304688,111.56898498535156,165.41722106933594,146.22010803222656,89.89813232421875,103.31365203857422,110.5208969116211,244.8926544189453,133.84339904785156
2018-11-29,42.56458282470703,160.00132751464844,111.10826873779297,163.15638732910156,144.76148986816406,89.18502807617188,102.44898223876953,110.46173095703125,246.287353515625,131.68490600585938
2018-11-30,42.33463668823242,164.65028381347656,115.74949645996094,159.67308044433594,148.60179138183594,90.10072326660156,103.09979248046875,110.24185943603516,246.03378295898438,134.15574645996094
2018-12-03,43.813899993896484,160.44407653808594,118.54791259765625,160.46006774902344,149.77203369140625,90.95154571533203,104.21550750732422,110.0219955444336,250.3796844482422,137.27040100097656
2018-12-04,41.886566162109375,156.35650634765625,110.33191680908203,154.33079528808594,144.4647979736328,86.8918228149414,100.89628601074219,107.13002014160156,243.57659912109375,131.24935913085938
2018-12-06,41.41957092285156,157.3447723388672,109.52134704589844,154.1465606689453,145.00869750976562,85.23873138427734,101.51922607421875,106.04766082763672,242.0900115966797,133.53094482421875
2018-12-07,39.94267272949219,151.35968017578125,105.40908813476562,150.44552612304688,142.39630126953125,83.69910430908203,97.45621490478516,105.12873077392578,235.38307189941406,129.80101013183594
2018-12-10,40.205810546875,153.45486450195312,105.27259826660156,149.74217224121094,141.4897918701172,82.13516998291016,100.0316162109375,104.65229034423828,233.06576538085938,130.5299530029297
2018-12-11,39.975860595703125,155.10728454589844,105.14460754394531,148.04232788085938,141.91839599609375,81.33295440673828,100.96136474609375,102.92508697509766,233.6690673828125,129.5169219970703
2018-12-12,40.0872802734375,155.28915405273438,106.96185302734375,147.9585723876953,143.56655883789062,81.85964965820312,101.41696166992188,103.80996704101562,236.65966796875,130.45420837402344
2018-12-13,40.52583312988281,156.17466735839844,107.4140396118164,147.3054962158203,143.2863311767578,81.940673828125,101.76095581054688,103.37605285644531,237.98011779785156,130.20802307128906
2018-12-14,39.22910690307617,151.85780334472656,108.15631103515625,144.6678466796875,141.98423767089844,81.26811218261719,98.58123779296875,102.56775665283203,231.74533081054688,127.88868713378906
2018-12-17,38.86403274536133,150.28439331054688,106.19400787353516,140.68212890625,138.4241180419922,80.23089599609375,95.66178894042969,102.04022979736328,225.66793823242188,124.39535522460938
2018-12-18,39.36899948120117,147.92828369140625,106.02337646484375,143.6044158935547,140.1300048828125,79.85001373291016,96.66593933105469,101.50421142578125,221.20822143554688,125.58818817138672
2018-12-19,38.140995025634766,146.65538024902344,104.36821746826172,141.7204132080078,138.0862579345703,78.83711242675781,96.40559387207031,101.38510131835938,218.8822479248047,124.26277923583984
2018-12-20,37.17852020263672,146.23634338378906,103.7027587890625,141.0170135498047,135.28433227539062,78.15643310546875,94.37874603271484,99.8195571899414,212.00039672851562,121.89610290527344
2018-12-21,35.732425689697266,142.48077392578125,102.44007873535156,134.01683044433594,132.25161743164062,76.30888366699219,91.32916259765625,98.74750518798828,208.41517639160156,117.635986328125
2018-12-24,34.807891845703125,141.04971313476562,99.7781753540039,130.91868591308594,130.32327270507812,74.66390228271484,87.5172119140625,95.82913970947266,203.69313049316406,115.24083709716797
2018-12-26,37.25910568237305,148.52915954589844,106.44145202636719,136.42840576171875,138.6796112060547,77.75936889648438,93.4954833984375,99.69193267822266,212.79615783691406,123.28771209716797
2018-12-27,37.0173225402832,150.48204040527344,108.07099914550781,138.5050506591797,140.36077880859375,78.6345443725586,94.07194519042969,100.9681625366211,215.087158203125,124.9728012084961
2018-12-28,37.03627395629883,150.79832458496094,107.16663360595703,136.5121307373047,140.2783660888672,78.46438598632812,93.3374252319336,100.60231018066406,215.3232879638672,123.95986938476562
2018-12-31,37.394248962402344,153.91342163085938,108.4122543334961,139.8782501220703,141.59695434570312,79.10453033447266,94.43452453613281,101.88707733154297,217.8416290283203,124.90656280517578
2019-01-02,37.43691635131836,151.7233428955078,107.8235855102539,144.04820251464844,142.08316040039062,80.4739761352539,94.01614379882812,99.86209869384766,212.91854858398438,125.83431243896484
2019-01-03,33.707923889160156,149.41468811035156,103.66860961914062,141.93809509277344,138.95155334472656,79.33027648925781,90.55748748779297,98.06683349609375,207.11221313476562,121.2996826171875
2019-01-04,35.146888732910156,154.522216796875,109.33367919921875,146.5769805908203,143.08029174804688,82.25485229492188,94.76923370361328,100.9767074584961,209.534423828125,126.52539825439453
2019-01-07,35.06865310668945,156.60159301757812,109.40193176269531,147.38922119140625,145.89874267578125,82.31206512451172,94.89012908935547,100.65338134765625,209.93666076660156,128.8069305419922
2019-01-08,35.7371826171875,158.6098175048828,110.71583557128906,146.84494018554688,146.59921264648438,82.1568374633789,95.57814025878906,100.2619857788086,212.74366760253906,129.5075225830078
2019-01-09,36.34406661987305,158.42002868652344,111.14240264892578,147.7660369873047,148.11553955078125,82.01795196533203,96.94485473632812,100.9767074584961,213.04969787597656,131.0316619873047
2019-01-10,36.46022415161133,160.24642944335938,113.43744659423828,147.37246704101562,147.56344604492188,82.0097885131836,96.3219223022461,102.32950592041016,214.12525939941406,131.27781677246094
2019-01-11,36.10224151611328,158.5702667236328,112.70369720458984,148.1511993408203,147.85182189941406,81.61768341064453,95.57814025878906,102.49967956542969,216.57369995117188,130.70033264160156
2019-01-14,35.559383392333984,155.5816650390625,112.44776153564453,149.6500244140625,147.35743713378906,82.45909881591797,94.88081359863281,102.59326171875,216.91476440429688,129.79148864746094
2019-01-15,36.28715896606445,157.6373291015625,111.50074768066406,150.64651489257812,145.428955078125,83.06358337402344,97.63288116455078,103.64830017089844,224.61862182617188,130.0186767578125
2019-01-16,36.730464935302734,157.24993896484375,112.32831573486328,165.02365112304688,145.89874267578125,83.73346710205078,97.97688293457031,104.05669403076172,228.63235473632812,130.0186767578125
2019-01-17,36.948570251464844,159.64553833007812,114.78541564941406,166.70675659179688,144.1104278564453,84.07657623291016,98.66488647460938,104.60122680664062,227.15443420410156,129.96188354492188
2019-01-18,37.1761589050293,161.19520568847656,117.29270935058594,169.5955810546875,147.99191284179688,85.44080352783203,100.14319610595703,105.51160430908203,232.16506958007812,131.11688232421875
2019-01-22,36.34169006347656,159.69297790527344,113.54898071289062,165.5260772705078,145.95643615722656,84.0929183959961,98.25579833984375,104.1077651977539,232.33119201660156,130.69085693359375
2019-01-23,36.48866653442383,159.36090087890625,113.1883544921875,164.8729705810547,145.775146484375,83.88053131103516,99.21343994140625,104.6693115234375,233.49417114257812,129.706298828125
2019-01-24,36.19944381713867,158.8944549560547,113.9697036743164,165.62657165527344,146.10472106933594,83.92951202392578,98.73926544189453,105.82643127441406,232.7159423828125,130.35952758789062
2019-01-25,37.398983001708984,157.15504455566406,117.5159683227539,168.08836364746094,148.66769409179688,84.46051788330078,99.64112854003906,106.33692932128906,234.39486694335938,131.27781677246094
2019-01-28,37.05287551879883,151.76287841796875,106.79133605957031,167.23428344726562,148.19798278808594,84.86078643798828,97.69795989990234,106.37947082519531,233.2756805419922,128.74069213867188
2019-01-29,36.66883087158203,151.88937377929688,108.64602661132812,167.8873748779297,148.08262634277344,85.09770965576172,95.70830535888672,106.20079040527344,233.77398681640625,127.803466796875
2019-01-30,39.174598693847656,146.15728759765625,111.72000885009766,169.54531860351562,150.13462829589844,85.29375457763672,98.90662384033203,107.10269165039062,236.42359924316406,130.26487731933594
2019-01-31,39.456687927246094,147.93621826171875,114.33891296386719,165.80239868164062,151.24713134765625,84.55037689208984,97.0936279296875,106.81340789794922,236.27499389648438,127.81291198730469
2019-02-01,39.47566604614258,147.90460205078125,112.40696716308594,164.57150268554688,151.93936157226562,84.86078643798828,95.55951690673828,107.6216812133789,234.9807891845703,132.6789093017578
2019-02-04,40.596954345703125,147.2008819580078,112.38121032714844,165.5595703125,153.63699340820312,85.16307067871094,98.31159210205078,107.23880004882812,234.53480529785156,133.9569854736328
2019-02-05,41.29155731201172,148.88497924804688,113.34291076660156,165.80239868164062,153.6040496826172,84.78728485107422,99.68761444091797,107.35791015625,232.87342834472656,134.9320526123047
2019-02-06,41.30577850341797,150.82205200195312,112.08924102783203,164.63845825195312,152.2278289794922,84.74642181396484,98.58123779296875,106.8218994140625,235.66285705566406,133.9474639892578
2019-02-07,40.523460388183594,145.65919494628906,110.5780258178711,161.66595458984375,151.69212341308594,83.63542175292969,97.8746109008789,107.8514175415039,235.2256317138672,132.6978759765625
2019-02-08,40.571083068847656,147.05859375,110.42345428466797,160.49363708496094,152.0794677734375,82.80219268798828,98.24649047851562,107.0261001586914,229.0170440673828,132.89666748046875
2019-02-11,40.337764739990234,146.89254760742188,110.7068099975586,160.20895385742188,150.74444580078125,82.41006469726562,97.85601806640625,106.71126556396484,224.85467529296875,133.29421997070312
2019-02-12,40.685367584228516,148.97982788085938,113.91820526123047,162.85496520996094,152.8870849609375,83.81513977050781,99.38081359863281,108.27684783935547,230.41616821289062,134.42080688476562
2019-02-13,40.51632308959961,149.41468811035156,114.28742218017578,163.0224151611328,155.26876831054688,84.2154312133789,99.30640411376953,108.94047546386719,230.678466796875,135.84088134765625
2019-02-14,40.66393280029297,148.73744201660156,113.87523651123047,161.21380615234375,154.6918487548828,83.66810607910156,99.39009094238281,107.99606323242188,232.0164031982422,135.76502990722656
2019-02-15,40.573463439941406,150.06005859375,116.94924926757812,166.21270751953125,158.54869079589844,86.22505187988281,100.61734771728516,109.53604888916016,237.0882110595703,137.42457580566406
2019-02-19,40.69488525390625,148.96847534179688,116.60575866699219,166.3550262451172,158.49923706054688,85.92278289794922,100.57087707519531,109.84235382080078,236.4585723876953,136.97889709472656
2019-02-20,40.95677947998047,148.9286651611328,120.47832489013672,166.29641723632812,158.10365295410156,86.33942413330078,100.04798126220703,110.38687133789062,235.67156982421875,137.25390625
2019-02-21,40.72583770751953,147.79727172851562,119.25043487548828,164.42080688476562,158.07894897460938,86.1596908569336,102.15819549560547,110.45494079589844,232.9520263671875,136.5615692138672
2019-02-22,41.18056869506836,149.39080810546875,119.07872772216797,164.11935424804688,158.54869079589844,85.77572631835938,103.61477661132812,111.47593688964844,233.57289123535156,138.33497619628906
2019-02-25,41.48054122924805,151.23126220703125,121.4228515625,166.33831787109375,156.56259155273438,86.67434692382812,104.19369506835938,112.7266616821289,231.37806701660156,138.5152130126953
2019-02-26,41.504356384277344,151.44644165039062,118.47769165039062,166.54762268066406,155.1781463623047,86.01262664794922,104.91267395019531,113.39033508300781,229.9615020751953,139.44456481933594
2019-02-27,41.63291549682617,152.51405334472656,119.8515396118164,166.5476531982422,151.362548828125,85.90646362304688,104.73524475097656,112.8372573852539,218.68113708496094,139.61529541015625
2019-02-28,41.22341537475586,151.44644165039062,117.92814636230469,165.37066650390625,152.57398986816406,85.2529067993164,104.60454559326172,113.08402252197266,211.80799865722656,140.46876525878906
2019-03-01,41.65673065185547,152.3069305419922,118.0397720336914,166.63168334960938,152.59866333007812,85.31010437011719,105.07138061523438,113.18609619140625,215.24453735351562,141.7490692138672
2019-03-04,41.86623764038086,151.20738220214844,118.79537200927734,164.76527404785156,151.47787475585938,85.11405181884766,104.81929779052734,112.43738555908203,206.3863983154297,140.31712341308594
2019-03-05,41.79004669189453,150.44248962402344,117.75638580322266,164.78213500976562,151.63446044921875,85.04869842529297,104.29640197753906,112.8968276977539,211.1171875,140.30758666992188
2019-03-06,41.549583435058594,145.9249267578125,115.77290344238281,163.72280883789062,152.00531005859375,84.73011779785156,104.34310913085938,112.13957977294922,209.0535125732422,140.17481994628906
2019-03-07,41.068668365478516,144.57838439941406,114.02982330322266,162.0665740966797,150.4065399169922,84.11741638183594,103.07323455810547,111.8758544921875,206.98101806640625,139.2454376220703
2019-03-08,41.16629409790039,144.1083221435547,112.78477478027344,164.1431427001953,149.35169982910156,84.15008544921875,103.18528747558594,112.1325912475586,208.28897094726562,139.73854064941406
2019-03-11,42.59237289428711,146.7136993408203,114.2959976196289,164.7568817138672,150.34886169433594,85.24473571777344,105.35151672363281,112.86005401611328,213.43275451660156,142.8870391845703
2019-03-12,43.070919036865234,146.7455596923828,113.75505065917969,165.311767578125,151.63446044921875,84.99151611328125,106.0891342163086,113.58751678466797,215.8291015625,143.89230346679688
2019-03-13,43.26137161254883,149.27130126953125,114.63089752197266,165.83302307128906,150.38914489746094,85.27742004394531,106.91082763671875,113.8271484375,221.4205780029297,144.59400939941406
2019-03-14,43.7422981262207,149.59796142578125,114.7940444946289,166.01795959472656,150.77932739257812,86.05348205566406,106.99486541748047,113.87852478027344,222.31590270996094,146.2347412109375
2019-03-15,44.31130599975586,152.37066650390625,113.91820526123047,166.68212890625,151.29412841796875,87.04196166992188,108.22737121582031,114.83702850341797,220.6744842529297,147.42965698242188
2019-03-18,44.763668060302734,152.42642211914062,115.1460952758789,170.22157287597656,152.28207397460938,87.56475830078125,109.77735900878906,115.48749542236328,223.83447265625,146.9554901123047
2019-03-19,44.408931732177734,152.56982421875,115.18899536132812,169.08665466308594,152.87155151367188,87.24620056152344,109.85204315185547,113.76725769042969,225.70411682128906,146.60458374023438
2019-03-20,44.796993255615234,152.27499389648438,114.21012878417969,163.3696746826172,154.50709533691406,85.38361358642578,109.73065185546875,112.39791870117188,219.88442993164062,145.80799865722656
2019-03-21,46.446876525878906,152.88853454589844,115.11172485351562,163.58831787109375,157.72012329101562,84.03573608398438,112.2516860961914,114.9996566772461,221.21868896484375,147.7521209716797
2019-03-22,45.48504638671875,148.75340270996094,111.4281005859375,158.86343383789062,156.7071990966797,81.49513244628906,109.29181671142578,115.45323944091797,216.89122009277344,145.1630859375
2019-03-25,44.93506622314453,148.665771484375,112.81051635742188,158.48507690429688,157.47930908203125,80.81708526611328,109.86138153076172,115.49605560302734,216.68931579589844,145.12515258789062
2019-03-26,44.470821380615234,150.00425720214844,113.20553588867188,160.31788635253906,157.1970672607422,81.62581634521484,110.09481811523438,115.521728515625,213.6434326171875,147.27789306640625
2019-03-27,44.87080383300781,148.4506072998047,112.65596008300781,159.76303100585938,157.12234497070312,81.34806823730469,109.03034210205078,116.6942367553711,212.16876220703125,146.25364685058594
2019-03-28,44.93031692504883,149.51025390625,113.66058349609375,160.7297821044922,157.79486083984375,82.27117919921875,109.17977142333984,117.16493225097656,212.62518310546875,146.680419921875
2019-03-29,45.22316360473633,151.36669921875,116.33963012695312,161.41079711914062,159.31419372558594,82.69599151611328,110.1228256225586,117.3874740600586,217.04043579101562,148.1219482421875
2019-04-01,45.53028106689453,152.79293823242188,120.42683410644531,165.40426635742188,162.4275665283203,85.48164367675781,111.13123321533203,118.12346649169922,215.5306396484375,149.1366424560547
2019-04-02,46.192142486572266,153.3187713623047,120.37527465820312,166.043212890625,161.3233184814453,85.89009094238281,111.28997039794922,117.08793640136719,214.53880310058594,149.6298065185547
2019-04-03,46.5087890625,153.7091827392578,119.5767593383789,168.86801147460938,164.89332580566406,86.06167602539062,112.01826477050781,116.908203125,215.7939910888672,150.2746124267578
2019-04-04,46.5897331237793,153.23910522460938,120.32379150390625,170.01986694335938,166.42098999023438,86.89306640625,111.44869232177734,116.83971405029297,217.154541015625,149.4969940185547
2019-04-05,46.90161895751953,155.69308471679688,120.52127075195312,170.14593505859375,167.75770568847656,86.68724822998047,111.94357299804688,116.73704528808594,218.3746337890625,149.50645446777344
2019-04-08,47.63965606689453,155.2707977294922,120.0576171875,170.28038024902344,168.99473571777344,86.9671401977539,111.98091888427734,116.29197692871094,218.3483428955078,149.6013641357422
2019-04-09,47.49680709838867,153.75697326660156,117.07804870605469,168.66627502441406,166.79464721679688,86.3250503540039,111.37398529052734,115.70146179199219,218.3834228515625,149.35476684570312
2019-04-10,47.76346206665039,154.48204040527344,118.09123229980469,170.65042114257812,165.5741729736328,86.71195983886719,112.22367858886719,115.93253326416016,215.9607391357422,150.3695526123047
2019-04-11,47.36587905883789,153.06378173828125,119.24182891845703,170.52427673339844,167.27615356445312,87.44457244873047,112.35442352294922,116.63432312011719,206.6475067138672,149.70562744140625
2019-04-12,47.346824645996094,152.51405334472656,121.24258422851562,174.73623657226562,169.24378967285156,91.54390716552734,112.93331909179688,117.86674499511719,195.9385223388672,151.3937225341797
2019-04-15,47.43252944946289,152.33877563476562,120.42683410644531,168.0693817138672,170.08233642578125,90.49851989746094,113.02667999267578,117.0708236694336,202.06549072265625,152.1523895263672
2019-04-16,47.43729019165039,149.8290557861328,121.95525360107422,169.69190979003906,169.758544921875,91.4533920288086,112.7652359008789,118.3973617553711,193.95480346679688,151.95323181152344
2019-04-17,48.36103820800781,145.38311767578125,122.56486511230469,174.78675842285156,171.48545837402344,94.08750915527344,113.6989517211914,116.2834243774414,190.3383026123047,152.1523895263672
2019-04-18,48.53484344482422,141.39938354492188,123.84339904785156,173.1137237548828,170.74652099609375,93.39604187011719,115.19290924072266,118.90229797363281,194.64822387695312,151.88685607910156
2019-04-22,48.69435501098633,140.51502990722656,122.99684143066406,172.01231384277344,170.01593017578125,93.51127624511719,115.55709075927734,116.91675567626953,199.3531494140625,152.11447143554688
2019-04-23,49.39668655395508,143.223876953125,122.6944808959961,171.62562561035156,171.0703125,93.62652587890625,117.1257095336914,118.11494445800781,202.39903259277344,153.30935668945312
2019-04-24,49.32049560546875,142.0606689453125,118.97986602783203,168.59896850585938,171.62660217285156,93.47012329101562,116.72420501708984,119.11626434326172,202.1971435546875,153.14817810058594
2019-04-25,48.87291717529297,143.79757690429688,117.59767150878906,169.32203674316406,171.44390869140625,93.51952362060547,120.5898208618164,119.12484741210938,202.58334350585938,152.7024383544922
2019-04-26,48.63959503173828,144.58642578125,120.10286712646484,170.73443603515625,169.04457092285156,94.22742462158203,121.28076934814453,120.02345275878906,208.03440856933594,154.51373291015625
2019-04-29,48.71339797973633,144.34735107421875,120.09423828125,173.96286010742188,167.84068298339844,95.58566284179688,121.16874694824219,121.06761169433594,208.4293670654297,155.67074584960938
2019-04-30,47.775360107421875,142.8733673095703,120.43978881835938,173.12208557128906,169.1192626953125,95.5280532836914,121.94374084472656,123.02745056152344,204.584716796875,155.93626403808594
2019-05-01,50.120445251464844,140.33969116210938,119.34268188476562,172.1216583251953,165.05104064941406,94.79542541503906,119.40399932861328,122.45404052734375,203.60159301757812,154.38101196289062
2019-05-02,49.79427719116211,140.6265106201172,116.76837158203125,172.34022521972656,166.88595581054688,95.00120544433594,117.84468841552734,122.12884521484375,204.0404815673828,152.79722595214844
2019-05-03,50.413291931152344,141.27191162109375,120.12881469726562,174.46730041503906,166.5122833251953,95.58566284179688,120.35637664794922,122.68514251708984,203.60159301757812,153.66976928710938
2019-05-06,49.63477325439453,141.07269287109375,118.14191436767578,173.55088806152344,165.740234375,94.73779296875,119.65608978271484,122.75357055664062,211.10659790039062,153.89736938476562
2019-05-07,48.29676055908203,138.53103637695312,115.47254943847656,170.3561553955078,161.7052764892578,93.19023895263672,117.20042419433594,121.28155517578125,208.9560546875,151.93426513671875
2019-05-08,48.3062744140625,137.16067504882812,113.98670196533203,168.94371032714844,162.03733825683594,92.69633483886719,117.19105529785156,121.12750244140625,209.92161560058594,152.4558563232422
2019-05-09,47.787261962890625,137.73434448242188,113.33882904052734,169.5154266357422,161.54751586914062,92.62226104736328,117.18172454833984,121.3842544555664,208.8858184814453,151.55490112304688
2019-05-10,47.12525177001953,136.921630859375,113.45977783203125,169.8685302734375,161.54751586914062,92.6140365600586,118.70368957519531,123.20722961425781,211.1856231689453,152.40843200683594
2019-05-13,44.3863525390625,133.5354461669922,108.2420425415039,163.9161834716797,158.0272979736328,90.09515380859375,115.17424011230469,122.73648834228516,210.2727813720703,149.20301818847656
2019-05-14,45.08900833129883,133.70277404785156,110.11663055419922,165.01747131347656,159.08998107910156,90.8113021850586,116.46277618408203,124.70490264892578,207.5340576171875,151.93426513671875
2019-05-15,45.6291389465332,135.3440399169922,109.96975708007812,165.118408203125,159.2062530517578,90.46556854248047,118.10281372070312,125.39816284179688,207.2268829345703,154.38101196289062
2019-05-16,45.428382873535156,136.54949951171875,109.3736801147461,167.42196655273438,159.72103881835938,91.626220703125,120.83000183105469,126.15985870361328,207.8500213623047,156.5940704345703
2019-05-17,45.170265197753906,136.54147338867188,106.04781341552734,165.9843292236328,159.88702392578125,91.18173217773438,120.02404022216797,126.22834777832031,211.8791046142578,155.85321044921875
2019-05-20,43.75780487060547,135.31997680664062,105.76273345947266,165.82461547851562,158.53369140625,91.6591567993164,118.29027557373047,126.81028747558594,215.92568969726562,155.26431274414062
2019-05-21,44.59667205810547,136.3646697998047,107.939697265625,167.39675903320312,158.9488525390625,91.97198486328125,118.92755126953125,126.21121215820312,219.3928985595703,155.6347198486328
2019-05-22,43.68369674682617,137.6584930419922,106.73889923095703,164.37857055664062,156.84007263183594,91.22288513183594,119.64915466308594,126.6305923461914,218.86622619628906,155.9956512451172
2019-05-23,42.93803787231445,138.30941772460938,105.61589050292969,161.39398193359375,159.40548706054688,89.4283676147461,118.25276947021484,125.75759887695312,216.37330627441406,153.4026641845703
2019-05-24,42.77313995361328,137.64242553710938,106.16878509521484,162.25994873046875,160.72557067871094,90.3091812133789,118.30901336669922,126.61344146728516,217.36526489257812,154.47598266601562
2019-05-28,42.59626770019531,135.6896514892578,105.03710174560547,159.26693725585938,159.03189086914062,89.3296127319336,118.2340316772461,125.1927719116211,212.47593688964844,155.4922637939453
2019-05-29,42.393123626708984,135.954833984375,104.94207000732422,158.8109130859375,157.73675537109375,89.08267974853516,117.09066772460938,124.15718078613281,212.77439880371094,154.5614471435547
2019-05-30,42.613006591796875,135.84231567382812,105.2530746459961,158.23667907714844,158.6416778564453,88.12779998779297,117.8310546875,124.72203063964844,213.74005126953125,154.58990478515625
2019-05-31,41.84104919433594,133.96188354492188,103.49942779541016,154.1154022216797,157.6204376220703,87.22230529785156,115.90984344482422,124.58511352539062,212.2477264404297,153.23170471191406
2019-06-03,41.418025970458984,138.5102996826172,104.22506713867188,154.70657348632812,157.38804626464844,87.6338882446289,112.31108093261719,125.62923431396484,207.64816284179688,150.63876342773438
2019-06-04,42.93326187133789,140.41485595703125,105.46041870117188,160.35638427734375,162.103759765625,90.3338623046875,115.4225082397461,126.27970123291016,211.33482360839844,154.18150329589844
2019-06-05,43.626346588134766,140.2702178955078,106.35882568359375,159.1402587890625,164.44476318359375,90.6549072265625,117.9247817993164,128.24813842773438,213.0991973876953,157.08790588378906
2019-06-06,44.26686096191406,140.18983459472656,106.59205627441406,160.29727172851562,164.8460235595703,90.85247802734375,119.78974151611328,127.5206527709961,212.26531982421875,158.54116821289062
2019-06-07,45.44511795043945,141.04168701171875,107.5163803100586,160.29727172851562,164.95474243164062,89.8564453125,123.14482116699219,128.68240356445312,216.61033630371094,161.5140380859375
2019-06-10,46.02585983276367,141.097900390625,108.62213897705078,163.93710327148438,165.5817413330078,90.82776641845703,124.26943969726562,128.50172424316406,217.8129119873047,162.24539184570312
2019-06-11,46.558841705322266,140.32647705078125,109.95247650146484,164.45223999023438,165.54830932617188,91.10763549804688,123.80084228515625,128.38986206054688,215.82029724121094,161.7609405517578
2019-06-12,46.4106559753418,141.11402893066406,109.79698944091797,160.64352416992188,166.32589721679688,89.94698333740234,123.22917175292969,128.8545379638672,214.61776733398438,162.97671508789062
2019-06-13,46.40108871459961,142.0059814453125,109.85745239257812,161.68231201171875,169.17681884765625,90.16925048828125,124.00700378417969,128.57919311523438,215.02154541015625,160.8491668701172
2019-06-14,46.06410598754883,141.4997100830078,109.90930938720703,161.85963439941406,172.03614807128906,90.39972686767578,124.12886810302734,129.18154907226562,216.335205078125,161.1436004638672
2019-06-17,46.33894348144531,143.35606384277344,109.98705291748047,161.15863037109375,173.04774475097656,89.90582275390625,124.50377655029297,129.01805114746094,216.8642120361328,161.048583984375
2019-06-18,47.42877960205078,145.94371032714844,112.5873031616211,164.66342163085938,173.46580505371094,91.13233184814453,126.66861724853516,129.37091064453125,216.6261749267578,160.78268432617188
2019-06-19,47.29015350341797,146.87591552734375,112.82915496826172,165.22076416015625,173.85040283203125,90.47381591796875,127.16529846191406,130.46388244628906,220.58486938476562,162.12188720703125
2019-06-20,47.670166015625,147.92861938476562,115.4380111694336,165.2714385986328,176.61778259277344,90.70430755615234,128.34616088867188,130.97166442871094,218.44236755371094,165.01881408691406
2019-06-21,47.50764083862305,150.36355590820312,115.66261291503906,165.47412109375,175.06272888183594,90.08692169189453,128.36492919921875,130.3605499267578,222.4275665283203,164.73385620117188
2019-06-24,47.459842681884766,148.53131103515625,116.0772933959961,166.78311157226562,171.81040954589844,89.44486236572266,129.1240234375,130.82530212402344,220.09994506835938,165.12326049804688
2019-06-25,46.740482330322266,148.21791076660156,115.50714111328125,165.5754852294922,171.17501831054688,88.70401763916016,125.04730224609375,131.78053283691406,218.354248046875,162.68226623535156
2019-06-26,47.751426696777344,147.1973419189453,116.7510986328125,166.37779235839844,172.57958984375,89.29667663574219,125.51587677001953,127.96814727783203,214.66006469726562,162.4733428955078
2019-06-27,47.737083435058594,147.88043212890625,117.053466796875,168.32858276367188,173.08126831054688,89.59303283691406,125.72207641601562,128.3984375,217.19046020507812,162.63478088378906
2019-06-28,47.30211639404297,148.08937072753906,117.73589324951172,172.78762817382812,173.87550354003906,92.02960968017578,125.54402160644531,128.67381286621094,215.1361541748047,164.8383331298828
2019-07-01,48.169654846191406,149.75286865234375,118.00367736816406,174.6962127685547,175.8068084716797,93.57714080810547,127.15595245361328,130.3088836669922,213.9282989501953,165.20870971679688
2019-07-02,48.45167541503906,149.98585510253906,117.35578918457031,173.95306396484375,175.68975830078125,93.67591094970703,127.9993896484375,131.52236938476562,215.10084533691406,166.48147583007812
2019-07-03,48.85319519042969,151.54483032226562,117.13119506835938,174.00372314453125,177.3284454345703,93.52667999267578,128.82412719726562,132.78741455078125,216.19415283203125,167.99166870117188
2019-07-05,48.81016159057617,149.42332458496094,117.0448226928711,175.57456970214844,176.79335021972656,94.0821304321289,128.44923400878906,132.606689453125,217.7635040283203,167.79220581054688
2019-07-08,47.80400466918945,146.4499969482422,116.48326873779297,173.7588348388672,178.00567626953125,93.56814575195312,128.35552978515625,132.3571014404297,218.51290893554688,167.34580993652344
2019-07-09,48.0955810546875,145.92764282226562,116.00817108154297,175.4647216796875,177.2448272705078,93.96605682373047,127.88690948486328,132.05589294433594,216.8906707763672,168.8085174560547
2019-07-10,48.5711784362793,146.47409057617188,114.58279418945312,173.9446563720703,176.19970703125,93.69249725341797,129.18963623046875,131.95262145996094,218.19557189941406,170.30917358398438
2019-07-11,48.21746826171875,143.04269409179688,115.72309112548828,178.48814392089844,178.95037841796875,94.58780670166016,129.70506286621094,131.17811584472656,230.25682067871094,171.6674346923828
2019-07-12,48.58791732788086,140.57557678222656,119.52407836914062,180.6754150390625,182.45346069335938,95.58258819580078,130.17361450195312,132.00428771972656,234.4359130859375,171.27798461914062
2019-07-15,49.04439163208008,141.53187561035156,120.62986755371094,178.68235778808594,182.84642028808594,94.42202758789062,130.17361450195312,133.2435302734375,234.4888458251953,171.50599670410156
2019-07-16,48.87470626831055,142.61672973632812,120.1546859741211,182.0097198486328,181.64248657226562,95.43336486816406,128.4679718017578,133.03695678710938,233.3426055908203,170.30917358398438
2019-07-17,48.599857330322266,142.28724670410156,117.25212860107422,180.13490295410156,180.26300048828125,94.4966049194336,127.7088851928711,131.13510131835938,235.09715270996094,170.15728759765625
2019-07-18,49.15193176269531,144.28021240234375,116.52648162841797,181.16522216796875,179.28480529785156,95.06033325195312,127.84944915771484,131.4191131591797,229.76307678222656,171.46792602539062
2019-07-19,48.418216705322266,143.35606384277344,118.5895767211914,180.32070922851562,178.1143341064453,94.12356567382812,128.03689575195312,129.2848358154297,226.28045654296875,170.24273681640625
2019-07-22,49.52476501464844,141.34706115722656,117.72777557373047,180.72607421875,176.634521484375,94.72872924804688,129.733154296875,128.83734130859375,225.1078643798828,171.50599670410156
2019-07-23,49.91195297241211,141.44346618652344,120.21744537353516,185.31179809570312,178.14776611328125,96.46133422851562,130.5391387939453,126.9354476928711,224.83448791503906,171.81936645507812
2019-07-24,49.8713264465332,141.2506103515625,114.82899475097656,187.50747680664062,179.51055908203125,96.85095977783203,131.87930297851562,128.0972442626953,221.4136199951172,174.12747192382812
2019-07-25,49.47697067260742,139.91661071777344,117.26641082763672,185.77626037597656,180.21282958984375,95.9224624633789,131.382568359375,127.7874526977539,219.2711944580078,172.4747772216797
2019-07-26,49.649051666259766,140.90504455566406,115.70822143554688,187.60040283203125,181.34986877441406,96.34529113769531,132.46035766601562,129.0266876220703,223.0094451904297,174.46937561035156
2019-07-29,50.112701416015625,141.4997100830078,117.04878997802734,186.06333923339844,182.29458618164062,96.03852844238281,132.16986083984375,128.0025634765625,223.78533935546875,174.013427734375
2019-07-30,49.89759826660156,141.79710388183594,115.73430633544922,186.97544860839844,181.72613525390625,95.82300567626953,131.5325469970703,127.03868865966797,224.7639617919922,172.4177703857422
2019-07-31,50.91572189331055,149.93765258789062,114.62006378173828,185.9029083251953,178.65774536132812,96.16288757324219,127.7088851928711,126.17814636230469,219.5444793701172,169.06494140625
2019-08-01,49.81395721435547,149.4715118408203,110.37195587158203,178.69924926757812,177.9387664794922,93.62618255615234,129.38644409179688,125.45525360107422,219.75611877441406,170.17620849609375
2019-08-02,48.75999450683594,150.45191955566406,108.413330078125,176.8159637451172,177.37025451660156,93.61785888671875,128.29931640625,126.43627166748047,220.46142578125,168.5141143798828
2019-08-05,46.20750045776367,145.8552703857422,105.89754486083984,170.3216552734375,171.34222412109375,90.83247375488281,123.90397644042969,123.86320495605469,216.0618896484375,160.3837432861328
2019-08-06,47.08223342895508,148.23397827148438,106.2718734741211,173.97840881347656,174.56944274902344,91.54541778564453,126.22813415527344,125.61017608642578,218.90090942382812,163.82203674316406
2019-08-07,47.56978225708008,147.49465942382812,105.14018249511719,173.75039672851562,173.82530212402344,89.55583190917969,126.78108215332031,126.81497955322266,217.2874298095703,166.51950073242188
2019-08-08,48.61897277832031,148.85275268554688,106.2196273803711,174.81448364257812,176.88534545898438,91.07289123535156,130.16421508789062,127.55511474609375,218.31900024414062,170.86953735351562
2019-08-09,48.21833419799805,157.70855712890625,103.9214859008789,174.72998046875,175.5894317626953,90.973388671875,129.05841064453125,128.28656005859375,219.2095184326172,170.06222534179688
2019-08-12,48.09598159790039,165.36697387695312,101.60594177246094,170.1865234375,173.07289123535156,89.26568603515625,127.2590103149414,126.03186798095703,214.42202758789062,167.48828125
2019-08-13,50.132781982421875,165.64024353027344,103.59939575195312,172.37380981445312,174.17652893066406,90.64179992675781,129.89247131347656,127.55511474609375,219.72962951660156,169.6443634033203
2019-08-14,48.640567779541016,160.94622802734375,100.29146575927734,165.15321350097656,168.54141235351562,86.8781967163086,125.98084259033203,123.47592163085938,214.42202758789062,164.80030822753906
2019-08-15,48.39826965332031,161.30230712890625,100.32630157470703,165.6768035888672,168.70863342285156,87.20978546142578,125.69876861572266,125.29174041748047,215.34776306152344,167.66336059570312
2019-08-16,49.54020690917969,165.11412048339844,101.35348510742188,168.41307067871094,170.26373291015625,89.29883575439453,128.00254821777344,126.3416519165039,216.61734008789062,169.52769470214844
2019-08-19,50.46383285522461,166.716552734375,102.16305541992188,170.7607879638672,173.8587646484375,90.10297393798828,130.14639282226562,127.00432586669922,215.7533416748047,170.96395874023438
2019-08-20,50.46623611450195,164.42623901367188,101.5624008178711,168.88597106933594,181.5003662109375,88.95897674560547,129.06500244140625,126.08348846435547,211.74172973632812,170.48834228515625
2019-08-21,51.013214111328125,165.04940795898438,102.44163513183594,169.47715759277344,184.26771545410156,89.20767211914062,130.50367736816406,126.5395736694336,211.9092559814453,172.1053466796875
2019-08-22,50.97003936767578,164.62855529785156,102.62445068359375,170.94659423828125,184.7860870361328,90.12783813476562,129.5540313720703,127.20225524902344,205.37606811523438,171.2968292236328
2019-08-23,48.614166259765625,161.11618041992188,99.29036712646484,165.69369506835938,181.8180389404297,87.88955688476562,125.42610168457031,124.55165100097656,203.36587524414062,166.67413330078125
2019-08-26,49.53781509399414,166.2390899658203,99.60379028320312,168.60728454589844,182.8046417236328,88.59422302246094,127.36307525634766,126.79776000976562,203.73617553710938,168.91891479492188
2019-08-27,48.97883605957031,167.1131591796875,98.69842529296875,167.27294921875,182.43679809570312,87.65745544433594,127.63580322265625,126.59124755859375,196.550537109375,169.6703338623047
2019-08-28,49.3075065612793,167.94668579101562,99.98678588867188,169.2575225830078,185.56361389160156,88.53617095947266,127.466552734375,125.96302032470703,200.44752502441406,169.94619750976562
2019-08-29,50.142364501953125,167.50962829589844,102.51997375488281,172.88629150390625,190.05328369140625,90.54232025146484,129.87368774414062,126.45352935791016,203.33059692382812,172.32408142089844
2019-08-30,50.077598571777344,168.8369140625,103.59071350097656,173.28573608398438,190.54653930664062,91.07289123535156,129.62924194335938,126.47078704833984,206.31063842773438,171.9911651611328
2019-09-03,49.34828186035156,166.3280792236328,101.87579345703125,169.0876007080078,187.33615112304688,89.99520874023438,127.91788482666016,126.9957275390625,203.33059692382812,170.45033264160156
2019-09-04,50.185546875,166.97555541992188,103.67774963378906,171.43307495117188,188.54734802246094,91.08116912841797,129.4130096435547,129.22463989257812,199.9009246826172,172.89480590820312
2019-09-05,51.16676330566406,168.05191040039062,107.06402587890625,175.95413208007812,191.9119873046875,93.15364837646484,131.68844604492188,130.5843505859375,202.42247009277344,175.71031188964844
2019-09-06,51.161964416503906,168.11668395996094,106.81159210205078,176.09010314941406,194.41868591308594,93.35263061523438,130.7952117919922,131.5309600830078,201.90232849121094,176.67100524902344
2019-09-09,51.380279541015625,163.75450134277344,110.77242279052734,180.14366149902344,195.88230895996094,95.66549682617188,129.30953979492188,129.1169891357422,203.38348388671875,172.68556213378906
2019-09-10,51.98723220825195,159.32765197753906,113.41876220703125,183.24551391601562,195.9916534423828,96.88410949707031,127.95549774169922,126.81548309326172,204.9529266357422,167.73947143554688
2019-09-11,53.64017868041992,158.4940185546875,115.8561782836914,184.23977661132812,195.7056884765625,97.1493911743164,127.99311065673828,126.52130889892578,206.49586486816406,166.4363555908203
2019-09-12,53.520225524902344,157.00489807128906,114.68970489501953,185.888427734375,196.6646270751953,97.74624633789062,129.30953979492188,128.31234741210938,202.8721466064453,169.2898712158203
2019-09-13,52.479034423828125,158.19459533691406,116.45684814453125,186.8742218017578,196.81600952148438,99.66950988769531,129.1214141845703,126.59056854248047,206.9380645751953,168.6145782470703
2019-09-16,52.75492477416992,157.06964111328125,115.90839385986328,184.59669494628906,194.3009490966797,98.7824935913086,128.19052124023438,126.61650085449219,207.66445922851562,167.51121520996094
2019-09-17,52.946834564208984,159.20619201660156,115.05531311035156,183.48345947265625,193.64479064941406,98.29339599609375,129.1873016357422,127.40388488769531,205.9725341796875,167.83457946777344
2019-09-18,53.443450927734375,157.8466033935547,114.09776306152344,184.47775268554688,194.16632080078125,99.27989196777344,130.24978637695312,126.72897338867188,204.28060913085938,166.73118591308594
2019-09-19,53.00922393798828,158.34024047851562,113.2707748413086,182.9055938720703,191.88682556152344,98.96487426757812,132.64759826660156,127.13562774658203,206.26483154296875,167.36854553222656
2019-09-20,52.23433303833008,159.3842315673828,111.56456756591797,181.639404296875,188.98475646972656,98.56696319580078,131.11483764648438,126.56456756591797,206.3003387451172,165.56129455566406
2019-09-23,52.471839904785156,160.04786682128906,111.79090881347656,181.40142822265625,190.31382751464844,98.55038452148438,130.83279418945312,126.78955078125,202.65069580078125,166.3697509765625
2019-09-24,52.22232437133789,159.0686798095703,109.67557525634766,176.54896545410156,189.60720825195312,97.26544952392578,129.17788696289062,126.97120666503906,199.31112670898438,165.9608154296875
2019-09-25,53.02602005004883,158.6720733642578,110.21527099609375,178.48655700683594,191.8699951171875,97.82086944580078,131.03964233398438,127.0577621459961,196.8042449951172,166.72169494628906
2019-09-26,52.75252151489258,158.1217498779297,110.02378845214844,176.94839477539062,193.2915496826172,97.0167465209961,131.2089080810547,128.1392822265625,190.8780059814453,167.07363891601562
2019-09-27,52.49583053588867,157.76565551757812,110.1978530883789,177.58575439453125,193.3503875732422,97.58872985839844,129.50689697265625,128.0527801513672,190.68319702148438,165.50418090820312
2019-09-30,53.7313346862793,156.60833740234375,109.9541015625,176.1070556640625,195.1673583984375,97.56388854980469,130.72938537597656,128.6497802734375,192.5079803466797,163.6113739013672
2019-10-01,53.88007736206055,156.34939575195312,106.5243148803711,172.24888610839844,194.37664794921875,95.78984069824219,128.8863983154297,125.93299102783203,192.41055297851562,165.780029296875
2019-10-02,52.52941131591797,153.12835693359375,104.42638397216797,168.47572326660156,189.72500610351562,93.8831558227539,126.61083984375,123.19883728027344,192.00303649902344,161.53785705566406
2019-10-03,52.97563171386719,155.88807678222656,104.49602508544922,167.61741638183594,190.7848358154297,93.74945068359375,128.14352416992188,122.6277847290039,190.77174377441406,164.4293670654297
2019-10-04,54.46064376831055,158.29168701171875,105.36653900146484,170.6427764892578,191.72695922851562,95.78006744384766,129.87368774414062,125.42249298095703,194.70480346679688,167.38751220703125
2019-10-07,54.47263717651367,159.57041931152344,104.67884063720703,170.30279541015625,190.72598266601562,95.57112884521484,128.93338012695312,123.85643005371094,195.98040771484375,166.3602294921875
2019-10-08,53.83448791503906,158.688232421875,102.69409942626953,167.72784423828125,190.6670684814453,93.44027709960938,127.56996154785156,121.67607116699219,194.97946166992188,164.00131225585938
2019-10-09,54.46543884277344,159.18194580078125,103.97372436523438,167.2860107421875,192.57655334472656,94.11711883544922,129.9865264892578,122.25578308105469,196.72451782226562,166.3412628173828
2019-10-10,55.199546813964844,160.79241943359375,106.80288696289062,169.85243225097656,194.82247924804688,95.43743896484375,130.7952117919922,122.48074340820312,198.18609619140625,166.3412628173828
2019-10-11,56.667762756347656,162.50819396972656,111.77349090576172,173.9400177001953,197.3879852294922,97.05020904541016,131.3405303955078,123.38058471679688,196.71563720703125,168.41477966308594
2019-10-14,56.58619689941406,164.19964599609375,111.75608825683594,174.90887451171875,196.98426818847656,97.30924987792969,131.2183074951172,123.82186889648438,195.40457153320312,168.70013427734375
2019-10-15,56.45424270629883,165.63209533691406,114.06292724609375,175.45269775390625,198.19549560546875,100.24231719970703,133.11773681640625,123.99485778808594,211.3494873046875,170.0222625732422
2019-10-16,56.22633361816406,164.45858764648438,113.33171081542969,176.26853942871094,198.43099975585938,100.00836181640625,132.02700805664062,123.3546142578125,209.9321746826172,169.18521118164062
2019-10-17,56.444644927978516,164.74188232421875,114.9682846069336,175.45269775390625,199.16285705566406,100.56820678710938,131.34996032714844,121.54629516601562,215.84951782226562,169.25181579589844
2019-10-18,56.715736389160156,164.06202697753906,114.67876434326172,175.5037078857422,200.1385955810547,100.74370574951172,129.2061004638672,122.30764770507812,217.32882690429688,167.13072204589844
2019-10-21,57.69934844970703,164.2320098876953,116.0123062133789,177.8236846923828,199.10397338867188,103.24224090576172,130.16513061523438,122.7835464477539,216.0709686279297,167.81552124023438
2019-10-22,57.56740951538086,165.76968383789062,117.29326629638672,178.1211395263672,199.52455139160156,104.2784194946289,128.2281951904297,112.6085433959961,220.99618530273438,162.51754760742188
2019-10-23,58.33990478515625,164.54763793945312,118.74085235595703,179.58277893066406,197.39642333984375,104.55416870117188,129.0462188720703,114.34764862060547,219.50799560546875,162.95506286621094
2019-10-24,58.435855865478516,164.33718872070312,117.4336166381836,179.3533477783203,196.7403106689453,104.47896575927734,131.58502197265625,113.71607208251953,216.59359741210938,167.5587615966797
2019-10-25,59.15555953979492,164.32908630371094,122.59245300292969,182.05575561523438,197.1525115966797,105.31460571289062,132.32786560058594,112.8508071899414,216.94793701171875,169.166259765625
2019-10-28,59.74812698364258,165.9153594970703,122.88198852539062,185.04713439941406,199.18809509277344,105.7156982421875,135.581298828125,111.87313842773438,218.8436279296875,171.05909729003906
2019-10-29,58.36628723144531,169.13638305664062,123.9962158203125,184.95364379882812,196.95062255859375,105.64885711669922,134.30252075195312,111.55300903320312,223.4853515625,168.95700073242188
2019-10-30,58.35907745361328,170.6659698486328,123.12764739990234,183.3984832763672,198.717041015625,105.06389617919922,135.97618103027344,112.28842163085938,225.7088165283203,170.49786376953125
2019-10-31,59.67854690551758,172.58401489257812,120.89917755126953,181.33343505859375,197.32070922851562,104.38705444335938,134.81024169921875,113.3958969116211,223.84849548339844,170.126953125
2019-11-01,61.372283935546875,176.3877410888672,126.76870727539062,184.74114990234375,199.642333984375,106.79369354248047,135.13931274414062,113.10173797607422,223.41444396972656,172.0958251953125
2019-11-04,61.77533721923828,173.52281188964844,128.9005889892578,186.84873962402344,197.60665893554688,107.6460189819336,135.91976928710938,112.6518325805664,222.5640869140625,170.21250915527344
2019-11-05,61.68655014038086,174.06503295898438,128.41810607910156,185.80343627929688,195.31875610351562,107.87998962402344,135.83517456054688,113.57762145996094,221.72254943847656,167.75848388671875
2019-11-06,61.71293640136719,175.13328552246094,127.64604187011719,185.61648559570312,196.84124755859375,108.04713439941406,135.4590301513672,114.51204681396484,221.9174346923828,168.1389617919922
2019-11-07,62.425193786621094,176.4201202392578,128.97962951660156,189.75502014160156,195.9412078857422,108.63207244873047,135.64707946777344,115.0831069946289,227.1792449951172,169.71791076660156
2019-11-08,62.596038818359375,178.94515991210938,129.98854064941406,189.43211364746094,195.8571319580078,108.9495849609375,137.24559020996094,115.32536315917969,227.6310577392578,170.23150634765625
2019-11-11,63.09172058105469,178.61334228515625,129.84814453125,186.1348876953125,194.98226928710938,108.56519317626953,137.3866424560547,115.54163360595703,225.079833984375,170.77365112304688
2019-11-12,63.03397750854492,179.1070098876953,128.3917236328125,187.30760192871094,196.09259033203125,107.93011474609375,138.2893524169922,115.37726593017578,226.10736083984375,170.96395874023438
2019-11-13,63.637939453125,177.7797393798828,126.76870727539062,186.38136291503906,197.5058135986328,107.36190032958984,138.51498413085938,116.05213165283203,224.61923217773438,170.6500701904297
2019-11-14,63.197608947753906,178.0078582763672,125.84740447998047,186.47483825683594,198.97781372070312,107.46217346191406,139.22023010253906,115.8963851928711,226.62118530273438,171.25985717773438
2019-11-15,63.948360443115234,179.93052673339844,127.48809051513672,187.17166137695312,199.60025024414062,108.23931121826172,141.01617431640625,115.5676498413086,238.641845703125,171.2788848876953
2019-11-18,64.27079010009766,179.77572631835938,125.97905731201172,186.72972106933594,200.91249084472656,109.15017700195312,141.3640899658203,116.19058227539062,241.7688446044922,171.17408752441406
2019-11-19,64.07587432861328,182.8959503173828,125.61932373046875,186.99319458007812,189.98573303222656,109.1167221069336,141.41110229492188,117.20287322998047,242.92039489746094,174.1371612548828
2019-11-20,63.3299446105957,183.71875,124.16291809082031,185.18307495117188,185.81356811523438,108.32286834716797,141.1658172607422,117.17694854736328,244.09852600097656,173.0796356201172
2019-11-21,63.04600524902344,185.60069274902344,125.77722930908203,185.4550323486328,183.82839965820312,108.57356262207031,141.0337371826172,116.53668212890625,244.97544860839844,171.3932342529297
2019-11-22,62.99065399169922,187.9795379638672,126.23347473144531,187.1971435546875,183.39942932128906,109.29219055175781,141.1374969482422,116.91735076904297,245.2323760986328,170.9930419921875
2019-11-25,64.0951156616211,191.0753173828125,128.46192932128906,189.2961883544922,183.71063232421875,109.87715911865234,142.6848602294922,116.83084106445312,250.3967742919922,172.42218017578125
2019-11-26,63.594635009765625,190.95315551757812,128.17247009277344,189.04122924804688,185.69577026367188,110.02754974365234,143.4396514892578,118.25846862792969,249.27175903320312,173.92758178710938
2019-11-27,64.44884490966797,191.0753173828125,127.82145690917969,189.46615600585938,187.57997131347656,110.35343933105469,143.7132568359375,118.39693450927734,248.6251220703125,175.66159057617188
2019-11-29,64.30689239501953,191.22201538085938,126.97917175292969,189.16705322265625,185.4854736328125,110.10279083251953,142.82640075683594,118.2930679321289,247.91641235351562,175.7949981689453
2019-12-02,63.56333923339844,190.21176147460938,125.42632293701172,185.99649047851562,183.05455017089844,109.86044311523438,141.0997314453125,117.02982330322266,247.73049926757812,173.20347595214844
2019-12-03,62.429988861083984,189.6333770751953,122.88198852539062,181.38160705566406,180.009521484375,108.44819641113281,140.8733673095703,116.47610473632812,245.28550720214844,173.3083038330078
2019-12-04,62.981021881103516,190.5376739501953,122.93464660644531,184.54364013671875,181.24546813964844,110.5874252319336,141.38282775878906,116.95195007324219,247.4292755126953,172.0697021484375
2019-12-05,63.90504455566406,190.15478515625,123.75057220458984,185.56915283203125,180.3142547607422,111.18910217285156,141.4582977294922,116.20791625976562,249.80328369140625,173.2987518310547
2019-12-06,65.13944244384766,190.44801330566406,125.21575927734375,191.95306396484375,181.39785766601562,112.84363555908203,143.17547607421875,117.42786407470703,249.1541290283203,173.56549072265625
2019-12-09,64.22746276855469,189.67408752441406,125.31224822998047,189.5601348876953,183.30259704589844,112.31720733642578,142.8074951171875,117.90660858154297,246.7976531982422,174.28009033203125
2019-12-10,64.60282135009766,190.5050506591797,125.3473129272461,189.62001037597656,182.76922607421875,112.39241790771484,142.59046936035156,117.98493957519531,248.558349609375,173.65126037597656
2019-12-11,65.15387725830078,190.6436004638672,126.3387451171875,189.03030395507812,179.46771240234375,112.12498474121094,143.12826538085938,117.19284057617188,249.4297637939453,173.41302490234375
2019-12-12,65.3199234008789,192.25660705566406,128.77783203125,193.1836700439453,179.50157165527344,115.33382415771484,144.5812530517578,118.0458755493164,252.19532775878906,174.01333618164062
2019-12-13,66.20781707763672,192.86761474609375,127.68112182617188,192.28639221191406,181.2285614013672,114.32270812988281,145.79840087890625,118.08942413330078,253.85813903808594,176.39524841308594
2019-12-16,67.34114837646484,198.13047790527344,127.531982421875,194.88436889648438,182.4560546875,114.76557159423828,146.7418670654297,118.54206848144531,259.6827087402344,177.4432830810547
2019-12-17,67.47348022460938,197.83717346191406,128.41810607910156,197.54222106933594,184.3099822998047,115.467529296875,145.94935607910156,119.24715423583984,258.2954406738281,176.75726318359375
2019-12-18,67.3122787475586,197.10401916503906,129.07611083984375,196.94395446777344,184.54698181152344,115.35053253173828,145.64744567871094,118.09809875488281,260.4563903808594,176.1665802001953
2019-12-19,67.37964630126953,197.02252197265625,127.2336654663086,196.50811767578125,186.42633056640625,114.77391815185547,146.91171264648438,118.79449462890625,261.9857177734375,177.72911071777344
2019-12-20,67.24008178710938,198.0164031982422,129.47093200683594,195.64492797851562,187.24749755859375,114.68202209472656,148.51564025878906,118.75967407226562,260.18072509765625,179.1201934814453
2019-12-23,68.33733367919922,197.99192810058594,130.28683471679688,195.7816619873047,185.5713348388672,114.64859771728516,148.51564025878906,118.58558654785156,262.4036865234375,178.24359130859375
2019-12-24,68.40231323242188,197.42172241210938,129.39193725585938,196.4824676513672,186.8073272705078,114.96615600585938,148.4873504638672,118.23738861083984,261.9146423339844,178.71044921875
2019-12-26,69.75944519042969,197.07139587402344,130.0411834716797,197.5934600830078,186.93429565429688,116.18612670898438,149.70445251464844,118.63782501220703,262.9016418457031,180.22537231445312
2019-12-27,69.73295593261719,196.7699737548828,130.09381103515625,197.12342834472656,186.21469116210938,116.26972198486328,149.97805786132812,119.08177185058594,263.1861572265625,180.4444580078125
2019-12-30,70.14682006835938,195.7434844970703,129.42706298828125,196.38845825195312,183.962890625,115.8435287475586,148.68544006347656,118.81192016601562,261.3009948730469,178.95816040039062
2019-12-31,70.65937042236328,196.39523315429688,129.56739807128906,196.4995574951172,184.86866760253906,116.48698425292969,148.7892608642578,119.21232604980469,261.4165954589844,179.02484130859375
2020-01-02,72.2715072631836,195.60499572753906,132.06788635253906,200.2512969970703,185.95228576660156,117.8991928100586,151.54425048828125,119.6998062133789,260.10064697265625,182.09275817871094
2020-01-03,71.56891632080078,194.2770233154297,130.2342071533203,197.90966796875,185.3343048095703,116.34333801269531,149.6572723388672,119.2732925415039,257.4685363769531,180.64456176757812
2020-01-06,72.13921356201172,195.7678985595703,130.1464385986328,199.93507385253906,186.20620727539062,116.2508544921875,150.04408264160156,119.40382385253906,259.2558288574219,180.25392150878906
2020-01-07,71.79991149902344,193.9267120361328,128.4268798828125,201.2511444091797,184.98724365234375,114.27452850341797,148.67604064941406,117.65420532226562,257.6908264160156,179.7775421142578
2020-01-08,72.95491790771484,194.0734100341797,129.56739807128906,203.19110107421875,187.7554168701172,115.16597747802734,151.04420471191406,118.91632843017578,263.1239318847656,182.8550262451172
2020-01-09,74.50453186035156,194.65176391601562,129.2427978515625,207.327392578125,190.63368225097656,115.58645629882812,152.9311981201172,119.79557037353516,261.6300048828125,184.1221923828125
2020-01-10,74.67298889160156,194.10594177246094,128.20755004882812,206.90867614746094,189.81253051757812,114.43431091308594,152.2235565185547,117.95883178710938,262.4393310546875,184.61764526367188
2020-01-13,76.268310546875,193.01429748535156,128.81288146972656,209.55792236328125,189.06759643554688,115.3846206665039,154.05397033691406,118.61170959472656,254.18716430664062,186.10397338867188
2020-01-14,75.23843383789062,195.52349853515625,128.69003295898438,209.94253540039062,188.61888122558594,116.73023223876953,152.96897888183594,118.95118713378906,256.31243896484375,186.78990173339844
2020-01-15,74.91600036621094,196.908447265625,127.7161865234375,209.55792236328125,190.12571716308594,114.98094940185547,153.95962524414062,119.75204467773438,263.5774841308594,190.36282348632812
2020-01-16,75.85443115234375,195.93084716796875,129.734130859375,213.41221618652344,193.70664978027344,115.4266586303711,156.7806396484375,120.86627197265625,267.42791748046875,191.4584197998047
2020-01-17,76.69422149658203,196.73739624023438,130.5646209716797,213.1899871826172,196.3224639892578,116.22559356689453,157.65814208984375,122.50273132324219,265.4093017578125,195.03134155273438
2020-01-21,76.17447662353516,193.56820678710938,128.85948181152344,209.97671508789062,197.20285034179688,115.08185577392578,157.09197998046875,122.65945434570312,267.24114990234375,197.49900817871094
2020-01-22,76.44639587402344,192.87579345703125,126.01454162597656,211.13043212890625,197.1605682373047,114.94730377197266,156.3372344970703,123.03373718261719,267.2944641113281,198.08018493652344
2020-01-23,76.81453704833984,191.48269653320312,126.12055969238281,209.8741455078125,197.7954559326172,114.8295669555664,157.299560546875,116.80978393554688,266.28961181640625,196.765380859375
2020-01-24,76.59317779541016,183.78390502929688,124.02669525146484,206.7462921142578,196.3986358642578,111.97857666015625,155.71450805664062,117.32340240478516,260.3762512207031,195.3171844482422
2020-01-27,74.34090423583984,181.63320922851562,119.91836547851562,203.51588439941406,195.71295166015625,111.03666687011719,153.1104736328125,116.40939331054688,252.6221466064453,192.16355895996094
2020-01-28,76.4439468383789,183.17291259765625,120.81072235107422,207.3103485107422,197.9731903076172,113.05503845214844,156.1107940673828,116.9839096069336,254.20498657226562,193.2687530517578
2020-01-29,78.04411315917969,185.05487060546875,119.96253967285156,205.2080078125,198.10870361328125,112.88687896728516,158.54501342773438,116.00898742675781,251.56396484375,195.18377685546875
2020-01-30,77.93104553222656,184.24012756347656,119.60031127929688,208.63494873046875,197.06739807128906,114.2829360961914,163.0171661376953,116.81848907470703,249.85670471191406,198.3755340576172
2020-01-31,74.47565460205078,176.01187133789062,116.04863739013672,203.1825714111328,193.0971221923828,111.31421661376953,160.61129760742188,114.57268524169922,242.27151489257812,189.572021484375
2020-02-03,74.27112579345703,176.6880645751953,114.65267944335938,204.2593994140625,196.00921630859375,112.16362762451172,164.52676391601562,116.3049087524414,243.66754150390625,191.3250732421875
2020-02-04,76.72310638427734,180.7044219970703,117.95700073242188,206.7633514404297,198.93829345703125,113.77830505371094,169.94241333007812,115.40831756591797,249.73211669921875,193.9451904296875
2020-02-05,77.3487548828125,188.9571533203125,121.4291763305664,208.78024291992188,201.5710906982422,115.71259307861328,169.73487854003906,119.06434631347656,262.97271728515625,193.2306365966797
2020-02-06,78.25347137451172,188.55795288085938,121.26129913330078,206.66085815429688,202.18905639648438,115.72942352294922,173.2541046142578,118.82059478759766,260.0649719238281,193.44969177246094
2020-02-07,77.1897964477539,186.83082580566406,117.83329010009766,203.396240234375,200.88536071777344,115.359375,173.4993896484375,118.39408111572266,257.1839294433594,193.1639404296875
2020-02-10,77.556396484375,185.27484130859375,118.6726303100586,202.84925842285156,203.6874237060547,115.83879089355469,178.03765869140625,118.57686614990234,255.23646545410156,196.2604217529297
2020-02-11,77.08848571777344,186.52940368652344,120.32475280761719,202.0801239013672,204.55935668945312,116.05741882324219,174.0183563232422,119.58661651611328,258.5799255371094,194.30723571777344
2020-02-12,78.91917419433594,184.93264770507812,123.32870483398438,203.9517364501953,204.51702880859375,116.05741882324219,174.2730712890625,118.1329574584961,269.8644104003906,197.64198303222656
2020-02-13,78.35716247558594,182.99635314941406,123.44352722167969,203.69532775878906,205.1688690185547,115.95647430419922,173.32962036132812,119.15139770507812,268.72613525390625,197.8900146484375
2020-02-14,78.37647247314453,183.35739135742188,121.91505432128906,202.61000061035156,207.42913818359375,115.603271484375,174.87693786621094,119.91743469238281,265.6849365234375,200.64747619628906
2020-02-18,76.94136047363281,181.8887176513672,120.66934204101562,199.30267333984375,206.5063934326172,114.07266998291016,176.6506805419922,118.28092193603516,268.6728515625,201.5157470703125
2020-02-19,78.05567169189453,182.9307098388672,120.91674041748047,202.82363891601562,206.25250244140625,115.62853240966797,177.1804656982422,117.08834838867188,271.49163818359375,203.5290069580078
2020-02-20,77.25491333007812,182.2579345703125,120.9785385131836,198.89244079589844,209.1138153076172,115.62853240966797,174.47471618652344,116.62699127197266,268.6639099121094,201.7542724609375
2020-02-21,75.5062484741211,182.7912139892578,121.22598266601562,197.08921813964844,207.6915740966797,114.21565246582031,168.9591064453125,117.65420532226562,268.0413818359375,199.23533630371094
2020-02-24,71.91967010498047,178.7627716064453,116.7730484008789,191.8932342529297,202.91705322265625,111.14599609375,161.67434692382812,116.74889373779297,247.0199737548828,189.6748504638672
2020-02-25,69.48357391357422,172.6092529296875,113.97235107421875,185.97080993652344,200.95306396484375,106.18415832519531,159.00645446777344,113.85015106201172,234.21505737304688,179.76124572753906
2020-02-26,70.58585357666016,176.0224151611328,113.3097152709961,184.40689086914062,199.17527770996094,106.50370788574219,160.99314880371094,111.90898132324219,233.86814880371094,178.62579345703125
2020-02-27,65.97178649902344,166.9644775390625,108.90985107421875,175.7838897705078,190.24424743652344,102.07164764404297,149.64976501464844,108.00923919677734,225.79397583007812,171.75592041015625
2020-02-28,65.93318939208984,163.8712921142578,109.76686096191406,172.62835693359375,184.4115447998047,97.64801788330078,153.27322387695312,104.29230499267578,226.71881103515625,173.4257049560547
2020-03-02,72.07160949707031,174.10252380371094,112.73542785644531,180.10888671875,194.65478515625,102.19780731201172,163.471923828125,111.14295959472656,242.8583221435547,183.51100158691406
2020-03-03,69.78266906738281,167.7192840576172,109.89056396484375,174.91546630859375,192.96170043945312,98.36287689208984,155.63839721679688,109.07994079589844,232.44541931152344,177.2136688232422
2020-03-04,73.0195083618164,176.49009704589844,112.5587387084961,179.48118591308594,204.0852813720703,100.79334259033203,161.35267639160156,114.49431610107422,257.36175537109375,185.3811492919922
2020-03-05,70.6509780883789,174.03683471679688,107.76130676269531,170.92588806152344,198.77745056152344,95.8482894897461,157.3035430908203,111.43894958496094,251.6172637939453,178.38726806640625
2020-03-06,69.71271514892578,172.83078002929688,107.26654052734375,165.81845092773438,193.44424438476562,90.89482116699219,152.85699462890625,108.6707992553711,252.4265594482422,175.90647888183594
2020-03-09,64.19901275634766,162.75552368164062,91.94654083251953,148.58741760253906,178.16403198242188,78.58263397216797,142.49746704101562,101.81864929199219,243.1518096923828,163.2831268310547
2020-03-10,68.82271575927734,169.67201232910156,94.08460235595703,158.50991821289062,191.06541442871094,84.68827056884766,152.2419891357422,104.77157592773438,248.98521423339844,174.2271270751953
2020-03-11,66.43247985839844,162.9852294921875,88.96028900146484,147.7964324951172,181.42689514160156,80.70193481445312,145.34518432617188,98.66416931152344,247.01104736328125,165.0196533203125
2020-03-12,59.8719596862793,149.5214080810547,81.51233673095703,129.55943298339844,162.4226531982422,74.04969024658203,131.56085205078125,89.53382110595703,222.67282104492188,152.73980712890625
2020-03-13,67.04510498046875,165.8158416748047,88.03260803222656,152.3363037109375,175.27394104003906,87.38787078857422,150.2647247314453,94.15157318115234,242.95469665527344,167.76766967773438
2020-03-16,58.419944763183594,154.80520629882812,82.52835083007812,132.9815216064453,140.58050537109375,74.3104019165039,128.11717224121094,74.56770324707031,200.979736328125,145.03988647460938
2020-03-17,60.98869323730469,170.49249267578125,88.52734375,136.42942810058594,147.97769165039062,78.85174560546875,138.6658935546875,84.4779281616211,218.10910034179688,150.6501922607422
2020-03-18,59.49569320678711,168.0966796875,88.4566879272461,120.39360809326172,132.62942504882812,70.55113983154297,132.82858276367188,71.5797348022461,193.85292053222656,141.67166137695312
2020-03-19,59.03984069824219,163.07546997070312,91.01001739501953,128.53619384765625,137.31655883789062,71.73694610595703,135.01406860351562,75.41764831542969,196.2999725341797,145.26878356933594
2020-03-20,55.29166030883789,154.45237731933594,84.37489318847656,119.00924682617188,129.66368103027344,70.22314453125,129.94308471679688,78.43190002441406,184.50233459472656,140.0973663330078
2020-03-23,54.117034912109375,152.54891967773438,81.15007019042969,116.05145263671875,138.39036560058594,66.46389770507812,128.64697265625,77.42423248291016,174.0264892578125,129.515869140625
2020-03-24,59.54635238647461,166.0126953125,89.5345687866211,132.07009887695312,157.420166015625,74.36925506591797,140.34043884277344,82.13838195800781,196.2999725341797,147.4442901611328
2020-03-25,59.21832275390625,158.46444702148438,92.47662353515625,133.3856201171875,154.89764404296875,77.14453887939453,138.99700927734375,80.77145385742188,209.41943359375,154.36184692382812
2020-03-26,62.334564208984375,162.85398864746094,97.62747955322266,142.55142211914062,166.35986328125,82.51850128173828,147.69142150878906,86.45819854736328,228.08489990234375,161.1362762451172
2020-03-27,59.75377655029297,162.6734619140625,93.15695190429688,136.14569091796875,162.38856506347656,76.63994598388672,141.62709045410156,87.5798110961914,216.52838134765625,154.15194702148438
2020-03-30,61.45902633666992,171.05038452148438,98.696533203125,137.24627685546875,167.1183319091797,78.63309478759766,151.58926391601562,89.89306640625,224.41424560546875,157.9780731201172
2020-03-31,61.3336067199707,166.33273315429688,102.52210235595703,132.92132568359375,159.11610412597656,75.71485137939453,149.205078125,87.05404663085938,222.71739196777344,153.73211669921875
2020-04-01,58.10640335083008,162.2960205078125,98.3784408569336,124.92488098144531,152.23023986816406,70.94641876220703,143.9071044921875,83.41767883300781,211.9468536376953,146.0894012451172
2020-04-02,59.07600021362305,171.3785858154297,103.14055633544922,128.91448974609375,154.51412963867188,73.59552001953125,146.8872528076172,85.16140747070312,214.7332763671875,150.1731414794922
2020-04-03,58.226993560791016,168.5316162109375,101.31169891357422,126.33500671386719,152.2898712158203,71.42021942138672,145.53436279296875,82.26982116699219,204.95394897460938,144.88717651367188
2020-04-06,63.30656433105469,173.5938262939453,106.40069580078125,136.05108642578125,163.05328369140625,76.01728820800781,156.357421875,86.72985076904297,221.7886199951172,161.67063903808594
2020-04-07,62.57334899902344,171.2965087890625,107.7171401977539,142.74917602539062,163.87142944335938,77.01997375488281,154.6734161376953,88.30708312988281,221.52069091796875,160.859619140625
2020-04-08,64.17488861083984,179.8375701904297,112.5587387084961,152.15574645996094,166.02749633789062,80.13002014160156,156.2250213623047,91.9522476196289,239.19482421875,166.91844177246094
2020-04-09,64.63799285888672,179.0335235595703,110.4648208618164,158.43251037597656,171.7457733154297,87.31877899169922,156.23446655273438,96.15815734863281,235.8904266357422,165.7257080078125
2020-04-13,65.90666961669922,179.08270263671875,100.84346008300781,154.0645294189453,169.4107208251953,83.43547821044922,156.5845184326172,93.24906158447266,235.33670043945312,161.2412567138672
2020-04-14,69.23518371582031,186.08131408691406,102.91082763671875,153.24774169921875,176.55226135253906,81.1496810913086,164.33282470703125,94.65103912353516,241.57937622070312,166.6130828857422
2020-04-15,68.60322570800781,181.97898864746094,98.53749084472656,153.4970703125,169.1465606689453,77.14743041992188,162.61094665527344,89.5250244140625,251.5640869140625,158.3501739501953
2020-04-16,69.14833068847656,189.4451904296875,100.03062438964844,152.2245330810547,170.3141326904297,74.20735931396484,167.49269104003906,87.45713806152344,266.52325439453125,154.97247314453125
2020-04-17,68.21007537841797,192.7845001220703,103.6951675415039,157.77047729492188,178.46975708007812,80.87776947021484,168.9685821533203,92.0661392211914,259.49456787109375,161.76602172851562
2020-04-20,66.79427337646484,194.121826171875,102.17940521240234,155.11358642578125,175.59779357910156,77.92919921875,165.61949157714844,89.1833267211914,251.97482299804688,156.68994140625
2020-04-21,64.7296371459961,189.32212829589844,97.94422912597656,149.447265625,170.9617919921875,75.66889953613281,158.76992797851562,89.1833267211914,244.87481689453125,153.16915893554688
2020-04-22,66.59408569335938,188.12425231933594,98.64859771728516,151.3131103515625,173.99566650390625,75.91529846191406,164.1625518798828,89.19209289550781,247.40225219726562,158.95126342773438
2020-04-23,66.33599853515625,190.74974060058594,100.6725845336914,150.5135040283203,172.41909790039062,75.95781707763672,162.17579650878906,88.01791381835938,254.8238067626953,158.75094604492188
2020-04-24,68.25108337402344,193.85928344726562,101.68009948730469,152.1901397705078,180.82183837890625,77.07946014404297,165.136962890625,88.34212493896484,260.1466369628906,159.64784240722656
2020-04-27,68.29933166503906,198.90512084960938,102.71440124511719,157.81341552734375,185.57716369628906,80.40192413330078,164.6639404296875,90.15592956542969,262.549072265625,163.88418579101562
2020-04-28,67.19224548339844,194.99977111816406,102.94621276855469,160.79702758789062,185.4663848876953,80.97124481201172,160.65260314941406,91.3826675415039,257.5298767089844,163.39761352539062
2020-04-29,69.39917755126953,193.37518310546875,107.04766845703125,163.39373779296875,189.02859497070312,83.1550521850586,167.86166381835938,92.88104248046875,256.8957824707031,173.4542999267578
2020-04-30,70.86322784423828,196.27145385742188,103.76648712158203,157.71026611328125,187.34121704101562,81.37062072753906,169.54566955566406,88.68386840820312,261.20050048828125,170.5250701904297
2020-05-01,69.72236633300781,189.5108184814453,98.86259460449219,152.27609252929688,186.2674560546875,79.23777770996094,165.15586853027344,84.1624984741211,254.0914764404297,167.51954650878906
2020-05-04,70.70886993408203,189.45343017578125,96.04505157470703,151.35614013671875,189.05416870117188,78.2945785522461,169.19561767578125,84.91604614257812,256.79754638671875,168.07290649414062
2020-05-05,71.77012634277344,193.9249267578125,97.10609436035156,153.30795288085938,192.26702880859375,78.17562866210938,171.01210021972656,84.86344909667969,261.70947265625,170.25791931152344
2020-05-06,72.51058197021484,194.1136474609375,96.00050354003906,152.121337890625,190.82681274414062,76.70555877685547,172.69607543945312,81.74408721923828,257.8960266113281,170.5823211669922
2020-05-07,73.2607192993164,191.43893432617188,95.66168975830078,156.76443481445312,195.53952026367188,77.50432586669922,173.69888305664062,83.94342041015625,254.529052734375,174.34165954589844
2020-05-08,75.00445556640625,192.661376953125,99.95927429199219,159.4041290283203,199.7834930419922,78.7704086303711,174.72071838378906,85.29280853271484,256.3152770996094,176.60302734375
2020-05-11,76.1846694946289,199.15953063964844,96.83860778808594,157.4867401123047,201.5987091064453,76.45064544677734,176.66958618164062,83.68931579589844,257.8245849609375,175.1431427001953
2020-05-12,75.31401824951172,194.62234497070312,93.61988830566406,152.3707275390625,198.4796905517578,73.95243835449219,172.667724609375,82.33114624023438,256.9403991699219,171.2406768798828
2020-05-13,74.40467071533203,194.31056213378906,93.15624237060547,147.718994140625,196.0934600830078,71.40321350097656,170.05650329589844,78.73860168457031,248.2775115966797,169.25277709960938
2020-05-14,74.86174774169922,195.25408935546875,94.6809310913086,149.99757385253906,199.82614135742188,74.36878967285156,170.79446411132812,79.05403137207031,259.53924560546875,172.89413452148438
2020-05-15,74.41917419433594,198.40943908691406,96.223388671875,147.77919006347656,203.95928955078125,72.99224090576172,173.28268432617188,79.13288879394531,259.8518981933594,175.3695068359375
2020-05-18,76.1725845336914,192.6190948486328,102.55389404296875,156.38612365722656,209.08966064453125,76.85853576660156,174.93832397460938,83.50528717041016,261.9953308105469,182.9103546142578
2020-05-19,75.73240661621094,187.86122131347656,99.93253326416016,152.90380859375,202.91111755371094,75.34600067138672,173.7273406982422,81.72654724121094,258.1460876464844,180.97970581054688
2020-05-20,77.20526885986328,188.22467041015625,103.15128326416016,156.0077667236328,202.98780822753906,77.60629272460938,176.13706970214844,83.71562194824219,257.1994323730469,185.2805938720703
2020-05-21,76.6296615600586,185.6722869873047,101.69794464111328,154.8556365966797,205.28025817871094,76.62059020996094,174.0214080810547,86.8963394165039,256.23486328125,182.1839599609375
2020-05-22,77.12303924560547,187.03518676757812,100.28026580810547,154.70944213867188,206.13246154785156,76.02578735351562,174.09727478027344,87.71124267578125,258.9408874511719,182.41336059570312
2020-05-26,76.60065460205078,183.70635986328125,104.68486785888672,168.5785369873047,206.64381408691406,81.4216079711914,172.25682067871094,90.5677719116211,263.3617248535156,184.6688995361328
2020-05-27,76.93437957763672,185.697021484375,109.1518783569336,180.27220153808594,210.8025665283203,86.13764190673828,172.48451232910156,93.59954071044922,271.2922668457031,184.28659057617188
2020-05-28,76.96825408935547,185.1353302001953,107.6539535522461,173.01527404785156,208.9106903076172,84.85453033447266,172.0955047607422,94.27423095703125,271.47100830078125,185.662841796875
2020-05-29,76.89327239990234,189.73629760742188,107.11007690429688,170.0043487548828,211.75709533691406,82.68770599365234,173.85064697265625,93.73974609375,272.2568054199219,186.5994873046875
2020-06-01,77.83889770507812,187.4317169189453,107.4399642944336,172.9806365966797,210.74295043945312,83.78386688232422,173.4521942138672,95.64118194580078,273.22137451171875,185.7489013671875
2020-06-02,78.19925689697266,184.79666137695312,109.9543228149414,176.62315368652344,215.3619384765625,84.06426239013672,175.42552185058594,97.26221466064453,273.56072998046875,187.66993713378906
2020-06-03,78.62975311279297,182.5499725341797,113.31571197509766,182.18646240234375,215.181884765625,88.60186004638672,175.85244750976562,100.3027572631836,272.7034912109375,188.1573486328125
2020-06-04,77.95257568359375,182.45082092285156,114.98307037353516,185.8636016845703,213.42442321777344,90.44578552246094,173.53759765625,103.3958740234375,266.21063232421875,185.07032775878906
2020-06-05,80.17273712158203,186.40744018554688,120.47541046142578,188.5457000732422,218.5253143310547,94.51602172851562,177.59805297851562,108.96873474121094,278.5085144042969,190.77610778808594
2020-06-08,80.64677429199219,186.4735107421875,122.79360961914062,191.04615783691406,220.1284942626953,96.40242004394531,178.6985321044922,112.1582260131836,276.3918151855469,190.7665557861328
2020-06-09,83.19343566894531,185.77139282226562,119.646240234375,188.70144653320312,220.1199493408203,93.9297103881836,180.06471252441406,110.63220977783203,276.150634765625,190.26956176757812
2020-06-10,85.33378601074219,187.60513305664062,118.08592224121094,184.73880004882812,218.13954162597656,90.12289428710938,186.7436065673828,106.7157211303711,273.06060791015625,191.6075897216797
2020-06-11,81.23690032958984,180.81527709960938,108.37616729736328,167.9624481201172,205.29722595214844,82.60272216796875,176.71572875976562,97.51548767089844,253.39495849609375,180.52099609375
2020-06-12,81.938232421875,179.9893035888672,109.8027572631836,174.58131408691406,207.85198974609375,84.863037109375,178.11038208007812,99.96770477294922,254.66299438476562,183.75143432617188
2020-06-15,82.95159912109375,181.5421905517578,110.21288299560547,178.50064086914062,206.9175262451172,86.0356674194336,179.24880981445312,101.30848693847656,255.67222595214844,183.27349853515625
2020-06-16,85.14996337890625,187.39865112304688,116.00839233398438,181.33856201171875,214.28170776367188,86.72393798828125,183.6412811279297,102.4552001953125,261.6737976074219,184.3439483642578
2020-06-17,85.03148651123047,186.65524291992188,114.3321762084961,178.39682006835938,215.05332946777344,84.53162384033203,184.27699279785156,101.28201293945312,261.3165588378906,184.99388122558594
2020-06-18,85.06532287597656,190.2484588623047,113.76154327392578,176.36361694335938,213.6473388671875,84.07276916503906,186.25025939941406,102.36699676513672,260.31634521484375,185.32839965820312
2020-06-19,84.57923126220703,197.17041015625,113.64563751220703,174.45152282714844,211.45262145996094,83.1125717163086,185.14027404785156,102.81685638427734,261.22216796875,183.69406127929688
2020-06-22,86.79215240478516,193.445068359375,112.1566390991211,176.00018310546875,213.6044921875,82.21186828613281,190.28225708007812,102.52577209472656,262.5048522949219,186.33193969726562
2020-06-23,88.64469146728516,194.73370361328125,112.56675720214844,177.17689514160156,214.59036254882812,83.21453857421875,191.55352783203125,102.49047088623047,266.92669677734375,189.20867919921875
2020-06-24,87.07991790771484,192.05738830566406,108.83088684082031,171.32810974121094,211.0068359375,80.43590545654297,187.69232177734375,99.55313110351562,259.37451171875,182.93899536132812
2020-06-25,88.23595428466797,194.2050323486328,111.19367980957031,179.18417358398438,210.3638458251953,83.24005889892578,190.06405639648438,101.10559844970703,265.6889343261719,185.395263671875
2020-06-26,85.52485656738281,192.32997131347656,109.1251220703125,163.68833923339844,206.61749267578125,78.67696380615234,186.25978088378906,97.91241455078125,257.3115539550781,180.8937530517578
2020-06-29,87.49592590332031,191.27267456054688,111.67516326904297,167.39138793945312,210.99826049804688,79.02534484863281,188.26153564453125,99.5884017944336,259.8947448730469,182.9103546142578
2020-06-30,88.2262954711914,194.82455444335938,112.78966522216797,170.98202514648438,214.76182556152344,79.92606353759766,193.07147216796875,100.6028060913086,264.54974365234375,184.62110900878906
2020-07-01,88.05941009521484,210.73365783691406,112.39736938476562,170.93881225585938,212.7385711669922,79.24627685546875,194.20045471191406,99.23554992675781,267.0433044433594,185.2041015625
2020-07-02,88.05941009521484,213.31082153320312,113.87743377685547,170.7916717529297,213.0386199951172,79.50370025634766,195.68043518066406,99.20025634765625,267.5187072753906,187.01051330566406
2020-07-06,90.4150161743164,211.66702270507812,115.40209197998047,179.40914916992188,213.9387969970703,81.51143646240234,199.89266967773438,101.06151580810547,271.5996398925781,189.0079803466797
2020-07-07,90.13451385498047,209.1063995361328,113.41378784179688,172.48751831054688,212.052734375,79.21196746826172,197.56832885742188,99.2179183959961,266.0745544433594,185.60557556152344
2020-07-08,92.23373413085938,207.81784057617188,114.24302673339844,174.98793029785156,213.613037109375,80.0528335571289,201.91342163085938,99.83538818359375,267.60833740234375,186.43702697753906
2020-07-09,92.63035583496094,207.87562561035156,112.10313415527344,170.2985076904297,212.5757293701172,78.31963348388672,203.32701110839844,97.06561279296875,261.1504211425781,183.70362854003906
2020-07-10,92.79239654541016,205.71144104003906,114.13601684570312,177.85174560546875,214.4188995361328,82.60111236572266,202.71031188964844,100.41757202148438,261.2132568359375,184.02854919433594
2020-07-13,92.36431121826172,206.5374755859375,116.41856384277344,180.72425842285156,213.99880981445312,83.7851791381836,196.44888305664062,100.77039337158203,268.8191223144531,180.65478515625
2020-07-14,93.89280700683594,209.05679321289062,122.04468536376953,185.16275024414062,221.00289916992188,84.26567077636719,197.6632080078125,104.57223510742188,276.7211608886719,184.77403259277344
2020-07-15,94.53854370117188,209.23854064941406,123.36429595947266,187.66322326660156,221.01150512695312,85.56986236572266,197.36907958984375,105.09265899658203,272.7297668457031,187.8515167236328
2020-07-16,93.37523651123047,210.79971313476562,123.54256439208984,185.7338104248047,221.25157165527344,85.81010437011719,193.4603729248047,106.29229736328125,275.4923400878906,184.9365234375
2020-07-17,93.18659210205078,213.49256896972656,122.97663879394531,182.91319274902344,223.22332763671875,84.22278594970703,192.4738006591797,105.11030578613281,274.93621826171875,186.45608520507812
2020-07-20,95.1504135131836,215.54937744140625,120.93755340576172,183.17276000976562,223.04335021972656,83.48487854003906,200.74655151367188,104.76628112792969,272.1827392578125,189.6865692138672
2020-07-21,93.8371810913086,213.0382080078125,122.05142211914062,183.44100952148438,224.97225952148438,85.29528045654297,198.04273986816406,106.22174072265625,273.6626281738281,187.78465270996094
2020-07-22,94.10079193115234,212.2700653076172,123.04850006103516,178.2324981689453,227.32981872558594,84.6775131225586,200.8887939453125,107.82715606689453,275.09771728515625,190.05931091308594
2020-07-23,89.81767272949219,208.35472106933594,122.70714569091797,175.65415954589844,226.163818359375,84.92633819580078,192.15126037597656,104.62513732910156,271.7431640625,188.69261169433594
2020-07-24,89.59515380859375,204.8358612060547,123.58751678466797,174.3131103515625,227.44981384277344,84.32572937011719,190.974853515625,104.33406829833984,269.7879333496094,186.51348876953125
2020-07-27,91.71858215332031,209.51942443847656,125.66254425048828,175.65415954589844,229.25869750976562,83.14169311523438,193.39407348632812,102.87860107421875,267.8236389160156,188.1956329345703
2020-07-28,90.21188354492188,210.85757446289062,123.99176788330078,174.4428253173828,227.42405700683594,83.50202178955078,191.6579132080078,101.46725463867188,269.01654052734375,188.03314208984375
2020-07-29,91.94108581542969,205.55450439453125,126.23747253417969,175.27346801757812,226.89259338378906,85.5269546508789,193.59323120117188,103.07264709472656,275.0708312988281,189.79168701171875
2020-07-30,93.0535888671875,203.31600952148438,122.82392120361328,172.63455200195312,228.30714416503906,83.24463653564453,193.44143676757812,102.2611312866211,273.77032470703125,185.47174072265625
2020-07-31,102.79523468017578,202.10177612304688,119.36551666259766,171.27622985839844,227.60415649414062,82.91857147216797,194.4945526123047,100.92918395996094,271.57275390625,181.97373962402344
2020-08-03,105.38544464111328,204.32376098632812,118.37739562988281,172.51344299316406,228.1956787109375,82.45523834228516,205.43312072753906,100.91152954101562,272.3172912597656,182.25088500976562
2020-08-04,106.08921813964844,201.20968627929688,118.14382934570312,174.4601287841797,229.64450073242188,81.98335266113281,202.349853515625,99.76481628417969,273.11541748046875,183.78009033203125
2020-08-05,106.47377014160156,199.4585418701172,121.24292755126953,176.95188903808594,229.31019592285156,83.40764617919922,202.0177764892578,101.5113754272461,280.2640686035156,187.4214324951172
2020-08-06,110.18854522705078,199.52462768554688,120.72193908691406,176.71832275390625,230.930419921875,83.43339538574219,205.25286865234375,100.32936096191406,281.69012451171875,189.97323608398438
2020-08-07,107.68334197998047,198.81423950195312,121.1980209350586,180.19651794433594,232.87649536132812,85.26954650878906,201.58140563964844,103.52252960205078,284.35394287109375,187.66993713378906
2020-08-10,109.24847412109375,196.73263549804688,127.57595825195312,181.1568603515625,235.52554321289062,86.35064697265625,197.56832885742188,105.07503509521484,286.21063232421875,188.0809326171875
2020-08-11,105.99944305419922,193.82501220703125,128.03404235839844,182.6103515625,235.68849182128906,89.07913208007812,192.9481658935547,105.78067779541016,283.0265197753906,189.01751708984375
2020-08-12,109.52227783203125,199.6650390625,128.06997680664062,183.5361785888672,241.39804077148438,88.32411193847656,198.4601593017578,104.84568786621094,289.053955078125,189.9446258544922
2020-08-13,111.4605484008789,198.6242218017578,126.36323547363281,180.30026245117188,241.4666290283203,87.83499145507812,197.9952392578125,105.20732116699219,288.3813171386719,189.12147521972656
2020-08-14,111.3612060546875,199.33102416992188,125.7254638671875,179.93690490722656,240.51504516601562,87.86933135986328,198.1850128173828,104.61631774902344,290.3365173339844,188.2216339111328
2020-08-17,111.0704574584961,202.0751190185547,124.61154174804688,175.6973876953125,247.10769653320312,85.55268859863281,199.49424743652344,102.24349975585938,287.475341796875,190.8922119140625
2020-08-18,111.9959945678711,200.81951904296875,124.29713439941406,174.1746063232422,244.33001708984375,84.36004638671875,200.6421661376953,101.37903594970703,284.1566467285156,190.4901580810547
2020-08-19,112.13652038574219,199.97964477539062,123.9827651977539,175.65415954589844,242.49534606933594,84.5573959350586,199.4248809814453,99.85301208496094,282.8919982910156,192.38546752929688
2020-08-20,114.62478637695312,198.51612854003906,123.4976577758789,174.641845703125,240.62655639648438,83.5449447631836,204.0657501220703,99.26201629638672,281.03533935546875,195.41015625
2020-08-21,120.53167724609375,197.60972595214844,124.35105895996094,175.1436309814453,242.8126220703125,83.50202178955078,202.5821990966797,98.6445541381836,281.7619323730469,195.3910675048828
2020-08-24,121.97325897216797,195.888427734375,127.27050018310547,179.39183044433594,245.83029174804688,85.8530044555664,203.21939086914062,101.35256958007812,277.0081481933594,197.57334899902344
2020-08-25,120.9726333618164,206.4075164794922,126.79443359375,178.2324981689453,245.29879760742188,86.23053741455078,205.86318969726562,101.98768615722656,280.0398254394531,199.1910858154297
2020-08-26,122.61775970458984,208.03733825683594,127.40528106689453,179.28799438476562,250.27113342285156,85.02070617675781,210.31382751464844,100.15293884277344,276.9902038574219,201.25852966308594
2020-08-27,121.15192413330078,210.224365234375,128.7886505126953,181.82305908203125,247.44198608398438,87.8178482055664,215.47779846191406,103.36375427246094,279.54656982421875,201.99560546875
2020-08-28,120.9556655883789,210.48214721679688,129.02220153808594,179.71194458007812,245.4359893798828,88.17820739746094,217.69357299804688,102.22586059570312,281.9681396484375,206.47525024414062
2020-08-31,125.05754089355469,210.64846801757812,127.83643341064453,178.32797241210938,244.36436462402344,85.96454620361328,214.47921752929688,102.35818481445312,280.33575439453125,202.91453552246094
2020-09-01,130.03890991210938,208.6028289794922,131.19607543945312,178.8415069580078,245.13595581054688,85.92164611816406,216.13394165039062,101.16735076904297,280.5869445800781,204.21627807617188
2020-09-02,127.34468078613281,214.63990783691406,134.08860778808594,182.82814025878906,247.51446533203125,87.21725463867188,220.29933166503906,103.6283950805664,287.233154296875,207.21226501464844
2020-09-03,117.14938354492188,206.1497802734375,131.8338165283203,180.6693878173828,236.68150329589844,86.94268035888672,206.65249633789062,101.74951171875,283.6365661621094,200.01425170898438
2020-09-04,117.2269287109375,206.55722045898438,133.10943603515625,183.6115264892578,232.39820861816406,88.82173919677734,203.7519073486328,102.82567596435547,279.8424377441406,195.89833068847656
2020-09-08,109.338134765625,200.55345153808594,133.41481018066406,176.24757385253906,232.05348205566406,85.7328872680664,192.7298583984375,100.32936096191406,275.58203125,191.55267333984375
2020-09-09,113.69925689697266,204.20396423339844,137.16075134277344,176.02127075195312,238.7584228515625,86.5479736328125,200.93699645996094,100.98699188232422,279.86041259765625,195.32400512695312
2020-09-10,109.98745727539062,200.10438537597656,134.61856079101562,174.09759521484375,235.01809692382812,85.65567016601562,195.30703735351562,99.36064147949219,273.2052001953125,192.91188049316406
2020-09-11,108.54344177246094,202.24148559570312,138.18478393554688,174.88970947265625,238.146484375,86.71961975097656,194.03271484375,100.78260803222656,271.5209655761719,192.08871459960938
2020-09-14,111.79973602294922,205.18515014648438,137.89732360839844,175.25527954101562,241.86961364746094,87.92080688476562,195.34506225585938,101.72464752197266,277.90643310546875,196.20460510253906
2020-09-15,111.97418975830078,206.5156707763672,133.4867401123047,172.34799194335938,246.118408203125,85.18376159667969,198.54994201660156,99.67169952392578,276.6995544433594,196.59707641601562
2020-09-16,108.6694107055664,206.02503967285156,135.74143981933594,174.68080139160156,242.7142333984375,85.54412841796875,195.0027313232422,100.57820129394531,276.0601501464844,196.3481903076172
2020-09-17,106.93468475341797,206.29112243652344,138.22071838378906,169.58868408203125,241.27488708496094,84.56597137451172,192.96759033203125,100.07160949707031,274.67315673828125,196.48220825195312
2020-09-18,103.54268646240234,205.99180603027344,136.89125061035156,169.6148223876953,237.1640625,84.38578796386719,190.571044921875,99.19178009033203,277.4111022949219,193.93609619140625
2020-09-21,106.68270874023438,202.22486877441406,130.54930114746094,168.86622619628906,234.71649169921875,81.77742004394531,192.61575317382812,97.27212524414062,269.45855712890625,188.9970245361328
2020-09-22,108.35929870605469,205.808837890625,132.18414306640625,166.79452514648438,235.5438232421875,80.88509368896484,197.25660705566406,97.09437561035156,265.01849365234375,191.97381591796875
2020-09-23,103.81404876708984,201.7259521484375,129.69589233398438,162.00711059570312,229.71792602539062,79.57233428955078,190.7612762451172,95.53018188476562,263.10906982421875,187.00599670410156
2020-09-24,104.88008880615234,199.83828735351562,130.3786163330078,169.83242797851562,228.98538208007812,79.50370025634766,193.23385620117188,95.8234634399414,263.5774841308594,187.14964294433594
2020-09-25,108.81478118896484,202.7487335205078,131.0702667236328,169.69313049316406,231.4415740966797,80.19868469238281,197.63699340820312,96.08120727539062,272.4396667480469,188.8055419921875
2020-09-28,111.41207885742188,205.4180145263672,132.6602783203125,173.2793731689453,234.69921875,82.50675964355469,199.17764282226562,97.95641326904297,273.0971374511719,191.74411010742188
2020-09-29,110.56893920898438,206.47409057617188,132.4177703857422,171.29473876953125,234.50970458984375,81.81173706054688,197.1044158935547,95.4857406616211,273.9256591796875,190.90182495117188
2020-09-30,112.23584747314453,211.34695434570312,133.9807891845703,174.9332275390625,239.33583068847656,82.60111236572266,200.02398681640625,96.15228271484375,280.78851318359375,191.40911865234375
2020-10-01,113.18560028076172,212.3697509765625,131.7889404296875,172.8267364501953,239.25830078125,83.20173645019531,202.04966735839844,95.81458282470703,281.9592590332031,194.64442443847656
2020-10-02,109.53194427490234,204.07093811035156,134.6904296875,174.0018310546875,240.7147216796875,83.9911117553711,196.08688354492188,96.49890899658203,280.9776306152344,192.83531188964844
2020-10-05,112.904541015625,212.88536071777344,137.87936401367188,175.65565490722656,243.11929321289062,85.766357421875,200.07156372070312,99.45840454101562,286.5344543457031,194.8262481689453
2020-10-06,109.66761779785156,210.12461853027344,136.1187286376953,175.03770446777344,238.26715087890625,84.883056640625,195.8206024169922,99.12066650390625,283.2021179199219,191.8685760498047
2020-10-07,111.52839660644531,214.2657470703125,139.0292205810547,177.2224578857422,243.71388244628906,86.3638916015625,199.54852294921875,101.13809204101562,291.05560302734375,193.80206298828125
2020-10-08,111.42179107666016,199.6470184326172,140.72695922851562,181.03500366210938,245.20480346679688,88.13914489746094,200.2617645263672,102.7555923461914,290.3711853027344,194.29026794433594
2020-10-09,113.36006164550781,196.82809448242188,142.7751007080078,180.6520233154297,246.41139221191406,87.63687896728516,205.23550415039062,102.9422378540039,295.26153564453125,197.7935791015625
2020-10-12,120.56073760986328,199.16476440429688,146.0718536376953,186.3795623779297,247.2645721435547,88.71067810058594,210.55157470703125,103.5732421875,297.1798400878906,197.56382751464844
2020-10-13,117.36258697509766,199.02334594726562,145.63169860839844,183.49838256835938,250.2378387451172,87.27316284179688,211.94004821777344,100.32935333251953,298.4858093261719,195.5728759765625
2020-10-14,117.44981384277344,197.61805725097656,146.97012329101562,183.86398315429688,247.41966247558594,86.78820037841797,210.03802490234375,99.56503295898438,289.8668518066406,193.54364013671875
2020-10-15,116.984619140625,195.4227752685547,148.25466918945312,181.57472229003906,247.80751037597656,88.08719635009766,208.8968048095703,100.10718536376953,292.3164978027344,191.00709533691406
2020-10-16,115.3467788696289,196.01316833496094,151.58740234375,179.49435424804688,247.9109649658203,87.90531158447266,208.8968048095703,100.71150970458984,297.1168518066406,191.6866912841797
2020-10-19,112.40058135986328,191.8470916748047,150.4914093017578,179.04168701171875,244.5239715576172,86.42450714111328,203.723388671875,99.39617919921875,292.0011901855469,188.53756713867188
2020-10-20,113.8833999633789,192.17140197753906,151.80296325683594,181.07855224609375,246.51483154296875,86.91812133789062,204.13229370117188,104.96854400634766,291.27178955078125,189.23629760742188
2020-10-21,113.26314544677734,190.4002227783203,150.37466430664062,176.62188720703125,245.19622802734375,86.05211639404297,204.27499389648438,111.09193420410156,290.7133483886719,189.9350128173828
2020-10-22,112.17768859863281,189.57699584960938,152.4048309326172,178.78927612304688,242.30914306640625,89.09171295166016,204.36056518554688,112.10508728027344,293.3612976074219,189.5138702392578
2020-10-23,111.48961639404297,188.89508056640625,152.36866760253906,178.47592163085938,243.8948516845703,89.8970718383789,205.63487243652344,111.9540023803711,297.7473449707031,189.53298950195312
2020-10-26,111.49929809570312,187.00747680664062,147.49725341796875,175.08120727539062,237.89662170410156,87.67150115966797,199.7863006591797,108.01691436767578,290.9564514160156,184.80450439453125
2020-10-27,113.00146484375,185.81834411621094,142.71629333496094,170.32859802246094,238.5860137939453,86.01750183105469,202.8009033203125,105.83950805664062,288.65997314453125,181.9233856201172
2020-10-28,107.76811218261719,179.93096923828125,136.61573791503906,165.1842498779297,232.44989013671875,83.60140991210938,192.7488555908203,107.98136138916016,277.3930969238281,173.1267852783203
2020-10-29,111.7609634399414,181.12840270996094,139.78802490234375,165.33224487304688,232.372314453125,84.14698028564453,194.68887329101562,108.83454132080078,273.50238037109375,176.95553588867188
2020-10-30,105.50033569335938,180.39663696289062,141.93905639648438,164.5487823486328,229.85586547851562,84.90037536621094,192.54917907714844,107.27925872802734,274.81732177734375,173.9308624267578
2020-11-02,105.41311645507812,183.1157989501953,147.56051635742188,165.5585174560547,233.3289031982422,86.81416320800781,192.41598510742188,110.13211822509766,281.08563232421875,176.8311309814453
2020-11-03,107.03157806396484,182.99107360839844,151.55528259277344,172.28701782226562,239.0428009033203,89.55069732666016,196.31512451171875,112.2828369140625,289.41650390625,180.2770233154297
2020-11-04,111.40240478515625,191.53111267089844,140.2941131591797,172.23483276367188,243.653564453125,86.81416320800781,205.78707885742188,109.66997528076172,319.3262023925781,185.66598510742188
2020-11-05,115.35647583007812,192.89479064941406,147.39785766601562,176.66539001464844,246.3511199951172,90.36469268798828,212.34898376464844,113.32267761230469,319.18212890625,189.1788330078125
2020-11-06,115.22541809082031,192.64540100097656,145.77102661132812,175.18565368652344,244.96356201171875,89.16098022460938,212.75790405273438,112.8694076538086,312.9317932128906,189.97328186035156
2020-11-09,112.92459106445312,195.4144744873047,154.38409423828125,187.0845947265625,232.6653289794922,101.23271942138672,207.68902587890625,119.33940124511719,315.2194519042969,203.574951171875
2020-11-10,112.58483123779297,200.9027099609375,155.72169494628906,189.29556274414062,237.49151611328125,100.90363311767578,200.6707000732422,121.18797302246094,318.5427551269531,204.17796325683594
2020-11-11,116.00204467773438,200.14599609375,153.1549530029297,189.80039978027344,239.37033081054688,99.39683532714844,205.93927001953125,119.94374084472656,316.7505187988281,203.59414672851562
2020-11-12,115.73023986816406,197.19395446777344,152.85675048828125,186.71900939941406,238.06895446777344,98.17581176757812,204.8836669921875,117.66859436035156,319.1911926269531,199.64459228515625
2020-11-13,115.77877044677734,198.71768188476562,155.18846130371094,190.69696044921875,238.87045288085938,98.79065704345703,205.90115356445312,119.65048217773438,320.3259582519531,201.77272033691406
2020-11-16,116.7884292602539,198.13162231445312,156.5260467529297,193.56942749023438,240.9387969970703,101.57910919189453,206.58590698242188,121.12576293945312,321.3616638183594,203.90087890625
2020-11-17,115.90498352050781,194.59864807128906,155.36920166015625,195.5453338623047,234.81993103027344,100.54859161376953,203.95162963867188,120.01483917236328,317.1107482910156,201.9932403564453
2020-11-18,114.58467102050781,190.68057250976562,156.11936950683594,195.2406768798828,232.54473876953125,99.80384826660156,201.26278686523438,119.41940307617188,310.27508544921875,199.2323760986328
2020-11-19,115.17686462402344,188.09356689453125,156.2639923095703,195.47567749023438,233.4927215576172,100.07229614257812,202.5404815673828,118.97502136230469,303.5113220214844,198.98313903808594
2020-11-20,113.9148178100586,186.8377685546875,155.6584014892578,194.41375732421875,232.5275115966797,99.21499633789062,200.6049041748047,119.5793685913086,301.4399108886719,195.44580078125
2020-11-23,110.52670288085938,186.04244995117188,157.96310424804688,199.18377685546875,233.89776611328125,102.07270812988281,200.3379669189453,119.65048217773438,301.7640075683594,199.54872131347656
2020-11-24,111.80814361572266,184.5689697265625,159.8791046142578,206.73056030273438,235.5438232421875,106.79230499267578,203.91354370117188,121.21463012695312,302.6196594238281,201.00584411621094
2020-11-25,112.6430435180664,184.4434356689453,157.82749938964844,205.89488220214844,236.10403442382812,105.67518615722656,203.9230499267578,120.88581085205078,300.0798645019531,202.16578674316406
2020-11-27,113.18672180175781,188.21080017089844,158.23422241210938,204.902587890625,237.85353088378906,104.9737319946289,205.2198028564453,119.48161315917969,304.3578796386719,202.27120971679688
2020-11-30,115.57492065429688,185.8917999267578,156.8875732421875,200.70704650878906,239.0773468017578,102.08137512207031,204.11375427246094,115.22455596923828,302.9167785644531,201.64813232421875
2020-12-01,119.13777923583984,188.43687438964844,156.5893096923828,203.1138153076172,238.3792724609375,103.69209289550781,206.1542205810547,118.56619262695312,307.284912109375,202.4629364013672
2020-12-02,119.48726654052734,189.67591857910156,157.14060974121094,207.9886474609375,234.91314697265625,105.683837890625,205.35328674316406,119.1260986328125,313.0218811035156,201.48516845703125
2020-12-03,119.35134887695312,189.96890258789062,157.82749938964844,206.0807647705078,232.3482666015625,104.99103546142578,204.27584838867188,120.05928039550781,314.0306091308594,199.44326782226562
2020-12-04,118.68151092529297,191.89447021484375,164.67822265625,209.677734375,228.75216674804688,105.94361877441406,204.39028930664062,121.0102310180664,316.2541198730469,203.88172912597656
2020-12-07,120.13771057128906,189.58383178710938,161.5149688720703,208.6887969970703,227.5823974609375,105.5452880859375,204.323486328125,119.0016860961914,314.41925048828125,203.85293579101562
2020-12-08,120.74932861328125,191.66844177246094,161.63243103027344,209.0301055908203,226.7852325439453,105.64917755126953,205.96353149414062,120.21035766601562,314.41925048828125,203.96803283691406
2020-12-09,118.22522735595703,192.43032836914062,162.74411010742188,212.5133514404297,230.1299591064453,104.82650756835938,201.9492950439453,120.65752410888672,311.30084228515625,200.90997314453125
2020-12-10,119.64259338378906,191.01541137695312,161.64151000976562,213.89617919921875,229.46273803710938,104.15106201171875,200.72885131835938,122.26741027832031,306.99847412109375,199.02142333984375
2020-12-11,118.8368148803711,190.37916564941406,162.03915405273438,210.03659057617188,229.23744201660156,103.53621673583984,203.3414306640625,120.69330596923828,304.66650390625,197.7081298828125
2020-12-14,118.22522735595703,192.1038055419922,160.91848754882812,208.11114501953125,230.1299591064453,102.44509887695312,204.23768615722656,119.83472442626953,303.81689453125,198.6763458251953
2020-12-15,124.14713287353516,192.99957275390625,164.25341796875,212.17201232910156,232.20960998535156,104.19435119628906,204.1709442138672,122.75924682617188,307.0166015625,199.74041748046875
2020-12-16,124.07920837402344,191.24981689453125,162.22897338867188,213.3447723388672,233.60472106933594,104.49744415283203,209.08143615722656,122.9202651977539,306.71826171875,199.65411376953125
2020-12-17,124.94322204589844,193.59400939941406,161.93069458007812,213.9224090576172,237.40000915527344,103.63146209716797,209.2149200439453,123.44792938232422,308.8243103027344,202.4437713623047
2020-12-18,122.96276092529297,191.29171752929688,163.54843139648438,211.90948486328125,234.3499298095703,103.12054443359375,208.42352294921875,124.19023132324219,305.8506164550781,202.56837463378906
2020-12-21,124.48693084716797,190.3038330078125,162.82545471191406,224.90609741210938,234.81785583496094,106.99146270751953,212.23751831054688,123.55524444580078,303.77166748046875,200.36354064941406
2020-12-22,128.03042602539062,185.01272583007812,159.5898895263672,218.87599182128906,233.9946746826172,105.36341094970703,213.5247039794922,122.06167602539062,302.80462646484375,197.3246307373047
2020-12-23,127.13723754882812,186.64523315429688,161.25282287597656,224.44219970703125,233.7953643798828,108.30775451660156,210.74050903320312,123.37635803222656,305.1365966796875,196.8070526123047
2020-12-24,128.11776733398438,186.63687133789062,162.28317260742188,224.18841552734375,234.7571563720703,107.83145141601562,212.3900146484375,123.85930633544922,308.02886962890625,200.06634521484375
2020-12-28,132.6999969482422,187.23965454101562,161.2076416015625,227.19029235839844,233.31007385253906,108.54156494140625,214.4972381591797,124.48538970947266,312.69293212890625,203.8337860107422
2020-12-29,130.93313598632812,189.9354705810547,159.6531524658203,225.80752563476562,230.65853881835938,108.25579071044922,213.72494506835938,123.73409271240234,313.95831298828125,205.50180053710938
2020-12-30,129.81671142578125,190.18661499023438,162.71697998046875,227.06776428222656,229.85275268554688,108.55887603759766,211.3698272705078,124.38702392578125,311.8250427246094,209.3267059326172
2020-12-31,128.81675720214844,192.48892211914062,164.50645446777344,230.7960662841797,230.1646728515625,110.03968811035156,212.07537841796875,125.54072570800781,316.96807861328125,209.681396484375
2021-01-04,125.63249969482422,189.7596435546875,164.62393188476562,231.92507934570312,228.69149780273438,109.00051879882812,207.56533813476562,121.31939697265625,315.9015808105469,208.7515411376953
2021-01-05,127.18576049804688,190.68057250976562,165.97055053710938,237.11489868164062,230.5372314453125,109.59363555908203,207.76560974121094,120.31766510009766,311.65338134765625,205.6360321044922
2021-01-06,122.90452575683594,195.27679443359375,175.20726013183594,249.91012573242188,231.85433959960938,114.73967742919922,202.37838745117188,124.4049301147461,324.7323913574219,203.82418823242188
2021-01-07,127.09844970703125,195.9214324951172,175.54164123535156,255.24888610839844,230.7191925048828,118.50762176513672,208.137451171875,124.37808227539062,329.9385986328125,204.96499633789062
2021-01-08,128.19546508789062,199.66368103027344,175.56875610351562,253.874755859375,233.1714324951172,118.63848114013672,209.40562438964844,124.89678955078125,328.456298828125,206.53712463378906
2021-01-11,125.21504211425781,198.89346313476562,175.20726013183594,257.1567077636719,235.0258026123047,120.4090576171875,207.3746795654297,122.91132354736328,326.0700988769531,204.08303833007812
2021-01-12,125.04031372070312,198.072998046875,178.5331573486328,264.4908447265625,239.4449920654297,122.30179595947266,204.9337615966797,125.58544158935547,323.0150451660156,200.21975708007812
2021-01-13,127.0693130493164,199.0358123779297,177.04193115234375,265.1297607421875,237.46945190429688,122.41517639160156,206.27816772460938,127.22212982177734,320.9090576171875,200.6894989013672
2021-01-14,125.1470947265625,202.31764221191406,178.40663146972656,269.44439697265625,232.5215606689453,123.13041687011719,203.11256408691406,127.28474426269531,316.8325500488281,193.50933837890625
2021-01-15,123.42874908447266,205.52407836914062,175.8941650390625,263.4405822753906,238.8038330078125,120.9236831665039,202.75979614257812,128.10757446289062,317.528564453125,193.25048828125
2021-01-19,124.09861755371094,207.85150146484375,176.32118225097656,257.48052978515625,236.7242431640625,120.40035247802734,206.37350463867188,128.34898376464844,318.3329772949219,193.31759643554688
2021-01-20,128.17604064941406,211.2756805419922,174.75839233398438,254.2161102294922,237.68605041503906,118.59488677978516,213.9060821533203,129.699462890625,317.1127624511719,197.4876251220703
2021-01-21,132.87474060058594,210.99940490722656,174.62210083007812,253.25343322753906,241.8018798828125,117.60055541992188,214.50680541992188,133.0085906982422,320.8727722167969,196.65362548828125
2021-01-22,135.01051330566406,212.23008728027344,174.3949432373047,253.27090454101562,246.0912322998047,116.69342803955078,215.4412078857422,130.4328155517578,314.13909912109375,193.6627197265625
2021-01-25,138.74813842773438,215.24400329589844,170.21542358398438,247.71348571777344,247.02706909179688,115.23684692382812,218.85472106933594,130.89791870117188,314.3740234375,192.6657257080078
2021-01-26,138.98117065429688,216.49977111816406,170.0972900390625,246.59326171875,244.8781280517578,114.76586151123047,221.52450561523438,128.52789306640625,310.1258239746094,193.65310668945312
2021-01-27,137.91322326660156,210.1873321533203,164.11878967285156,239.21534729003906,237.46945190429688,111.52122497558594,222.06797790527344,124.76262664794922,300.9787292480469,186.9043731689453
2021-01-28,133.08831787109375,207.41619873046875,167.48963928222656,240.6944580078125,240.93545532226562,113.48368835449219,227.81752014160156,125.20980072021484,305.6427307128906,190.01991271972656
2021-01-29,128.10804748535156,202.1250762939453,166.1267852783203,237.32496643066406,234.6705322265625,112.22769927978516,221.17169189453125,121.90068054199219,301.51202392578125,185.2555389404297
2021-02-01,130.22442626953125,201.28785705566406,167.83494567871094,240.44064331054688,234.0206298828125,113.05631256103516,228.5040283203125,123.60892486572266,301.89166259765625,190.15415954589844
2021-02-02,131.0496063232422,201.3380584716797,174.90377807617188,251.1528778076172,235.83163452148438,116.53643798828125,228.37051391601562,125.05775451660156,306.1579284667969,194.22833251953125
2021-02-03,130.0302734375,198.48326110839844,173.94972229003906,252.5357208251953,237.57339477539062,117.87093353271484,231.69822692871094,124.01139831542969,305.40771484375,193.03001403808594
2021-02-04,133.3795623779297,198.60044860839844,174.13145446777344,257.0867004394531,241.60267639160156,120.58351135253906,230.7542724609375,128.72462463378906,297.6615295410156,200.5936279296875
2021-02-05,132.96630859375,197.8469696044922,175.35806274414062,256.8679504394531,241.63734436035156,120.34801483154297,230.93544006347656,129.53851318359375,293.31396484375,200.13345336914062
2021-02-08,133.11219787597656,198.89346313476562,179.40127563476562,262.68792724609375,242.65115356445312,122.23201751708984,231.19285583496094,130.7548370361328,293.1602478027344,198.3312530517578
2021-02-09,132.2371368408203,198.12322998046875,179.24679565429688,262.959228515625,239.82626342773438,121.74358367919922,232.4324188232422,131.61341857910156,297.9418029785156,197.97654724121094
2021-02-10,131.63433837890625,199.6385955810547,179.64662170410156,266.30242919921875,241.4900360107422,121.81332397460938,231.526611328125,130.51333618164062,301.349365234375,197.89987182617188
2021-02-11,131.38157653808594,198.23849487304688,180.21902465820312,264.5870666503906,240.07754516601562,121.47319793701172,233.11888122558594,130.88003540039062,301.05108642578125,202.25880432128906
2021-02-12,131.6149139404297,200.06874084472656,179.89190673828125,268.0877990722656,240.46755981445312,123.2001953125,233.59567260742188,130.54019165039062,296.6854248046875,201.5867156982422
2021-02-16,129.49539184570312,196.38294982910156,183.88063049316406,273.02398681640625,238.63055419921875,126.1656723022461,232.36566162109375,131.84591674804688,293.413330078125,199.60887145996094
2021-02-17,127.2105484008789,198.71923828125,183.8079833984375,273.70660400390625,243.42239379882812,126.55821990966797,233.37867736816406,132.76707458496094,295.43804931640625,199.23440551757812
2021-02-18,126.11190032958984,196.12152099609375,181.64549255371094,271.22100830078125,245.26806640625,126.98556518554688,232.9868621826172,132.0874481201172,296.8389892578125,201.00106811523438
2021-02-19,126.26747131347656,195.4130401611328,190.72232055664062,276.2270812988281,242.31320190429688,129.1050262451172,230.29183959960938,130.49546813964844,293.37725830078125,196.56529235839844
2021-02-22,122.50481414794922,195.22744750976562,198.1273651123047,277.3210754394531,239.02914428710938,130.31741333007812,224.11805725097656,132.24838256835938,296.1430969238281,200.0121307373047
2021-02-23,122.36870574951172,196.0624542236328,200.05355834960938,279.3690185546875,231.56834411621094,131.3640594482422,222.93304443359375,133.5541534423828,297.8332214355469,203.6509552001953
2021-02-24,121.8728256225586,193.9792022705078,202.13424682617188,289.37249755859375,225.2688446044922,133.67544555664062,224.1563262939453,135.01194763183594,300.273681640625,210.6790771484375
2021-02-25,117.6337890625,191.8959503173828,201.5436248779297,286.8518981933594,221.1788330078125,131.86123657226562,218.8426971435547,132.36465454101562,297.2547912597656,205.22560119628906
2021-02-26,117.89630889892578,189.70303344726562,196.14659118652344,279.6053466796875,223.8563690185547,128.36366271972656,222.0824737548828,130.12876892089844,300.2828063964844,203.91978454589844
2021-03-01,124.24515533447266,191.49110412597656,199.6719207763672,289.8765563964844,226.69857788085938,131.2681121826172,226.44044494628906,134.50216674804688,302.4791259765625,207.99075317382812
2021-03-02,121.64923858642578,190.35244750976562,196.09207153320312,290.77276611328125,225.54611206054688,130.84075927734375,223.50640869140625,133.36634826660156,302.4700927734375,207.16500854492188
2021-03-03,118.67410278320312,188.87649536132812,195.26522827148438,293.8391418457031,223.00718688964844,133.37014770507812,217.47605895996094,134.78836059570312,300.8702087402344,206.28173828125
2021-03-04,116.79767608642578,187.16432189941406,193.32093811035156,289.32293701171875,217.43545532226562,131.32049560546875,216.682861328125,133.27691650390625,301.71990966796875,203.06529235839844
2021-03-05,118.05186462402344,192.0730438232422,200.03538513183594,287.6360168457031,219.6797637939453,131.6257781982422,221.3370361328125,136.26406860351562,313.7322692871094,206.81939697265625
2021-03-08,113.13225555419922,192.1405487060547,201.32557678222656,293.6282043457031,224.4542999267578,133.37014770507812,217.31356811523438,139.2958984375,316.5071716308594,211.4855499267578
2021-03-09,117.73101043701172,193.13580322265625,196.9825439453125,290.4651794433594,229.59268188476562,132.42819213867188,223.42044067382812,138.32472229003906,318.14324951171875,211.5719757080078
2021-03-10,116.6518325805664,193.9539337158203,200.85311889648438,300.50787353515625,232.14755249023438,135.30648803710938,222.12074279785156,139.72756958007812,315.9919738769531,214.26988220214844
2021-03-11,118.5768814086914,194.97447204589844,199.6719207763672,300.5781555175781,234.42333984375,134.60000610351562,226.6219940185547,139.46678161621094,319.155517578125,217.13104248046875
2021-03-12,117.67268371582031,194.29127502441406,208.06732177734375,306.4737548828125,238.12913513183594,136.19613647460938,225.30313110351562,141.42718505859375,322.9380187988281,215.41244506835938
2021-03-15,120.55057525634766,199.01443481445312,209.64830017089844,304.04876708984375,242.87252807617188,135.5158233642578,224.40481567382812,141.49009704589844,320.99688720703125,214.3659210205078
2021-03-16,122.08675384521484,202.69178771972656,205.759521484375,300.2355041503906,245.95919799804688,133.89349365234375,227.17630004882812,140.707763671875,321.6500244140625,215.73887634277344
2021-03-17,121.29920959472656,206.02330017089844,212.27407836914062,303.0822448730469,244.1716766357422,135.27159118652344,226.53594970703125,142.01168823242188,319.4548034667969,214.12588500976562
2021-03-18,117.1865463256836,206.1498260498047,209.59375,305.7620544433594,246.90089416503906,137.50450134277344,220.4960479736328,141.031494140625,328.40777587890625,211.86000061035156
2021-03-19,116.6615219116211,207.4318389892578,204.69644165039062,302.42327880859375,252.08030700683594,135.31521606445312,220.1424560546875,134.26007080078125,331.60968017578125,198.64871215820312
2021-03-22,119.96720886230469,210.59466552734375,205.35977172851562,298.1443176269531,251.94078063964844,131.67807006835938,225.5325164794922,132.72227478027344,332.770751953125,199.70484924316406
2021-03-23,119.14080047607422,206.6727294921875,198.29998779296875,291.50189208984375,252.84759521484375,130.36105346679688,227.05206298828125,132.1917266845703,334.2583923339844,199.84889221191406
2021-03-24,116.7587661743164,207.03543090820312,201.00753784179688,288.7605895996094,255.2628936767578,131.37278747558594,225.0260009765625,134.2420654296875,336.1632385253906,199.7720947265625
2021-03-25,117.2448959350586,207.6932830810547,203.75152587890625,290.42999267578125,259.1255798339844,133.05615234375,222.0442657470703,137.38949584960938,336.6076965332031,199.6761016845703
2021-03-26,117.84769439697266,213.268310546875,208.52162170410156,287.6535949707031,264.9065856933594,135.27159118652344,226.0007781982422,138.16287231445312,341.4969177246094,205.0143280029297
2021-03-29,118.02269744873047,215.03952026367188,209.1758270263672,286.195068359375,263.5028381347656,133.16954040527344,224.8157501220703,138.35171508789062,343.8371276855469,205.9552764892578
2021-03-30,116.57403564453125,210.6453094482422,211.7743682861328,291.712890625,265.7872619628906,134.739501953125,221.57595825195312,138.51353454589844,338.8482360839844,203.4493408203125
2021-03-31,118.7616195678711,209.8524169921875,210.67498779296875,287.3108825683594,266.1622619628906,132.77708435058594,225.32225036621094,135.24923706054688,337.4967346191406,203.28614807128906
2021-04-01,119.58805084228516,210.1560516357422,211.4654541015625,287.8732604980469,268.3420715332031,134.0679473876953,231.6106719970703,135.44705200195312,332.9612121582031,208.2115478515625
2021-04-05,122.40760803222656,212.5598602294922,212.34678649902344,284.2707824707031,275.0124816894531,134.77859497070312,238.0328826904297,136.71502685546875,335.7822570800781,210.30459594726562
2021-04-06,122.7090072631836,210.0970458984375,209.5574493408203,287.3636474609375,273.6000061035156,133.83103942871094,236.8765106201172,136.46324157714844,330.5121765136719,209.93016052246094
2021-04-07,124.35211944580078,209.27049255371094,209.34844970703125,286.9154968261719,272.457763671875,135.9279327392578,238.82611083984375,136.94883728027344,331.6640930175781,210.5254364013672
2021-04-08,126.7438735961914,208.22463989257812,209.41204833984375,290.9483947753906,274.1667785644531,136.09461975097656,242.02767944335938,135.21324157714844,330.9837951660156,211.89840698242188
2021-04-09,129.31065368652344,209.97052001953125,209.65737915039062,290.65850830078125,278.35205078125,137.1123504638672,244.512451171875,136.37330627441406,341.3336486816406,213.64581298828125
2021-04-12,127.5994873046875,209.9621124267578,209.82090759277344,291.5634460449219,279.7123718261719,136.8228302001953,244.56980895996094,136.5441436767578,341.3154602050781,212.6376953125
2021-04-13,130.70098876953125,210.81394958496094,208.3852996826172,287.9083251953125,279.3722839355469,135.19094848632812,247.03543090820312,136.87684631347656,339.70086669921875,212.2056427001953
2021-04-14,128.36756896972656,210.53561401367188,211.32009887695312,294.64739990234375,279.0409240722656,132.6641845703125,244.2639617919922,139.77252197265625,340.725830078125,213.1273651123047
2021-04-15,130.76905822753906,215.1829071044922,211.2655487060547,297.4590148925781,281.4126281738281,133.50640869140625,248.00071716308594,138.8103485107422,353.7696228027344,217.255859375
2021-04-16,130.43849182128906,215.6720733642578,212.02882385253906,300.7627258300781,286.06878662109375,134.4978485107422,249.18577575683594,140.24017333984375,354.6766662597656,217.38067626953125
2021-04-19,131.09962463378906,215.89138793945312,211.1474609375,301.44793701171875,284.9963684082031,133.9275665283203,247.27435302734375,138.82830810546875,353.6153869628906,216.78538513183594
2021-04-20,129.41761779785156,218.5650634765625,206.8225555419922,291.5986633300781,282.47637939453125,130.96209716796875,246.81564331054688,140.04229736328125,359.6837158203125,214.37550354003906
2021-04-21,129.79681396484375,218.26138305664062,211.21099853515625,294.5771484375,284.2115783691406,132.07635498046875,249.03286743164062,141.52610778808594,361.75189208984375,218.37921142578125
2021-04-22,128.280029296875,215.1154327392578,207.9674072265625,290.69366455078125,280.2965087890625,129.29518127441406,245.77398681640625,140.16822814941406,359.6928405761719,218.49441528320312
2021-04-23,130.5940399169922,216.78538513183594,210.02098083496094,298.1618347167969,282.4154052734375,131.76930236816406,249.57766723632812,141.93975830078125,363.1125793457031,220.82754516601562
2021-04-26,130.98292541503906,215.51185607910156,210.4316864013672,301.82586669921875,279.0147705078125,132.0939178466797,249.9597930908203,140.04229736328125,359.07611083984375,221.15396118164062
2021-04-27,130.66209411621094,215.1829071044922,210.23089599609375,304.55828857421875,279.5379638671875,132.6992645263672,250.3612518310547,139.56570434570312,357.8423767089844,220.74111938476562
2021-04-28,129.87461853027344,199.6470184326172,212.01976013183594,305.858642578125,278.7705993652344,133.55906677246094,243.27960205078125,138.2977294921875,357.92401123046875,224.13992309570312
2021-04-29,129.77737426757812,197.960205078125,207.61143493652344,310.12884521484375,283.6796875,136.1560516357422,241.32044982910156,140.01535034179688,364.2372131347656,227.4139404296875
2021-04-30,127.81340026855469,202.11825561523438,208.1956024169922,306.15753173828125,282.2235107421875,134.94528198242188,241.00502014160156,139.08013916015625,361.7427978515625,224.24554443359375
2021-05-03,128.8634033203125,206.95950317382812,208.2503204345703,307.65985107421875,287.9784240722656,134.55050659179688,240.69924926757812,140.81568908691406,368.1830749511719,223.33343505859375
2021-05-04,124.30351257324219,208.62942504882812,213.03286743164062,307.3787536621094,290.15826416015625,136.41046142578125,236.80958557128906,142.5602264404297,373.1175537109375,222.7765655517578
2021-05-05,124.54658508300781,210.3079071044922,217.11265563964844,314.2144470214844,289.53045654296875,138.20025634765625,235.548095703125,143.2436981201172,374.1697998046875,220.06903076171875
2021-05-06,126.14111328125,211.95260620117188,216.37332153320312,321.5509948730469,294.35235595703125,140.98146057128906,238.6636199951172,144.33180236816406,376.4103088378906,222.09487915039062
2021-05-07,126.81307220458984,214.4069366455078,219.9510955810547,325.87396240234375,295.8085632324219,141.46400451660156,241.2726593017578,144.61056518554688,378.84130859375,222.8629608154297
2021-05-10,123.54073333740234,213.06590270996094,221.42967224121094,323.9320373535156,297.43902587890625,141.44644165039062,236.22662353515625,145.3839569091797,381.7802429199219,216.95823669433594
2021-05-11,122.625244140625,212.79598999023438,218.40867614746094,316.2353515625,288.3184509277344,139.0951690673828,235.3187255859375,140.90560913085938,373.44415283203125,216.48776245117188
2021-05-12,119.56716918945312,211.55618286132812,216.6015167236328,311.38531494140625,276.4075622558594,138.1388397216797,228.40911865234375,138.26174926757812,367.70233154296875,211.83116149902344
2021-05-13,121.70977783203125,212.60198974609375,219.1114044189453,315.2599792480469,283.74945068359375,141.69212341308594,232.26052856445312,141.86782836914062,370.595947265625,215.12916564941406
2021-05-14,124.12508392333984,213.5108184814453,221.08287048339844,324.0111083984375,282.1886291503906,143.89422607421875,237.15365600585938,144.34078979492188,371.72064208984375,218.2060546875
2021-05-17,122.97586822509766,214.36016845703125,223.4193572998047,324.4328918457031,279.0321960449219,144.47329711914062,234.31524658203125,144.10699462890625,370.659423828125,217.72528076171875
2021-05-18,121.5928955078125,213.0691680908203,218.56382751464844,320.3121337890625,276.1896667480469,142.4378662109375,232.3083038330078,141.4451446533203,372.2467956542969,216.8887481689453
2021-05-19,121.43707275390625,211.1750946044922,216.19076538085938,314.8822021484375,274.1842041015625,141.34994506835938,232.883056640625,141.1843719482422,371.4485778808594,215.9464874267578
2021-05-20,123.98871612548828,213.97796630859375,214.47488403320312,316.11224365234375,275.448486328125,141.10427856445312,236.1015625,142.8120574951172,370.6684875488281,217.72528076171875
2021-05-21,122.15777587890625,213.19654846191406,216.52850341796875,321.8058166503906,275.33514404296875,142.70985412597656,234.8467559814453,143.0548553466797,373.380615234375,218.04258728027344
2021-05-24,123.78421020507812,210.42770385742188,218.1804656982422,323.5893859863281,274.524169921875,143.48193359375,240.2205352783203,142.7401123046875,372.7638854980469,220.4944305419922
2021-05-25,123.58942413330078,205.54388427734375,216.464599609375,320.2681884765625,276.1896667480469,141.99920654296875,241.12094116210938,140.77969360351562,374.668701171875,220.20599365234375
2021-05-26,123.54073333740234,202.6136016845703,216.95745849609375,322.8074035644531,276.6954040527344,141.98167419433594,240.90061950683594,141.31027221679688,374.8138427734375,218.33102416992188
2021-05-27,122.01171875,199.86170959472656,220.21580505371094,326.295654296875,277.9509582519531,144.19261169433594,238.8124237060547,143.29763793945312,374.3512268066406,218.12913513183594
2021-05-28,121.35916900634766,202.0955047607422,220.0332489013672,327.97064208984375,278.07305908203125,144.09608459472656,239.16685485839844,143.61239624023438,373.6437683105469,218.55221557617188
2021-06-01,121.03776550292969,198.39231872558594,221.5665740966797,337.1568603515625,275.8059997558594,145.6840362548828,236.9828338623047,144.6824951171875,368.9269104003906,217.9080047607422
2021-06-02,121.79741668701172,199.73428344726562,222.20545959472656,338.03839111328125,274.55255126953125,145.69284057617188,236.8870391845703,144.06202697753906,368.1377258300781,220.8213653564453
2021-06-03,120.31707763671875,200.22691345214844,222.55227661132812,342.69317626953125,272.9747619628906,145.78933715820312,235.36399841308594,144.78138732910156,370.05169677734375,219.3310089111328
2021-06-04,122.60579681396484,201.16970825195312,222.7165985107422,345.0999450683594,272.6067199707031,146.02626037597656,240.2301025390625,143.88217163085938,367.9473876953125,221.2828826904297
2021-06-07,122.61552429199219,201.45849609375,218.82850646972656,342.1995849609375,271.6863708496094,145.34188842773438,243.12294006347656,141.86782836914062,363.0581359863281,222.41748046875
2021-06-08,123.43358612060547,201.1442413330078,219.19358825683594,339.14923095703125,272.51031494140625,144.76284790039062,241.93516540527344,141.66998291015625,364.4096984863281,223.119384765625
2021-06-09,123.81343078613281,203.4374542236328,214.1645965576172,337.45660400390625,269.3898010253906,142.9554901123047,242.91221618652344,139.9337158203125,363.82916259765625,223.36935424804688
2021-06-10,122.82003784179688,207.78619384765625,206.02334594726562,329.6631774902344,270.24005126953125,140.72703552246094,246.40850830078125,139.28260803222656,364.1829833984375,224.94622802734375
2021-06-11,124.02769470214844,206.19793701171875,201.43243408203125,333.2865905761719,272.3963623046875,140.63055419921875,247.03118896484375,139.6985626220703,360.9173889160156,225.91738891601562
2021-06-14,127.0760269165039,204.8559112548828,199.8900146484375,328.7640380859375,271.1253967285156,138.24411010742188,248.9469451904297,138.58624267578125,362.06939697265625,225.07125854492188
2021-06-15,126.2579574584961,203.71778869628906,200.30075073242188,327.3358459472656,268.60980224609375,136.1472625732422,247.4813232421875,139.82518005371094,363.0852966308594,224.01358032226562
2021-06-16,126.75464630126953,203.48841857910156,198.2014923095703,327.0713195800781,265.39288330078125,137.10360717773438,246.54258728027344,138.1702880859375,360.3368835449219,220.763671875
2021-06-17,128.35183715820312,204.49066162109375,191.16461181640625,318.69622802734375,265.6909484863281,133.14669799804688,249.9143829345703,134.6253662109375,360.4275207519531,223.21551513671875
2021-06-18,127.05655670166016,202.72396850585938,190.6261444091797,307.5263671875,265.24395751953125,129.77769470214844,248.50628662109375,130.9086456298828,354.48260498046875,221.54251098632812
2021-06-21,128.84860229492188,204.0489959716797,194.59634399414062,315.2051086425781,269.61773681640625,131.97982788085938,251.57156372070312,134.42640686035156,362.40313720703125,225.3020477294922
2021-06-22,130.4846954345703,203.76873779296875,194.52334594726562,315.1963195800781,274.0968017578125,131.78684997558594,254.3302459716797,134.10992431640625,362.9676513671875,226.8500213623047
2021-06-23,130.21205139160156,202.74949645996094,195.12570190429688,318.29949951171875,273.1852111816406,132.58522033691406,254.1004180908203,133.7481689453125,360.1180725097656,225.64816284179688
2021-06-24,129.92959594726562,204.65206909179688,200.19119262695312,325.0877380371094,273.33416748046875,133.80470275878906,255.4606170654297,135.6201171875,363.1315002441406,227.14813232421875
2021-06-25,129.63743591308594,206.12142944335938,197.42572021484375,325.1054382324219,274.90325927734375,135.15585327148438,253.86099243164062,137.20265197753906,368.666748046875,228.18655395507812
2021-06-28,131.26380920410156,206.25732421875,197.38922119140625,325.052490234375,275.4729919433594,135.4015655517578,257.4052429199219,135.14990234375,365.4893798828125,225.08084106445312
2021-06-29,132.77340698242188,205.93460083007812,196.3213653564453,328.49951171875,278.9439697265625,135.2347869873047,259.9723205566406,135.21315002441406,362.4305114746094,226.86929321289062
2021-06-30,133.38699340820312,207.0302276611328,198.63046264648438,334.5913391113281,279.5137939453125,136.46310424804688,259.49334716796875,135.38499450683594,364.5608215332031,224.8212890625
2021-07-01,133.68890380859375,209.7057647705078,197.79083251953125,330.5888671875,281.83648681640625,137.814208984375,260.16387939453125,137.3021240234375,368.6120910644531,226.1000518798828
2021-07-02,136.30874633789062,211.2345733642578,198.7490997314453,329.8572082519531,282.853271484375,137.68186950683594,265.9590759277344,136.75955200195312,372.6815185546875,229.44613647460938
2021-07-06,138.31497192382812,206.94529724121094,194.8792724609375,326.06634521484375,279.8379821777344,135.3699493408203,265.96868896484375,136.4068603515625,373.5009460449219,230.37881469726562
2021-07-07,140.79847717285156,206.5801239013672,195.94715881347656,324.1356201171875,283.53692626953125,135.52877807617188,268.1430969238281,137.62767028808594,374.7755432128906,230.76339721679688
2021-07-08,139.503173828125,207.48040771484375,193.5923614501953,316.4393310546875,279.2069396972656,133.19039916992188,265.7388610839844,134.308837890625,373.2187194824219,227.50387573242188
2021-07-09,141.3244171142578,208.26181030273438,198.43878173828125,327.74139404296875,282.3185729980469,137.4524688720703,266.2369079589844,138.6586151123047,375.1852111816406,229.2923126220703
2021-07-12,140.7302703857422,207.5568389892578,199.49755859375,335.4464416503906,282.01177978515625,139.42019653320312,265.64300537109375,139.34588623046875,378.7630920410156,228.71539306640625
2021-07-13,141.84051513671875,207.94754028320312,196.4034881591797,331.46173095703125,277.9008483886719,137.3465576171875,269.14892578125,138.3511505126953,381.0390625,233.0229949951172
2021-07-14,145.2589569091797,207.837158203125,193.1634063720703,330.0688171386719,279.8029479980469,136.8788604736328,270.6145324707031,139.74375915527344,377.5795593261719,236.52288818359375
2021-07-15,144.60643005371094,209.4763946533203,192.95350646972656,329.1431579589844,282.8619689941406,137.1788787841797,269.19683837890625,140.69334411621094,382.41375732421875,238.98435974121094
2021-07-16,142.57093811035156,210.60604858398438,189.79554748535156,321.60546875,281.83648681640625,134.04635620117188,268.9285888671875,141.4258270263672,382.09515380859375,238.57090759277344
2021-07-19,138.73374938964844,209.56130981445312,186.3454132080078,312.718994140625,279.4961853027344,129.68728637695312,265.3460998535156,136.7866973876953,372.4084777832031,231.15765380859375
2021-07-20,142.33721923828125,209.69723510742188,190.82325744628906,321.5701904296875,285.1760559082031,132.1050567626953,267.5587463378906,136.63291931152344,375.9681396484375,233.3594970703125
2021-07-21,141.60679626464844,207.9645538330078,193.36502075195312,329.2753601074219,286.0612487792969,134.8846435546875,269.5513000488281,137.31114196777344,377.488525390625,234.2825164794922
2021-07-22,142.9702606201172,207.87112426757812,191.92440795898438,328.57891845703125,286.3242492675781,133.18162536621094,274.09161376953125,133.62155151367188,378.51727294921875,234.74411010742188
2021-07-23,144.68435668945312,210.40219116210938,192.263916015625,329.76019287109375,291.7411193847656,132.92572021484375,277.4729919433594,133.72103881835938,380.2742919921875,239.43626403808594
2021-07-26,145.10313415527344,208.1598663330078,193.6403045654297,331.39117431640625,290.28607177734375,133.81690979003906,276.8790588378906,134.58010864257812,376.4869689941406,240.61892700195312
2021-07-27,142.94107055664062,207.82015991210938,192.60337829589844,330.456787109375,286.85015869140625,133.64044189453125,274.4748229980469,135.08657836914062,377.90728759765625,241.2727508544922
2021-07-28,141.19769287109375,207.45494079589844,194.01649475097656,329.9189147949219,285.3250427246094,133.86105346679688,274.1681823730469,132.77151489257812,372.5086364746094,237.43634033203125
2021-07-29,141.84051513671875,205.93460083007812,195.04421997070312,332.84576416015625,286.9991149902344,135.00816345214844,274.43646240234375,134.6343994140625,375.1579284667969,238.3786163330078
2021-07-30,142.0548095703125,205.15318298339844,189.7129669189453,330.491943359375,287.6653137207031,133.931640625,272.9134826660156,134.67059326171875,375.2852783203125,236.9074249267578
2021-08-02,141.72369384765625,203.6668243408203,188.25401306152344,333.4100341796875,286.8150939941406,133.39340209960938,272.8273010253906,134.6977081298828,378.3352355957031,230.55189514160156
2021-08-03,143.51564025878906,207.310546875,191.31874084472656,335.3230285644531,290.9522399902344,134.91107177734375,275.03033447265625,135.99989318847656,384.0979919433594,227.9654083251953
2021-08-04,143.11634826660156,193.9161834716797,187.666748046875,333.11907958984375,289.52362060546875,133.4551239013672,274.4460754394531,135.21315002441406,383.7702941894531,227.56153869628906
2021-08-05,143.22348022460938,198.74057006835938,190.11671447753906,338.7965087890625,291.97784423828125,135.14053344726562,277.3292541503906,136.17173767089844,374.34759521484375,230.96531677246094
2021-08-06,142.54074096679688,195.4790496826172,191.18115234375,350.7774963378906,289.1115417480469,138.97897338867188,277.2717590332031,138.19741821289062,377.9254150390625,232.10952758789062
2021-08-09,142.49197387695312,193.55947875976562,191.67662048339844,352.5318603515625,288.16497802734375,138.82899475097656,276.1893615722656,138.69480895996094,374.0562438964844,230.76339721679688
2021-08-10,142.0140380859375,193.6189422607422,196.4298095703125,359.66387939453125,290.549072265625,140.53201293945312,274.3789978027344,139.46343994140625,374.8847961425781,228.9076690673828
2021-08-11,142.2676239013672,193.76332092285156,203.39434814453125,364.8829650878906,295.3875732421875,142.20864868164062,274.8675537109375,141.26304626464844,371.20672607421875,226.01353454589844
2021-08-12,145.22299194335938,193.78028869628906,202.09136962890625,365.86151123046875,292.775390625,142.76451110839844,277.6070861816406,141.51626586914062,369.58624267578125,223.17318725585938
2021-08-13,145.4278564453125,195.0797882080078,200.55897521972656,362.1411437988281,290.4088134765625,141.16737365722656,280.51922607421875,141.35348510742188,372.9637756347656,224.001220703125
2021-08-16,147.39810180664062,197.77597045898438,199.76983642578125,359.9989318847656,293.67822265625,140.2408447265625,282.19537353515625,142.64663696289062,379.82818603515625,226.61050415039062
2021-08-17,146.490966796875,197.88722229003906,195.85169982910156,357.0191345214844,281.1440734863281,138.546630859375,280.7394104003906,143.6956024169922,383.98876953125,225.8113555908203
2021-08-18,142.75535583496094,194.15542602539062,192.5208282470703,351.57965087890625,281.84521484375,137.2847900390625,279.0215148925781,143.53286743164062,379.9284362792969,223.01913452148438
2021-08-19,143.08694458007812,192.05845642089844,187.60250854492188,346.9689636230469,283.028564453125,136.1376953125,284.8182067871094,144.22015380859375,389.5513000488281,222.96139526367188
2021-08-20,144.54025268554688,191.32237243652344,188.05215454101562,348.99664306640625,288.58563232421875,136.52589416503906,292.1025695800781,145.4500274658203,391.2082214355469,222.7592010498047
2021-08-23,146.02279663085938,193.12835693359375,191.906005859375,353.91595458984375,287.2709045410156,138.2730712890625,292.38079833984375,144.59994506835938,387.24798583984375,225.435791015625
2021-08-24,145.93499755859375,192.04989624023438,195.07174682617188,360.1841125488281,284.7816162109375,139.12901306152344,290.4325866699219,145.26919555664062,385.47265625,225.53211975097656
2021-08-25,144.70606994628906,189.66192626953125,197.0629119873047,364.2042236328125,283.8875732421875,141.9968719482422,289.8472595214844,147.02352905273438,382.13153076171875,223.94346618652344
2021-08-26,143.90626525878906,189.55917358398438,193.8330078125,363.57818603515625,281.78387451171875,142.729248046875,287.0447998046875,144.66322326660156,379.50048828125,221.95042419433594
2021-08-27,144.94015502929688,190.68045043945312,195.29196166992188,369.9961853027344,283.44927978515625,143.8763885498047,287.6494140625,146.58038330078125,381.2393493652344,224.03976440429688
2021-08-30,149.3488311767578,191.83592224121094,194.0256805419922,364.6272888183594,286.7099914550781,141.5732421875,291.3635559082031,144.18399047851562,380.8205871582031,222.63400268554688
2021-08-31,148.09059143066406,193.03424072265625,193.49349975585938,366.3193054199219,285.90350341796875,141.14089965820312,289.72247314453125,144.4281463623047,378.9724426269531,220.58322143554688
2021-09-01,148.75384521484375,191.16830444335938,190.82325744628906,366.45220947265625,285.1194763183594,140.93792724609375,289.67449951171875,144.03927612304688,379.9556884765625,221.56529235839844
2021-09-02,149.86578369140625,193.40225219726562,194.32847595214844,367.19635009765625,288.7314453125,141.59095764160156,289.0218200683594,144.66322326660156,385.7458190917969,215.84608459472656
2021-09-03,150.49977111816406,193.753173828125,193.03465270996094,364.3703918457031,291.0220031738281,140.7349853515625,289.0122985839844,143.93983459472656,384.9719543457031,216.7415313720703
2021-09-07,152.8308868408203,189.4479217529297,191.07101440429688,363.49334716796875,289.79736328125,140.48793029785156,288.0909118652344,142.70089721679688,383.4970703125,217.85841369628906
2021-09-08,151.2898712158203,189.04562377929688,189.73135375976562,358.7804870605469,292.1144714355469,139.86138916015625,288.1197204589844,143.5509796142578,378.1712951660156,220.57357788085938
2021-09-09,150.2754364013672,184.51785278320312,188.49258422851562,358.4084167480469,292.28179931640625,140.47030639648438,285.2789611816406,143.64187622070312,377.4065246582031,219.03305053710938
2021-09-10,145.30104064941406,182.95156860351562,188.1163787841797,357.43402099609375,292.4403381347656,138.85545349121094,283.8009338378906,142.1869354248047,369.0106506347656,216.54901123046875
2021-09-13,145.8667449951172,185.49359130859375,189.20831298828125,362.5543212890625,295.5238037109375,141.06149291992188,285.0294189453125,144.49668884277344,378.70391845703125,216.2793731689453
2021-09-14,144.47198486328125,184.9115447998047,185.6572265625,357.6199645996094,293.47113037109375,138.59954833984375,287.7166442871094,142.1777801513672,376.8949890136719,214.7388458251953
2021-09-15,145.35960388183594,186.700439453125,188.7770233154297,356.0785217285156,293.6913757324219,139.5614013671875,292.5440673828125,143.2963409423828,381.4446105957031,215.48989868164062
2021-09-16,145.12545776367188,186.04136657714844,186.8225555419922,351.40997314453125,296.35186767578125,139.4996337890625,292.927978515625,142.4688262939453,380.82342529296875,215.9905242919922
2021-09-17,142.4627227783203,187.7703399658203,183.28977966308594,346.7857360839844,295.71759033203125,139.13783264160156,287.79339599609375,142.12322998046875,383.8565979003906,213.5063934326172
2021-09-20,139.4195556640625,184.11557006835938,175.095703125,334.9770202636719,291.7884216308594,134.9728240966797,282.4477233886719,138.8223114013672,377.0411682128906,211.8696746826172
2021-09-21,139.89747619628906,184.32955932617188,174.1964111328125,332.94830322265625,294.4401550292969,134.99050903320312,282.9275817871094,139.1041717529297,376.71221923828125,211.9851531982422
2021-09-22,142.25787353515625,182.85736083984375,175.58201599121094,341.4792785644531,295.9466552734375,137.5759735107422,286.5553283691406,140.38638305664062,373.3867492675781,214.46926879882812
2021-09-23,143.2137451171875,184.064208984375,180.417724609375,347.1401062011719,295.92901611328125,142.2262420654297,287.4959716796875,141.877685546875,372.7746276855469,219.8225555419922
2021-09-24,143.30149841308594,182.8317108154297,180.6012420654297,346.2453308105469,297.3209533691406,143.86752319335938,287.2944030761719,142.2778778076172,371.9066467285156,222.98062133789062
2021-09-27,141.78970336914062,182.4037628173828,183.51919555664062,354.18280029296875,300.7744445800781,147.34420776367188,282.3229675292969,142.12322998046875,370.25299072265625,221.0646209716797
2021-09-28,138.41490173339844,181.684814453125,184.02386474609375,345.0494384765625,294.07012939453125,146.55007934570312,272.101806640625,139.57708740234375,364.1777038574219,217.17481994628906
2021-09-29,139.312255859375,183.93582153320312,181.56472778320312,340.96551513671875,296.8276672363281,146.43533325195312,272.56256103515625,140.84107971191406,365.8130187988281,218.25318908691406
2021-09-30,138.01499938964844,182.01004028320312,176.15090942382812,334.8883972167969,289.18963623046875,144.4411163330078,270.5663757324219,138.23118591308594,356.97857666015625,214.46926879882812
2021-10-01,139.13668823242188,183.0970458984375,178.3164520263672,336.6335144042969,290.59912109375,147.47657775878906,277.4571533203125,138.6040496826172,358.52252197265625,221.89266967773438
2021-10-04,135.713134765625,180.974365234375,177.21534729003906,331.4511413574219,287.6126403808594,147.31771850585938,271.7084045410156,137.65830993652344,353.5708923339844,216.37567138671875
2021-10-05,137.63461303710938,181.3338165283203,176.6372528076172,341.78045654296875,290.26434326171875,149.72349548339844,277.13079833984375,139.67709350585938,359.4361267089844,215.94241333007812
2021-10-06,138.50270080566406,179.72471618652344,176.0499725341797,343.7649230957031,291.0395812988281,150.0430450439453,281.30560302734375,141.03204345703125,360.1852111816406,218.0894775390625
2021-10-07,139.76092529296875,178.98863220214844,179.6194305419922,346.04156494140625,297.31219482421875,150.99290466308594,282.9755554199219,142.98715209960938,369.73236083984375,221.9792938232422
2021-10-08,139.38055419921875,178.84312438964844,179.07801818847656,347.9816589355469,294.5458984375,151.10833740234375,282.9755554199219,143.06898498535156,373.1674499511719,221.70974731445312
2021-10-11,139.292724609375,176.91732788085938,176.99510192871094,341.2754821777344,296.8628234863281,147.93023681640625,282.3805847167969,142.0686492919922,369.99725341796875,216.7415313720703
2021-10-12,138.02476501464844,172.8004150390625,174.26986694335938,342.4183044433594,297.5940856933594,146.79403686523438,281.0848693847656,142.2960205078125,368.3985290527344,215.720947265625
2021-10-13,137.43955993652344,174.27256774902344,173.37059020996094,342.22344970703125,298.01690673828125,142.92352294921875,284.37677001953125,142.21420288085938,368.6816711425781,214.19004821777344
2021-10-14,140.21934509277344,176.98582458496094,178.3164520263672,346.5553283691406,303.1001892089844,145.11614990234375,290.5574951171875,142.4870147705078,384.0391845703125,216.80889892578125
2021-10-15,141.27276611328125,177.89308166503906,182.61997985839844,359.7283935546875,308.7032165527344,147.90365600585938,291.9586486816406,141.5321807861328,391.0830383300781,222.40293884277344
2021-10-18,142.94064331054688,173.8617401123047,181.84918212890625,366.4787292480469,312.75567626953125,147.8503875732422,294.9147033691406,139.02235412597656,387.9311828613281,222.07557678222656
2021-10-19,145.09622192382812,176.98582458496094,184.56529235839844,365.1233215332031,315.3810119628906,149.6435546875,295.81671142578125,141.30484008789062,387.71197509765625,224.83888244628906
2021-10-20,145.5839080810547,179.45083618164062,187.3639373779297,361.3407287597656,315.59246826171875,151.65866088867188,295.0298156738281,144.30572509765625,397.4964904785156,222.8169708251953
2021-10-21,145.7985076904297,178.8773956298828,185.48284912109375,361.0748596191406,321.2219543457031,150.4691619873047,298.244873046875,145.66970825195312,404.0652770996094,221.68084716796875
2021-10-22,145.02793884277344,179.09133911132812,185.13226318359375,367.0368347167969,322.4288635253906,152.49317932128906,296.7092590332031,147.6521453857422,410.350830078125,222.63400268554688
2021-10-25,144.9791717529297,177.71336364746094,186.5716094970703,367.4177551269531,327.0716247558594,151.74752807617188,295.72076416015625,146.9337615966797,410.6523742675781,225.18548583984375
2021-10-26,145.64239501953125,178.61209106445312,184.20034790039062,369.95135498046875,325.2568054199219,152.1558380126953,297.6210632324219,145.887939453125,415.35736083984375,223.2020721435547
2021-10-27,145.1840057373047,176.8146514892578,180.96180725097656,364.08685302734375,328.0054016113281,148.98667907714844,310.15509033203125,145.29690551757812,414.297607421875,207.75839233398438
2021-10-28,148.81236267089844,177.31961059570312,188.30616760253906,367.4798889160156,327.3446350097656,151.2326202392578,311.2874755859375,146.92465209960938,416.08819580078125,202.0391845703125
2021-10-29,146.11062622070312,177.14846801757812,188.23240661621094,366.1776428222656,327.4944763183594,150.8153839111328,318.26470947265625,146.29722595214844,420.6835632324219,203.8974609375
2021-11-01,145.2913055419922,179.5621337890625,189.4964599609375,369.1452331542969,322.8605041503906,150.73550415039062,316.10528564453125,145.5969696044922,414.8731689453125,204.56179809570312
2021-11-02,146.32516479492188,183.3880615234375,191.10186767578125,375.4793395996094,323.57415771484375,151.33023071289062,319.71392822265625,144.42396545410156,412.9820556640625,201.365234375
2021-11-03,147.7589569091797,186.700439453125,187.80796813964844,370.20831298828125,325.0541076660156,151.38352966308594,320.5489501953125,145.72430419921875,417.8149108886719,200.36390686035156
2021-11-04,147.2420196533203,183.9615020751953,187.84487915039062,361.5000915527344,327.8819885253906,149.39500427246094,322.890625,142.31422424316406,417.294189453125,201.0186004638672
2021-11-05,147.76950073242188,182.96865844726562,189.95779418945312,360.6230773925781,324.55194091796875,149.1820068359375,322.52593994140625,145.13320922851562,416.42620849609375,208.61526489257812
2021-11-08,146.948974609375,180.91444396972656,197.68048095703125,361.7392578125,324.7193603515625,150.0785675048828,323.41845703125,144.31480407714844,422.6478271484375,212.29327392578125
2021-11-09,147.31039428710938,181.20545959472656,193.5838623046875,359.0906066894531,326.53411865234375,148.9422607421875,322.42041015625,143.13265991210938,424.22833251953125,205.45721435546875
2021-11-10,144.48745727539062,182.48934936523438,190.68667602539062,353.5715637207031,324.7105712890625,148.8002471923828,317.477783203125,143.87831115722656,420.162841796875,207.9119110107422
2021-11-11,144.43861389160156,181.07708740234375,192.40280151367188,356.4240417480469,323.8735656738281,148.79136657714844,319.0421447753906,143.52365112304688,417.8697814941406,202.9542999267578
2021-11-12,146.50941467285156,180.9315643310547,193.08560180664062,358.70068359375,328.2785339355469,148.1255645751953,323.1594543457031,143.15081787109375,419.3315124511719,204.5650634765625
2021-11-15,146.51922607421875,179.0068359375,191.64625549316406,358.61212158203125,326.9130859375,147.85928344726562,322.5355529785156,143.7327880859375,411.8490905761719,204.76759338378906
2021-11-16,147.4960174560547,177.27203369140625,189.5425567626953,357.0885009765625,345.6337585449219,146.79403686523438,325.83697509765625,144.57852172851562,410.7710876464844,207.54542541503906
2021-11-17,149.92823791503906,177.64315795898438,187.28207397460938,346.86541748046875,347.85382080078125,146.00392150878906,326.05816650390625,142.24148559570312,410.1589660644531,197.7844696044922
2021-11-18,154.20657348632812,176.08956909179688,185.84268188476562,346.7059631347656,357.5446472167969,144.7433624267578,328.12530517578125,141.8868408203125,410.634033203125,196.11582946777344
2021-11-19,156.82440185546875,177.8675994873047,184.93853759765625,343.18023681640625,360.0465393066406,142.8524932861328,329.89453125,138.70407104492188,401.9822692871094,193.7334442138672
2021-11-22,157.2834930419922,174.97618103027344,186.7284698486328,350.9493713378906,360.1346740722656,145.8974151611328,326.74078369140625,142.65066528320312,399.73486328125,188.64080810546875
2021-11-23,157.66439819335938,176.5297393798828,189.45033264160156,359.96759033203125,359.76458740234375,149.3861083984375,324.673583984375,145.73336791992188,408.49627685546875,191.4475860595703
2021-11-24,158.18209838867188,176.0464324951172,191.05575561523438,353.6335144042969,363.0594482421875,148.21437072753906,324.894775390625,144.56033325195312,411.264404296875,196.03868103027344
2021-11-26,153.171142578125,173.56065368652344,183.36070251464844,344.95196533203125,354.7695617675781,143.74911499023438,316.98175048828125,139.731689453125,401.90008544921875,190.63739013671875
2021-11-29,156.52157592773438,175.61488342285156,180.76805114746094,342.4272155761719,358.3992004394531,143.12767028808594,323.6640625,138.5858612060547,412.9454345703125,189.32562255859375
2021-11-30,161.46414184570312,171.6532745361328,178.39678955078125,337.51055908203125,352.9282531738281,140.9971466064453,317.8567199707031,133.62989807128906,405.8376770019531,186.89505004882812
2021-12-01,160.9464569091797,173.31040954589844,176.6621856689453,335.27532958984375,354.21978759765625,140.1626434326172,317.3663024902344,132.29310607910156,405.9473571777344,183.41311645507812
2021-12-02,159.9599151611328,173.6297607421875,181.57080078125,345.12481689453125,360.7217102050781,143.10995483398438,316.7989807128906,136.5489501953125,407.48211669921875,191.25465393066406
2021-12-03,158.08441162109375,174.7258758544922,182.502685546875,340.8412780761719,360.75714111328125,140.51779174804688,310.568603515625,135.6395721435547,411.8358154296875,189.3545684814453
2021-12-06,161.4837188720703,180.2065887451172,185.71353149414062,346.692138671875,367.73681640625,142.17782592773438,313.626220703125,138.05845642089844,421.7257080078125,195.4889373779297
2021-12-07,167.2076873779297,182.39022827148438,188.6752471923828,356.3190612792969,368.161376953125,144.31723022460938,322.0198974609375,139.2133331298828,425.9603271484375,200.01248168945312
2021-12-08,171.01722717285156,184.2976531982422,188.39849853515625,353.83441162109375,363.80029296875,142.6660919189453,322.0680236816406,139.74986267089844,429.7457580566406,201.57501220703125
2021-12-09,170.5093231201172,183.46910095214844,188.3431396484375,353.09527587890625,363.8798522949219,142.4441680908203,320.26995849609375,140.3809051513672,433.83367919921875,203.88987731933594
2021-12-10,175.28579711914062,182.0190887451172,187.72491455078125,348.25958251953125,367.4713439941406,141.87600708007812,329.3464050292969,141.0760040283203,438.3340759277344,205.82855224609375
2021-12-13,171.66192626953125,182.4506072998047,185.6858673095703,342.542236328125,358.4836730957031,140.1893310546875,326.3273620605469,140.09739685058594,438.2515869140625,203.5330047607422
2021-12-14,170.28460693359375,184.4789276123047,186.04568481445312,346.26470947265625,355.79443359375,141.26345825195312,315.6933898925781,143.34417724609375,439.46148681640625,202.52989196777344
2021-12-15,175.13931274414062,189.23458862304688,186.88531494140625,347.23541259765625,360.75714111328125,140.20709228515625,321.76031494140625,144.8440704345703,453.13677978515625,204.77723693847656
2021-12-16,168.26263427734375,192.10870361328125,190.225341796875,353.87890625,353.4325256347656,142.39976501464844,312.3858947753906,148.18235778808594,451.7435302734375,206.76414489746094
2021-12-17,167.16864013671875,192.0396728515625,185.7965545654297,340.01300048828125,343.21514892578125,139.15956115722656,311.3282775878906,144.6794891357422,446.4824523925781,204.36251831054688
2021-12-20,165.8108673095703,189.873291015625,180.3436279296875,330.938232421875,344.4713134765625,136.65618896484375,307.5880432128906,140.41749572753906,443.375244140625,201.3339080810547
2021-12-21,168.9757080078125,190.6759490966797,182.97323608398438,338.69500732421875,345.4177551269531,138.56478881835938,314.6838073730469,142.23753356933594,446.5649108886719,207.73829650878906
2021-12-22,171.56419372558594,191.20245361328125,186.5162353515625,340.4850769042969,349.9913024902344,139.10630798339844,320.3661804199219,141.47845458984375,452.90765380859375,210.22677612304688
2021-12-23,172.1893768310547,193.15306091308594,190.2530517578125,342.89849853515625,351.25640869140625,139.60342407226562,321.798828125,141.44183349609375,454.05340576171875,208.93431091308594
2021-12-27,176.14537048339844,194.3441162109375,190.4191131591797,345.570068359375,357.46636962890625,140.4023895263672,329.2598876953125,142.71311950683594,457.82965087890625,209.9084930419922
2021-12-28,175.12954711914062,194.8619842529297,190.64051818847656,345.1870422363281,359.3505859375,140.8284912109375,328.1060791015625,143.7008819580078,460.9826965332031,210.31358337402344
2021-12-29,175.21742248535156,196.4414825439453,191.29563903808594,343.9314880371094,363.43756103515625,140.75746154785156,328.7791748046875,144.04843139648438,463.40240478515625,210.42930603027344
2021-12-30,174.06480407714844,195.46615600585938,190.14231872558594,343.3258361816406,362.6413879394531,140.68641662597656,326.25042724609375,143.41734313964844,462.348388671875,210.1399688720703
2021-12-31,173.44943237304688,194.17149353027344,190.75128173828125,340.6809387207031,367.12640380859375,140.571044921875,323.3659973144531,143.06980895996094,460.2493896484375,209.0211181640625
2022-01-03,177.786376953125,195.6560516357422,190.99119567871094,352.062255859375,361.4913330078125,143.544921875,321.8564758300781,142.44790649414062,460.37774658203125,213.5736541748047
2022-01-04,175.52999877929688,196.64859008789062,201.21426391601562,362.8824462890625,365.20672607421875,148.98667907714844,316.3375244140625,145.4203338623047,449.9471130371094,214.5670928955078
2022-01-05,170.86093139648438,194.31826782226562,202.755126953125,355.0010986328125,360.2529296875,146.2628936767578,304.19403076171875,146.12457275390625,448.8379821777344,212.19439697265625
2022-01-06,168.00868225097656,194.3441162109375,204.82188415527344,353.48712158203125,358.9436340332031,147.81678771972656,301.7904052734375,148.4658966064453,430.4698486328125,211.95327758789062
2022-01-07,168.17474365234375,196.17391967773438,206.8517303466797,354.0036926269531,348.19549560546875,149.28138732910156,301.9441833496094,152.04200744628906,420.3416748046875,209.2622528076172
2022-01-10,168.1942901611328,198.83224487304688,204.4989471435547,355.4819641113281,342.7551574707031,149.42430114746094,302.1652526855469,150.04815673828125,426.207763671875,204.44931030273438
2022-01-11,171.01722717285156,200.56712341308594,202.93966674804688,358.937255859375,342.0562744140625,149.57606506347656,302.8479309082031,149.22503662109375,429.8741149902344,206.7738037109375
2022-01-12,171.45677185058594,200.03196716308594,205.2001495361328,347.59161376953125,344.4713134765625,150.42446899414062,306.0112609863281,149.05123901367188,434.20037841796875,208.05662536621094
2022-01-13,168.1942901611328,199.24656677246094,209.4444122314453,348.0279846191406,342.3305358886719,150.23695373535156,293.0600280761719,149.12445068359375,428.43499755859375,207.37179565429688
2022-01-14,169.05386352539062,203.13914489746094,211.2344207763672,339.24713134765625,329.0788879394531,141.0028076171875,298.2520751953125,149.270751953125,429.59002685546875,207.0535125732422
2022-01-18,165.85972595214844,201.81857299804688,212.0924530029297,315.6119079589844,324.4080810546875,135.09088134765625,290.99285888671875,149.5999755859375,422.53228759765625,208.05662536621094
2022-01-19,162.37258911132812,199.63494873046875,205.50978088378906,309.30682373046875,318.18914794921875,133.00112915039062,291.6466979980469,146.39892578125,423.9346618652344,207.06312561035156
2022-01-20,160.69248962402344,197.56350708007812,200.8462371826172,310.0013732910156,309.2456970214844,131.8670196533203,289.9832458496094,151.07252502441406,424.3746337890625,206.74485778808594
2022-01-21,158.6412353515625,196.5450439453125,198.49131774902344,306.2699890136719,308.82110595703125,129.56297302246094,284.6278076171875,148.72201538085938,422.6973571777344,198.6236114501953
2022-01-24,157.8695526123047,195.1295623779297,198.7138671875,305.80694580078125,321.8338317871094,129.44686889648438,284.95477294921875,154.41075134277344,423.7054748535156,194.68836975097656
2022-01-25,156.07223510742188,194.23190307617188,198.69528198242188,304.1683044433594,317.56109619140625,130.8578643798828,277.37823486328125,154.20040893554688,418.7285461425781,194.83303833007812
2022-01-26,155.98434448242188,192.07418823242188,198.67672729492188,305.1745300292969,316.05731201171875,132.0991668701172,285.2817077636719,153.52357482910156,420.1858825683594,198.5657196044922
2022-01-27,155.52528381347656,193.3343048095703,196.71119689941406,303.7052001953125,315.3052978515625,129.76834106445312,288.29107666015625,151.51148986816406,423.0914001464844,198.83575439453125
2022-01-28,166.37742614746094,197.77064514160156,186.50341796875,309.0307312011719,324.2489013671875,130.92929077148438,296.38677978515625,152.5724334716797,427.1793518066406,219.91053771972656
2022-01-31,170.72413635253906,196.04443359375,186.874267578125,315.86126708984375,324.6380920410156,132.7064666748047,299.00201416015625,151.9871063232422,433.1462707519531,218.14547729492188
2022-02-01,170.55812072753906,197.3736114501953,190.38812255859375,324.21466064453125,326.15966796875,134.98370361328125,296.86749267578125,153.64248657226562,429.3333435058594,224.11585998535156
2022-02-02,171.7595977783203,197.5894012451172,190.0080108642578,323.3240966796875,330.6092529296875,133.90313720703125,301.386474609375,157.9685516357422,439.7547607421875,227.0673065185547
2022-02-03,168.88778686523438,193.36883544921875,185.9749298095703,319.6015625,322.7184753417969,132.79576110839844,289.6468200683594,157.37403869628906,447.9947814941406,223.324951171875
2022-02-04,168.60418701171875,191.70303344726562,183.95379638671875,327.3671569824219,318.1715087890625,136.242919921875,294.1561584472656,157.218505859375,442.8619689941406,220.28671264648438
2022-02-07,167.89019775390625,192.92864990234375,185.2610321044922,327.8569641113281,316.11920166015625,136.69837951660156,289.3582763671875,156.69723510742188,443.3478088378906,219.100341796875
2022-02-08,170.99057006835938,208.01564025878906,186.818603515625,329.59356689453125,319.7372741699219,139.27035522460938,292.8293762207031,157.76730346679688,452.2477111816406,219.8526611328125
2022-02-09,172.40875244140625,204.7185821533203,188.76564025878906,333.53863525390625,322.329345703125,139.85081481933594,299.2231750488281,157.97769165039062,456.54644775390625,222.6787109375
2022-02-10,168.34010314941406,197.49444580078125,188.27426147460938,330.01214599609375,314.11993408203125,139.27035522460938,290.7333068847656,157.7032928466797,446.11578369140625,217.9400634765625
2022-02-11,164.93653869628906,196.95933532714844,186.57757568359375,323.3240966796875,309.87384033203125,137.45745849609375,283.676025390625,157.0904998779297,438.2424011230469,217.07057189941406
2022-02-14,165.17124938964844,195.22708129882812,185.32594299316406,320.8126525878906,310.9972229003906,136.18040466308594,283.6375427246094,156.18511962890625,434.82354736328125,217.69851684570312
2022-02-15,168.99534606933594,194.93975830078125,188.58949279785156,324.10772705078125,312.5010986328125,138.17190551757812,288.8968505859375,156.94419860839844,438.3340759277344,220.09445190429688
2022-02-16,168.76065063476562,193.82553100585938,188.80271911621094,320.6435546875,309.6968994140625,138.42193603515625,288.55963134765625,157.55694580078125,440.002197265625,221.06051635742188
2022-02-17,165.17124938964844,192.97244262695312,180.55116271972656,310.85638427734375,307.794921875,135.23377990722656,280.1099548339844,156.02047729492188,431.102294921875,216.99327087402344
2022-02-18,163.6259307861328,192.18028259277344,177.9644012451172,308.1669006347656,306.8483581542969,135.86785888671875,277.4122314453125,156.05702209472656,428.7834167480469,215.13841247558594
2022-02-22,160.71141052246094,192.73741149902344,177.27835083007812,306.5905456542969,279.6905212402344,135.62672424316406,277.20989990234375,156.46859741210938,423.925537109375,213.8148651123047
2022-02-23,156.5547332763672,192.3804931640625,173.0691680908203,303.84765625,272.86126708984375,132.78680419921875,270.0321350097656,155.60891723632812,421.2765808105469,208.62696838378906
2022-02-24,159.1660614013672,190.87451171875,171.23341369628906,302.95709228515625,277.0986022949219,129.08963012695312,283.8289794921875,152.27976989746094,417.8578186035156,209.9311981201172
2022-02-25,161.2297821044922,197.62962341308594,173.4307403564453,311.8003234863281,280.1151123046875,132.1438446044922,286.4496154785156,158.62704467773438,436.06097412109375,211.8343963623047
2022-02-28,161.4938507080078,197.1508331298828,173.91285705566406,303.9367370605469,279.38970947265625,126.63374328613281,287.8755798339844,157.15452575683594,436.1709289550781,208.79119873046875
2022-03-01,159.61598205566406,196.04530334472656,169.50892639160156,294.00225830078125,283.2998046875,121.85594940185547,284.17584228515625,153.48703002929688,436.5193176269531,201.8836669921875
2022-03-02,162.90219116210938,198.98760986328125,178.57635498046875,301.3299255371094,289.5982360839844,124.3832778930664,289.2244567871094,158.8465576171875,444.88763427734375,201.41026306152344
2022-03-03,162.5794677734375,202.5131072998047,180.65313720703125,298.67840576171875,286.935546875,123.49913024902344,285.1103820800781,158.77334594726562,445.99664306640625,200.20266723632812
2022-03-04,159.586669921875,202.74815368652344,181.4041290283203,295.31915283203125,286.8471374511719,120.02523040771484,279.271728515625,158.59046936035156,457.050537109375,193.4979705810547
2022-03-07,155.80162048339844,204.01036071777344,182.36837768554688,288.34979248046875,285.52899169921875,115.39032745361328,268.7217102050781,155.28878784179688,446.25335693359375,184.23321533203125
2022-03-08,153.98245239257812,201.1725616455078,194.6992950439453,287.8838806152344,280.1947326660156,114.57767486572266,265.7735900878906,154.0631866455078,433.96197509765625,185.20895385742188
2022-03-09,159.3715057373047,201.48594665527344,194.49534606933594,298.8306579589844,282.2950439453125,119.16791534423828,277.9613952636719,157.5569305419922,445.06170654296875,192.9859619140625
2022-03-10,155.0387420654297,197.5599365234375,196.35887145996094,295.5251159667969,282.95367431640625,117.75688171386719,275.1577453613281,158.0349884033203,450.4420166015625,191.2566680908203
2022-03-11,151.33201599121094,199.2139434814453,199.17738342285156,292.9273376464844,281.9302062988281,115.10453796386719,269.83941650390625,159.72669982910156,443.896728515625,190.0393829345703
2022-03-14,147.312255859375,199.52731323242188,199.74293518066406,291.1177978515625,283.3273620605469,116.24764251708984,266.34197998046875,162.89862060546875,448.5391540527344,193.53663635253906
2022-03-15,151.68408203125,201.57296752929688,200.68862915039062,294.8623046875,292.38714599609375,118.31056213378906,276.6607360839844,165.66600036621094,457.7227478027344,199.14964294433594
2022-03-16,156.08526611328125,201.6687469482422,200.33636474609375,305.25360107421875,294.4964294433594,123.597412109375,283.6361999511719,164.83851623535156,458.0445556640625,204.68531799316406
2022-03-17,157.09263610839844,205.3161163330078,205.54685974121094,307.5020446777344,299.3466491699219,125.16024017333984,284.4359436035156,166.4382781982422,466.0975036621094,206.2117462158203
2022-03-18,160.37884521484375,205.65565490722656,204.8144073486328,309.39215087890625,303.24468994140625,125.1155776977539,289.4556579589844,165.7762908935547,465.27008056640625,211.67982482910156
2022-03-21,161.7481231689453,205.71656799316406,207.41038513183594,303.677001953125,293.1258850097656,124.71368408203125,288.2320861816406,167.82659912109375,466.685791015625,209.67999267578125
2022-03-22,165.11257934570312,205.8471221923828,206.48326110839844,307.2691650390625,293.44622802734375,127.36604309082031,292.95306396484375,167.97369384765625,464.53472900390625,211.06149291992188
2022-03-23,166.47203063964844,203.85366821289062,205.9825897216797,300.64013671875,282.1615295410156,124.82980346679688,288.5500183105469,166.98072814941406,462.6134033203125,207.40000915527344
2022-03-24,170.24728393554688,206.19534301757812,206.0197296142578,301.1955871582031,281.03131103515625,125.6424560546875,292.9915771484375,169.37118530273438,472.0177001953125,209.9408416748047
2022-03-25,170.8829803466797,207.86669921875,207.08587646484375,302.3242492675781,276.49249267578125,126.74092102050781,292.5869445800781,172.61666870117188,471.62249755859375,211.02285766601562
2022-03-28,171.74368286132812,209.32913208007812,205.68594360351562,300.3624267578125,279.6964111328125,125.80323791503906,299.3505554199219,171.70643615722656,471.7786560058594,213.28350830078125
2022-03-29,175.0299072265625,210.26055908203125,204.9349365234375,304.2682189941406,282.74896240234375,126.0800552368164,303.8884582519531,168.99417114257812,469.508056640625,220.38426208496094
2022-03-30,173.86599731445312,211.1571502685547,206.82630920410156,300.6221923828125,274.5168151855469,125.50849914550781,302.39501953125,170.593994140625,478.7837219238281,216.35565185546875
2022-03-31,170.77542114257812,210.50430297851562,206.58526611328125,295.7043151855469,266.3915100097656,121.7398681640625,297.0477294921875,168.00125122070312,468.8094177246094,214.2495880126953
2022-04-01,170.48202514648438,211.63595581054688,203.7574920654297,295.81182861328125,268.669921875,120.83789825439453,298.1172790527344,170.31814575195312,471.21795654296875,218.6839599609375
2022-04-04,174.5213165283203,213.15933227539062,204.72171020507812,294.01123046875,271.95367431640625,121.37372589111328,303.4644775390625,167.1646270751953,468.8553466796875,220.01715087890625
2022-04-05,171.21554565429688,212.88949584960938,200.28070068359375,290.2041015625,271.3129577636719,119.96123504638672,299.5238952636719,166.769287109375,475.9706115722656,218.423095703125
2022-04-06,168.0564422607422,217.56405639648438,200.4568634033203,283.3064880371094,265.6885070800781,118.29684448242188,288.55963134765625,167.86337280273438,488.83148193359375,211.5831756591797
2022-04-07,168.35964965820312,219.0526123046875,200.16940307617188,281.416259765625,269.43505859375,117.9369888305664,290.3612976074219,167.41285705566406,493.6117858886719,208.8201904296875
2022-04-08,166.3546600341797,219.3833770751953,201.21710205078125,287.90191650390625,276.87518310546875,120.09620666503906,286.1220397949219,169.95956420898438,501.8946533203125,209.62203979492188
2022-04-11,162.1099853515625,218.38232421875,200.30853271484375,287.3375549316406,272.9682312011719,119.65536499023438,274.8397216796875,170.6767120361328,494.06231689453125,207.46763610839844
2022-04-12,163.97805786132812,217.65980529785156,200.91116333007812,286.4595947265625,272.58563232421875,118.34183502197266,271.7566833496094,170.0331268310547,490.6334228515625,204.23121643066406
2022-04-13,166.65785217285156,220.68048095703125,202.36679077148438,288.4214172363281,276.2610778808594,114.52728271484375,277.113525390625,168.90228271484375,493.65777587890625,206.037841796875
2022-04-14,161.66009521484375,221.12440490722656,211.21163940429688,288.1258544921875,271.0103454589844,113.46568298339844,269.6081237792969,169.38958740234375,491.6537170410156,205.5740966796875
2022-04-18,161.44493103027344,219.30503845214844,213.16795349121094,295.5071716308594,267.17462158203125,115.57090759277344,270.2729797363281,170.2905731201172,490.97344970703125,205.9412384033203
2022-04-19,163.7237548828125,220.55856323242188,215.24476623535156,300.9447937011719,273.929443359375,117.96398162841797,274.8782958984375,161.96084594726562,494.3012390136719,208.38543701171875
2022-04-20,163.5574493408203,222.30828857421875,217.9519805908203,305.522216796875,280.4617004394531,118.37785339355469,275.89959716796875,163.38589477539062,501.94061279296875,210.40455627441406
2022-04-21,162.7652587890625,222.37796020507812,215.62484741210938,299.4666748046875,276.20770263671875,117.4601821899414,270.5523376464844,162.0527801513672,494.06231689453125,209.11001586914062
2022-04-22,158.23696899414062,217.92967224121094,201.50201416015625,286.4507141113281,267.085693359375,114.08644104003906,264.0199890136719,159.1566619873047,478.89404296875,201.1107635498047
2022-04-25,159.30303955078125,219.5139923095703,201.8746795654297,287.9287109375,271.3841857910156,114.05044555664062,270.4656066894531,160.3794708251953,481.9552307128906,202.8303985595703
2022-04-26,153.3565216064453,217.5118408203125,195.9125213623047,280.4935607910156,266.95208740234375,110.67671203613281,260.3491516113281,158.74293518066406,472.3119201660156,194.28050231933594
2022-04-27,153.131591796875,216.5717010498047,199.32211303710938,280.5920715332031,268.41168212890625,109.23725891113281,272.8742980957031,159.5612030029297,472.33941650390625,206.84938049316406
2022-04-28,160.04635620117188,207.2921905517578,197.90611267089844,285.2323913574219,277.45361328125,110.96460723876953,279.0501403808594,160.43466186523438,482.0931396484375,213.17724609375
2022-04-29,154.1878662109375,202.99191284179688,196.1361083984375,273.6585998535156,267.3437194824219,107.38392639160156,267.38250732421875,157.27191162109375,467.50396728515625,205.90257263183594
2022-05-02,154.4910888671875,201.01588439941406,197.56141662597656,278.0748596191406,273.1907043457031,108.36457824707031,274.0786437988281,156.3800506591797,460.7012939453125,204.35682678222656
2022-05-03,155.9776611328125,202.1214141845703,199.00535583496094,281.8731384277344,271.40191650390625,110.68572998046875,271.48687744140625,157.91549682617188,459.2947692871094,201.48757934570312
2022-05-04,162.3740692138672,205.52505493164062,207.36166381835938,290.3384094238281,280.61297607421875,114.34735107421875,279.3873596191406,161.30807495117188,466.6490783691406,207.2454833984375
2022-05-05,153.32717895507812,204.0016632080078,201.15731811523438,280.4488525390625,266.1956787109375,111.48640441894531,267.2187805175781,158.14535522460938,454.7902526855469,198.2801513671875
2022-05-06,154.05201721191406,205.87326049804688,199.96493530273438,280.3502197265625,261.9239501953125,111.30648803710938,264.6944885253906,157.80514526367188,459.2947692871094,195.9422149658203
2022-05-09,148.93911743164062,208.25840759277344,192.17686462402344,276.7043151855469,264.3446044921875,109.63311767578125,254.91525268554688,158.0625762939453,447.1601867675781,186.45523071289062
2022-05-10,151.33885192871094,209.5380859375,189.10263061523438,273.2734069824219,259.1205139160156,106.96110534667969,259.6554870605469,159.04637145996094,448.6218566894531,187.01553344726562
2022-05-11,143.49325561523438,209.47714233398438,191.17074584960938,270.1291198730469,251.82289123535156,106.28634643554688,251.0323944091797,158.4855194091797,446.9119873046875,190.049072265625
2022-05-12,139.6340789794922,213.02879333496094,189.13987731933594,268.2121276855469,257.81231689453125,106.19638061523438,246.02236938476562,159.39573669433594,440.1551818847656,187.750244140625
2022-05-13,144.0907440185547,211.8796844482422,190.35098266601562,275.0022888183594,263.4545593261719,107.14102935791016,251.58157348632812,158.85328674316406,446.22247314453125,192.84156799316406
2022-05-16,142.55296325683594,213.99444580078125,193.01527404785156,271.8221740722656,263.41900634765625,106.39431762695312,251.9477081298828,160.43466186523438,449.73419189453125,191.4670867919922
2022-05-17,146.17701721191406,215.2931365966797,198.5116424560547,280.3592224121094,267.83319091796875,109.92098999023438,257.0733337402344,163.0916748046875,452.77703857421875,197.45858764648438
2022-05-18,137.92982482910156,214.0734405517578,193.71395874023438,274.7694091796875,253.7985382080078,108.04068756103516,245.36891174316406,160.2691650390625,433.3340759277344,193.5771942138672
2022-05-19,134.53103637695312,214.78419494628906,192.6146697998047,276.08624267578125,256.09466552734375,106.43929290771484,244.46116638183594,155.65377807617188,439.92535400390625,191.0412139892578
2022-05-20,134.76611328125,217.1797637939453,184.2863006591797,274.83209228515625,255.58746337890625,105.56661987304688,243.90106201171875,154.67922973632812,446.52587890625,192.64796447753906
2022-05-23,140.17283630371094,218.5310821533203,190.18325805664062,283.61993408203125,254.55494689941406,112.09817504882812,251.713623046875,158.2281036376953,452.36334228515625,200.90443420410156
2022-05-24,137.479248046875,221.0319366455078,191.58062744140625,281.23712158203125,256.2370910644531,113.68159484863281,250.71902465820312,159.8921661376953,457.4010314941406,196.1325225830078
2022-05-25,137.63600158691406,222.01473999023438,194.990234375,282.0881042480469,261.2652893066406,114.47331237792969,253.5195770263672,159.5979766845703,457.8883056640625,197.3037109375
2022-05-26,140.82911682128906,222.04986572265625,198.41847229003906,289.90850830078125,269.488525390625,116.45258331298828,256.7835998535156,160.77476501464844,461.69415283203125,201.8627166748047
2022-05-27,146.56881713867188,223.98907470703125,202.2845458984375,294.3426513671875,274.5168151855469,118.09895324707031,263.8719787597656,163.49623107910156,466.1802673339844,206.0538330078125
2022-05-31,145.7852325439453,225.2877960205078,201.08282470703125,294.5860290527344,269.43505859375,118.96260833740234,262.54901123046875,164.60867309570312,456.6839904785156,205.36660766601562
2022-06-01,145.65789794921875,222.37451171875,202.68515014648438,290.0796203613281,266.1573791503906,116.87542724609375,263.0801696777344,162.08035278320312,452.79541015625,203.19842529296875
2022-06-02,148.10658264160156,217.86419677734375,204.9489288330078,292.24273681640625,273.9309387207031,118.75569915771484,265.16607666015625,163.70765686035156,452.52886962890625,208.15432739257812
2022-06-03,142.39622497558594,218.01332092285156,207.65045166015625,287.2225341796875,273.223388671875,117.10031127929688,260.762451171875,160.1496124267578,446.4155578613281,205.83123779296875
2022-06-06,143.14065551757812,215.3721160888672,208.33055114746094,288.871826171875,272.1577453613281,116.71344757080078,259.5359802246094,162.71475219726562,450.61669921875,206.11195373535156
2022-06-07,145.65789794921875,216.22329711914062,211.5631561279297,289.773193359375,270.2590637207031,117.01934814453125,263.1573791503906,164.2409210205078,456.9781799316406,207.62191772460938
2022-06-08,144.92332458496094,215.40719604492188,214.0784454345703,283.6173095703125,266.4618225097656,115.15704345703125,261.1390075683594,161.7861328125,453.69635009765625,206.65399169921875
2022-06-09,139.71249389648438,212.1341552734375,208.36778259277344,274.1898498535156,268.5484924316406,112.7369613647461,255.71173095703125,158.54193115234375,449.9271545410156,199.50094604492188
2022-06-10,134.31556701660156,210.60733032226562,200.45860290527344,258.6877136230469,259.0374450683594,107.55487060546875,244.3162841796875,156.48077392578125,445.5146789550781,193.11260986328125
2022-06-13,129.17332458496094,207.76426696777344,192.7264862060547,255.35296630859375,253.59237670898438,104.35206604003906,233.9541473388672,155.01113891601562,431.7897033691406,186.0950469970703
2022-06-14,130.0352325439453,206.8253173828125,192.54949951171875,254.64993286132812,249.57125854492188,102.61571502685547,236.107666015625,153.7171630859375,424.48138427734375,187.3146514892578
2022-06-15,132.65042114257812,206.72003173828125,191.9066925048828,261.4366455078125,250.5205078125,103.83027648925781,243.12844848632812,153.00547790527344,426.8531494140625,189.87001037597656
2022-06-16,127.39067077636719,202.44662475585938,181.46360778808594,256.8490905761719,244.9052276611328,102.04893493652344,236.5712432861328,149.16049194335938,420.77337646484375,182.98797607421875
2022-06-17,128.85987854003906,205.9653778076172,179.4607391357422,252.1714630126953,242.46026611328125,101.6890640258789,239.15936279296875,149.6226043701172,417.055419921875,183.91717529296875
2022-06-21,133.0814208984375,209.20333862304688,182.93553161621094,256.6959228515625,241.09007263183594,104.20813751220703,245.04055786132812,150.31582641601562,443.1271057128906,188.1567840576172
2022-06-22,132.5720977783203,210.72140502929688,174.97976684570312,256.4525451660156,240.89303588867188,103.62334442138672,244.4514923095703,150.79644775390625,451.7624206542969,187.60504150390625
2022-06-23,135.4321746826172,213.3100128173828,166.44642639160156,257.92169189453125,246.66058349609375,102.4897689819336,249.9849853515625,147.67237854003906,461.10797119140625,190.33460998535156
2022-06-24,138.75257873535156,215.3106689453125,172.7998809814453,272.864990234375,253.4490509033203,105.54862213134766,258.5219421386719,154.0961151123047,457.2609558105469,198.920166015625
2022-06-27,138.75257873535156,214.8544158935547,174.7561798095703,271.0894470214844,253.1714324951172,104.70293426513672,255.80833435058594,154.80783081054688,466.5050048828125,197.03273010253906
2022-06-28,134.61917114257812,213.67857360839844,174.61647033691406,269.9267578125,241.94085693359375,104.19914245605469,247.6866455078125,154.78933715820312,469.0697021484375,191.76715087890625
2022-06-29,136.37246704101562,215.36334228515625,170.9273681640625,273.3426818847656,245.27236938476562,103.73130798339844,251.33702087402344,153.2457733154297,475.77685546875,193.10289001464844
2022-06-30,133.91397094726562,213.4942626953125,166.53028869628906,267.7006530761719,245.63059997558594,101.31120300292969,248.024658203125,156.32366943359375,473.85784912109375,190.5766143798828
2022-07-01,136.07861328125,215.46864318847656,166.09243774414062,269.69244384765625,249.93838500976562,102.60672760009766,250.6803436279297,158.21839904785156,477.3359680175781,192.7931671142578
2022-07-05,138.65463256835938,216.5040740966797,161.87232971191406,267.86285400390625,254.10279846191406,102.21644592285156,253.83822631835938,154.539794921875,466.1175842285156,194.1095428466797
2022-07-06,139.98672485351562,215.20538330078125,160.5215606689453,264.7624206542969,253.968505859375,101.55386352539062,257.08306884765625,157.0353240966797,475.38934326171875,194.6709747314453
2022-07-07,143.3463134765625,217.10952758789062,167.9462890625,269.1246337890625,256.75372314453125,104.1224594116211,259.1979064941406,156.78579711914062,474.5498046875,196.29708862304688
2022-07-08,144.02212524414062,218.03970336914062,166.84706115722656,267.20489501953125,256.55670166015625,103.79571533203125,258.4833679199219,156.20347595214844,478.4707336425781,197.04241943359375
2022-07-11,141.89671325683594,217.4254608154297,163.046142578125,264.2396545410156,256.4850769042969,102.43427276611328,255.4413299560547,155.7598419189453,476.9208679199219,198.48458862304688
2022-07-12,142.86639404296875,216.71470642089844,162.5524139404297,263.65386962890625,255.34767150878906,102.53411102294922,244.97296142578125,152.76513671875,474.586669921875,198.25233459472656
2022-07-13,142.5039825439453,216.81997680664062,161.97482299804688,261.5086975097656,257.1925964355469,101.5720443725586,244.05555725097656,150.9535675048828,462.4272766113281,197.60379028320312
2022-07-14,145.42282104492188,215.50376892089844,158.31370544433594,253.7937469482422,259.25238037109375,98.02322387695312,245.36891174316406,143.89207458496094,463.52508544921875,199.307373046875
2022-07-15,147.0879364013672,218.2239532470703,161.51837158203125,264.861572265625,261.87640380859375,102.51595306396484,247.91842651367188,144.3542022705078,488.7297058105469,203.30491638183594
2022-07-18,144.0515594482422,213.96810913085938,161.62083435058594,271.5220642089844,262.4496154785156,101.46312713623047,245.5330810546875,143.2543182373047,479.1534118652344,200.56565856933594
2022-07-19,147.90087890625,217.02183532714844,168.37496948242188,286.6546325683594,268.5216369628906,103.97723388671875,250.63204956054688,146.35992431640625,492.14312744140625,206.8088836669922
2022-07-20,149.8990478515625,216.41632080078125,168.82525634765625,289.71905517578125,270.7337646484375,103.95907592773438,253.27810668945312,146.22125244140625,479.24566650390625,206.52816772460938
2022-07-21,152.16163635253906,215.6704559326172,169.78207397460938,294.306640625,273.15179443359375,104.66702270507812,255.7599639892578,144.95498657226562,482.0041198730469,209.25770568847656
2022-07-22,150.927490234375,215.8196258544922,167.558837890625,291.95428466796875,274.57574462890625,104.15876007080078,251.43356323242188,144.57603454589844,481.0354309082031,206.8475799560547
2022-07-25,149.8108673095703,218.2502899169922,170.5513153076172,292.1255187988281,274.18170166015625,104.57627868652344,249.95602416992188,147.86648559570312,488.4712829589844,207.3992919921875
2022-07-26,148.48858642578125,220.3738555908203,170.0072021484375,287.1053161621094,267.0439758300781,102.94254302978516,243.26364135742188,148.67984008789062,490.4272155761719,205.67637634277344
2022-07-27,153.57205200195312,220.8827667236328,173.77828979492188,292.5041198730469,267.69775390625,104.59442138671875,259.52630615234375,146.92369079589844,493.2132873535156,203.7211456298828
2022-07-28,154.1205596923828,219.15411376953125,176.2078857421875,296.6228942871094,268.342529296875,104.20413970947266,266.933349609375,143.94752502441406,499.56060791015625,204.57290649414062
2022-07-29,159.17469787597656,217.15342712402344,185.9732666015625,300.48046875,269.5157470703125,104.7033462524414,271.1148681640625,146.6833953857422,500.3447265625,205.30853271484375
2022-08-01,158.1951904296875,215.54757690429688,182.7931671142578,299.2997741699219,273.88616943359375,103.65957641601562,268.47845458984375,144.43739318847656,493.9237060546875,204.58258056640625
2022-08-02,156.72598266601562,214.02955627441406,172.14598083496094,295.5144348144531,269.30975341796875,102.04400634765625,265.3978576660156,144.84405517578125,493.99749755859375,199.64614868164062
2022-08-03,162.72039794921875,216.86386108398438,171.54568481445312,300.28228759765625,274.3787536621094,103.11499786376953,272.7856140136719,146.14730834960938,498.78558349609375,201.794921875
2022-08-04,162.40695190429688,216.72348022460938,172.2679443359375,299.1105041503906,275.0951843261719,101.98046875,273.92510986328125,145.7591094970703,492.4198303222656,206.6249542236328
2022-08-05,162.18138122558594,216.08290100097656,173.9096221923828,301.6341552734375,277.35205078125,105.0663833618164,273.21051025390625,146.92369079589844,493.6285095214844,208.9479522705078
2022-08-08,161.71055603027344,216.99545288085938,174.3035888671875,301.6431579589844,279.39398193359375,103.78663635253906,270.70928955078125,147.86648559570312,495.0491943359375,206.47975158691406
2022-08-09,161.75958251953125,217.9344024658203,174.50994873046875,303.3916015625,273.33984375,104.72148895263672,272.6213684082031,150.58389282226562,495.6580810546875,203.51785278320312
2022-08-10,165.996826171875,221.20745849609375,178.90957641601562,313.56719970703125,279.0447082519531,107.45343780517578,279.2462158203125,152.51564025878906,496.0824890136719,205.29885864257812
2022-08-11,165.26121520996094,217.92562866210938,181.9864044189453,316.9649658203125,278.2476806640625,109.04175567626953,277.1795349121094,156.0278778076172,491.598876953125,204.6734619140625
2022-08-12,168.80203247070312,217.96072387695312,184.65057373046875,318.89373779296875,282.0090637207031,110.84793853759766,281.9019470214844,158.56964111328125,501.599365234375,204.9158935546875
2022-08-15,169.87112426757812,220.32119750976562,183.81568908691406,320.723388671875,281.75830078125,111.14745330810547,283.4084167480469,159.12420654296875,502.4666748046875,209.85137939453125
2022-08-16,169.7141876220703,222.1375732421875,185.28846740722656,319.93023681640625,293.19488525390625,112.2093734741211,282.6745300292969,160.38125610351562,503.8319396972656,210.54953002929688
2022-08-17,171.2050018310547,221.58050537109375,183.79689025878906,318.8217468261719,291.74407958984375,111.26544952392578,281.92926025390625,160.78794860839844,502.79876708984375,208.00906372070312
2022-08-18,170.81268310546875,220.80233764648438,185.1289825439453,319.5246887207031,291.25146484375,110.4031982421875,280.81634521484375,160.92660522460938,503.001708984375,208.7168731689453
2022-08-19,168.2331085205078,221.828125,183.48731994628906,314.7928771972656,287.7677001953125,107.67124938964844,276.92596435546875,159.56788635253906,505.86175537109375,206.36062622070312
2022-08-22,164.35882568359375,218.32640075683594,179.8851318359375,308.6191101074219,279.60894775390625,105.89231872558594,268.7967529296875,156.3328857421875,502.4019775390625,202.27841186523438
2022-08-23,164.02528381347656,216.1776123046875,184.9976348876953,306.6001892089844,274.8534240722656,104.84856414794922,267.5289001464844,155.54725646972656,494.311279296875,200.5233612060547
2022-08-24,164.3195343017578,216.19528198242188,182.1365203857422,308.1864318847656,275.9371337890625,105.1026840209961,266.8999328613281,155.73207092285156,494.9200134277344,200.39727783203125
2022-08-25,166.7716827392578,217.24755859375,186.56422424316406,312.2873229980469,277.4327087402344,107.59864807128906,269.8612060546875,156.18502807617188,499.6343994140625,203.45169067382812
2022-08-26,160.4844970703125,212.7996826171875,180.03526306152344,303.193359375,266.9722900390625,104.07706451416016,259.4481201171875,154.20706176757812,488.2684020996094,196.7320098876953
2022-08-29,158.2874298095703,211.67666625976562,179.9038848876953,300.95819091796875,265.3781433105469,103.82294464111328,256.6802673339844,152.839111328125,488.7481384277344,196.18902587890625
2022-08-30,155.86476135253906,211.44677734375,175.36363220214844,300.69677734375,262.4944152832031,103.84109497070312,254.4932098388672,151.0829620361328,482.3547668457031,195.26785278320312
2022-08-31,154.20716857910156,212.4901885986328,173.27169799804688,302.09521484375,259.9883728027344,103.2238998413086,253.04150390625,149.4008026123047,479.1164855957031,192.67892456054688
2022-09-01,154.9329833984375,217.08840942382812,171.1422882080078,302.8489685058594,264.4504699707031,103.93186950683594,252.0060272216797,150.93511962890625,483.4248352050781,194.05581665039062
2022-09-02,152.8241729736328,214.32064819335938,169.6319580078125,301.0146484375,263.1253967285156,103.20575714111328,247.80593872070312,150.3804931640625,476.3672180175781,191.75775146484375
2022-09-06,151.5686798095703,214.18800354003906,169.4725341796875,296.4832458496094,260.9980163574219,103.23299407958984,245.0865020751953,149.6226043701172,477.59429931640625,192.6110076904297
2022-09-07,152.97129821777344,216.4605712890625,169.66014099121094,300.1791076660156,268.1463317871094,105.19345092773438,249.7704620361328,151.60057067871094,481.2845764160156,194.33702087402344
2022-09-08,151.5000457763672,217.04421997070312,171.8083038330078,304.5562438964844,270.3367919921875,107.6440200805664,250.1865692138672,152.92051696777344,486.6631164550781,194.61822509765625
2022-09-09,154.35427856445312,219.02496337890625,177.7556915283203,308.84234619140625,270.2196044921875,108.16138458251953,255.93508911132812,152.5858612060547,485.2563781738281,198.971923828125
2022-09-12,160.29815673828125,210.12034606933594,180.4854736328125,311.09442138671875,268.2094421386719,109.44111633300781,258.0545349121094,153.68276977539062,491.6513366699219,200.35853576660156
2022-09-13,150.89190673828125,200.60562133789062,172.896484375,298.2086181640625,250.5325469970703,105.63817596435547,243.86712646484375,150.7918701171875,475.6501770019531,193.60975646972656
2022-09-14,152.33370971679688,201.7197723388672,173.21543884277344,297.1825256347656,249.09925842285156,105.39313507080078,244.08970642089844,151.74000549316406,471.7724304199219,193.35768127441406
2022-09-15,149.4500732421875,201.31301879882812,171.189208984375,301.1417541503906,244.77243041992188,106.98146057128906,237.47019958496094,152.59519958496094,483.9329833984375,189.4402618408203
2022-09-16,147.8120880126953,204.39031982421875,168.35623168945312,296.2289733886719,248.76573181152344,106.26443481445312,236.85084533691406,150.89410400390625,482.18389892578125,187.43307495117188
2022-09-19,151.51963806152344,204.05426025390625,170.83274841308594,298.4537658691406,252.77708435058594,107.24466705322266,236.6378936767578,152.7160186767578,484.5252380371094,187.2682647705078
2022-09-20,153.89328002929688,201.3572540283203,166.96783447265625,293.5501403808594,247.14321899414062,105.12992095947266,234.6345977783203,149.61131286621094,483.8310852050781,186.2404327392578
2022-09-21,150.7742156982422,198.48336791992188,161.3018798828125,291.23443603515625,244.79949951171875,102.09845733642578,231.24740600585938,145.99534606933594,473.9102478027344,181.3436737060547
2022-09-22,149.81300354003906,201.392578125,159.9885711669922,284.160400390625,242.60899353027344,100.93669891357422,233.2119903564453,145.93955993652344,478.88922119140625,180.15103149414062
2022-09-23,147.5472412109375,200.70289611816406,154.06932067871094,274.2167663574219,244.23158264160156,99.05791473388672,230.2506561279297,144.5266571044922,475.3262023925781,178.37655639648438
2022-09-26,147.8807830810547,200.61444091796875,152.54965209960938,267.54229736328125,240.30136108398438,96.92500305175781,229.79579162597656,139.99049377441406,470.467529296875,175.1088409423828
2022-09-27,148.85179138183594,199.83628845214844,152.3807830810547,264.6000671386719,242.20339965820312,96.07183837890625,228.789306640625,140.5854034423828,470.476806640625,172.47142028808594
2022-09-28,146.96856689453125,204.2488250732422,157.37135314941406,273.1452941894531,254.37255859375,98.0141372680664,233.29913330078125,142.14703369140625,475.6315612792969,173.74163818359375
2022-09-29,139.74960327148438,201.97622680664062,155.62652587890625,268.8953552246094,250.89303588867188,96.35321044921875,229.8441925048828,143.78305053710938,470.9024963378906,174.59495544433594
2022-09-30,135.5516357421875,199.3145751953125,153.91925048828125,266.1165771484375,248.73866271972656,94.8465576171875,225.39247131347656,142.4072723388672,467.39501953125,172.25808715820312
2022-10-03,139.7201690673828,203.7712860107422,160.62648010253906,271.6559753417969,255.73373413085938,97.7781753540039,232.97975158691406,146.0046844482422,477.0846252441406,176.1366729736328
2022-10-04,143.30023193359375,206.05271911621094,168.5062713623047,285.9311828613281,261.01611328125,102.35259246826172,240.8573455810547,150.09466552734375,484.173583984375,180.01527404785156
2022-10-05,143.59446716308594,206.76011657714844,167.333740234375,280.60064697265625,261.2774963378906,101.0888671875,241.16705322265625,149.23025512695312,487.7829895019531,181.97396850585938
2022-10-06,142.64306640625,204.2134246826172,167.73709106445312,276.6686706542969,261.7641906738281,99.02845001220703,238.83470153808594,147.9752960205078,480.4347839355469,179.95709228515625
2022-10-07,137.40538024902344,202.5244598388672,166.55511474609375,273.4086608886719,256.2926025390625,97.05045318603516,226.6892547607422,145.8280487060547,467.2191467285156,178.2505340576172
2022-10-10,137.72909545898438,205.28338623046875,167.60572814941406,272.9181823730469,254.61595153808594,96.14384460449219,221.86013793945312,146.38577270507812,461.6756286621094,176.65061950683594
2022-10-11,136.31671142578125,217.0353546142578,168.61886596679688,267.1699523925781,255.003662109375,93.36915588378906,218.1439208984375,148.22628784179688,462.5548095703125,173.70285034179688
2022-10-12,135.68896484375,217.9196319580078,168.3843231201172,268.1688537597656,252.86720275878906,94.880126953125,218.47296142578125,147.9474639892578,462.6935729980469,172.83021545410156
2022-10-13,140.24981689453125,222.53549194335938,171.7989501953125,278.8481140136719,254.94952392578125,100.15480041503906,226.6892547607422,153.85008239746094,471.9020080566406,179.05532836914062
2022-10-14,135.72817993164062,222.25254821777344,167.1554412841797,272.41876220703125,249.18038940429688,101.82147216796875,221.19239807128906,151.7957763671875,474.8819580078125,177.07723999023438
2022-10-17,139.6809539794922,223.6585235595703,169.6038360595703,278.5211486816406,253.53427124023438,106.09798431396484,229.8732147216797,153.19007873535156,482.979736328125,179.62742614746094
2022-10-18,140.99526977539062,222.94229125976562,172.18350219726562,285.00494384765625,256.9596862792969,108.82689666748047,230.81195068359375,155.0212860107422,483.28515625,181.48915100097656
2022-10-19,141.10316467285156,219.46707153320312,172.99026489257812,283.1070861816406,248.33306884765625,106.69322204589844,228.85708618164062,161.90000915527344,481.5361022949219,180.75222778320312
2022-10-20,140.64218139648438,218.812744140625,169.35995483398438,282.2442626953125,242.89749145507812,106.34522247314453,228.53768920898438,158.8324737548828,482.0544128417969,181.53765869140625
2022-10-21,144.44784545898438,222.7831268310547,179.63449096679688,295.2209777832031,248.3690643310547,111.93125915527344,234.31527709960938,163.81488037109375,493.9464416503906,184.59202575683594
2022-10-24,146.5860595703125,231.0775604248047,180.6543731689453,298.4901428222656,255.337158203125,112.0686264038086,239.27987670898438,167.1240692138672,501.2298583984375,184.9217071533203
2022-10-25,149.420654296875,229.90150451660156,183.99734497070312,301.85003662109375,261.6470642089844,112.36165618896484,242.5799560546875,163.68472290039062,499.9527893066406,188.48031616210938
2022-10-26,146.4879608154297,235.79957580566406,185.9994354248047,304.8376770019531,261.5479431152344,113.6528549194336,223.86341857910156,163.97288513183594,502.682861328125,197.15870666503906
2022-10-27,142.025146484375,236.30357360839844,200.3346710205078,306.19073486328125,262.36822509765625,114.10157012939453,219.44070434570312,165.08836364746094,501.4148864746094,198.08953857421875
2022-10-28,152.75552368164062,242.1221160888672,207.1339874267578,310.404296875,269.2099914550781,115.45687103271484,228.2667236328125,169.1412353515625,510.15130615234375,202.9862823486328
2022-10-31,150.40150451660156,239.0625457763672,204.414306640625,312.8470764160156,266.93841552734375,115.27373504638672,224.64730834960938,171.46510314941406,513.7698364257812,200.8724365234375
2022-11-01,147.7630157470703,240.57461547851562,206.34075927734375,316.54296875,266.8753356933594,117.35244750976562,220.81495666503906,169.9033966064453,506.51434326171875,200.6494140625
2022-11-02,142.2507781982422,237.87762451171875,202.60113525390625,317.6417541503906,260.26788330078125,116.27188110351562,213.00509643554688,169.46656799316406,502.92352294921875,194.85086059570312
2022-11-03,136.2186279296875,235.10984802246094,207.05845642089844,316.80633544921875,253.7506103515625,116.48249816894531,207.34365844726562,169.01109313964844,503.0900573730469,188.83908081054688
2022-11-04,135.953369140625,237.9041290283203,215.17044067382812,325.01544189453125,256.03118896484375,119.66929626464844,214.2534942626953,170.16371154785156,498.055419921875,191.0013885498047
2022-11-07,136.4838409423828,244.96060180664062,215.8881378173828,329.2381896972656,261.6560974121094,120.30115509033203,220.5246124267578,171.1583251953125,504.3949279785156,194.02671813964844
2022-11-08,137.05368041992188,258.5518798828125,217.02133178710938,330.5639343261719,262.4403076171875,120.37440490722656,221.4923858642578,171.8740692138672,511.82647705078125,195.65573120117188
2022-11-09,132.5048828125,256.1289978027344,212.9889373779297,328.7295837402344,258.48309326171875,118.80850219726562,217.27288818359375,169.3178253173828,500.35980224609375,188.4642791748047
2022-11-10,144.29443359375,257.3315124511719,219.5144805908203,343.5405578613281,280.97357177734375,123.69854736328125,235.14755249023438,170.38681030273438,503.6083068847656,199.77622985839844
2022-11-11,147.0748291015625,252.03480529785156,223.32962036132812,349.7701110839844,283.8941345214844,123.9000244140625,239.14439392089844,168.92738342285156,483.16485595703125,199.2222900390625
2022-11-14,145.67971801757812,252.28236389160156,223.33905029296875,347.21832275390625,276.6647644042969,122.62712860107422,233.76365661621094,169.82908630371094,475.4557800292969,201.02987670898438
2022-11-15,147.4088592529297,250.77908325195312,221.53533935546875,347.6905822753906,281.180908203125,121.73888397216797,234.17005920410156,166.8545379638672,465.51629638671875,204.07164001464844
2022-11-16,146.18077087402344,252.65777587890625,219.48611450195312,347.191162109375,283.8671569824219,121.90371704101562,234.5971221923828,168.3789825439453,473.3919372558594,204.21742248535156
2022-11-17,148.07691955566406,255.80076599121094,217.6162872314453,344.87542724609375,280.7391662597656,121.37255096435547,234.54856872558594,170.04286193847656,476.8994445800781,205.04348754882812
2022-11-18,148.63694763183594,255.79183959960938,218.5511932373047,344.3488464355469,282.30767822265625,122.56302642822266,234.10214233398438,171.55801391601562,490.49456787109375,204.85879516601562
2022-11-21,145.41448974609375,256.5664978027344,219.25001525878906,345.26593017578125,285.55279541015625,121.83960723876953,234.9076690673828,172.47830200195312,478.63934326171875,200.5050811767578
2022-11-22,147.54640197753906,255.578125,224.05673217773438,348.5896301269531,292.8543701171875,123.66194915771484,237.79974365234375,173.94699096679688,484.0995178222656,204.40203857421875
2022-11-23,148.42079162597656,252.32833862304688,223.73568725585938,350.7508544921875,289.8165588378906,124.98060607910156,240.27450561523438,174.76498413085938,490.2261047363281,205.76260375976562
2022-11-25,145.51272583007812,252.63108825683594,222.58355712890625,353.12103271484375,294.20648193359375,125.21870422363281,240.1871337890625,175.60159301757812,497.5465087890625,207.76455688476562
2022-11-28,141.69093322753906,251.6338653564453,219.37281799316406,347.21832275390625,287.48187255859375,123.03008270263672,234.626220703125,173.19407653808594,492.5953063964844,205.3058319091797
2022-11-29,138.69442749023438,251.07290649414062,222.03587341308594,348.44427490234375,284.8136901855469,125.05387115478516,233.23843383789062,174.02133178710938,488.6435241699219,203.16786193847656
2022-11-30,145.43409729003906,254.9994354248047,223.25408935546875,352.95965576171875,293.81890869140625,126.53734588623047,247.61143493652344,176.43817138671875,506.9306945800781,210.88409423828125
2022-12-01,145.70919799804688,254.58987426757812,222.5741424560547,350.8208312988281,296.6120910644531,124.76081085205078,247.17471313476562,175.81536865234375,496.8894958496094,210.88409423828125
2022-12-02,145.2179718017578,254.20700073242188,222.98965454101562,347.8684387207031,297.4464111328125,123.7718276977539,247.49497985839844,176.18719482421875,497.7249755859375,211.52549743652344
2022-12-05,144.05865478515625,253.67279052734375,219.6277618408203,339.6054992675781,290.27301025390625,120.30115509033203,242.8171844482422,174.02133178710938,496.6852111816406,207.65762329101562
2022-12-06,140.40390014648438,252.23040771484375,215.58592224121094,331.71722412109375,287.8879699707031,120.50260925292969,237.88706970214844,175.22048950195312,500.6584777832031,203.1873016357422
2022-12-07,138.4684600830078,254.42959594726562,216.23751831054688,328.98419189453125,290.3365173339844,120.4201889038086,237.15921020507812,174.80215454101562,503.9910888671875,201.95310974121094
2022-12-08,140.14845275878906,254.26043701171875,218.06956481933594,327.3023986816406,293.9096374511719,121.6839370727539,240.09982299804688,175.36268615722656,508.641845703125,203.2067413330078
2022-12-09,139.6670684814453,248.09906005859375,214.64154052734375,328.2713317871094,290.6357727050781,121.02460479736328,238.17825317382812,173.42893981933594,500.5469970703125,202.8179931640625
2022-12-12,141.95620727539062,246.43409729003906,220.0904998779297,331.9639587402344,297.4373779296875,122.90188598632812,245.0590362548828,174.79283142089844,506.72955322265625,208.54197692871094
2022-12-13,142.91900634765625,242.40975952148438,222.38526916503906,337.00042724609375,301.89013671875,122.78282928466797,249.3389129638672,174.73680114746094,499.6372375488281,207.0356903076172
2022-12-14,140.69862365722656,241.4036102294922,221.4314727783203,329.40460205078125,302.3797912597656,122.16927337646484,249.6300506591797,174.353759765625,499.7671813964844,207.3078155517578
2022-12-15,134.1062774658203,236.9607391357422,217.82406616210938,319.7614440917969,297.0927734375,119.13815307617188,241.6623077392578,171.48587036132812,489.85284423828125,202.0502471923828
2022-12-16,132.1511993408203,238.0914764404297,219.76942443847656,316.58062744140625,293.22943115234375,118.39640808105469,237.46978759765625,170.7665557861328,486.1581726074219,201.05899047851562
2022-12-19,130.04872131347656,236.5689697265625,219.36334228515625,314.9901123046875,287.77911376953125,119.10152435302734,233.35487365722656,171.42982482910156,486.06536865234375,199.04737854003906
2022-12-20,129.97996520996094,235.72308349609375,222.0547332763672,314.8804931640625,285.5210266113281,119.678466796875,234.66502380371094,173.55970764160156,482.9183044433594,199.57215881347656
2022-12-21,133.07472229003906,237.0675506591797,228.2779998779297,320.0631103515625,289.6200256347656,121.02460479736328,237.21743774414062,176.95079040527344,489.722900390625,200.9812774658203
2022-12-22,129.91114807128906,236.17721557617188,224.3211669921875,315.87677001953125,286.6817932128906,119.65099334716797,231.16160583496094,174.8769073486328,489.3052062988281,199.28057861328125
2022-12-23,129.54766845703125,234.98419189453125,226.52151489257812,315.81280517578125,289.0487365722656,120.21874237060547,231.68563842773438,177.00682067871094,493.22265625,200.02890014648438
2022-12-27,127.74976348876953,234.5122528076172,229.60952758789062,312.5770568847656,289.7924499511719,120.63997650146484,229.96788024902344,177.9409942626953,493.8538818359375,200.4759063720703
2022-12-28,123.82972717285156,232.75823974609375,226.05877685546875,311.5715637207031,286.32818603515625,121.29932403564453,227.60958862304688,175.74571228027344,490.5676574707031,199.2125701904297
2022-12-29,127.33714294433594,234.3074188232422,226.8331756591797,313.91156005859375,290.57232666015625,121.99527740478516,233.89834594726562,176.96945190429688,491.8951721191406,202.1960906982422
2022-12-30,127.6515121459961,233.84446716308594,226.22877502441406,313.8658752441406,286.4460144042969,122.80113220214844,232.74349975585938,175.1478271484375,492.1736145019531,201.9044647216797
2023-01-03,122.87674713134766,232.96299743652344,225.5865936279297,316.4617614746094,286.4913635253906,123.73519134521484,232.51052856445312,174.80215454101562,481.4609069824219,201.544921875
2023-01-04,124.14411926269531,235.40255737304688,227.92860412597656,317.8145751953125,289.9555969238281,124.8890380859375,222.3397674560547,174.90492248535156,468.3345031738281,206.6177978515625
2023-01-05,122.8276138305664,237.60179138183594,226.90870666503906,314.213134765625,286.09234619140625,124.8613510131836,215.75013732910156,175.20387268066406,454.8368225097656,205.1600799560547
2023-01-06,127.34690856933594,245.0273895263672,235.01126098632812,318.161865234375,287.96051025390625,127.25064849853516,218.29283142089844,181.1078338623047,454.8739318847656,211.61293029785156
2023-01-09,127.86762237548828,240.50436401367188,232.89590454101562,322.6590270996094,288.21435546875,126.72478485107422,220.41818237304688,176.67050170898438,454.9296569824219,212.43899536132812
2023-01-10,128.4375,243.85208129882812,236.5694122314453,326.6442565917969,290.7717590332031,127.85952758789062,222.09716796875,178.63226318359375,451.16064453125,214.8588104248047
2023-01-11,131.1490936279297,242.98851013183594,236.77716064453125,333.1522216796875,298.3623962402344,128.80967712402344,228.81298828125,179.01528930664062,458.0302429199219,215.84031677246094
2023-01-12,131.07049560546875,241.2166290283203,240.8756866455078,338.1429748535156,299.1513977050781,128.68052673339844,231.47213745117188,179.35157775878906,460.13751220703125,217.3175048828125
2023-01-13,132.3968048095703,241.9378662109375,244.07699584960938,341.8539733886719,300.3665466308594,131.92774963378906,232.17088317871094,181.15455627441406,454.47479248046875,216.77328491210938
2023-01-17,133.55613708496094,239.88111877441406,241.99945068359375,319.84368896484375,297.0293273925781,129.88900756835938,233.25784301757812,172.82174682617188,450.306640625,216.7149658203125
2023-01-18,132.8389434814453,235.40255737304688,238.75088500976562,319.0850830078125,293.5469055175781,125.98682403564453,228.85183715820312,171.54193115234375,442.100341796875,213.27476501464844
2023-01-19,132.89785766601562,233.3013458251953,233.1811065673828,320.60235595703125,281.92974853515625,124.307861328125,225.0863037109375,171.92489624023438,449.6383056640625,214.1979522705078
2023-01-20,135.4522705078125,234.37867736816406,236.9385528564453,312.4582214355469,285.6661071777344,124.61225128173828,233.13168334960938,173.1300048828125,451.8291015625,217.98805236816406
2023-01-23,138.6354522705078,232.35757446289062,239.775634765625,319.1307373046875,286.1014709472656,126.63256072998047,235.4220428466797,174.09222412109375,450.98431396484375,217.86170959472656
2023-01-24,140.03054809570312,231.22679138183594,244.4345245361328,318.3903503417969,288.1055603027344,127.72113037109375,234.89794921875,180.52865600585938,456.3592529296875,217.57989501953125
2023-01-25,139.37229919433594,228.4132537841797,245.22203063964844,319.57867431640625,287.7156677246094,128.3391876220703,233.5101318359375,178.18389892578125,457.1947326660156,218.5614013671875
2023-01-26,141.43548583984375,226.9352569580078,248.71383666992188,324.459716796875,284.5868835449219,129.13255310058594,240.68211364746094,179.46368408203125,457.17620849609375,218.37677001953125
2023-01-27,143.37094116210938,225.840087890625,251.01010131835938,323.298828125,287.1986999511719,129.4462127685547,240.83738708496094,176.33421325683594,451.2071533203125,224.91709899902344
2023-01-30,140.49234008789062,224.00595092773438,248.1255340576172,326.7356262207031,284.97686767578125,128.3484344482422,235.5482177734375,175.54017639160156,450.9657897949219,222.64306640625
2023-01-31,141.7596893310547,224.7271270751953,239.38656616210938,334.367919921875,293.982177734375,129.11415100097656,240.49771118164062,178.53884887695312,463.4051513671875,223.72178649902344
2023-02-01,142.8796844482422,219.39390563964844,236.77723693847656,334.27655029296875,297.5371398925781,128.77276611328125,245.29190063476562,173.03659057617188,461.3721618652344,224.39230346679688
2023-02-02,148.1751708984375,219.500732421875,232.37454223632812,337.7133483886719,308.1475830078125,128.17318725585938,256.7922668457031,169.78567504882812,437.078125,223.090087890625
2023-02-03,151.79067993164062,218.28982543945312,235.0882568359375,338.152099609375,300.6295166015625,130.1565399169922,250.72666931152344,170.72918701171875,438.1828308105469,223.64402770996094
2023-02-06,149.06922912597656,217.1145782470703,238.5610809326172,338.9290466308594,298.60723876953125,130.92221069335938,249.19329833984375,173.74656677246094,441.17205810546875,222.97344970703125
2023-02-07,151.93801879882812,217.2481231689453,236.89112854003906,342.21954345703125,294.9161682128906,132.51815795898438,259.6649475097656,176.5677490234375,442.6944580078125,224.8004913330078
2023-02-08,149.25587463378906,213.86474609375,236.1415252685547,342.8594665527344,290.91693115234375,131.58642578125,258.85943603515625,175.05438232421875,448.58001708984375,223.71205139160156
2023-02-09,148.22430419921875,213.6866912841797,233.68399047851562,336.3605651855469,286.1648864746094,129.53843688964844,255.84117126464844,173.1580352783203,450.9100646972656,223.3225555419922
2023-02-10,148.58836364746094,215.91258239746094,235.00289916992188,339.3677978515625,287.06268310546875,130.11041259765625,255.3365936279297,174.45652770996094,458.8193054199219,221.2290496826172
2023-02-13,151.3828125,216.94537353515625,235.4583282470703,341.8723449707031,293.4017333984375,131.52188110351562,263.3139343261719,175.25057983398438,459.8404235839844,222.86489868164062
2023-02-14,150.74322509765625,216.4962921142578,231.86219787597656,339.8247985839844,288.7767028808594,132.10304260253906,264.138916015625,172.00901794433594,457.50103759765625,223.3614959716797
2023-02-15,152.839111328125,215.63400268554688,235.98020935058594,342.1647644042969,290.82623291015625,132.6565399169922,262.0277099609375,173.02723693847656,456.0343017578125,222.90383911132812
2023-02-16,151.2450714111328,210.37942504882812,233.91168212890625,338.38067626953125,291.32501220703125,130.82998657226562,255.05172729492188,171.00942993164062,452.4139404296875,219.8950653076172
2023-02-17,150.10365295410156,216.04718017578125,235.11676025390625,336.82666015625,288.34136962890625,131.2174072265625,251.07254028320312,173.52239990234375,463.30303955078125,217.68472290039062
2023-02-21,146.09893798828125,213.99026489257812,228.3988800048828,330.0810852050781,267.98199462890625,128.80967712402344,245.82847595214844,173.05528259277344,456.0900573730469,214.82199096679688
2023-02-22,146.5220489501953,212.12197875976562,225.72308349609375,329.8708190917969,268.70758056640625,127.82260131835938,244.69992065429688,173.8679962158203,453.843505859375,214.23776245117188
2023-02-23,147.00418090820312,213.43336486816406,225.780029296875,332.2930908203125,271.4372253417969,128.84657287597656,247.8716278076172,173.26080322265625,456.4428405761719,215.31858825683594
2023-02-24,144.35733032226562,209.87643432617188,224.09104919433594,332.576416015625,269.0340270996094,130.0089111328125,242.47189331054688,173.1300048828125,449.61041259765625,213.7801055908203
2023-02-27,145.5479278564453,210.58604431152344,227.70619201660156,334.112060546875,268.44451904296875,131.1436309814453,243.38645935058594,173.1300048828125,448.67279052734375,214.55909729003906
2023-02-28,145.04612731933594,208.08004760742188,227.29820251464844,321.425048828125,268.92523193359375,132.2414093017578,242.66653442382812,172.93377685546875,441.8218688964844,214.15985107421875
2023-03-01,142.9797821044922,212.14892578125,235.95175170898438,318.7369079589844,263.7105407714844,131.50340270996094,239.60179138183594,171.93423461914062,441.153564453125,212.62139892578125
2023-03-02,143.57015991210938,210.84654235839844,239.2822265625,321.3789978027344,265.7329406738281,130.13807678222656,244.31076049804688,171.13088989257812,443.4556579589844,213.30296325683594
2023-03-03,148.6080322265625,210.909423828125,242.25213623046875,328.73455810546875,270.65728759765625,132.52740478515625,248.37753295898438,171.5045623779297,444.2540588378906,217.8892059326172
2023-03-06,151.36314392089844,211.17886352539062,240.99017333984375,328.6976623535156,270.43963623046875,131.75247192382812,249.9147491455078,171.28036499023438,446.3149108886719,220.7908935546875
2023-03-07,149.1689453125,205.43930053710938,233.55113220214844,318.59881591796875,263.6290283203125,127.87793731689453,247.26840209960938,168.4965057373047,439.9095458984375,217.30494689941406
2023-03-08,150.41854858398438,205.17880249023438,235.9991912841797,321.5538635253906,266.25970458984375,127.12151336669922,246.8306427001953,166.0676727294922,436.8646240234375,216.3507080078125
2023-03-09,148.1750946044922,202.80751037597656,228.6360626220703,314.92559814453125,263.07177734375,120.23959350585938,245.48797607421875,163.32554626464844,431.5825500488281,214.22799682617188
2023-03-10,146.11863708496094,204.67581176757812,215.39956665039062,301.65081787109375,261.5280456542969,123.2930679321289,241.8589630126953,164.9783477783203,428.8528747558594,210.45974731445312
2023-03-13,148.0570526123047,209.44534301757812,213.20767211914062,290.45635986328125,261.7198486328125,121.07907104492188,247.04464721679688,161.72909545898438,431.97381591796875,208.83360290527344
2023-03-14,150.14305114746094,207.1099395751953,214.1280517578125,296.5689697265625,260.8520812988281,124.18789672851562,253.7285919189453,161.29713439941406,432.8122863769531,212.91348266601562
2023-03-15,150.53663635253906,210.99021911621094,206.148193359375,287.39990234375,263.0444030761719,118.3207778930664,258.25274658203125,156.34815979003906,433.60418701171875,210.68365478515625
2023-03-16,153.3507537841797,210.69383239746094,207.52403259277344,290.0696105957031,261.9117126464844,120.61781311035156,268.72137451171875,161.7197265625,439.7435607910156,211.73529052734375
2023-03-17,152.51438903808594,206.40037536621094,204.01327514648438,279.436767578125,263.4280700683594,116.06062316894531,271.8639221191406,154.97708129882812,437.3958740234375,211.67686462402344
2023-03-20,154.8759002685547,210.8285675048828,209.04222106933594,284.95111083984375,264.22271728515625,117.28755187988281,264.8589172363281,158.4329376220703,444.3457336425781,212.4168701171875
2023-03-21,156.7257537841797,209.2386932373047,213.41644287109375,292.085693359375,264.3780212402344,120.43331146240234,266.36688232421875,161.2877197265625,447.2710876464844,216.1170196533203
2023-03-22,155.29901123046875,206.43630981445312,208.7006378173828,288.76239013671875,258.1482849121094,117.32447814941406,264.91729736328125,156.47964477539062,443.00421142578125,214.25721740722656
2023-03-23,156.38136291503906,209.3734588623047,208.2167205810547,289.8487243652344,259.3358459472656,117.01081085205078,270.1418762207031,153.87832641601562,437.77789306640625,216.74021911621094
2023-03-24,157.68020629882812,213.80162048339844,205.91099548339844,287.7497863769531,258.5228271484375,115.23037719726562,272.97308349609375,154.86444091796875,443.44207763671875,215.23092651367188
2023-03-27,155.74180603027344,212.66091918945312,206.85040283203125,293.2364807128906,256.9242858886719,118.532958984375,268.8965148925781,156.21669006347656,448.94793701171875,215.98069763183594
2023-03-28,155.12188720703125,214.205810546875,208.89990234375,293.1535949707031,256.5133361816406,118.89273834228516,267.7776794433594,155.7753448486328,440.2652587890625,214.53958129882812
2023-03-29,158.19186401367188,216.4962921142578,211.59463500976562,295.2525939941406,258.83343505859375,119.13258361816406,272.9146423339844,159.51283264160156,434.6848449707031,217.4315643310547
2023-03-30,159.75636291503906,216.91844177246094,213.0558624267578,295.63922119140625,260.6602783203125,118.7728042602539,276.3587951660156,160.41439819335938,437.9176025390625,216.51625061035156
2023-03-31,162.255615234375,217.1429901123047,217.13595581054688,301.1351623535156,269.5755615234375,120.21190643310547,280.4938049316406,160.96844482421875,440.2745056152344,219.5347900390625
2023-04-03,163.50526428222656,219.55921936035156,218.11326599121094,300.592041015625,271.9595947265625,120.07353210449219,279.45269775390625,161.7948455810547,460.3976135253906,222.9817657470703
2023-04-04,162.97393798828125,222.33468627929688,206.3284912109375,297.0293273925781,269.4293518066406,118.4683837890625,279.404052734375,158.35780334472656,459.5218811035156,221.67697143554688
2023-04-05,161.1339111328125,227.5802001953125,202.60899353027344,295.9982604980469,263.6838073730469,118.64503479003906,276.6409912109375,159.9354705810547,474.4091796875,222.173583984375
2023-04-06,162.0194549560547,227.53533935546875,198.4720001220703,296.7991943359375,263.6289978027344,118.51486206054688,283.704345703125,160.83697509765625,477.744384765625,220.05087280273438
2023-04-10,159.43167114257812,225.36167907714844,204.50668334960938,299.1558532714844,265.9674377441406,118.90534973144531,281.55426025390625,162.13291931152344,479.9523010253906,220.47930908203125
2023-04-11,158.2213897705078,225.83767700195312,209.3173828125,301.3744812011719,268.34234619140625,119.4911117553711,275.171875,162.9781036376953,485.3463134765625,222.44619750976562
2023-04-12,157.53265380859375,224.1041717529297,209.2224884033203,304.0166015625,265.30059814453125,119.47248840332031,275.81390380859375,163.25042724609375,485.55133056640625,221.82302856445312
2023-04-13,162.90504455566406,225.84669494628906,210.33265686035156,305.7565002441406,266.86260986328125,119.92807006835938,281.9920349121094,162.64939880371094,490.2467346191406,226.5747833251953
2023-04-14,162.56063842773438,224.55323791503906,212.2398223876953,310.1662292480469,266.8991394042969,128.98382568359375,278.3923034667969,158.11361694335938,476.7940979003906,227.86984252929688
2023-04-17,162.58030700683594,222.81971740722656,213.72006225585938,312.70703125,269.8312683105469,130.00650024414062,280.9801940917969,160.84634399414062,470.7944641113281,227.34400939941406
2023-04-18,163.80044555664062,221.041259765625,213.68214416503906,307.3951721191406,273.0740051269531,131.46624755859375,280.56182861328125,161.52249145507812,469.98394775390625,227.4608612060547
2023-04-19,164.94187927246094,221.1490020751953,213.16024780273438,310.1385192871094,271.2106018066406,131.2988739013672,280.6396789550781,171.4486541748047,452.9539489746094,226.45794677734375
2023-04-20,163.97756958007812,218.678955078125,210.90196228027344,311.8140563964844,272.7269287109375,130.9176788330078,278.3630676269531,168.34024047851562,454.1278076171875,228.4345703125
2023-04-21,162.37371826171875,219.03822326660156,210.13882446289062,314.5297546386719,274.0697021484375,130.6666259765625,278.0224609375,168.56564331054688,450.7366943359375,227.89906311035156
2023-04-24,162.67874145507812,219.5681610107422,213.15345764160156,316.6471252441406,275.5311584472656,130.84327697753906,274.14056396484375,168.2182159423828,455.5066223144531,226.64291381835938
2023-04-25,161.1437530517578,219.94541931152344,208.57423400878906,312.5229187011719,270.6807861328125,127.998291015625,267.9624938964844,166.51846313476562,458.2828063964844,223.55624389648438
2023-04-26,161.1339111328125,214.4932861328125,206.24642944335938,309.834716796875,263.1357727050781,125.72969055175781,287.3723449707031,165.85169982910156,449.92626953125,222.1540985107422
2023-04-27,165.70932006835938,215.87649536132812,204.4720001220703,314.4745788574219,268.48846435546875,127.42183685302734,296.5760803222656,169.2699737548828,456.9319763183594,222.99148559570312
2023-04-28,166.958984375,215.3376007080078,208.7363739013672,316.16845703125,274.5263977050781,128.5282440185547,298.9403381347656,170.10572814941406,458.4411315917969,226.61370849609375
2023-05-01,166.87042236328125,214.5830841064453,207.2767791748047,313.5263366699219,271.9322204589844,131.28028869628906,297.286376953125,170.68797302246094,461.8043212890625,226.39947509765625
2023-05-02,165.8372344970703,211.95135498046875,205.25428771972656,306.8980407714844,268.8081970214844,129.1604766845703,297.1404724121094,169.53286743164062,459.6523132324219,221.0148468017578
2023-05-03,164.76475524902344,205.96922302246094,205.7217254638672,302.5528869628906,267.7120666503906,126.42699432373047,296.1578369140625,168.2369384765625,455.9723815917969,220.04112243652344
2023-05-04,163.13137817382812,208.28659057617188,200.70367431640625,295.74969482421875,261.01654052734375,124.69766998291016,297.1404724121094,168.2275848388672,453.9600830078125,219.6710968017578
2023-05-05,170.78662109375,212.4542999267578,205.19703674316406,301.0523376464844,264.5515441894531,127.13361358642578,302.23858642578125,171.195068359375,460.4814453125,225.68869018554688
2023-05-08,170.7176971435547,210.7387237548828,204.9108123779297,300.5827331542969,263.0077819824219,127.44044494628906,300.292724609375,171.4486541748047,458.93499755859375,226.1268768310547
2023-05-09,169.01548767089844,210.56809997558594,203.67059326171875,298.9809265136719,265.4284362792969,126.82682800292969,298.6873779296875,172.55673217773438,456.8481140136719,227.1298065185547
2023-05-10,170.7767333984375,210.28065490722656,203.36534118652344,296.9372253417969,264.0126647949219,126.89187622070312,303.8536682128906,172.00271606445312,456.5592956542969,225.1920928955078
2023-05-11,170.96371459960938,208.64590454101562,200.36976623535156,295.2525939941406,262.78863525390625,126.49209594726562,301.7131652832031,171.67401123046875,455.3388671875,225.37744140625
2023-05-12,170.03750610351562,209.2386932373047,199.90228271484375,294.12945556640625,265.32806396484375,124.6790771484375,300.60400390625,170.99789428710938,457.6399841308594,225.73846435546875
2023-05-15,169.5448455810547,209.75970458984375,201.5718231201172,296.495361328125,263.5650634765625,125.72969055175781,301.080810546875,171.67401123046875,453.56884765625,227.13356018066406
2023-05-16,169.5448455810547,204.68479919433594,197.669921875,295.33538818359375,257.89251708984375,124.88365173339844,303.2991027832031,170.45321655273438,446.9170837402344,224.8506317138672
2023-05-17,170.15574645996094,204.0229034423828,202.3445587158203,303.96136474609375,267.0818176269531,128.7234649658203,306.1657409667969,170.61285400390625,451.65899658203125,226.9774932861328
2023-05-18,172.48110961914062,203.30661010742188,204.8440399169922,303.4090270996094,269.6120300292969,129.69972229003906,310.5729064941406,172.17169189453125,446.4605712890625,227.90431213378906
2023-05-19,172.58950805664062,202.5721893310547,204.90127563476562,300.2513732910156,265.7025451660156,129.40219116210938,310.3974304199219,172.52857971191406,446.07861328125,227.6213836669922
2023-05-22,171.64358520507812,203.08900451660156,204.40518188476562,299.119140625,265.50164794921875,128.33297729492188,313.1665954589844,170.06814575195312,447.7554931640625,225.64088439941406
2023-05-23,169.04232788085938,203.4970245361328,202.92649841308594,297.8762512207031,269.41107177734375,126.994140625,307.3943176269531,168.38719177246094,446.65625,219.104248046875
2023-05-24,169.31820678710938,200.66815185546875,200.05494689941406,294.414794921875,265.90350341796875,125.83198547363281,306.0194396972656,165.2694549560547,447.951171875,216.83106994628906
2023-05-25,170.45132446289062,197.16836547851562,200.322021484375,298.16168212890625,261.92999267578125,126.1387939453125,317.7882995605469,163.09075927734375,445.03515625,217.93353271484375
2023-05-26,172.8555145263672,196.6877899169922,202.058349609375,305.64605712890625,267.48370361328125,127.319580078125,324.58441162109375,161.7948455810547,448.5939636230469,219.52374267578125
2023-05-30,174.69808959960938,198.13851928710938,200.24574279785156,304.55975341796875,267.0909423828125,127.80304718017578,322.9462585449219,162.7339630126953,447.03814697265625,216.23593139648438
2023-05-31,174.64881896972656,200.0606689453125,196.28660583496094,300.4504699707031,260.7796630859375,126.17601776123047,320.19671630859375,158.93064880371094,453.9228515625,215.6407928466797
2023-06-01,177.4471435546875,194.27601623535156,199.45391845703125,293.4935302734375,265.3244934082031,127.91458892822266,324.2820739746094,160.8651580810547,459.8759460449219,220.9774169921875
2023-06-02,178.29452514648438,197.72140502929688,216.20623779296875,300.2185363769531,272.2706604003906,130.60157775878906,327.03179931640625,164.4618377685547,465.4190368652344,223.2115936279297
2023-06-05,176.9446258544922,201.1759033203125,212.23757934570312,298.5117492675781,269.6578063964844,129.31851196289062,327.5582580566406,163.74813842773438,464.12408447265625,221.24087524414062
2023-06-06,176.580078125,200.57749938964844,216.2539520263672,303.14056396484375,272.3258361816406,129.55096435546875,325.3547058105469,164.2927703857422,454.2303161621094,222.65550231933594
2023-06-07,175.21046447753906,200.6046905517578,224.71597290039062,311.4425354003906,277.57000732421875,130.80612182617188,315.3116455078125,165.07223510742188,449.1622619628906,219.77740478515625
2023-06-08,177.9200897216797,200.160400390625,223.6665802001953,311.1828308105469,277.0087890625,130.84327697753906,317.144775390625,165.19500732421875,456.7083740234375,217.611572265625
2023-06-09,178.30438232421875,198.34701538085938,224.2198944091797,311.69305419921875,273.5679016113281,131.10362243652344,318.6365661621094,165.84669494628906,459.8665771484375,218.10911560058594
2023-06-12,181.0928497314453,197.07765197753906,226.95787048339844,314.9118347167969,276.7971496582031,131.09432983398438,323.5703125,165.0628204345703,458.9070129394531,220.65545654296875
2023-06-13,180.619873046875,201.27566528320312,234.15109252929688,317.70391845703125,276.0794982910156,132.0426788330078,325.949462890625,166.33778381347656,457.71453857421875,217.9530029296875
2023-06-14,181.25045776367188,201.53857421875,232.12860107421875,313.9192810058594,275.7391052246094,131.54991149902344,328.92340087890625,163.91053771972656,428.4150085449219,217.9920654296875
2023-06-15,183.2802734375,207.12376403808594,236.27853393554688,315.1437072753906,277.8643493652344,133.03749084472656,339.4149169921875,166.19613647460938,435.814453125,220.65545654296875
2023-06-16,182.206298828125,208.22994995117188,233.9889373779297,313.8172607421875,276.3554992675781,133.19557189941406,333.7888488769531,166.9328155517578,428.8921813964844,223.32867431640625
2023-06-20,182.294921875,207.259765625,230.0583953857422,306.7767639160156,277.3031311035156,132.516845703125,329.6156921386719,165.80894470214844,439.0885009765625,220.94815063476562
2023-06-21,181.2603759765625,205.8544158935547,230.37322998046875,301.5357666015625,276.6499938964844,132.32164001464844,325.23773193359375,165.5539093017578,445.97332763671875,221.7091522216797
2023-06-22,184.2557373046875,208.22994995117188,226.42359924316406,296.4432067871094,277.09149169921875,129.77407836914062,331.2342224121094,165.28945922851562,448.1249084472656,222.8213348388672
2023-06-23,183.9404296875,205.91787719726562,223.65704345703125,291.92584228515625,276.7510986328125,129.0953826904297,326.6612548828125,164.07110595703125,446.2072448730469,223.95306396484375
2023-06-26,182.5511474609375,203.75997924804688,226.05157470703125,289.7459716796875,283.2649230957031,129.41148376464844,320.4014587402344,162.8149871826172,448.1342468261719,220.7823028564453
2023-06-27,185.30018615722656,201.83778381347656,229.61956787109375,290.757080078125,288.64697265625,129.4207763671875,326.22247314453125,163.00387573242188,451.40826416015625,221.79693603515625
2023-06-28,186.47274780273438,200.65908813476562,230.7452392578125,290.95184326171875,281.9952392578125,128.85365295410156,327.4706115722656,159.0182647705078,443.8218994140625,222.40184020996094
2023-06-29,186.8077392578125,200.5230712890625,233.00631713867188,299.6991271972656,283.20050048828125,133.35362243652344,326.69049072265625,161.4927520751953,445.6834411621094,228.6067657470703
2023-06-30,191.1234588623047,201.30282592773438,234.73301696777344,299.18896484375,285.79498291015625,135.22242736816406,332.0434875488281,164.0144500732422,449.6123046875,231.68971252441406
2023-07-03,189.6356201171875,204.0138397216797,235.9541473388672,302.9642639160156,285.2244873046875,136.3102264404297,329.55712890625,163.47608947753906,447.0303955078125,232.16778564453125
2023-07-05,188.52220153808594,204.8026580810547,233.5691375732422,296.8791809082031,285.942138671875,135.40216064453125,329.71319580078125,163.00387573242188,440.8003845214844,233.6116943359375
2023-07-06,188.9951629638672,202.1732635498047,229.5146484375,290.3396911621094,277.8643493652344,134.06350708007812,332.7553405761719,161.41717529296875,439.0603942871094,233.0555877685547
2023-07-07,187.8817596435547,198.247314453125,233.90301513671875,292.3525085449219,278.5912170410156,135.12130737304688,328.806396484375,162.11611938476562,431.78265380859375,230.68482971191406
2023-07-10,185.84210205078125,203.75997924804688,237.3660888671875,293.558349609375,285.4637756347656,135.8795623779297,323.5508117675781,159.67941284179688,433.1578063964844,232.35311889648438
2023-07-11,185.31988525390625,202.97113037109375,241.2202911376953,297.64910888671875,288.57342529296875,138.00460815429688,324.1748962402344,162.7866668701172,433.00811767578125,234.68484497070312
2023-07-12,186.98509216308594,204.62130737304688,241.935791015625,302.7694396972656,292.1246337890625,138.68800354003906,328.7868347167969,161.6155548095703,422.54046630859375,236.30438232421875
2023-07-13,187.7438201904297,206.4165496826172,244.09182739257812,304.8843994140625,289.438232421875,139.36199951171875,334.1106262207031,158.8765869140625,418.84552001953125,237.3775634765625
2023-07-14,187.89158630371094,206.20802307128906,243.86285400390625,302.5746765136719,291.1862487792969,140.2045135498047,336.6262512207031,156.73268127441406,449.172607421875,237.23121643066406
2023-07-17,191.14315795898438,206.57974243164062,245.61822509765625,303.51153564453125,290.772216796875,143.583984375,337.1040344238281,159.22607421875,452.8302001953125,238.04098510742188
2023-07-18,190.88697814941406,210.868408203125,251.6761932373047,312.8525390625,291.42547607421875,143.84609985351562,350.5207214355469,161.5211181640625,467.722412109375,234.89950561523438
2023-07-19,192.2368621826172,210.39691162109375,251.90626525878906,315.89501953125,293.9279479980469,144.3984375,346.220703125,161.08665466308594,471.18359375,235.5336151123047
2023-07-20,190.2957763671875,211.46678161621094,250.31472778320312,325.4586181640625,293.5691223144531,146.17703247070312,338.2156066894531,163.98611450195312,471.6887512207031,233.77752685546875
2023-07-21,189.1232452392578,212.90846252441406,247.0167236328125,326.47900390625,294.8387451171875,145.05369567871094,335.19293212890625,163.2211151123047,473.8308410644531,233.41656494140625
2023-07-24,189.92135620117188,213.45245361328125,248.66574096679688,332.94439697265625,299.1075744628906,147.90892028808594,336.49945068359375,165.12889099121094,475.8421325683594,234.87020874023438
2023-07-25,190.77857971191406,213.35272216796875,251.24473571777344,329.0205993652344,299.1260070800781,146.8042755126953,342.22308349609375,162.5599822998047,477.9468688964844,232.8701934814453
2023-07-26,191.64569091796875,213.26205444335938,247.65911865234375,331.673583984375,303.2292785644531,147.68418884277344,329.3426513671875,164.48666381835938,475.2060241699219,231.31898498535156
2023-07-27,190.3844451904297,214.023681640625,247.63992309570312,328.8443908691406,303.3397521972656,146.0553741455078,322.4685363769531,165.1572265625,472.6148986816406,228.7238311767578
2023-07-28,192.95616149902344,214.3137969970703,249.68199157714844,327.6570739746094,304.8669128417969,146.88853454589844,329.9276428222656,163.63665771484375,470.444580078125,230.00189208984375
2023-07-31,193.5670623779297,212.30099487304688,254.2263641357422,330.10589599609375,307.13934326171875,147.8714599609375,327.53875732421875,163.0227508544922,473.6812744140625,231.93360900878906
2023-08-01,192.73941040039062,210.4603729248047,276.7373352050781,331.8219909667969,305.5109558105469,147.14125061035156,327.9483337402344,162.73944091796875,472.15643310546875,233.93365478515625
2023-08-02,189.7538604736328,208.9099578857422,275.7019958496094,325.6812744140625,302.2264709472656,145.47496032714844,319.3288879394531,161.59664916992188,472.2126159667969,231.76773071289062
2023-08-03,188.36453247070312,209.17288208007812,269.83447265625,327.5921325683594,303.468505859375,146.36428833007812,318.5098571777344,159.99107360839844,472.2686767578125,232.9385223388672
2023-08-04,179.3192901611328,220.5790252685547,265.0313415527344,327.6478576660156,300.32208251953125,146.0553741455078,319.6018981933594,159.28271484375,470.27618408203125,233.1629180908203
2023-08-07,176.22531127929688,229.337646484375,270.0262451171875,329.818359375,302.8428955078125,146.7480926513672,321.8737487792969,160.67105102539062,477.76910400390625,235.6214599609375
2023-08-08,177.1614227294922,236.4641876220703,271.2151184082031,323.0469055175781,301.5916748046875,145.92430114746094,317.9150695800781,158.5554656982422,473.2041320800781,233.45555114746094
2023-08-09,175.5750274658203,235.122314453125,272.7873840332031,317.880126953125,301.9597473144531,143.96774291992188,314.19036865234375,157.9982452392578,469.6961669921875,233.91412353515625
2023-08-10,175.35824584960938,237.6066131591797,272.1067199707031,315.75592041015625,303.0544738769531,143.75247192382812,314.8729248046875,157.66769409179688,470.9778137207031,234.7449493408203
2023-08-11,175.41746520996094,238.01463317871094,273.4488830566406,316.0620422363281,304.6277770996094,144.58563232421875,313.00079345703125,157.5921173095703,475.2153625488281,234.62762451171875
2023-08-14,177.06520080566406,236.6183624267578,272.7969970703125,313.2884826660156,303.56048583984375,144.8852081298828,315.9552001953125,157.034912109375,477.9468688964844,237.42315673828125
2023-08-15,175.0819854736328,241.18807983398438,265.9228515625,308.1588439941406,305.575439453125,141.19683837890625,313.82958984375,154.39987182617188,473.9805603027344,234.42237854003906
2023-08-16,174.21377563476562,240.2904052734375,263.1809387207031,305.28326416015625,306.3941955566406,140.5977020263672,313.0674743652344,156.1848907470703,471.0526428222656,233.89454650878906
2023-08-17,171.67803955078125,241.16787719726562,263.8136901855469,303.80841064453125,301.1040344238281,139.1373291015625,309.6280212402344,154.33375549316406,462.0723876953125,232.0178680419922
2023-08-18,172.1614990234375,239.3123779296875,262.50018310546875,301.4059143066406,301.18682861328125,139.4556427001953,309.2371520996094,153.44598388671875,466.26318359375,232.79983520507812
2023-08-21,173.49349975585938,238.28866577148438,261.4936218261719,298.74371337890625,298.1416015625,139.9330596923828,314.5135498046875,152.62429809570312,465.55224609375,234.0607452392578
2023-08-22,174.86492919921875,235.47344970703125,259.048828125,295.71044921875,298.52801513671875,137.03102111816406,315.0802917480469,151.05648803710938,460.55694580078125,235.145751953125
2023-08-23,178.70303344726562,235.23580932617188,261.7620544433594,298.9941101074219,300.00921630859375,137.95782470703125,319.5163879394531,151.9915008544922,457.8441467285156,236.83668518066406
2023-08-24,174.0262451171875,234.55943298339844,258.1859436035156,296.7956848144531,296.7891540527344,137.82672119140625,312.6473083496094,152.8509521484375,456.5906982421875,234.07052612304688
2023-08-25,176.2264862060547,234.34002685546875,261.3114318847656,296.971923828125,297.0375671386719,137.65821838378906,315.58843994140625,152.66204833984375,457.5447998046875,237.10064697265625
2023-08-28,177.7854461669922,234.49542236328125,263.4494323730469,302.3706359863281,299.8436279296875,138.13568115234375,316.29193115234375,151.89707946777344,459.56536865234375,238.3321990966797
2023-08-29,181.66302490234375,237.31985473632812,268.4731140136719,308.4742736816406,303.0361328125,139.25901794433594,320.8941345214844,152.3220672607422,461.01531982421875,239.8081817626953
2023-08-30,185.14590454101562,235.71112060546875,270.6781921386719,307.3331298828125,306.1286315917969,138.69735717773438,321.2654724121094,152.35983276367188,459.7992248535156,240.67808532714844
2023-08-31,185.3629608154297,234.30349731445312,269.5277404785156,306.5194396972656,305.8230895996094,136.98423767089844,320.259033203125,152.2748565673828,445.81439208984375,240.1405029296875
2023-09-01,186.9317169189453,234.64170837402344,274.4364013671875,306.22943115234375,308.3970031738281,137.44290161132812,321.1384582519531,153.28541564941406,445.4963073730469,242.51571655273438
2023-09-05,187.1685028076172,232.17379760742188,270.007080078125,302.8154602050781,303.4898376464844,135.9263916015625,325.91656494140625,151.4814910888672,449.77130126953125,239.8081817626953
2023-09-06,180.46913146972656,227.60360717773438,271.22467041015625,300.3648986816406,301.8417053222656,135.7017364501953,325.2618103027344,151.68927001953125,446.15106201171875,240.6096649169922
2023-09-07,175.19053649902344,232.5211181640625,269.8153381347656,301.14117431640625,304.0823669433594,134.5409393310547,322.35980224609375,152.69667053222656,453.5130310058594,241.56756591796875
2023-09-08,175.80223083496094,237.1278533935547,270.6302490234375,304.470947265625,304.35089111328125,134.64390563964844,326.6200866699219,151.9553680419922,451.4846496582031,241.7141571044922
2023-09-11,176.9665069580078,239.2209930419922,270.4097900390625,303.6572570800781,304.0360107421875,135.23362731933594,330.2060852050781,153.13385009765625,450.1793212890625,241.6457977294922
2023-09-12,173.9473419189453,237.93223571777344,270.1796569824219,309.50311279296875,302.1009826660156,136.99362182617188,324.17724609375,154.6924591064453,450.6676940917969,241.72398376464844
2023-09-13,171.88523864746094,235.1170196533203,264.53271484375,313.3193359375,301.7306213378906,137.0591278076172,328.36907958984375,155.0345916748047,450.61126708984375,242.2420196533203
2023-09-14,173.39480590820312,239.75111389160156,270.8987121582031,322.2891845703125,305.20269775390625,139.71774291992188,330.9486083984375,157.72418212890625,454.14227294921875,236.05474853515625
2023-09-15,172.67453002929688,238.30699157714844,267.62939453125,320.39044189453125,297.5825500488281,139.30580139160156,322.66265869140625,156.62173461914062,457.0533752441406,235.6344451904297
2023-09-18,175.5950469970703,240.52804565429688,269.3455505371094,321.1200256347656,293.7493896484375,139.5960235595703,321.529296875,158.56996154785156,456.4524230957031,239.1435089111328
2023-09-19,176.68038940429688,241.58837890625,268.12799072265625,319.782470703125,291.2957458496094,139.4181671142578,321.1286926269531,158.89312744140625,451.3813171386719,238.0682830810547
2023-09-20,173.14813232421875,248.1237030029297,267.1117248535156,314.9281005859375,287.8236389160156,138.8284149169922,313.42901611328125,160.5562744140625,462.1527099609375,236.4066619873047
2023-09-21,171.60894775390625,246.2499237060547,260.80328369140625,308.8858337402344,284.02752685546875,137.7424774169922,312.2173156738281,160.2426300048828,470.61376953125,231.27496337890625
2023-09-22,172.45745849609375,244.6869659423828,261.7907409667969,306.6877746582031,283.07379150390625,136.4225616455078,309.7550964355469,159.5108642578125,475.27166748046875,229.77952575683594
2023-09-25,173.7302703857422,243.91912841796875,262.9507751464844,307.5762939453125,283.7774658203125,137.09654235839844,310.27288818359375,159.5108642578125,479.197021484375,228.09828186035156
2023-09-26,169.66526794433594,245.91175842285156,258.39678955078125,302.88092041015625,280.12017822265625,135.67367553710938,304.9965515136719,159.62490844726562,474.6612854003906,224.471923828125
2023-09-27,168.15567016601562,245.8568878173828,261.4552001953125,301.1318664550781,279.45361328125,136.4693603515625,305.6316223144531,159.58689880371094,473.0461120605469,224.32534790039062
2023-09-28,168.4121856689453,247.5387420654297,264.8395080566406,304.1717224121094,280.9997863769531,138.16375732421875,306.4621887207031,159.30178833007812,479.0280456542969,226.43663024902344
2023-09-29,168.92529296875,245.65582275390625,261.7332458496094,302.6470642089844,279.76837158203125,135.75790405273438,308.52386474609375,155.2056884765625,473.47802734375,224.8238067626953
2023-10-02,171.431396484375,243.4164276123047,260.5060729980469,297.9049072265625,277.61102294921875,134.58773803710938,314.4353942871094,154.21730041503906,483.22576904296875,226.055419921875
2023-10-03,170.09939575195312,238.57205200195312,257.8695373535156,286.3254699707031,270.3057861328125,133.59544372558594,306.2178649902344,152.9342803955078,478.43646240234375,223.65087890625
2023-10-04,171.3426055908203,242.62120056152344,254.09219360351562,288.6451110839844,270.722412109375,134.194580078125,311.66046142578125,154.43589782714844,479.5163269042969,226.0065460205078
2023-10-05,172.5758819580078,242.29214477539062,250.03668212890625,290.42218017578125,270.0835266113281,134.76036071777344,312.0512390136719,155.7473907470703,484.7846984863281,228.215576171875
2023-10-06,175.12147521972656,244.4766845703125,255.0605010986328,292.274169921875,271.1205139160156,136.8350830078125,319.7705078125,154.863525390625,492.8420715332031,229.7404022216797
2023-10-09,176.60147094726562,248.19679260253906,260.1033935546875,292.395751953125,273.4722595214844,136.52386474609375,322.2718811035156,155.1581268310547,494.4384765625,229.1539306640625
2023-10-10,176.0094757080078,247.93173217773438,261.9345397949219,294.4161071777344,277.0462646484375,137.35374450683594,320.8746032714844,154.17926025390625,492.3066711425781,231.26524353027344
2023-10-11,177.40065002441406,259.2200622558594,261.5703125,292.7792663574219,275.96295166015625,137.82528686523438,324.8123779296875,154.35032653808594,492.2033996582031,230.36593627929688
2023-10-12,178.29847717285156,260.5362548828125,258.483154296875,289.81427001953125,271.3056945800781,137.5045928955078,323.58123779296875,152.7537078857422,493.52752685546875,231.44117736816406
2023-10-13,176.4633026123047,259.6771240234375,256.8820495605469,289.2997741699219,270.2872314453125,139.56991577148438,320.2297668457031,156.0609893798828,506.5433044433594,232.3110809326172
2023-10-16,176.3350372314453,262.2181091308594,259.61444091796875,294.0606689453125,275.2962341308594,139.42843627929688,325.02734375,159.33026123046875,505.2567138671875,234.65699768066406
2023-10-17,174.78598022460938,259.9695739746094,261.39776611328125,289.3559265136719,274.00933837890625,139.1266632080078,324.4606018066406,160.95541381835938,503.96075439453125,235.76150512695312
2023-10-18,173.49349975585938,259.2017822265625,248.52194213867188,282.4344177246094,268.7317199707031,137.5989532470703,322.55523681640625,159.76744079589844,503.4067687988281,232.11561584472656
2023-10-19,173.1185760498047,256.4779357910156,242.4531707763672,279.8435363769531,265.51885986328125,137.0142364501953,323.7375793457031,155.8043975830078,499.24652099609375,228.5381622314453
2023-10-20,170.572998046875,254.84185791015625,240.15000915527344,280.6479187011719,265.185546875,134.8075408935547,319.1939697265625,153.57101440429688,494.9267272949219,228.11785888671875
2023-10-23,170.69140625,249.586181640625,238.3382568359375,279.8716735839844,263.9448547363281,132.96859741210938,321.7832946777344,151.29014587402344,489.79931640625,226.3095245361328
2023-10-24,171.12548828125,252.38307189941406,240.48728942871094,279.83416748046875,262.3152770996094,133.12892150878906,322.9656066894531,150.08316040039062,493.02032470703125,229.3592071533203
2023-10-25,168.81674194335938,248.76351928710938,236.04470825195312,277.5707092285156,260.11163330078125,132.4027862548828,332.87353515625,156.55517578125,497.9130554199219,231.5095977783203
2023-10-26,164.66293334960938,246.52413940429688,233.6258544921875,277.78582763671875,257.3987731933594,132.7422637939453,320.385986328125,156.29861450195312,496.17578125,226.06520080566406
2023-10-27,165.9751739501953,239.08389282226562,229.89639282226562,271.1636047363281,255.97288513183594,127.96110534667969,322.2620849609375,152.7061767578125,492.70111083984375,224.1005096435547
2023-10-30,168.01754760742188,240.56463623046875,233.36566162109375,281.3775634765625,260.62091064453125,129.59249877929688,329.5904846191406,157.2964630126953,497.7064514160156,227.8245849609375
2023-10-31,168.49114990234375,233.718505859375,217.8406982421875,283.9776916503906,263.5929870605469,131.1391143798828,330.3721618652344,159.13072204589844,502.9371643066406,229.79904174804688
2023-11-01,171.64840698242188,238.41664123535156,223.41079711914062,287.29815673828125,265.3892822265625,131.02598571777344,338.1499938964844,160.87939453125,499.2183837890625,233.20059204101562
2023-11-02,175.20040893554688,243.67233276367188,230.43606567382812,293.471435546875,272.7038269042969,133.36468505859375,340.3485412597656,160.56578063964844,503.47259521484375,237.7653045654297
2023-11-03,174.29266357421875,246.6612091064453,232.00689697265625,306.4351501464844,273.7037353515625,134.85467529296875,344.7259826660156,160.0525665283203,498.56103515625,238.10739135742188
2023-11-06,176.8382568359375,249.3759307861328,229.62655639648438,302.9651184082031,272.7408752441406,135.87318420410156,348.37060546875,161.13601684570312,500.9651184082031,237.99989318847656
2023-11-07,179.39369201660156,247.8037872314453,226.38856506347656,303.00250244140625,272.9260559082031,135.80714416503906,352.279052734375,161.55416870117188,505.06884765625,239.2510223388672
2023-11-08,180.4493865966797,249.76898193359375,226.29225158691406,303.5730285644531,273.99078369140625,136.47671508789062,354.88800048828125,160.1951141357422,504.0359191894531,238.91798400878906
2023-11-09,179.97579956054688,241.35984802246094,225.64654541015625,300.0375061035156,266.53729248046875,136.07119750976562,352.4353942871094,160.22366333007812,506.1676940917969,236.69444274902344
2023-11-10,184.15487670898438,244.3304443359375,230.97572326660156,304.461669921875,269.9816589355469,138.0893096923828,361.2099304199219,161.5256805419922,508.24310302734375,240.2305145263672
2023-11-13,182.57412719726562,243.76373291015625,232.89344787597656,305.7711181640625,266.7225341796875,137.47633361816406,358.28826904296875,162.5140380859375,509.5201721191406,239.6624298095703
2023-11-14,185.18234252929688,246.80751037597656,238.85867309570312,316.81744384765625,281.12945556640625,139.98480224609375,361.796142578125,160.32818603515625,507.5387268066406,241.885986328125
2023-11-15,185.74545288085938,249.5587158203125,241.97134399414062,315.76983642578125,285.35150146484375,141.21080017089844,361.94305419921875,161.12646484375,505.61358642578125,243.03199768066406
2023-11-16,187.4249725341797,247.8083953857422,239.19593811035156,314.90008544921875,283.7312316894531,142.82333374023438,368.30712890625,163.16981506347656,506.9377746582031,243.4825897216797
2023-11-17,187.4052276611328,244.4828338623047,243.8794708251953,317.2570495605469,284.4997253417969,144.11534118652344,362.11920166015625,163.29335021972656,503.62274169921875,244.45233154296875
2023-11-20,189.14402770996094,244.44595336914062,241.35462951660156,317.500244140625,285.35150146484375,144.55857849121094,369.550537109375,163.5594482421875,502.5051574707031,244.85394287109375
2023-11-21,188.34378051757812,242.115234375,240.35240173339844,313.3099670410156,282.7126770019531,144.25680541992188,365.2719421386719,166.37257385253906,506.7217712402344,247.06765747070312
2023-11-22,189.0057373046875,243.74581909179688,237.07583618164062,316.7425842285156,286.2866516113281,144.5963134765625,369.9520263671875,167.3419647216797,510.6376953125,248.52720642089844
2023-11-24,187.68185424804688,244.54727172851562,238.37681579589844,317.2196960449219,287.6755676269531,144.79432678222656,369.54083251953125,168.7294921875,513.774169921875,249.09535217285156
2023-11-27,187.50404357910156,243.45103454589844,238.4057159423828,315.8727722167969,287.8792419433594,144.4642791748047,370.69610595703125,169.7463836669922,510.4781494140625,248.9385986328125
2023-11-28,188.106689453125,244.60252380371094,238.51171875,315.8166198730469,290.1199035644531,144.79432678222656,374.7006530761719,168.0642547607422,507.6045837402344,247.76315307617188
2023-11-29,187.08909606933594,245.59750366210938,240.3909149169922,320.8712463378906,289.9055480957031,145.52992248535156,370.93109130859375,168.63446044921875,502.3924255371094,249.02671813964844
2023-11-30,187.66209411621094,248.3979949951172,241.61477661132812,322.0782775878906,292.20782470703125,147.18963623046875,370.9898986816406,171.65664672851562,519.2865600585938,251.42660522460938
2023-12-01,188.93655395507812,250.9866485595703,247.43548583984375,328.57568359375,297.9216613769531,147.90638732910156,366.6818542480469,172.9491424560547,515.58349609375,251.20130920410156
2023-12-04,187.14834594726562,251.0695343017578,245.49844360351562,329.4809875488281,302.02294921875,148.99087524414062,361.4241027832031,174.09910583496094,516.6387939453125,249.23245239257812
2023-12-05,191.09030151367188,249.53109741210938,245.92247009277344,322.27630615234375,301.53826904296875,148.9720001220703,364.73345947265625,174.54579162597656,518.504638671875,249.39898681640625
2023-12-06,190.0035400390625,248.13084411621094,246.6741485595703,322.4837646484375,303.97100830078125,147.40655517578125,361.0911560058594,174.0420684814453,517.8167724609375,249.0855255126953
2023-12-07,191.9300537109375,249.9364013671875,248.0618438720703,324.9827575683594,304.0269775390625,147.85923767089844,363.1962585449219,173.83189392089844,516.6294555664062,250.58424377441406
2023-12-08,193.3527069091797,247.91896057128906,250.075927734375,330.83892822265625,304.306640625,149.49066162109375,366.40771484375,173.21070861816406,518.0429077148438,250.50582885742188
2023-12-11,190.85321044921875,250.70103454589844,251.4443817138672,331.7159423828125,308.8367004394531,150.03762817382812,363.5389404296875,174.2523193359375,512.3042602539062,251.26991271972656
2023-12-12,192.36477661132812,252.40533447265625,251.93585205078125,332.5174865722656,310.57977294921875,151.37677001953125,366.5545654296875,175.50413513183594,514.2265625,254.2477264404297
2023-12-13,195.57565307617188,259.4342041015625,258.2383728027344,342.0608215332031,320.0873107910156,151.885986328125,366.5447998046875,176.99488830566406,517.3267211914062,257.010009765625
2023-12-14,195.7238311767578,254.5517578125,274.8136901855469,361.6189880371094,327.9263916015625,154.64910888671875,358.28118896484375,174.65365600585938,503.4091491699219,253.43472290039062
2023-12-15,195.1903533935547,253.7503204345703,275.3630065917969,358.82769775390625,329.9676818847656,155.8184814453125,362.98089599609375,174.69186401367188,500.46917724609375,252.7489471435547
2023-12-18,193.53057861328125,253.77793884277344,275.3341369628906,354.9518737792969,326.9942321777344,156.76150512695312,364.8606872558594,175.26524353027344,496.1628723144531,253.08201599121094
2023-12-19,194.5679168701172,256.5047302246094,282.3207702636719,360.6571350097656,328.168701171875,158.8550567626953,365.45794677734375,177.9122314453125,493.7977294921875,254.6688690185547
2023-12-20,192.48333740234375,253.5015106201172,279.1888122558594,356.0080871582031,324.9902038574219,157.06329345703125,362.8731384277344,175.67616271972656,486.15576171875,251.84779357910156
2023-12-21,192.33511352539062,257.3246154785156,279.5357666015625,358.8842468261719,325.2791442871094,157.95916748046875,365.7321472167969,177.32937622070312,489.8778076171875,254.22811889648438
2023-12-22,191.26817321777344,261.77410888671875,279.8152160644531,358.9596862792969,324.9249572753906,157.86485290527344,366.7503967285156,177.54913330078125,490.2829895019531,253.1407928466797
2023-12-26,190.7247314453125,261.53460693359375,284.893798828125,359.8649597167969,325.59600830078125,158.7984619140625,366.82867431640625,178.7818145751953,490.0192565917969,253.8558807373047
2023-12-27,190.82354736328125,263.9573974609375,287.2933654785156,362.5714111328125,324.8690185546875,159.7509002685547,366.25103759765625,180.243896484375,492.619873046875,253.6305694580078
2023-12-28,191.2483673095703,265.7353210449219,286.0984191894531,364.3914794921875,323.7784729003906,160.59967041015625,367.4357604980469,180.92237854003906,494.6081237792969,255.0704803466797
2023-12-29,190.2110137939453,265.3299865722656,284.932373046875,363.78790283203125,323.0234069824219,160.41107177734375,368.1798400878906,182.0308380126953,496.0874328613281,255.0215606689453
2024-01-02,183.4040069580078,273.9618835449219,282.0799255371094,366.1737976074219,321.6532287597656,162.2782745361328,363.11798095703125,182.9195556640625,508.2148742675781,253.57176208496094
2024-01-03,182.03074645996094,277.0019226074219,273.97528076171875,360.0347900390625,315.2962341308594,161.57102966308594,362.853515625,182.8048553466797,510.7496032714844,252.69998168945312
2024-01-04,179.71893310546875,279.2864990234375,275.7099304199219,361.128662109375,315.6037902832031,162.6432342529297,360.2491760253906,183.98983764648438,513.9439697265625,254.29660034179688
2024-01-05,178.9977264404297,279.12994384765625,278.43719482421875,364.4197692871094,319.65850830078125,163.459228515625,360.06317138671875,184.4962921142578,506.3678894042969,254.3750457763672
2024-01-08,183.32498168945312,286.3891296386719,281.6365661621094,366.7018737792969,324.3097229003906,163.22203063964844,366.85809326171875,183.77003479003906,505.5575866699219,257.16668701171875
2024-01-09,182.9100341796875,283.0543518066406,281.6751403808594,361.8736572265625,322.6878967285156,161.9315643310547,367.9350891113281,183.66488647460938,507.3008117675781,257.94049072265625
2024-01-10,183.9473876953125,280.57623291015625,282.69659423828125,360.1950378417969,332.57757568359375,162.273193359375,374.7691955566406,184.515380859375,506.6128845214844,259.14532470703125
2024-01-11,183.3546142578125,279.2220458984375,281.45343017578125,358.1109619140625,332.3258972167969,161.58998107910156,376.59033203125,186.21633911132812,508.5351867675781,258.6261901855469
2024-01-12,183.68063354492188,282.3634338378906,279.8633728027344,356.2249450683594,331.5616149902344,160.40394592285156,380.3500061035156,186.87571716308594,491.4137268066406,258.7633361816406
2024-01-16,181.41822814941406,279.5721130371094,276.79888916015625,358.7710876464844,334.0969543457031,159.39813232421875,382.1124572753906,187.97462463378906,489.1899719238281,259.8113708496094
2024-01-17,180.4796600341797,280.12481689453125,268.51123046875,355.6874084472656,331.5522766113281,158.5441436767578,381.3291015625,188.7295379638672,494.64581298828125,261.1730041503906
2024-01-18,186.35801696777344,280.5025634765625,271.6624450683594,355.4328308105469,333.6028747558594,158.85728454589844,385.6371765136719,189.5418243408203,486.5420837402344,262.65203857421875
2024-01-19,189.25271606445312,283.5610046386719,276.193359375,360.4214172363281,337.8067626953125,161.59947204589844,390.33685302734375,202.27027893066406,474.4996337890625,265.3556213378906
2024-01-22,191.55462646484375,285.72589111328125,279.4753723144531,363.96710205078125,332.4750671386719,161.4097137451172,388.2220153808594,204.363037109375,483.3854064941406,265.6495056152344
2024-01-23,192.82911682128906,285.49554443359375,279.6302795410156,359.0729064941406,326.96624755859375,160.34701538085938,390.5621032714844,201.61093139648438,485.76947021484375,265.70819091796875
2024-01-24,192.1573028564453,281.4329833984375,281.4213562011719,357.7809753417969,323.694580078125,161.77976989746094,394.1455383300781,201.61093139648438,483.611572265625,266.0902404785156
2024-01-25,191.83123779296875,285.8179626464844,291.1899719238281,360.8929748535156,327.1433410644531,164.094970703125,396.4072265625,202.12696838378906,464.9259948730469,267.0305480957031
2024-01-26,190.10232543945312,287.20904541015625,289.8926696777344,356.2627258300781,331.1794128417969,163.46875,395.48687744140625,202.04095458984375,474.1604309082031,262.4561462402344
2024-01-29,189.420654296875,288.75665283203125,293.59100341796875,358.87481689453125,331.5522766113281,163.8957061767578,401.1558532714844,201.74472045898438,475.4231262207031,268.05908203125
2024-01-30,185.7751007080078,289.83447265625,295.0528869628906,364.8252868652344,332.8572082519531,167.254638671875,400.0494689941406,204.0572509765625,474.5467224121094,271.4776611328125
2024-01-31,182.17893981933594,289.5028991699219,290.74462890625,362.12823486328125,328.998291015625,165.4423370361328,389.2696533203125,201.9740753173828,482.20758056640625,267.6672668457031
2024-02-01,184.60931396484375,298.9914855957031,297.88958740234375,361.9773864746094,335.6256103515625,164.8445281982422,395.3400573730469,202.60476684570312,477.873046875,271.37969970703125
2024-02-02,183.61148071289062,297.7293395996094,305.0539245605469,365.7588806152344,332.9784240722656,165.79342651367188,402.6245422363281,205.2804412841797,480.7846984863281,271.50701904296875
2024-02-05,185.41943359375,296.60552978515625,311.1628723144531,361.19464111328125,331.0302429199219,165.5751953125,397.1708984375,203.61769104003906,473.9342346191406,269.9397888183594
2024-02-06,187.0198974609375,291.1702880859375,312.4407958984375,363.0523986816406,332.06488037109375,166.1444854736328,397.0143127441406,203.55079650878906,481.1993103027344,271.0956115722656
2024-02-07,187.12860107421875,272.56158447265625,313.2831726074219,364.6272888183594,338.0677490234375,166.45758056640625,405.3953857421875,204.70706176757812,489.4161682128906,273.6717834472656
2024-02-08,186.0517578125,271.6219787597656,311.7438049316406,363.09954833984375,339.02777099609375,165.85983276367188,405.4540710449219,204.31524658203125,490.07562255859375,270.6394348144531
2024-02-09,186.81341552734375,268.185791015625,307.05792236328125,362.364013671875,338.4964904785156,166.05908203125,411.759521484375,204.97463989257812,488.3135681152344,271.27728271484375
2024-02-12,185.13174438476562,271.23504638671875,311.38555908203125,370.26654052734375,340.6403503417969,166.79922485351562,406.5800476074219,205.15615844726562,487.7671203613281,269.94268798828125
2024-02-13,183.0445098876953,267.59625244140625,302.8755187988281,357.16796875,333.3139343261719,165.34744262695312,397.82696533203125,206.36024475097656,487.0226745605469,270.6688537597656
2024-02-14,182.1641082763672,267.21856689453125,306.6222229003906,356.4984436035156,333.91058349609375,167.02691650390625,401.6720886230469,207.00047302246094,487.10748291015625,272.3862609863281
2024-02-15,181.87722778320312,268.3790283203125,312.77972412109375,363.4579162597656,336.5670166015625,170.67050170898438,398.7980041503906,209.29391479492188,490.8200988769531,275.7425231933594
2024-02-16,180.34396362304688,263.3934326171875,311.65667724609375,362.53375244140625,337.7508544921875,169.8734893798828,396.3457946777344,207.8700714111328,491.45147705078125,273.3675537109375
2024-02-20,179.60202026367188,263.2170104980469,303.74688720703125,362.6091613769531,337.9558410644531,170.53770446777344,395.1000061035156,210.32595825195312,490.98974609375,270.02117919921875
2024-02-21,180.35385131835938,263.1705627441406,307.0386047363281,366.1454772949219,339.4099426269531,171.6478729248047,394.50164794921875,209.73348999023438,491.84716796875,271.60113525390625
2024-02-22,182.38174438476562,264.7675476074219,311.8309020996094,368.2201843261719,346.1304626464844,173.70689392089844,403.79083251953125,212.42823791503906,496.11578369140625,278.46087646484375
2024-02-23,180.55169677734375,268.481201171875,313.56396484375,368.7671203613281,346.7084045410156,174.57981872558594,402.5058898925781,211.14773559570312,496.81298828125,278.3136901855469
2024-02-26,179.20635986328125,265.872314453125,315.01611328125,367.9844055175781,346.37286376953125,173.9820556640625,399.7593078613281,210.30682373046875,495.0038757324219,278.8533935546875
2024-02-27,180.66049194335938,258.5563049316406,317.1944885253906,368.5407409667969,350.06402587890625,174.0674285888672,399.70050048828125,212.02691650390625,483.79058837890625,277.89166259765625
2024-02-28,179.4635467529297,257.6000671386719,319.0629577636719,373.40325927734375,351.9748229980469,174.9498748779297,399.9359130859375,210.63172912597656,469.52435302734375,280.3057556152344
2024-02-29,178.80075073242188,254.2298583984375,323.3228759765625,369.48095703125,354.7711181640625,176.54391479492188,405.7428894042969,211.14773559570312,465.1143798828125,277.37152099609375
2024-03-01,177.72254943847656,260.26458740234375,325.9755859375,368.5788269042969,358.35052490234375,175.8133087158203,407.56732177734375,209.10279846191406,461.27935791015625,277.8818359375
2024-03-04,173.21170043945312,259.3919677734375,327.8634948730469,372.5199890136719,354.5474548339844,177.1322479248047,406.9984436035156,209.34164428710938,454.0613708496094,275.3008728027344
2024-03-05,168.285400390625,256.84808349609375,322.9065246582031,371.2474365234375,352.7577819824219,178.90660095214844,394.96270751953125,209.39901733398438,445.8446044921875,274.17230224609375
2024-03-06,167.2961883544922,256.7923278808594,324.9397277832031,369.9748229980469,353.92059326171875,179.83645629882812,394.4134216308594,210.8228759765625,445.32635498046875,275.20269775390625
2024-03-07,167.177490234375,253.329345703125,329.3834533691406,368.89215087890625,353.0860290527344,178.26136779785156,401.3287658691406,210.61167907714844,451.14971923828125,273.0732116699219
2024-03-08,168.8887939453125,254.15565490722656,328.38623046875,367.5245666503906,350.0854187011719,178.59347534179688,398.4644775390625,209.69972229003906,450.8375244140625,274.8199768066406
2024-03-11,170.8870391845703,255.650390625,324.3006896972656,366.736328125,348.36944580078125,178.65988159179688,396.7969665527344,210.2469024658203,462.7382507324219,275.330322265625
2024-03-12,171.3618927001953,256.74591064453125,326.49835205078125,368.6546936035156,351.2012634277344,180.13059997558594,407.3515625,211.62921142578125,462.9274597167969,278.6277160644531
2024-03-13,169.28453063964844,256.2353210449219,330.64208984375,372.5769958496094,355.3739929199219,181.59188842773438,407.1750183105469,214.537841796875,461.65032958984375,279.824951171875
2024-03-14,171.1343536376953,252.10386657714844,331.029296875,369.0630798339844,351.8857421875,178.3562469482422,417.1018371582031,212.5507354736328,462.5963134765625,281.0712890625
2024-03-15,170.7584228515625,249.6249237060547,335.9184875488281,367.7335205078125,349.97296142578125,180.5670928955078,408.46978759765625,212.08038330078125,464.31805419921875,277.7640686035156
2024-03-18,171.84658813476562,251.50965881347656,340.6914367675781,365.036376953125,348.7351379394531,182.80636596679688,409.35260009765625,213.03074645996094,460.7516784667969,279.73663330078125
2024-03-19,174.18115234375,252.2802276611328,342.6277160644531,369.1105651855469,355.7677917480469,183.87860107421875,413.364501953125,214.67225646972656,466.68310546875,281.99371337890625
2024-03-20,176.7432098388672,253.5057373046875,345.0965270996094,376.52777099609375,360.4562072753906,186.28868103027344,417.111572265625,215.977783203125,467.5439147949219,283.88775634765625
2024-03-21,169.52194213867188,257.1265869140625,352.94818115234375,392.90057373046875,370.57391357421875,188.87904357910156,421.1725769042969,217.07211303710938,465.1411437988281,284.9573974609375
2024-03-22,170.42210388183594,256.4024658203125,346.70361328125,386.3571472167969,365.9604797363281,186.5638427734375,420.5545959472656,215.45936584472656,463.60858154296875,277.9800109863281
2024-03-25,169.00755310058594,260.7196350097656,344.6124267578125,384.5717468261719,359.6122741699219,184.85589599609375,414.786865234375,216.49610900878906,459.64483642578125,275.9682312011719
2024-03-26,167.87982177734375,261.6015625,345.0384216308594,385.7493591308594,356.2553405761719,185.71934509277344,413.5998840332031,216.30413818359375,465.72760009765625,275.36956787109375
2024-03-27,171.4409942626953,265.8072814941406,353.0353088378906,394.3631591796875,361.8440246582031,189.31552124023438,413.3841552734375,219.6639404296875,466.4748840332031,273.81903076171875
2024-03-28,169.6307373046875,263.96905517578125,354.7586364746094,396.68035888671875,359.6966857910156,190.0556182861328,412.687744140625,220.92144775390625,467.98858642578125,273.8779296875
2024-04-01,168.1963653564453,262.7806396484375,352.154296875,392.710693359375,345.096923828125,188.76516723632812,416.46417236328125,219.02076721191406,463.2585754394531,273.0928039550781
2024-04-02,167.01919555664062,256.4395446777344,353.2095947265625,389.5196533203125,340.38037109375,188.6892852783203,413.3939514160156,218.7231903076172,433.4026794433594,273.2498779296875
2024-04-03,167.82046508789062,254.77772521972656,363.82049560546875,393.1760559082031,337.4735107421875,188.15792846679688,412.4228210449219,219.8847198486328,434.91619873046875,271.79742431640625
2024-04-04,166.9994659423828,248.9008026123047,358.0116271972656,385.8158264160156,335.3918762207031,186.726318359375,409.9018859863281,219.34716796875,430.79168701171875,268.892578125
2024-04-05,167.75123596191406,250.62765502929688,367.2186584472656,387.54425048828125,335.5700378417969,188.4442596435547,417.39605712890625,221.64141845703125,431.13226318359375,271.9740905761719
2024-04-08,166.63343811035156,249.9313201904297,361.5744323730469,389.8900451660156,339.4895324707031,189.42724609375,416.4837341308594,221.35342407226562,431.378173828125,272.58251953125
2024-04-09,167.84027099609375,251.00827026367188,360.05438232421875,390.051513671875,338.89886474609375,188.15794372558594,418.1416015625,214.8738250732422,434.8973388671875,271.5618896484375
2024-04-10,165.9706268310547,247.37815856933594,360.218994140625,380.60198974609375,328.7154846191406,186.55453491210938,415.17919921875,215.39219665527344,425.7494201660156,269.3636779785156
2024-04-11,173.15234375,250.674072265625,360.1319274902344,377.4869689941406,325.72430419921875,186.516357421875,419.7600402832031,211.5716094970703,417.86920166015625,270.541259765625
2024-04-12,174.6460723876953,248.1487274169922,353.9841003417969,369.8988342285156,321.50469970703125,174.45289611816406,413.8451843261719,212.24359130859375,415.48529052734375,270.8160400390625
2024-04-15,170.82766723632812,246.50543212890625,352.3189392089844,380.7159118652344,316.87255859375,174.54832458496094,405.7428894042969,212.20516967773438,421.56805419921875,266.22332763671875
2024-04-16,167.5533905029297,246.62611389160156,348.4172668457031,376.8981018066406,313.9656677246094,172.55364990234375,406.6648864746094,214.1826629638672,443.5721740722656,266.2920227050781
2024-04-17,166.18826293945312,245.16848754882812,346.90692138671875,383.5935363769531,312.09027099609375,171.86648559570312,403.9772033691406,198.30519104003906,453.12677001953125,267.6070556640625
2024-04-18,165.2386016845703,243.94302368164062,346.5293884277344,382.833740234375,312.1466369628906,172.9831085205078,396.5517578125,201.9913787841797,466.5506286621094,266.3116455078125
2024-04-19,163.22064208984375,249.68060302734375,344.6151428222656,383.6789855957031,314.46270751953125,177.32559204101562,391.5000915527344,205.49517822265625,474.0714111328125,264.75128173828125
2024-04-22,164.0515594482422,252.4473419189453,347.48162841796875,396.3575134277344,315.16595458984375,180.7709503173828,393.3049621582031,205.68714904785156,464.7059631347656,267.25372314453125
2024-04-23,165.1001434326172,253.96066284179688,352.96185302734375,402.6730041503906,317.8758850097656,183.37640380859375,399.78875732421875,205.73513793945312,459.9286193847656,269.00048828125
2024-04-24,167.19729614257812,253.4686279296875,353.2242126464844,401.7613220214844,312.2591552734375,184.2735595703125,401.2502746582031,204.8807830810547,460.9881286621094,269.8935546875
2024-04-25,168.05787658691406,250.0984649658203,328.4270324707031,398.92169189453125,311.2933044433594,184.55032348632812,391.4216003417969,205.41836547851562,467.19390869140625,270.0309753417969
2024-04-26,167.47425842285156,250.655517578125,333.6546630859375,406.0634765625,314.20953369140625,184.66485595703125,398.5626525878906,204.89999389648438,468.6034851074219,269.40289306640625
2024-04-29,171.6289520263672,256.59735107421875,339.89276123046875,409.1404724121094,315.8128967285156,184.46441650390625,394.5703125,204.3720245361328,462.6247253417969,266.7727966308594
2024-04-30,168.49314880371094,254.33204650878906,325.0941467285156,405.2467041015625,313.39373779296875,182.99468994140625,381.89697265625,203.66168212890625,457.5825500488281,263.6030578613281
2024-05-01,167.47425842285156,257.5165100097656,321.69329833984375,405.47467041015625,311.283935546875,183.10919189453125,387.39984130859375,204.61203002929688,457.9703674316406,262.33709716796875
2024-05-02,171.16403198242188,258.4635314941406,325.9395446777344,410.8118896484375,314.6221008300781,182.91831970214844,390.2445373535156,205.7831268310547,466.3519592285156,262.6217041015625
2024-05-03,181.4024200439453,289.0086364746094,327.2124328613281,416.1397399902344,321.4859619140625,181.82077026367188,398.8961181640625,205.2839813232422,465.860107421875,263.48529052734375
2024-05-06,179.75042724609375,278.0439758300781,332.4108581542969,421.3536071777344,320.96087646484375,183.2427978515625,405.6448059082031,207.261474609375,467.6859130859375,267.5874328613281
2024-05-07,180.43296813964844,278.80523681640625,335.2287292480469,421.4770812988281,319.4605407714844,183.00424194335938,401.52496337890625,208.27899169921875,473.9105529785156,271.3067321777344
2024-05-08,180.76934814453125,285.3135070800781,334.7428894042969,424.4686584472656,317.7164306640625,186.726318359375,402.7020568847656,208.63418579101562,476.03912353515625,272.0231628417969
2024-05-09,182.57957458496094,290.46624755859375,341.81671142578125,432.6456298828125,325.7899475097656,188.49192810058594,404.44805908203125,210.63084411621094,479.65283203125,273.3479919433594
2024-05-10,181.32159423828125,287.9501647949219,344.7414245605469,431.8573303222656,324.8428649902344,189.7040252685547,406.8218994140625,209.74774169921875,485.1206970214844,275.5069274902344
2024-05-13,184.5210723876953,286.3719177246094,346.5779113769531,430.7461242675781,319.7137451171875,189.66586303710938,405.8213195800781,207.9046173095703,484.10845947265625,274.18212890625
2024-05-14,185.6602020263672,289.1200256347656,348.0354919433594,435.4092102050781,319.28240966796875,192.31906127929688,408.6071472167969,208.87417602539062,486.13299560546875,272.5628662109375
2024-05-15,187.92860412597656,296.2038879394531,349.8427734375,442.64593505859375,326.94329833984375,192.89169311523438,415.7511901855469,205.7639617919922,489.6047668457031,276.2527770996094
2024-05-16,188.04745483398438,294.2684020996094,340.7867736816406,441.1549072265625,321.3734436035156,193.2352752685547,413.6974182128906,210.4388885498047,493.1240234375,275.1319580078125
2024-05-17,188.07717895507812,292.1646423339844,346.1795959472656,444.1939392089844,322.7611999511719,195.44944763183594,412.9308776855469,210.9092559814453,496.30242919921875,275.3876037597656
2024-05-20,189.23611450195312,294.10009765625,352.47607421875,439.654296875,316.7694396972656,186.65951538085938,417.9720458984375,206.9638671875,489.3020324707031,273.8538513183594
2024-05-21,190.53375244140625,294.3900146484375,348.9002685546875,446.7486572265625,315.2034606933594,190.41983032226562,421.6079406738281,207.5878448486328,495.28076171875,271.30743408203125
2024-05-22,189.0974578857422,289.3034362792969,345.85894775390625,439.12249755859375,309.9898681640625,189.26502990722656,423.06231689453125,207.86622619628906,493.19952392578125,270.9436340332031
2024-05-23,185.1154022216797,286.58258056640625,340.7673645019531,435.1052551269531,306.5205078125,187.9384002685547,419.6033020019531,203.7384796142578,488.9237060546875,269.61639404296875
2024-05-24,188.18614196777344,285.9654235839844,339.01824951171875,437.98284912109375,304.842041015625,191.55555725097656,422.70849609375,204.78482055664062,480.7312316894531,269.8720397949219
2024-05-28,188.19606018066406,280.6826171875,336.6571044921875,436.6817932128906,308.2176818847656,190.4007568359375,422.8658142089844,201.94337463378906,476.48370361328125,266.4210510253906
2024-05-29,188.4932403564453,277.1108093261719,328.53387451171875,434.1746520996094,305.6015319824219,189.07411193847656,421.7357177734375,201.6553955078125,458.5474853515625,264.33673095703125
2024-05-30,189.4837646484375,281.4399719238281,329.6416015625,430.1712646484375,310.81353759765625,190.23849487304688,407.4869384765625,203.9784698486328,455.6431884765625,266.73565673828125
2024-05-31,190.43472290039062,285.9748229980469,328.9322509765625,436.1809997558594,316.18609619140625,193.3879852294922,407.93890380859375,207.0598907470703,468.6223449707031,267.8761291503906
2024-06-03,192.19789123535156,287.44281005859375,321.97509765625,434.7096252441406,309.7088317871094,192.61492919921875,406.35675048828125,201.9145965576172,470.58062744140625,265.83111572265625
2024-06-04,192.51487731933594,287.3960266113281,318.29241943359375,435.0153503417969,309.9449157714844,190.0762176513672,408.8626708984375,201.24264526367188,478.1959533691406,267.83685302734375
2024-06-05,194.02052307128906,287.4053955078125,320.1191711425781,441.1111145019531,311.8333740234375,188.26292419433594,416.6650390625,200.0618896484375,475.9539489746094,269.8818054199219
2024-06-06,192.64364624023438,285.8252258300781,318.9920349121094,437.69061279296875,312.6264343261719,187.92886352539062,417.1662292480469,201.309814453125,474.8187561035156,272.3791198730469
2024-06-07,195.03089904785156,285.19873046875,319.6235656738281,434.6427307128906,308.78350830078125,190.83021545410156,416.5079040527344,204.4200439453125,464.195068359375,273.981689453125
2024-06-10,191.29647827148438,284.91827392578125,320.2746276855469,433.3433532714844,314.0050354003906,190.50570678710938,420.45819091796875,205.48121643066406,468.2723388671875,270.4127502441406
2024-06-11,205.1940155029297,281.1594543457031,318.039794921875,424.4767761230469,316.98870849609375,185.49517822265625,425.1849060058594,202.01792907714844,469.42645263671875,270.04901123046875
2024-06-12,211.05813598632812,281.5148010253906,319.4195861816406,428.70941162109375,324.93890380859375,182.79425048828125,433.4197082519531,199.94383239746094,466.44659423828125,265.77215576171875
2024-06-13,212.21707153320312,279.1024475097656,317.11663818359375,426.464111328125,328.47015380859375,184.82711791992188,433.9307556152344,199.76052856445312,470.44818115234375,266.6274719238281
2024-06-14,210.4835968017578,279.2146301269531,312.36517333984375,426.56915283203125,327.4882507324219,184.94161987304688,434.90362548828125,198.5836181640625,470.27789306640625,266.1064453125
2024-06-17,214.6241455078125,283.57177734375,313.268798828125,430.12347412109375,329.99981689453125,186.08689880371094,440.6030578613281,200.7831268310547,464.7773132324219,266.6077880859375
2024-06-18,212.26658630371094,286.105712890625,315.9312438964844,437.0504455566406,334.1260070800781,188.01475524902344,438.6082763671875,201.1497039794922,457.0061340332031,269.0166015625
2024-06-20,207.7001190185547,289.7522888183594,319.80828857421875,437.642822265625,333.7200012207031,189.60861206054688,437.9793701171875,204.48757934570312,460.3027648925781,272.1628112792969
2024-06-21,205.5308074951172,288.1347351074219,318.55474853515625,430.12347412109375,335.9483337402344,187.34671020507812,441.9886779785156,202.39418029785156,458.46917724609375,270.5896911621094
2024-06-24,206.1746826171875,297.47552490234375,320.65362548828125,441.5028381347656,331.3028259277344,189.80905151367188,439.915283203125,203.63861083984375,465.4898986816406,271.6514892578125
2024-06-25,207.09588623046875,298.5601501464844,318.1272277832031,437.002685546875,319.4436340332031,189.0359649658203,443.1384582519531,201.352294921875,460.28369140625,268.9280700683594
2024-06-26,211.2364044189453,292.491943359375,317.4761962890625,435.5504150390625,322.748291015625,188.42510986328125,444.32745361328125,198.4774627685547,459.8467102050781,268.9969787597656
2024-06-27,212.07839965820312,293.30535888671875,318.18548583984375,426.09149169921875,322.4367370605469,190.08578491210938,445.0054931640625,199.64476013183594,462.12677001953125,262.10491943359375
2024-06-28,208.63124084472656,292.1459655761719,323.665771484375,432.16815185546875,325.0332946777344,193.03485107421875,439.2077331542969,196.1621856689453,483.8061828613281,258.05419921875
2024-07-01,214.70338439941406,290.7994689941406,319.7596435546875,443.0029296875,317.43243408203125,196.07937622070312,448.8182678222656,195.80523681640625,469.9263610839844,258.8112487792969
2024-07-02,218.1901397705078,290.5750732421875,318.4770812988281,444.8659973144531,316.2805480957031,199.30517578125,451.3240966796875,196.47093200683594,473.3369445800781,263.71728515625
2024-07-03,219.4580535888672,289.2754211425781,321.2463073730469,447.0731506347656,315.0247497558594,199.17156982421875,452.7882995605469,196.49984741210938,465.404296875,264.4645080566406
2024-07-05,224.2028045654297,290.67791748046875,319.0503234863281,444.0443420410156,315.9123229980469,196.532470703125,459.4606628417969,194.7440948486328,463.6183166503906,265.81146240234375
2024-07-08,225.66885375976562,291.22021484375,319.7402038574219,444.1112365722656,320.6521911621094,196.89710998535156,458.16357421875,197.020751953125,464.8818359375,261.9180603027344
2024-07-09,226.52072143554688,295.381103515625,316.8251647949219,451.7643737792969,318.2822570800781,199.25794982910156,451.5796203613281,195.96925354003906,467.5133361816406,260.9742431640625
2024-07-10,230.78012084960938,300.7668151855469,319.1766052246094,457.55438232421875,324.9766540527344,199.42111206054688,458.1733703613281,199.87628173828125,475.89251708984375,258.5752258300781
2024-07-11,225.42123413085938,303.96453857421875,321.7515563964844,457.8792419433594,334.0505065917969,199.08522033691406,446.82342529296875,201.57415771484375,479.15106201171875,258.1328125
2024-07-12,228.36314392089844,309.3315124511719,326.0852355957031,458.5002746582031,339.6968078613281,196.67642211914062,445.693359375,204.13063049316406,485.96270751953125,261.2691650390625
2024-07-15,232.18670654296875,308.6957092285156,335.9768981933594,470.3000793457031,338.45989990234375,201.58035278320312,446.09625244140625,205.86709594726562,489.6107177734375,263.9336242675781
2024-07-16,232.60275268554688,311.4914245605469,350.3674621582031,480.60931396484375,348.5251159667969,205.00640869140625,441.733154296875,210.1021270751953,521.4363403320312,264.72015380859375
2024-07-17,226.71884155273438,313.85699462890625,347.6662292480469,479.8067932128906,351.1405944824219,208.12538146972656,435.8371276855469,213.005859375,544.6264038085938,268.1120910644531
2024-07-18,222.06320190429688,309.4624328613281,345.9463806152344,464.54827880859375,345.65472412109375,201.51316833496094,432.7416687011719,212.8129425048828,536.1331787109375,264.621826171875
2024-07-19,222.19198608398438,309.76165771484375,337.7842712402344,463.3252868652344,343.08648681640625,201.32127380371094,429.53814697265625,196.29725646972656,537.07373046875,260.9939270019531
2024-07-22,221.8452911376953,314.1374816894531,339.3940734863281,465.3412780761719,342.98260498046875,201.80111694335938,435.2672119140625,198.1687774658203,530.6137084960938,263.2060546875
2024-07-23,222.88534545898438,311.58489990234375,335.7842102050781,470.2236022949219,339.55511474609375,201.84909057617188,437.14410400390625,201.1689910888672,526.97509765625,260.3351745605469
2024-07-24,216.4764404296875,313.8008728027344,327.8523254394531,465.01641845703125,330.7646179199219,200.17926025390625,421.4703674316406,200.39720153808594,531.7725219726562,249.8938751220703
2024-07-25,215.43638610839844,312.5760192871094,335.9110107421875,469.80322265625,333.578369140625,200.25599670410156,411.15234375,201.84426879882812,531.7059936523438,249.47109985351562
2024-07-26,215.90196228027344,313.09033203125,341.94049072265625,476.7970886230469,339.4513244628906,203.68206787109375,417.9032287597656,206.30120849609375,541.2442626953125,255.09483337402344
2024-07-29,216.17929077148438,310.9023742675781,336.1354064941406,470.76824951171875,341.4908142089844,202.3480987548828,419.3379821777344,206.37835693359375,538.4227905273438,257.1988525390625
2024-07-30,216.7340087890625,311.622314453125,333.3939208984375,483.14129638671875,343.3981018066406,206.51312255859375,415.59393310546875,212.63926696777344,547.5238647460938,258.67364501953125
2024-07-31,219.9830322265625,310.8649597167969,337.7648010253906,486.3515930175781,347.61871337890625,204.21949768066406,411.1031799316406,208.79978942871094,547.3623046875,261.2004089355469
2024-08-01,216.29815673828125,313.7261657714844,323.44244384765625,477.8385314941406,338.5732116699219,199.57464599609375,409.88458251953125,204.5647430419922,544.141845703125,261.4560241699219
2024-08-02,217.7840118408203,312.2861633300781,313.05194091796875,449.67193603515625,335.5989685058594,191.1102752685547,401.4139099121094,206.95716857910156,560.34912109375,262.0950012207031
2024-08-05,207.2939910888672,304.08612060546875,309.0810241699219,438.569580078125,330.4814147949219,187.041259765625,388.30499267578125,201.24618530273438,541.4722290039062,252.1256561279297
2024-08-06,205.2732391357422,307.57373046875,318.48626708984375,449.2706298828125,334.1637878417969,192.2618865966797,392.6877136230469,200.9278106689453,539.9426879882812,253.91506958007812
2024-08-07,207.83880615234375,292.192626953125,317.86175537109375,451.9363708496094,323.29595947265625,192.31948852539062,391.5281677246094,201.97933959960938,537.7861938476562,252.20431518554688
2024-08-08,211.2958526611328,303.5905456542969,327.9693908691406,464.1278076171875,328.90460205078125,195.83189392089844,395.7143859863281,204.20779418945312,537.938232421875,255.45860290527344
2024-08-09,214.1981964111328,301.5334777832031,330.0182189941406,468.4178771972656,329.18780517578125,197.5017547607422,398.9866638183594,204.9795684814453,530.83203125,255.90191650390625
2024-08-12,215.7254180908203,299.205322265625,327.84259033203125,463.869873046875,326.515625,197.8760223388672,399.76300048828125,202.32664489746094,537.0355834960938,256.0299987792969
2024-08-13,219.4344024658203,302.4311218261719,330.5450439453125,470.0229797363281,330.5380859375,199.55545043945312,406.83831787109375,203.43605041503906,545.5382690429688,256.26641845703125
2024-08-14,219.88064575195312,301.75787353515625,329.3645324707031,476.4818115234375,335.816162109375,201.76271057128906,409.6389465332031,206.53273010253906,550.6968994140625,257.2614440917969
2024-08-15,222.8557586669922,304.2450256347656,337.2184753417969,476.7875061035156,339.9801025390625,203.01991271972656,414.482421875,208.79010009765625,550.6397705078125,262.8373718261719
2024-08-16,224.1747283935547,302.64447021484375,335.11102294921875,481.7940673828125,341.8590393066406,205.34231567382812,411.9622802734375,208.92518615722656,548.806396484375,263.4087219238281
2024-08-19,224.0160675048828,308.7925720214844,336.25250244140625,482.19537353515625,342.8127136230469,206.76263427734375,414.9746398925781,211.22117614746094,549.8515014648438,262.5122985839844
2024-08-20,224.6309051513672,309.33868408203125,334.9354248046875,475.182373046875,346.7782897949219,205.87014770507812,418.1937255859375,209.35928344726562,551.6279296875,264.05902099609375
2024-08-21,224.52183532714844,309.90362548828125,334.6134338378906,474.3415832519531,349.79034423828125,205.9468994140625,417.5440368652344,209.26283264160156,549.1769409179688,264.2165832519531
2024-08-22,222.66732788085938,305.5537414550781,334.018310546875,475.57415771484375,344.9749450683594,207.8950653076172,409.0876159667969,210.16966247558594,549.7943115234375,263.96044921875
2024-08-23,224.9581756591797,309.5740661621094,339.9208984375,486.72418212890625,354.6341552734375,209.50730895996094,410.3083801269531,213.9898681640625,555.2951049804688,263.4678649902344
2024-08-26,225.29534912109375,307.67218017578125,342.6038818359375,485.2432556152344,353.2367248535156,210.3326416015625,407.0596618652344,214.9159698486328,557.7840576171875,264.2264404296875
2024-08-27,226.1383056640625,307.8133850097656,342.56488037109375,484.6604309082031,352.358642578125,211.30191040039062,407.404296875,215.74559020996094,557.9930419921875,266.6991271972656
2024-08-28,224.61109924316406,310.2237243652344,339.7160339355469,480.9054870605469,351.8959655761719,212.3671417236328,404.21466064453125,216.478759765625,559.1235961914062,265.19189453125
2024-08-29,227.88369750976562,311.6548767089844,343.07220458984375,487.3739013671875,348.6851806640625,213.25006103515625,406.69549560546875,218.3406524658203,562.0021362304688,270.24566650390625
2024-08-30,227.10028076171875,314.3099060058594,347.423583984375,490.4013366699219,350.05303955078125,215.73562622070312,410.6529846191406,220.01925659179688,560.7006225585938,272.2652587890625
2024-09-03,220.92193603515625,311.18414306640625,331.9499816894531,468.49786376953125,346.48126220703125,211.4170684814453,403.07269287109375,219.8262939453125,568.7567749023438,274.40301513671875
2024-09-04,219.01788330078125,311.3065185546875,328.5450134277344,471.55419921875,346.414794921875,210.4862060546875,402.54107666015625,223.25096130371094,573.9818115234375,276.32403564453125
2024-09-05,220.53517150878906,305.3936767578125,325.4327087402344,468.90155029296875,343.7359619140625,208.85475158691406,402.03900146484375,223.6658172607422,565.7261352539062,274.4818115234375
2024-09-06,218.9881134033203,301.8159484863281,321.3349914550781,460.9532165527344,342.0260009765625,203.89320373535156,395.4530334472656,226.18368530273438,567.0468139648438,275.220703125
2024-09-09,219.07737731933594,306.8625183105469,325.90106201171875,469.5646667480469,347.22222900390625,208.06777954101562,399.4105224609375,232.58929443359375,564.4057006835938,281.3680114746094
2024-09-10,218.28399658203125,309.6965026855469,326.0181579589844,448.958740234375,352.3044128417969,197.27139282226562,407.7586669921875,231.42657470703125,569.0892944335938,281.10198974609375
2024-09-11,220.8128662109375,310.68511962890625,326.8376159667969,452.8415832519531,351.94342041015625,198.8740692138672,416.4612121582031,224.11123657226562,560.2730712890625,279.7425231933594
2024-09-12,220.92193603515625,310.7604064941406,331.3060607910156,455.6191711425781,355.6861877441406,198.26950073242188,420.359619140625,226.83387756347656,559.009521484375,281.13153076171875
2024-09-13,220.6541748046875,313.0106506347656,336.896484375,460.3573913574219,360.9678649902344,196.08143615722656,423.8937683105469,230.43829345703125,564.6145629882812,283.0821533203125
2024-09-16,214.52545166015625,315.65631103515625,339.48187255859375,466.2873229980469,362.8867492675781,199.4786834716797,424.6321105957031,234.73057556152344,561.6783447265625,286.1656799316406
2024-09-17,214.99154663085938,313.3402099609375,345.072265625,466.50848388671875,364.0552062988281,200.81263732910156,428.3828125,234.03298950195312,551.0194091796875,287.2296447753906
2024-09-18,218.8591766357422,313.4532165527344,346.4674377441406,465.72991943359375,364.78662109375,199.1619873046875,424.1103210449219,232.29859924316406,553.5840454101562,284.1953430175781
2024-09-19,226.97134399414062,316.3060302734375,364.2142028808594,484.2310485839844,370.7998046875,201.99302673339844,431.8678283691406,230.196044921875,550.1708374023438,281.0035095214844
2024-09-20,226.30690002441406,317.6523742675781,359.8336181640625,479.0411071777344,370.3437805175781,202.5784454345703,428.5010070800781,231.11651611328125,548.1973876953125,280.54046630859375
2024-09-23,224.59124755859375,315.9858703613281,362.12640380859375,478.060791015625,372.338623046875,202.91433715820312,426.76837158203125,231.91104125976562,546.6815185546875,284.3431396484375
2024-09-24,225.48379516601562,311.5701599121094,376.5267333984375,478.6470642089844,380.6031799316406,203.0582733154297,422.495849609375,230.58360290527344,548.3784790039062,268.7285461425781
2024-09-25,224.4920654296875,294.5661315917969,369.0338134765625,472.0347595214844,377.0598449707031,201.71473693847656,425.39007568359375,228.97520446777344,549.4462890625,265.62530517578125
2024-09-26,225.63255310058594,300.4412841796875,381.4342041015625,477.5899353027344,376.8414001464844,201.32127380371094,424.6025695800781,228.71360778808594,548.0161743164062,267.6547546386719
2024-09-27,225.9002685546875,303.8025207519531,381.55126953125,479.11810302734375,379.5297546386719,202.0122528076172,421.3636779785156,228.77175903320312,554.72802734375,271.0830383300781
2024-09-30,231.06704711914062,303.3694152832031,381.59027099609375,475.85028076171875,384.9158935546875,202.35769653320312,423.6082763671875,226.8435821533203,557.4260864257812,270.8663330078125
2024-10-01,224.33340454101562,301.5899353027344,382.8293151855469,471.10247802734375,388.5731506347656,198.6917266845703,414.147705078125,227.81248474121094,556.1104125976562,273.4769592285156
2024-10-02,224.898681640625,301.034423828125,384.44879150390625,472.8516845703125,390.6725158691406,198.931640625,410.64306640625,227.75436401367188,564.7005615234375,272.8858947753906
2024-10-03,223.79788208007812,298.916015625,381.56103515625,467.1907653808594,390.97650146484375,196.9547119140625,410.062255859375,226.049072265625,565.1199951171875,272.7479553222656
2024-10-04,224.9185028076172,300.9685363769531,387.4148254394531,475.8983459472656,387.9176940917969,203.94537353515625,409.58966064453125,228.86863708496094,563.6422729492188,273.8020935058594
2024-10-07,219.8509063720703,298.88775634765625,388.5465393066406,475.37939453125,387.6326904296875,203.66534423828125,403.1711120605469,218.9468994140625,556.3583374023438,269.72357177734375
2024-10-08,223.89706420898438,299.10430908203125,378.50726318359375,477.2535095214844,393.44635009765625,203.49154663085938,408.2607116699219,223.1810760498047,554.4706420898438,270.8761901855469
2024-10-09,227.6357879638672,303.5577392578125,386.5367126464844,485.528564453125,395.24169921875,206.06959533691406,410.96795654296875,224.27593994140625,563.6611938476562,272.8169250488281
2024-10-10,227.13990783691406,302.2395935058594,386.9757995605469,484.1253662109375,389.43756103515625,205.50958251953125,409.3731384277344,225.95216369628906,569.8392944335938,273.3489074707031
2024-10-11,225.6623077392578,309.15045166015625,392.2246398925781,496.2160339355469,391.280517578125,214.6341094970703,409.8456726074219,229.22715759277344,570.1728515625,273.71343994140625
2024-10-14,229.38119506835938,305.63848876953125,384.351318359375,502.4151306152344,394.6242980957031,213.85198974609375,412.621826171875,232.65708923339844,577.1802368164062,276.51116943359375
2024-10-15,231.9100341796875,306.0810241699219,378.5365295410156,502.05950927734375,394.7762451171875,214.7306671142578,412.22802734375,233.39349365234375,530.3594970703125,275.1418762207031
2024-10-16,229.857177734375,302.82330322265625,384.0293884277344,509.2486267089844,397.654541015625,215.93760681152344,409.6487731933594,235.399169921875,544.7080078125,283.2496337890625
2024-10-17,230.22413635253906,302.5408630371094,384.878173828125,508.4220275878906,394.79522705078125,216.6907501220703,410.239501953125,256.5894470214844,539.6455078125,286.0770568847656
2024-10-18,233.05050659179688,302.8515625,384.2635498046875,507.94140625,394.22528076171875,217.60801696777344,411.65704345703125,257.1998596191406,543.0585327148438,286.3035888671875
2024-10-21,234.51820373535156,298.21923828125,382.3346252441406,497.6576843261719,386.0557861328125,215.3196563720703,412.26739501953125,251.62857055664062,544.8319091796875,282.5895690917969
2024-10-22,233.9033660888672,300.9685363769531,380.35675048828125,498.1382141113281,381.73358154296875,216.4010467529297,420.86163330078125,251.16346740722656,543.2969360351562,280.5601806640625
2024-10-23,228.84567260742188,296.48687744140625,377.6837158203125,497.0810546875,379.6342468261719,215.71554565429688,417.9969177246094,249.3516082763672,538.3203125,279.54547119140625
2024-10-24,228.6572265625,297.23065185546875,378.9859619140625,504.09698486328125,382.5219421386719,217.2314453125,418.1249084472656,248.45053100585938,534.6687622070312,279.0135192871094
2024-10-25,229.4902801513672,298.4451904296875,377.9186706542969,492.659912109375,378.9407653808594,214.65341186523438,421.49169921875,242.71449279785156,538.2440185546875,277.545654296875
2024-10-28,231.4637451171875,298.6241455078125,382.4618835449219,503.21282958984375,382.7215270996094,217.73355102539062,419.9559631347656,244.52638244628906,538.8922729492188,279.9691162109375
2024-10-29,231.7315216064453,297.5225524902344,379.4266052246094,503.8856201171875,375.2929992675781,215.2230987548828,425.2326354980469,240.94134521484375,535.9271850585938,277.69342041015625
2024-10-30,228.191162109375,297.0894470214844,371.3290710449219,504.00091552734375,372.87060546875,216.6810760498047,425.8035888671875,242.31724548339844,536.7185668945312,285.85040283203125
2024-10-31,224.03587341308594,301.4393005371094,368.3525390625,497.6481018066406,374.0390625,214.27684020996094,400.03070068359375,238.29620361328125,538.1868286132812,285.5450134277344
2024-11-01,221.06080627441406,300.5542297363281,371.7109375,499.1473388671875,372.9371337890625,215.26173400878906,403.98822021484375,238.0055389404297,541.1041259765625,286.4217834472656
2024-11-04,220.1682586669922,298.37933349609375,368.66583251953125,491.5738830566406,375.7679443359375,212.21055603027344,402.1079406738281,235.26348876953125,531.7705078125,287.5153503417969
2024-11-05,221.59629821777344,300.62017822265625,375.3729248046875,506.46136474609375,380.06170654296875,213.8616485595703,405.06121826171875,237.2304229736328,540.598876953125,288.9339294433594
2024-11-06,220.87234497070312,302.9739685058594,408.18389892578125,572.7964477539062,368.9283447265625,238.55101013183594,413.6456298828125,246.05726623535156,568.8762817382812,302.8343811035156
2024-11-07,225.59288024902344,303.08697509765625,399.69476318359375,559.523681640625,379.4442138671875,228.2388458251953,418.81402587890625,244.43917846679688,577.22802734375,301.2581481933594
2024-11-08,225.32479858398438,306.2599182128906,385.1643371582031,566.337890625,385.5808410644531,228.81817626953125,415.9689025878906,248.90591430664062,587.1051025390625,303.29736328125
2024-11-11,222.61447143554688,302.9927978515625,388.2681884765625,578.9090576171875,387.8511657714844,231.0486297607422,411.5093994140625,250.33021545410156,596.1050415039062,306.3020935058594
2024-11-12,222.61447143554688,281.36590576171875,384.81182861328125,569.5383911132812,382.9020080566406,231.30929565429688,416.45135498046875,249.9716796875,586.0181274414062,305.82830810546875
2024-11-13,223.49806213378906,283.81390380859375,378.9957580566406,571.1050415039062,389.6560974121094,232.8542022705078,418.58758544921875,248.6927490234375,577.62841796875,305.463134765625
2024-11-14,226.5757598876953,278.6260681152344,379.2796936035156,565.7130737304688,385.40985107421875,233.5397491455078,420.25128173828125,248.54737854003906,565.5014038085938,304.2490539550781
2024-11-15,223.3789520263672,267.0264587402344,376.058349609375,570.451416015625,387.7466735839844,236.8612823486328,408.54620361328125,252.71377563476562,564.6241455078125,305.62103271484375
2024-11-18,226.377197265625,264.5589599609375,376.440185546875,565.1173095703125,389.8935852050781,236.5908966064453,409.29443359375,254.52565002441406,562.16455078125,308.1083679199219
2024-11-19,226.63531494140625,265.68829345703125,374.3545837402344,558.7644653320312,386.4357604980469,234.71771240234375,411.2928466796875,251.21189880371094,550.1041259765625,307.8023986816406
2024-11-20,227.35011291503906,273.204833984375,373.54193115234375,559.2930297851562,379.9761657714844,232.48728942871094,409.0285949707031,249.19654846191406,572.5086669921875,303.4002685546875
2024-11-21,226.8735809326172,275.1314392089844,381.4631652832031,572.92138671875,389.903076171875,236.33021545410156,407.26287841796875,252.7040557861328,569.6389770507812,305.8776550292969
2024-11-22,228.2138671875,279.52557373046875,389.1983947753906,579.3320922851562,398.9749755859375,239.98968505859375,411.33685302734375,254.3125,563.3276977539062,305.8974609375
2024-11-25,231.19224548339844,279.0225524902344,397.18817138671875,579.5723266601562,407.2109680175781,241.66973876953125,413.1025390625,253.101318359375,577.5902099609375,309.12493896484375
2024-11-26,233.366455078125,265.7452697753906,399.3227233886719,581.9461669921875,408.01837158203125,241.36077880859375,422.177490234375,255.57200622558594,578.5055541992188,307.772705078125
2024-11-27,233.23739624023438,265.80218505859375,395.27886962890625,581.87890625,407.9420471191406,241.18698120117188,417.2454833984375,258.37225341796875,580.0214233398438,310.6153564453125
2024-11-29,235.6201171875,268.4595642089844,397.6385803222656,584.896728515625,409.7945861816406,241.119384765625,417.7090759277344,257.771484375,581.756591796875,310.99041748046875
2024-12-02,237.86383056640625,263.9325866699219,394.1137390136719,581.1686401367188,407.7223815917969,237.76890563964844,425.1269836425781,255.32015991210938,580.1549072265625,312.5400695800781
2024-12-03,240.90176391601562,264.141357421875,390.93145751953125,581.5259399414062,410.0046691894531,236.38815307617188,425.3439636230469,252.4908905029297,577.0181274414062,308.94732666015625
2024-12-04,241.25917053222656,264.08447265625,391.1762390136719,578.2709350585938,408.6391296386719,235.01705932617188,431.4794921875,253.6439208984375,582.319091796875,305.8776550292969
2024-12-05,241.2889404296875,260.3545837402344,386.7407531738281,576.4262084960938,407.3213195800781,237.0254364013672,436.6088562011719,255.0779266357422,551.9822998046875,305.0682678222656
2024-12-06,241.09039306640625,258.6937561035156,386.7896728515625,579.2078857421875,411.9337158203125,238.8406524658203,437.5459899902344,253.03346252441406,524.0004272460938,306.9732666015625
2024-12-09,244.97222900390625,263.4864807128906,390.93145751953125,573.8377075195312,409.84234619140625,235.4129180908203,439.96270751953125,244.09034729003906,536.5377197265625,304.2984619140625
2024-12-10,245.98486328125,261.70233154296875,380.2882385253906,565.0579833984375,403.54925537109375,234.49563598632812,437.3092041015625,240.95736694335938,540.9114379882812,308.3254699707031
2024-12-11,244.71408081054688,259.4814453125,380.7581787109375,572.330810546875,402.3938293457031,235.14259338378906,442.8923034667969,238.5152130126953,510.6114196777344,309.7171630859375
2024-12-12,246.17352294921875,260.0983581542969,372.83697509765625,571.4132690429688,395.7474060058594,233.21145629882812,443.4546203613281,237.2892608642578,493.6047058105469,310.1514892578125
2024-12-13,246.34228515625,256.8335876464844,372.57257080078125,565.49267578125,398.1921081542969,231.6762237548828,441.1957092285156,239.64385986328125,498.1219177246094,310.65484619140625
2024-12-16,249.2313232421875,252.92352294921875,371.0157165527344,566.3135986328125,392.2045593261719,231.32861328125,445.45709228515625,239.6146697998047,477.0861511230469,311.7899475097656
2024-12-17,251.6537322998047,252.4015655517578,367.9608459472656,555.061279296875,390.0655212402344,230.150634765625,448.2880554199219,237.05575561523438,464.6637268066406,314.1686096191406
2024-12-18,246.26284790039062,245.5968017578125,356.29931640625,531.4652709960938,376.0755920410156,222.43580627441406,431.44989013671875,229.65138244628906,478.25372314453125,305.75921630859375
2024-12-19,247.99034118652344,247.88404846191406,352.8527526855469,535.0775146484375,367.672119140625,224.93661499023438,431.09478759765625,231.28598022460938,468.2335205078125,310.79302978515625
2024-12-20,252.65646362304688,249.9624481201172,358.40447998046875,546.7741088867188,374.91058349609375,229.4168243408203,430.6706237792969,234.25357055664062,478.6461486816406,313.5862731933594
2024-12-23,253.43084716796875,250.5508575439453,357.7680358886719,551.2943725585938,374.7673645019531,230.17959594726562,429.33892822265625,234.83734130859375,484.5893859863281,313.1026611328125
2024-12-24,256.33978271484375,251.0159149169922,359.90252685546875,562.8944091796875,378.2910461425781,233.96458435058594,433.3635559082031,236.31629943847656,484.3597106933594,316.4881286621094
2024-12-26,257.15380859375,249.7726287841797,359.4619140625,561.3876953125,377.33612060546875,234.76602172851562,432.16009521484375,237.143310546875,489.1927795410156,316.7447509765625
2024-12-27,253.74853515625,249.26963806152344,357.2490539550781,556.5100708007812,375.1588134765625,232.86386108398438,424.6830749511719,234.88601684570312,488.08258056640625,314.5239562988281
2024-12-30,250.3829803466797,246.09030151367188,355.4376525878906,553.9697265625,371.8834228515625,231.07760620117188,419.0604553222656,233.3876190185547,485.9866638183594,311.21746826171875
2024-12-31,248.6157989501953,247.36207580566406,355.19287109375,553.0715942382812,371.4632263183594,231.45416259765625,415.77569580078125,234.3800506591797,484.1299743652344,311.9379577636719
2025-01-02,242.0931396484375,246.07131958007812,352.26519775390625,555.3413696289062,370.95709228515625,231.73416137695312,412.8953552246094,234.3800506591797,482.83795166015625,310.3191833496094
2025-01-03,241.60665893554688,247.91249084472656,356.201416015625,560.3251953125,371.6446838378906,234.9011993408203,417.6005859375,235.7422332763672,490.9632873535156,310.8226318359375
2025-01-06,243.23484802246094,245.4164581298828,356.6028137207031,563.473876953125,371.82611083984375,233.75595092773438,422.0394287109375,235.3433074951172,491.6044921875,308.9769287109375
2025-01-07,240.4649658203125,248.70968627929688,355.4278564453125,560.3156127929688,366.9176940917969,236.0076141357422,416.6338806152344,235.14871215820312,492.1596374511719,307.62469482421875
2025-01-08,240.95140075683594,250.75013732910156,353.53814697265625,560.2189331054688,369.75384521484375,235.96878051757812,418.79412841796875,236.20925903320312,501.9884948730469,308.5426025390625
2025-01-10,235.1435546875,248.8710479736328,343.6781311035156,540.8823852539062,372.3226623535156,232.8048095703125,413.2603454589844,226.148681640625,498.322998046875,303.716064453125
2025-01-13,232.71119689941406,256.425537109375,354.9382629394531,543.731689453125,371.6446838378906,237.01695251464844,411.5242004394531,227.02435302734375,517.89453125,302.9363708496094
2025-01-14,231.59930419921875,253.4929962158203,363.8190612792969,552.018798828125,375.08245849609375,240.18096923828125,410.02490234375,230.52706909179688,520.3828125,305.07818603515625
2025-01-15,236.15621948242188,255.2392120361328,367.0698547363281,585.2347412109375,387.7927551269531,244.9171905517578,420.5203552246094,233.49464416503906,520.0765380859375,312.1748352050781
2025-01-16,226.6154327392578,255.7042694091797,372.6117248535156,592.0634155273438,390.8867492675781,246.7806854248047,418.8138732910156,235.82005310058594,488.6568603515625,313.1322326660156
2025-01-17,228.3230743408203,258.2477111816406,377.9676513671875,604.5713500976562,390.93450927734375,251.52664184570312,423.20343017578125,233.0470733642578,487.8624572753906,315.47149658203125
2025-01-21,221.0359344482422,260.8101501464844,391.4801940917969,613.0709838867188,399.5766906738281,255.28262329101562,422.6806335449219,232.69680786132812,502.438232421875,319.4294128417969
2025-01-22,222.21737670898438,259.5100402832031,390.7431335449219,611.1294555664062,391.6220703125,255.09823608398438,440.1402893066406,240.052490234375,497.39453125,319.3603515625
2025-01-23,222.048583984375,263.7237854003906,399.3813171386719,617.66845703125,395.7187805175781,258.1166687011719,440.643310546875,234.98330688476562,507.012939453125,323.95001220703125
2025-01-24,221.17491149902344,261.3891296386719,400.590087890625,615.1572875976562,395.8238220214844,257.0393371582031,438.029296875,235.32386779785156,509.63519287109375,325.9142150878906
2025-01-27,228.2039031982422,268.53546142578125,388.1585388183594,611.6608276367188,405.7265930175781,258.01959228515625,428.6583251953125,244.22654724121094,520.1722412109375,330.19781494140625
2025-01-28,236.54339599609375,266.0204772949219,383.549560546875,616.0264892578125,399.9587097167969,259.2715759277344,441.1266784667969,241.71627807617188,519.1768798828125,330.13861083984375
2025-01-29,237.63546752929688,267.3301696777344,386.4387512207031,615.6207885742188,394.7925109863281,258.72808837890625,436.32275390625,242.77684020996094,514.985107421875,331.5205078125
2025-01-30,235.87820434570312,269.55096435546875,368.5039367675781,623.6566772460938,395.8238220214844,260.3294982910156,409.3540954589844,242.35845947265625,522.1341552734375,338.5973815917969
2025-01-31,234.2996826171875,270.879638671875,365.02508544921875,618.5377197265625,393.4173583984375,259.4268798828125,409.4231262207031,238.55410766601562,519.1865234375,337.36358642578125
2025-02-03,226.36724853515625,274.1538391113281,355.3058776855469,610.7818603515625,390.34246826171875,258.9513244628906,405.3393859863281,237.98980712890625,524.632080078125,341.33148193359375
2025-02-04,231.12274169921875,274.2962341308594,355.698974609375,612.530029296875,392.9494323730469,260.04803466796875,406.76971435546875,237.46438598632812,522.0194091796875,340.6701354980469
2025-02-05,230.7951202392578,292.1290283203125,352.65252685546875,623.415283203125,395.17449951171875,262.4646911621094,407.67718505859375,239.6827850341797,516.62158203125,344.90447998046875
2025-02-06,231.5397186279297,282.6099853515625,359.1385498046875,635.749267578125,395.4991455078125,268.7441101074219,410.1728515625,240.9476318359375,507.27130126953125,342.9698791503906
2025-02-07,225.989990234375,278.58599853515625,357.5956726074219,633.5084838867188,389.01507568359375,267.6764831542969,404.1852722167969,238.56387329101562,504.390625,343.50286865234375
2025-02-10,226.25833129882812,279.7723083496094,356.947021484375,628.3218383789062,395.3367614746094,263.0567321777344,406.6217041015625,235.86871337890625,510.458251953125,346.6712341308594
2025-02-11,231.19793701171875,281.5470275878906,355.97418212890625,625.1441650390625,397.6000061035156,266.8903503417969,405.852294921875,235.8006134033203,510.984619140625,346.75030517578125
2025-02-12,235.4219512939453,280.02850341796875,345.9601745605469,626.843994140625,388.7954406738281,267.3368225097656,403.4849548339844,234.15628051757812,504.7447204589844,347.5115661621094
2025-02-13,240.053466796875,281.8412170410156,347.59149169921875,626.7957153320312,393.8470458984375,268.18121337890625,404.9645690917969,236.4427490234375,508.3623352050781,351.604736328125
2025-02-14,243.104736328125,278.5597229003906,347.2180480957031,637.9998168945312,391.049072265625,268.4432373046875,402.8832092285156,231.86004638671875,501.02178955078125,349.8053283691406
2025-02-18,242.9755096435547,280.1286926269531,347.88629150390625,649.242431640625,385.1379699707031,271.70428466796875,404.0767822265625,231.95733642578125,479.2203674316406,352.69232177734375
2025-02-19,243.37307739257812,281.53509521484375,346.9035949707031,645.3403930664062,377.613037109375,271.02490234375,409.1370849609375,235.8006134033203,489.08746337890625,351.209228515625
2025-02-20,244.3271942138672,285.03668212890625,343.1200866699219,620.334228515625,376.858642578125,258.94158935546875,411.3016662597656,234.72061157226562,480.8377685546875,346.52294921875
2025-02-21,244.0489044189453,289.8968811035156,334.1673889160156,604.2428588867188,367.9394836425781,256.4570007324219,403.4735412597656,233.5432891845703,446.3841857910156,344.58514404296875
2025-02-24,245.58944702148438,296.31646728515625,333.0667724609375,604.7645263671875,365.18927001953125,253.6424102783203,399.3124084472656,241.53143310546875,441.69464111328125,345.9000244140625
2025-02-25,245.52978515625,301.9707336425781,336.4472961425781,593.9177856445312,375.5694580078125,249.81846618652344,393.283203125,245.68601989746094,450.1741027832031,348.10479736328125
2025-02-26,238.890625,293.12103271484375,336.6635437011719,596.6802368164062,372.8861083984375,251.1675262451172,395.09197998046875,242.12496948242188,443.6757507324219,346.66131591796875
2025-02-27,235.84933471679688,292.5852355957031,334.1280822753906,587.2437744140625,372.685546875,251.41983032226562,387.97552490234375,247.9044189453125,448.4322814941406,351.7135314941406
2025-02-28,240.361572265625,294.7283020019531,338.0098876953125,604.0262451171875,378.7303466796875,256.8549499511719,392.38372802734375,251.50442504882812,454.5573425292969,358.6045837402344
2025-03-03,236.5749053955078,297.3305969238281,326.3055419921875,587.4961547851562,372.1317138671875,252.9436492919922,383.982421875,253.7909393310547,446.9871520996094,357.7247009277344
2025-03-04,234.4877166748047,298.67962646484375,321.1069030761719,564.0840454101562,364.4825439453125,242.87908935546875,384.1009826660156,248.78982543945312,454.222412109375,348.2432556152344
2025-03-05,234.2988739013672,302.8700256347656,332.6441345214844,575.6639404296875,368.942138671875,244.12135314941406,396.3669738769531,251.05686950683594,455.5335388183594,348.6881103515625
2025-03-06,233.89138793945312,304.06591796875,335.1206359863281,551.0093383789062,364.53033447265625,239.27835083007812,392.2849426269531,249.10118103027344,466.76922607421875,340.2646179199219
2025-03-07,237.60853576660156,310.80126953125,344.2501525878906,543.244140625,359.8224792480469,235.143798828125,388.7464294433594,250.7357940673828,472.28179931640625,341.41143798828125
2025-03-10,226.08938598632812,313.19305419921875,339.2480773925781,516.0562744140625,357.7693786621094,225.38014221191406,375.74908447265625,250.69668579101562,461.5555419921875,337.6148986816406
2025-03-11,219.48995971679688,305.08966064453125,333.9020080566406,515.8328857421875,351.57171630859375,222.390869140625,376.0356750488281,248.69395446777344,467.1493225097656,328.3806457519531
2025-03-12,215.653564453125,298.9761657714844,332.2903747558594,519.9874267578125,348.2962951660156,221.1873779296875,378.8229064941406,246.18316650390625,462.4109191894531,329.0727233886719
2025-03-13,208.39817810058594,299.110107421875,327.5536193847656,509.40728759765625,333.70831298828125,218.55718994140625,374.3751525878906,250.04214477539062,462.80499267578125,324.83123779296875
2025-03-14,212.18492126464844,300.1337890625,333.7743225097656,525.5201416015625,337.6099853515625,225.59365844726562,384.0516052246094,254.89761352539062,469.6578369140625,328.0444641113281
2025-03-17,212.69178771972656,303.444091796875,336.7225036621094,535.15869140625,340.32000732421875,227.03976440429688,384.18994140625,259.0203857421875,479.62481689453125,330.7633056640625
2025-03-18,211.38980102539062,304.8600158691406,330.8948974609375,535.5858764648438,335.93780517578125,228.04913330078125,379.070068359375,254.49708557128906,484.21905517578125,330.9808654785156
2025-03-19,213.92420959472656,302.0855407714844,332.7718811035156,540.9826049804688,339.6376647949219,232.0671844482422,383.32012939453125,255.29820251464844,483.6424255371094,336.02313232421875
2025-03-20,212.79116821289062,301.40625,330.4428405761719,546.1658325195312,341.65576171875,231.97012329101562,382.3515625,253.55923461914062,491.42755126953125,335.6573181152344
2025-03-21,216.93568420410156,302.36297607421875,329.9809265136719,548.5536499023438,337.4561767578125,234.51295471191406,386.72027587890625,250.78466796875,496.7618713378906,331.8608093261719
2025-03-24,219.38063049316406,300.7747802734375,335.76922607421875,563.0745849609375,349.58404541015625,240.7535858154297,388.5191345214844,253.46153259277344,496.4254150390625,339.97784423828125
2025-03-25,222.3821563720703,293.5802001953125,336.7027893066406,568.7432250976562,346.9124755859375,243.73313903808594,390.5749816894531,253.47125244140625,493.4747619628906,340.7193603515625
2025-03-26,220.17575073242188,292.4800109863281,335.2189025878906,557.075927734375,348.0080261230469,243.6361083984375,385.4451904296875,256.216552734375,498.0594177246094,340.2843017578125
2025-03-27,222.48158264160156,292.53741455078125,333.4401550292969,542.5161743164062,348.5845947265625,240.81179809570312,386.0481262207031,256.6268005371094,495.67578125,345.9000244140625
2025-03-28,216.5679473876953,293.6663513183594,323.99609375,527.179931640625,344.1832275390625,235.69705200195312,374.4048156738281,255.75733947753906,495.9833068847656,338.9693908691406
2025-03-31,220.77210998535156,298.0672607421875,324.1042175292969,530.2568359375,352.1979675292969,238.0748748779297,371.0343933105469,258.36578369140625,503.3936767578125,346.4932556152344
2025-04-01,221.8256072998047,293.6376647949219,324.8609313964844,532.3534545898438,351.26580810546875,236.48318481445312,377.7554626464844,258.4439697265625,502.7881164550781,342.4298400878906
2025-04-02,222.52130126953125,292.470458984375,328.88031005859375,546.573486328125,356.4264221191406,238.57957458496094,377.7060546875,258.39508056640625,502.8651123046875,342.4100036621094
2025-04-03,201.94786071777344,296.4408264160156,300.47943115234375,496.2258605957031,342.0305480957031,221.9541015625,368.78082275390625,257.0371398925781,519.4349975585938,335.5485534667969
2025-04-04,187.22842407226562,281.6499328613281,283.104736328125,456.9920959472656,340.0989685058594,205.34344482421875,355.6647644042969,236.67738342285156,504.6431579589844,309.5857849121094
2025-04-07,180.35069274902344,277.1532897949219,275.22320556640625,451.84771728515625,328.192138671875,209.40576171875,353.707763671875,228.441650390625,504.30670166015625,308.78497314453125
2025-04-08,171.365966796875,268.1314392089844,269.208984375,448.65423583984375,322.1666259765625,211.77871704101562,350.44610595703125,231.0794219970703,531.5838012695312,304.7807922363281
2025-04-09,197.63438415527344,278.4927062988281,295.81146240234375,501.7002868652344,341.5308532714844,228.83859252929688,385.95916748046875,242.3828125,556.0157470703125,328.6673583984375
2025-04-10,189.2559051513672,269.23162841796875,284.1661071777344,475.4247741699219,339.82989501953125,221.7783203125,376.9252014160156,239.52032470703125,571.2977905273438,320.9358215332031
2025-04-11,196.9386749267578,273.6038818359375,288.382080078125,479.9285888671875,340.0605163574219,230.65492248535156,383.9429016113281,239.4812469482422,576.1705932617188,329.6263427734375
2025-04-14,201.28196716308594,281.2002258300781,292.9713439941406,489.1886291503906,343.270263671875,229.20968627929688,383.3102722167969,245.0596466064453,564.2430419921875,331.3861999511719
2025-04-15,200.90428161621094,282.5204772949219,288.36236572265625,492.9838562011719,340.3007507324219,227.65701293945312,381.25439453125,243.90687561035156,560.907958984375,332.0090637207031
2025-04-16,193.08242797851562,270.40838623046875,285.129150390625,484.4033203125,332.4974060058594,224.2196502685547,367.2982177734375,246.66188049316406,562.3015747070312,327.5797424316406
2025-04-17,195.77581787109375,265.2899475097656,289.1681823730469,494.5368957519531,341.2137145996094,226.5144805908203,363.5126647949219,249.9639892578125,436.4603576660156,325.8792419433594
2025-04-21,191.97918701171875,261.8361511230469,281.1697082519531,486.6454772949219,333.3719177246094,223.61419677734375,354.95318603515625,243.8384552001953,408.79888916015625,316.4768981933594
2025-04-22,198.5189666748047,266.35186767578125,287.5191345214844,504.7287292480469,340.6082763671875,230.05926513671875,362.5638427734375,255.28839111328125,410.5769958496094,327.64898681640625
2025-04-23,203.34925842285156,265.87353515625,292.0614318847656,513.7752685546875,342.52069091796875,235.22506713867188,370.0460205078125,253.10977172851562,411.32672119140625,330.5854187011719
2025-04-24,207.09617614746094,267.72955322265625,303.0124206542969,529.36376953125,345.6150817871094,238.89678955078125,382.80615234375,254.39938354492188,407.7608947753906,331.9101867675781
2025-04-25,208.00064086914062,268.686279296875,302.6075744628906,528.8688354492188,343.6354675292969,237.8323974609375,387.3034362792969,253.18792724609375,402.36895751953125,331.3763732910156
2025-04-28,208.85537719726562,270.83892822265625,303.2099304199219,530.3636474609375,343.0011901855469,237.51011657714844,386.6214294433594,255.5814666748047,403.6760559082031,333.6898498535156
2025-04-29,209.91885375976562,276.07220458984375,303.5456237792969,532.8096313476562,345.00006103515625,238.8772430419922,389.468017578125,257.9652404785156,393.3246765136719,337.6544494628906
2025-04-30,211.20095825195312,278.3301086425781,305.3921203613281,531.4798583984375,346.43194580078125,238.8772430419922,390.6737976074219,258.04339599609375,395.44879150390625,341.5893859863281
2025-05-01,212.0159454345703,271.4990539550781,310.02337646484375,537.5755615234375,344.327392578125,241.09396362304688,420.4641418457031,255.42515563964844,385.10699462890625,338.5739440917969
2025-05-02,204.09466552734375,269.04986572265625,319.6214904785156,549.4854736328125,350.30474853515625,246.58203125,430.2294921875,261.2478332519531,384.37652587890625,343.6656494140625
2025-05-05,197.67416381835938,267.9400634765625,319.05865478515625,543.1373291015625,347.6236572265625,246.630859375,431.10919189453125,261.3748474121094,389.0764465332031,344.69390869140625
2025-05-06,197.2964630126953,258.73638916015625,316.8665466308594,533.23681640625,345.365234375,243.3985595703125,428.2823486328125,261.87310791015625,379.1767883300781,343.7644958496094
2025-05-07,195.05029296875,263.90264892578125,316.2740173339844,535.7215576171875,348.6038513183594,243.5352783203125,428.3218688964844,262.6643981933594,375.8608703613281,345.8901672363281
2025-05-08,196.28273010253906,260.2767028808594,320.18438720703125,549.0972290039062,350.63153076171875,247.51950073242188,433.08599853515625,264.5792541503906,370.56500244140625,347.2940673828125
2025-05-09,197.31634521484375,254.35455322265625,321.53717041015625,550.4561157226562,348.5653991699219,247.13865661621094,433.6394958496094,263.533935546875,365.84588623046875,348.54974365234375
2025-05-12,209.776123046875,262.8694152832031,338.2548522949219,573.9846801757812,361.90411376953125,253.9450225830078,444.04730224609375,261.8828125,364.029296875,351.822265625
2025-05-13,211.90582275390625,258.7459716796875,348.11962890625,586.0886840820312,359.03070068359375,256.8355712890625,443.9287109375,258.8152160644531,299.2777404785156,352.69378662109375
2025-05-14,211.30873107910156,250.9294891357422,345.2757568359375,593.6500854492188,358.2715148925781,259.4038391113281,447.6846618652344,256.53887939453125,296.0387268066406,353.0106506347656
2025-05-15,210.43295288085938,259.93231201171875,345.4238586425781,597.8238525390625,363.86456298828125,261.2103271484375,448.694580078125,264.65740966796875,263.68695068359375,358.79412841796875
2025-05-16,210.24386596679688,262.9243469238281,349.1466064453125,600.8619384765625,365.9306945800781,261.2786865234375,449.82342529296875,267.3244934082031,280.56451416015625,361.58685302734375
2025-05-19,207.7758026123047,266.24456787109375,348.1492919921875,594.3295288085938,364.5852966308594,258.66162109375,454.37841796875,268.21356201171875,303.6125183105469,364.3399353027344
2025-05-20,205.8650360107422,265.4338073730469,345.1078796386719,588.7191772460938,362.3461608886719,259.44281005859375,453.68524169921875,267.4026794433594,309.081298828125,363.29022216796875
2025-05-21,201.1179656982422,261.8915710449219,338.2154235839844,576.04248046875,356.37835693359375,254.91180419921875,448.14007568359375,264.901611328125,291.2042236328125,354.83282470703125
2025-05-22,200.3914794921875,262.43206787109375,340.86181640625,580.67236328125,351.85198974609375,254.55050659179688,450.4076843261719,264.833251953125,285.1394958496094,354.50604248046875
2025-05-23,194.33078002929688,262.200439453125,339.08441162109375,580.973388671875,348.5653991699219,254.5895233154297,445.7734680175781,264.7941589355469,284.0822448730469,350.1189270019531
2025-05-27,199.24703979492188,269.71917724609375,347.1025695800781,597.6588745117188,355.95550537109375,259.0619812011719,456.18060302734375,269.52264404296875,283.5343933105469,355.8231506347656
2025-05-28,199.45602416992188,268.70574951171875,345.1078796386719,590.582763671875,353.706787109375,257.30426025390625,452.8832092285156,267.34405517578125,286.52349853515625,356.2490234375
2025-05-29,198.98826599121094,273.6667785644531,347.3790588378906,587.1078491210938,353.9278259277344,258.16357421875,454.19024658203125,268.08648681640625,286.5812072753906,358.8932189941406
2025-05-30,199.8839569091797,278.1451721191406,343.66619873046875,585.7324829101562,353.9278259277344,257.80230712890625,455.85382080078125,269.3468017578125,290.1758117675781,361.65618896484375
2025-06-02,200.7298583984375,278.4250793457031,340.3483581542969,584.0447998046875,353.61065673828125,258.44677734375,457.4480895996094,269.9720153808594,292.8766174316406,361.7848815917969
2025-06-03,202.29229736328125,279.48675537109375,345.01898193359375,589.029541015625,358.531005859375,260.01898193359375,458.4382629394531,269.708251953125,289.51263427734375,362.3196716308594
2025-06-04,201.84446716308594,277.01593017578125,344.9498596191406,584.5228271484375,357.87750244140625,258.01715087890625,459.3294372558594,265.5952453613281,288.70526123046875,364.43896484375
2025-06-05,199.66500854492188,277.1028137207031,344.5845031738281,591.0293579101562,357.0845947265625,255.80043029785156,463.1021728515625,264.774658203125,284.34173583984375,363.2209167480469
2025-06-06,202.9391632080078,280.2203369140625,348.9194641113281,598.9502563476562,355.1990051269531,259.4916687011719,465.7757263183594,267.38311767578125,291.4349060058594,366.6374816894531
2025-06-09,200.4810791015625,279.8825378417969,353.5802917480469,598.4821166992188,353.13934326171875,260.4779052734375,468.12255859375,261.60931396484375,291.4060363769531,363.11199951171875
2025-06-10,201.69517517089844,283.2123718261719,354.0740051269531,599.7990112304688,355.7598571777344,262.2943115234375,466.3104553222656,257.999267578125,291.9827575683594,367.11285400390625
2025-06-11,197.8238983154297,281.6487731933594,358.5867919921875,608.8710327148438,348.55584716796875,261.8548583984375,467.99383544921875,256.3021545410156,298.4896545410156,369.6976013183594
2025-06-12,198.24188232421875,286.9379577636719,356.43402099609375,609.7879638671875,351.1667175292969,261.9427185058594,474.1826477050781,260.8931884765625,306.1209716796875,367.80609130859375
2025-06-13,195.50509643554688,284.9400329589844,352.5730895996094,598.5015869140625,342.9474182128906,258.73004150390625,470.3109130859375,258.4603576660156,301.34417724609375,349.4355773925781
2025-06-16,197.46563720703125,285.2682189941406,357.8955078125,612.4607543945312,341.8837585449219,264.0129699707031,474.45001220703125,260.09857177734375,297.801513671875,352.0401306152344
2025-06-17,194.69900512695312,279.9500427246094,353.1951904296875,609.3295288085938,337.2616271972656,263.1927185058594,473.3608093261719,259.3824768066406,298.97271728515625,354.37725830078125
2025-06-18,195.63449096679688,279.54473876953125,355.28863525390625,619.669677734375,335.5694274902344,267.5284729003906,475.5392150878906,259.8631591796875,297.3562316894531,337.08624267578125
2025-06-20,200.03321838378906,279.2550964355469,355.99957275390625,625.0933837890625,338.0738525390625,268.5440673828125,472.7270202636719,259.9416198730469,292.33251953125,335.2937927246094
2025-06-23,200.5308380126953,262.9532775878906,361.6380310058594,631.0244140625,345.1715087890625,271.7372741699219,481.2428283691406,262.53143310546875,291.045166015625,340.42364501953125
2025-06-24,199.33660888671875,267.8274230957031,368.3428039550781,645.8810424804688,348.5172119140625,274.6571044921875,485.3126220703125,261.07958984375,295.8268127441406,348.2274169921875
2025-06-25,200.59051513671875,270.58782958984375,366.9208984375,653.4508666992188,349.90960693359375,277.3913269042969,487.45147705078125,255.85089111328125,292.3421936035156,341.9190673828125
2025-06-26,200.03321838378906,269.3910217285156,377.09173583984375,670.3170776367188,351.4954528808594,281.97125244140625,492.58074951171875,257.95025634765625,292.9229431152344,342.68157958984375
2025-06-27,200.11282348632812,267.47998046875,379.88629150390625,673.8776245117188,356.56243896484375,280.3697509765625,491.0855407714844,258.3033752441406,299.20501708984375,345.2366027832031
2025-06-30,204.18316650390625,269.4875183105469,383.3424072265625,690.40234375,354.53179931640625,283.10400390625,492.5411682128906,262.4529724121094,301.973388671875,351.6142883300781
2025-07-01,206.8204345703125,280.4036865234375,386.0184326171875,689.1441040039062,360.8364562988281,283.5923156738281,487.233642578125,261.9232177734375,315.6893615722656,352.03021240234375
2025-07-02,211.418212890625,286.5133056640625,393.4342346191406,698.3428955078125,359.5697326660156,285.14495849609375,486.28302001953125,252.44688415527344,297.7047119140625,350.7923278808594
2025-07-03,212.52284240722656,287.8548889160156,392.87139892578125,705.94189453125,359.4053039550781,290.4435729980469,493.9571838378906,259.1077575683594,298.6629333496094,355.3874206542969
2025-07-07,208.94017028808594,282.74908447265625,386.6010437011719,693.5044555664062,355.4987487792969,286.4892578125,492.8481140136719,254.06549072265625,293.97802734375,353.18890380859375
2025-07-08,208.99989318847656,286.6580810546875,389.34613037109375,680.1890258789062,355.3633728027344,277.47174072265625,491.7589111328125,251.5149688720703,297.8401794433594,351.119140625
2025-07-09,210.12445068359375,286.19476318359375,397.1371765136719,679.4867553710938,358.7864990234375,277.8446044921875,498.5814514160156,250.46531677246094,293.2037048339844,354.298095703125
2025-07-10,211.38833618164062,289.91070556640625,403.2101135253906,691.7388305664062,360.9718322753906,282.7802429199219,496.57135009765625,251.12257385253906,289.9126281738281,352.436279296875
2025-07-11,210.1443634033203,284.98828125,400.830322265625,687.6710815429688,357.8485107421875,281.47515869140625,498.393310546875,249.64126586914062,294.3555603027344,344.5632019042969
2025-07-14,207.61656188964844,286.68701171875,400.68218994140625,695.8163452148438,357.8871765136719,283.2806396484375,498.09625244140625,250.61244201660156,290.9483337402344,347.1083068847656
2025-07-15,208.10421752929688,282.3244323730469,399.5663757324219,685.2908935546875,346.7959899902344,281.1709899902344,500.8688659667969,245.8546600341797,282.3625793457031,343.6619873046875
2025-07-16,209.149169921875,288.6076965332031,407.7030944824219,691.4462280273438,345.5969543457031,280.45465087890625,500.6708068847656,247.3948211669922,283.1175842285156,346.51416015625
2025-07-17,209.0098419189453,287.8645324707031,412.8279724121094,688.539306640625,347.1827697753906,284.4581298828125,506.6913146972656,256.8318786621094,278.8392333984375,346.425048828125
2025-07-18,210.1642303466797,284.49609375,408.52264404296875,690.89990234375,347.5308837890625,285.8023681640625,505.05743408203125,260.91278076171875,273.5928955078125,345.6723327636719
2025-07-21,211.4580078125,285.56744384765625,406.41168212890625,688.6953125,352.0176696777344,285.5080261230469,505.06732177734375,258.2347106933594,273.0992431640625,347.5440673828125
2025-07-22,213.36875915527344,295.04547119140625,413.4681396484375,683.2422485351562,358.7574768066406,285.9593811035156,500.3242492675781,261.7073974609375,275.993408203125,348.45513916015625
2025-07-23,213.11996459960938,298.4525451660156,423.7753601074219,699.9329223632812,363.921142578125,291.1893615722656,500.9183654785156,259.7061767578125,283.136962890625,351.85198974609375
2025-07-24,212.73184204101562,297.80584716796875,425.6881408691406,701.55224609375,360.7687683105469,290.9832458496094,505.87933349609375,257.00848388671875,269.6532897949219,350.5447692871094
2025-07-25,212.8512725830078,295.9045104980469,429.8804016113281,711.112060546875,362.9444580078125,293.014404296875,508.6816711425781,256.0863342285156,272.0538330078125,353.58502197265625
2025-07-28,213.0204620361328,290.7987060546875,429.0776062011719,705.9127197265625,364.7720642089844,292.6807861328125,507.48345947265625,250.0631103515625,273.079833984375,352.03021240234375
2025-07-29,210.25384521484375,292.9896240234375,426.21337890625,714.0385131835938,364.87841796875,291.464111328125,507.55279541015625,254.87974548339844,252.7044219970703,347.89068603515625
2025-07-30,208.04449462890625,290.8758544921875,430.2470397949219,712.8386840820312,359.7920837402344,294.0054626464844,508.21624755859375,253.99685668945312,257.51513671875,347.5143737792969
2025-07-31,206.57162475585938,284.82421875,434.1123046875,705.8541870117188,355.3730773925781,290.6790466308594,528.2779541015625,255.291748046875,241.56320190429688,342.1269836425781
2025-08-01,201.40660095214844,286.542236328125,424.86553955078125,692.1778564453125,361.3199462890625,283.9380798339844,518.9797973632812,253.4082489013672,230.1510009765625,336.06622314453125
2025-08-04,202.37191772460938,291.4260559082031,429.8308410644531,708.234375,368.24346923828125,288.7362365722656,530.3969116210938,257.999267578125,233.2581329345703,338.839111328125
2025-08-05,201.94398498535156,289.6307678222656,430.35614013671875,703.2398071289062,372.681884765625,285.9005126953125,522.584228515625,260.1280212402344,242.95706176757812,334.164794921875
2025-08-06,212.22430419921875,274.7574157714844,423.9042053222656,706.9759521484375,374.0259704589844,285.8808898925781,519.8017578125,262.4921569824219,237.9043426513672,336.4524841308594
2025-08-07,218.9716796875,274.7863464355469,413.39874267578125,702.0986328125,373.41680908203125,281.55364990234375,515.7418212890625,260.31439208984375,236.8299102783203,328.87646484375
2025-08-08,228.2468719482422,278.1934509277344,412.8041076660156,703.5910034179688,375.04132080078125,283.3395080566406,516.9300537109375,259.8337097167969,242.8505859375,333.52105712890625
2025-08-11,226.34390258789062,275.1627502441406,404.89532470703125,701.6107788085938,374.73187255859375,284.12445068359375,516.6627807617188,259.2353515625,244.2831573486328,332.64959716796875
2025-08-12,228.80479431152344,275.0566101074219,409.028076171875,725.1591186523438,382.9222106933594,287.35272216796875,524.0595092773438,258.9115905761719,253.18833923339844,334.0682678222656
2025-08-13,232.47125244140625,279.2550964355469,410.0092468261719,726.43701171875,393.73297119140625,285.0762634277344,515.484375,264.179443359375,263.1002197265625,339.8321533203125
2025-08-14,231.9232635498047,280.1817626953125,413.7753601074219,728.885498046875,387.0995178222656,288.6381530761719,517.36572265625,263.48297119140625,262.79046630859375,342.7488098144531
2025-08-15,230.73764038085938,286.1465148925781,404.1520080566406,712.8093872070312,386.1905212402344,285.0370178222656,515.0783081054688,260.5400085449219,294.2684326171875,341.7369384765625
2025-08-18,230.04022216796875,282.4305419921875,408.9587097167969,713.0435791015625,381.66510009765625,286.0574951171875,512.0383911132812,259.8827819824219,298.6048583984375,340.0206298828125
2025-08-19,229.71144104003906,285.2585754394531,412.3779296875,703.6983032226562,393.7522888183594,285.203857421875,504.7801818847656,263.7576599121094,294.4910583496094,339.7330017089844
2025-08-20,225.17819213867188,286.1272277832031,416.8377685546875,703.0155029296875,388.47259521484375,286.754150390625,500.7698669433594,269.1727294921875,290.2320556640625,341.20123291015625
2025-08-21,224.072265625,285.4612731933594,414.1618957519531,698.4014282226562,384.5660705566406,285.9986267089844,500.1251525878906,269.69268798828125,293.6296081542969,340.9631042480469
2025-08-22,226.9217529296875,285.79205322265625,431.78326416015625,723.7056274414062,399.1576843261719,290.6790466308594,503.0907287597656,271.0365905761719,297.5691833496094,347.26275634765625
2025-08-25,226.323974609375,280.68377685546875,428.4433288574219,720.6815795898438,395.39617919921875,289.3642578125,500.14495849609375,267.1617126464844,295.0911865234375,346.0523986816406
2025-08-26,228.46604919433594,281.7637939453125,427.4126281738281,730.5925903320312,394.0810241699219,292.96533203125,497.9430847167969,265.7392578125,290.8031311035156,348.3936767578125
2025-08-27,229.6417236328125,280.197265625,428.8100280761719,731.294921875,394.7579650878906,293.6620178222656,502.6047058105469,267.03411865234375,294.1426086425781,347.5702819824219
2025-08-28,231.70408630371094,277.90093994140625,431.0300598144531,732.8069458007812,393.9940490722656,295.4184265136719,505.4810485839844,265.140869140625,292.60357666015625,347.0841369628906
2025-08-29,231.28562927246094,279.94427490234375,415.3016357421875,730.8749389648438,393.33648681640625,295.7618713378906,502.55511474609375,266.34747314453125,299.9406433105469,348.98895263671875
2025-09-02,228.8745574951172,279.1756591796875,412.33831787109375,716.7526245117188,392.8916320800781,294.07415771484375,500.9979553222656,268.1524963378906,298.9049072265625,347.2925109863281
2025-09-03,237.59234619140625,276.1884765625,411.4165954589844,716.4683227539062,394.24542236328125,293.8876953125,501.2261047363281,271.2916259765625,298.0144348144531,348.08612060546875
2025-09-04,238.89752197265625,272.5396728515625,416.47113037109375,734.45458984375,400.3525390625,298.1168212890625,503.8246765136719,274.1168518066406,300.434326171875,348.2052001953125
2025-09-05,238.80784606933594,275.9841613769531,419.3055419921875,723.9707641601562,407.4125671386719,288.85400390625,490.9605407714844,269.9869079589844,305.2837829589844,340.4968566894531
2025-09-08,237.00450134277344,272.62725830078125,419.00823974609375,727.5404663085938,408.3753356933594,287.4115905761719,494.1344299316406,269.2610168457031,309.9880676269531,339.5841369628906
2025-09-09,233.48751831054688,272.4132080078125,414.3600769042969,749.184814453125,403.9020080566406,292.2588806152344,494.3426818847656,268.34869384765625,336.77142333984375,341.2607421875
2025-09-10,225.955322265625,270.99261474609375,419.1370849609375,754.7356567382812,401.8501281738281,294.8984069824219,496.2867431640625,268.23046875,335.6679382324219,335.43731689453125
2025-09-11,229.18341064453125,275.0987243652344,427.5315856933594,769.5933837890625,411.7594909667969,299.82415771484375,496.9215087890625,275.2236022949219,342.2790832519531,340.7646789550781
2025-09-12,233.2085418701172,268.9298400878906,427.6702575683594,765.0134887695312,411.04962158203125,301.1488342285156,505.73895263671875,274.73114013671875,341.2143249511719,336.7369079589844
2025-09-15,235.82884216308594,266.9934997558594,432.05084228515625,771.584228515625,411.06903076171875,303.1014099121094,511.1544189453125,272.14068603515625,338.8668518066406,336.3598937988281
2025-09-16,237.2735137939453,265.7091369628906,436.7386474609375,770.3779907226562,409.84375,303.385986328125,504.885986328125,267.856201171875,330.9671630859375,337.3321533203125
2025-09-17,238.1104278564453,267.295166015625,446.6395568847656,778.9002685546875,405.51629638671875,305.89794921875,505.8579406738281,270.8898620605469,332.74969482421875,343.45318603515625
2025-09-18,237.00450134277344,268.3849182128906,462.7940979003906,788.7957153320312,405.9830627441406,307.35015869140625,504.30078125,273.71661376953125,326.1358337402344,335.4968566894531
2025-09-19,244.59646606445312,277.70635986328125,462.37786865234375,789.4723510742188,404.2423400878906,308.8710632324219,513.7034301757812,272.8301696777344,327.9573059082031,338.8996276855469
2025-09-22,255.1374969482422,278.2804260253906,467.8882751464844,790.0216674804688,400.65399169921875,306.57501220703125,510.2518615722656,271.9535827636719,332.44775390625,341.6278076171875
2025-09-23,253.4936065673828,279.068603515625,467.0557556152344,790.7669677734375,399.593994140625,306.8693542480469,505.07440185546875,272.1013488769531,338.6719970703125,336.0127258300781
2025-09-24,251.3813934326172,271.6834411621094,465.598876953125,777.1448364257812,398.4853820800781,307.5366516113281,505.9869079589844,272.49530029296875,342.6851806640625,335.99285888671875
2025-09-25,255.92459106445312,263.8604431152344,459.5830078125,779.429931640625,396.2292785644531,307.5660400390625,502.8923645019531,270.0920715332031,336.5972595214844,332.2726135253906
2025-09-26,254.51980590820312,265.61187744140625,461.6048583984375,787.0303955078125,398.79656982421875,310.12701416015625,507.2861633300781,273.5787353515625,335.1556396484375,334.69329833984375
2025-09-29,253.4936065673828,266.5751647949219,467.4026184082031,788.609375,395.5971984863281,309.76397705078125,510.4005126953125,272.3376770019531,336.2271423339844,337.46112060546875
2025-09-30,253.69287109375,274.5830078125,472.8932189941406,780.9891967773438,394.0315246582031,309.50885009765625,513.7232666015625,275.0167541503906,336.3439636230469,338.6714782714844
2025-10-01,254.5098419189453,290.44305419921875,476.5304870605469,770.3583374023438,386.0865173339844,304.8774719238281,515.4688720703125,273.06658935546875,339.2662048339844,345.07025146484375
2025-10-02,256.1836853027344,289.37274169921875,486.1934814453125,764.3465576171875,384.13189697265625,301.7767639160156,511.53125,275.8244323730469,344.54559326171875,343.2052001953125
2025-10-03,257.07037353515625,289.8495178222656,493.4085693359375,774.7421264648438,384.18048095703125,304.2102355957031,513.1281127929688,280.2763671875,350.8575439453125,347.0643615722656
2025-10-06,255.7452850341797,286.1812744140625,490.9605712890625,781.4110107421875,378.6082458496094,304.8511047363281,524.256591796875,278.4739685058594,349.4646301269531,346.50872802734375
2025-10-07,255.53607177734375,287.56292724609375,482.3678894042969,774.4185180664062,376.1576843261719,303.38201904296875,519.7039794921875,280.6802062988281,354.2278137207031,349.6238708496094
2025-10-08,257.1102600097656,286.6677551269531,497.64044189453125,761.5319213867188,373.2208557128906,299.7732238769531,520.56689453125,278.5035095214844,360.325439453125,348.572265625
2025-10-09,253.1050262451172,287.4559020996094,495.8961181640625,764.9154052734375,367.2888488769531,301.252197265625,518.136962890625,270.2791442871094,358.1532897949219,344.2865905761719
2025-10-10,244.3673095703125,282.2989501953125,486.9169616699219,749.6162719726562,365.4022521972656,296.6772155761719,506.790283203125,266.0537109375,345.30535888671875,340.9234313964844
2025-10-13,246.74851989746094,284.5076904296875,500.25689697265625,771.6038818359375,368.9225769042969,303.6580810546875,509.8550720214844,266.309814453125,349.35748291015625,340.57623291015625
2025-10-14,246.85812377929688,285.91851806640625,522.7642822265625,755.8928833007812,377.0426025390625,297.85052490234375,509.3790283203125,271.49066162109375,350.5945739746094,345.61590576171875
2025-10-15,248.4223175048828,289.294921875,529.2855834960938,753.1174926757812,377.60662841796875,301.4100036621094,509.2401123046875,265.39385986328125,351.78289794921875,342.947265625
2025-10-16,246.53927612304688,287.82562255859375,536.1339721679688,743.46728515625,376.72174072265625,294.3600769042969,507.4349670410156,257.6324768066406,347.41912841796875,332.7388916015625
2025-10-17,251.36148071289062,290.74468994140625,522.3778686523438,736.2885131835938,381.10748291015625,293.3938293457031,509.3889465332031,258.0658264160156,347.3509216308594,339.17742919921875
2025-10-20,261.27484130859375,295.14263916015625,527.9536743164062,748.5963745117188,378.180419921875,298.1265869140625,512.5726928710938,261.2570495605469,355.0265808105469,341.67742919921875
2025-10-21,261.8028869628906,293.01177978515625,521.4633178710938,744.3400268554688,380.13507080078125,292.93035888671875,513.4356079101562,265.2854919433594,355.8934326171875,344.4551696777344
2025-10-22,257.4988098144531,287.9910583496094,510.78857421875,730.2374267578125,378.2582092285156,289.99212646484375,516.2921142578125,264.4482421875,352.1140441894531,342.619873046875
2025-10-23,258.6246032714844,284.9844970703125,517.3385620117188,736.2982788085938,374.42669677734375,290.4161071777344,516.3118896484375,265.0491027832031,351.1011047363281,343.2151184082031
2025-10-24,261.85272216796875,283.88494873046875,519.5549926757812,768.7598266601562,376.03125,296.2334899902344,519.3369750976562,265.8272399902344,353.097900390625,344.6238708496094
2025-10-27,267.8206787109375,283.30120849609375,523.86865234375,774.7518920898438,374.66009521484375,299.89154052734375,527.1824951171875,266.27044677734375,356.4876403808594,345.0603942871094
2025-10-28,268.00994873046875,284.2060546875,521.284423828125,776.8114624023438,375.1268615722656,301.0845947265625,537.6464233398438,264.0937194824219,358.2994079589844,344.14764404296875
2025-10-29,268.7074279785156,283.8946838378906,581.9337768554688,767.95556640625,367.62921142578125,301.2325134277344,537.130615234375,263.87701416015625,346.04571533203125,338.572265625
2025-10-30,270.4011535644531,284.1184997558594,579.6080322265625,774.9186401367188,369.09759521484375,305.1075134277344,521.469482421875,266.93035888671875,335.80828857421875,342.29248046875
2025-10-31,269.37493896484375,290.3749084472656,573.7537841796875,774.1439208984375,369.13653564453125,306.76397705078125,513.5844116210938,264.57635498046875,332.70098876953125,338.0364990234375
2025-11-03,268.0597839355469,288.30242919921875,567.1243896484375,770.3681640625,367.9306945800781,305.0187683105469,512.810791015625,263.63079833984375,325.1325378417969,334.2269592285156
2025-11-04,269.0461730957031,288.6916198730469,544.254150390625,775.5757446289062,372.5303955078125,304.920166015625,510.13275146484375,273.10595703125,322.2492980957031,337.60003662109375
2025-11-05,269.14581298828125,311.22650146484375,565.693115234375,777.7921752929688,363.54486083984375,307.31610107421875,503.02130126953125,272.4854431152344,319.2394104003906,337.3420715332031
2025-11-06,268.7771301269531,307.07177734375,566.3192749023438,772.388427734375,358.9062194824219,309.03179931640625,493.0434265136719,272.1013488769531,313.2197265625,334.2864990234375
2025-11-07,267.48193359375,311.5573425292969,559.6798095703125,771.1724243164062,360.8900451660156,309.8106689453125,492.76568603515625,275.597900390625,315.801025390625,333.3539733886719
2025-11-10,268.6985778808594,314.9239501953125,567.3827514648438,781.8228149414062,360.228759765625,312.4532165527344,501.8707580566406,278.1390686035156,313.23919677734375,332.19329833984375
2025-11-11,274.5028076171875,329.3147277832031,564.48046875,794.679931640625,363.933837890625,311.2009582519531,504.5289001464844,281.7143859863281,318.9570007324219,336.2309875488281
2025-11-12,272.7276611328125,327.2032775878906,569.5396118164062,822.787109375,360.9095153808594,315.9239196777344,506.9688415527344,281.82275390625,330.2658386230469,336.8572082519531
2025-11-13,272.2090759277344,326.9308776855469,550.187744140625,789.9627685546875,357.93377685546875,305.1469421386719,499.1828918457031,283.0933532714844,323.89544677734375,334.07391357421875
2025-11-14,271.6705322265625,327.6509094238281,550.6649780273438,775.6541748046875,352.3810119628906,299.3591003417969,506.0166320800781,282.9653015136719,313.511962890625,328.0500793457031
2025-11-17,266.7339782714844,332.4867248535156,548.6968994140625,760.6002197265625,348.17022705078125,296.1644592285156,503.34857177734375,280.2271423339844,312.2066955566406,323.8055725097656
2025-11-18,266.7139892578125,334.7052001953125,543.558349609375,761.3259887695312,327.2137451171875,295.2178955078125,489.76043701171875,282.53192138671875,305.44671630859375,319.2628479003906
2025-11-19,267.83099365234375,333.1580810546875,549.75048828125,770.8290405273438,325.2882385253906,299.02386474609375,483.14483642578125,281.1726989746094,301.07318115234375,322.185302734375
2025-11-20,265.5272521972656,326.9989929199219,542.8129272460938,758.7761840820312,323.2266540527344,294.20233154296875,475.41387939453125,283.5168762207031,303.45965576171875,321.8373718261719
2025-11-21,270.75299072265625,330.7717590332031,547.0867309570312,759.0997924804688,333.8653564453125,293.84735107421875,469.1436462402344,285.70343017578125,311.6709899902344,326.0223083496094
2025-11-24,275.1710205078125,327.59674072265625,556.2010498046875,775.4580688476562,327.3109436035156,293.8276672363281,471.0118103027344,286.46185302734375,310.7748107910156,327.3343811035156
2025-11-25,276.2181396484375,334.2701721191406,563.1685180664062,786.8440551757812,341.40191650390625,298.75762939453125,473.9829406738281,289.2788391113281,317.81732177734375,332.5331726074219
2025-11-26,276.79656982421875,337.66082763671875,570.2452392578125,800.27001953125,345.6807861328125,303.33270263671875,482.4393310546875,290.08642578125,321.1583557128906,331.797607421875
2025-11-28,278.0930480957031,338.532958984375,572.262939453125,810.1065673828125,347.0908203125,308.696533203125,488.9082946777344,288.451416015625,321.216796875,332.4437255859375
2025-12-01,282.33148193359375,330.7227783203125,564.6096801757812,795.2193603515625,347.4895324707031,304.59478759765625,483.6715087890625,286.126953125,314.8269348144531,328.41790771484375
2025-12-02,285.4131164550781,331.5752868652344,578.93212890625,803.448974609375,344.2804260253906,303.5693359375,486.91094970703125,284.1767578125,316.1224365234375,327.6524658203125
2025-12-03,283.378662109375,338.4937438964844,587.8973388671875,824.5008544921875,348.0535583496094,307.75982666015625,474.71832275390625,279.9907531738281,330.89898681640625,327.64251708984375
2025-12-04,279.93804931640625,333.3392333984375,595.5108642578125,825.7425537109375,343.70794677734375,311.67425537109375,477.8087158203125,278.5921325683594,324.8403015136719,325.14752197265625
2025-12-05,278.0232238769531,323.2751770019531,599.5064086914062,842.2312622070312,347.0747985839844,310.62908935546875,480.11407470703125,276.66162109375,322.3272399902344,329.2627868652344
2025-12-08,277.1356506347656,314.788818359375,592.876953125,854.1862182617188,342.4747009277344,310.79669189453125,487.92449951171875,275.656982421875,317.34576416015625,324.88909912109375
2025-12-09,276.42755126953125,307.5567932128906,590.7498779296875,863.9335327148438,337.9332580566406,296.3025207519531,488.918212890625,274.9576416015625,317.32611083984375,324.5511169433594
2025-12-10,278.0232238769531,309.0561218261719,611.6124877929688,876.4109497070312,343.6687316894531,305.7680969238281,475.5430603027344,275.24444580078125,322.003662109375,323.78570556640625
2025-12-11,277.2752380371094,311.0159912109375,621.81005859375,897.8865966796875,349.8642272949219,312.9363098144531,480.422119140625,279.7239074707031,330.20159912109375,343.56695556640625
2025-12-12,277.52459716796875,311.3688049316406,594.258544921875,875.1493530273438,352.0077209472656,314.0603332519531,475.51324462890625,282.12677001953125,335.2124938964844,345.7537536621094
2025-12-15,273.3658752441406,318.7869873046875,586.1779174804688,876.7559204101562,349.4042053222656,315.53936767578125,471.8266296386719,287.3478698730469,334.4868469238281,344.81939697265625
2025-12-16,273.8645324707031,320.1883544921875,585.3529663085938,866.4664306640625,345.1858215332031,311.13189697265625,473.38677978515625,286.3787841796875,327.72064208984375,343.0500183105469
2025-12-17,271.1020812988281,319.4729919433594,558.4771728515625,859.744873046875,349.1693115234375,310.5699462890625,473.1184387207031,288.020263671875,325.2004699707031,342.35418701171875
2025-12-18,271.45111083984375,317.91485595703125,562.3932495117188,863.6575317382812,347.44671630859375,308.6176452636719,480.9289245605469,290.37371826171875,321.7781066894531,343.9446716308594
2025-12-19,272.9271545410156,320.81549072265625,572.7201538085938,880.5896606445312,337.66900634765625,312.7686767578125,482.8566589355469,289.65191650390625,321.07208251953125,347.165283203125
2025-12-22,270.23443603515625,324.7450866699219,578.8724975585938,886.030029296875,339.0295104980469,318.56634521484375,481.8630065917969,288.3861999511719,318.85589599609375,349.9883728027344
2025-12-23,271.62066650390625,324.84307861328125,578.8824462890625,888.7009887695312,337.6396484375,321.3666076660156,483.7807922363281,289.1969909667969,318.5028381347656,351.2706604003906
2025-12-24,273.06671142578125,327.2635803222656,580.21435546875,897.6401977539062,339.95928955078125,324.5612487792969,484.9433898925781,290.5616149902344,321.2289733886719,353.0201416015625
2025-12-26,272.6578369140625,326.25421142578125,579.4589233398438,893.9540405273438,342.347412109375,323.3188781738281,484.6353454589844,288.8608093261719,325.39654541015625,352.8810119628906
2025-12-29,273.0168762207031,323.0203857421875,575.0956420898438,879.3084716796875,340.06695556640625,319.2171325683594,484.02923583984375,288.67291259765625,322.5626220703125,352.4932861328125
2025-12-30,272.33868408203125,322.0992431640625,573.8829956054688,871.660400390625,338.9903564453125,318.8917541503906,484.4068603515625,289.117919921875,325.72015380859375,351.50921630859375
2025-12-31,271.12200927734375,320.7469177246094,569.3905029296875,866.318603515625,336.78814697265625,317.70855712890625,480.5711669921875,286.82379150390625,323.70989990234375,348.6165771484375
2026-01-02,270.27435302734375,321.0703125,594.775390625,901.1488647460938,338.4715881347656,320.9229431152344,469.95849609375,282.0081481933594,329.8779602050781,344.4118347167969
2026-01-05,266.5345458984375,314.2890319824219,612.3578491210938,934.7568359375,336.7783203125,329.3630676269531,469.86907958984375,284.5494689941406,335.3890075683594,351.6881408691406
2026-01-06,261.64776611328125,323.549560546875,619.3055419921875,941.685302734375,341.86785888671875,331.41326904296875,475.493408203125,282.0081481933594,342.2042541503906,355.42572021484375
2026-01-07,259.6233215332031,334.7895812988281,592.8968505859375,927.44384765625,341.64276123046875,323.8660888671875,480.422119140625,280.03045654296875,335.0752258300781,353.7557067871094
2026-01-08,258.33685302734375,323.4907531738281,604.4363403320312,921.3431396484375,351.91961669921875,326.63934326171875,475.09588623046875,281.0093688964844,340.1253662109375,350.1275329589844
2026-01-09,258.6659240722656,319.5611877441406,613.86865234375,925.4332885742188,366.67919921875,326.0450744628906,476.2585144042969,278.81414794921875,337.3110046386719,347.68218994140625
2026-01-12,259.54351806640625,319.01239013671875,625.9448852539062,935.8507690429688,366.9728088378906,321.38995361328125,474.1717529296875,277.3605651855469,333.9083251953125,341.15142822265625
2026-01-13,260.34136962890625,317.7972717285156,632.6638793945312,924.6152954101562,371.6708068847656,307.9297790527344,467.70281982421875,268.1742248535156,327.4558410644531,325.9228820800781
2026-01-14,259.25433349609375,322.3736267089844,634.870361328125,919.21435546875,367.96136474609375,304.9287414550781,456.4839782714844,269.697021484375,328.46588134765625,327.2052001953125
2026-01-15,257.5090637207031,323.412353515625,643.2491455078125,961.78125,371.1031799316406,306.30548095703125,453.7811279296875,268.3126525878906,332.3883056640625,325.7936096191406
2026-01-16,254.83636474609375,323.78472900390625,642.9609375,948.1211547851562,372.0917053222656,309.48480224609375,456.9609069824219,266.4140930175781,324.6022644042969,326.34033203125
2026-01-20,246.0303192138672,324.3629150390625,626.6422729492188,929.7599487304688,367.1391906738281,299.8477478027344,451.6546325683594,266.6019287109375,331.86859130859375,323.8751525878906
2026-01-21,246.97775268554688,336.71026611328125,642.9609375,939.2608642578125,376.46673583984375,299.15447998046875,441.31024169921875,269.6080322265625,341.0079040527344,323.33837890625
2026-01-22,247.67584228515625,340.1106872558594,645.9795532226562,940.8772583007812,372.9334411621094,300.729248046875,448.2959289550781,275.3730163574219,347.59765625,324.41192626953125
2026-01-23,247.36668395996094,337.83721923828125,624.271240234375,905.623291015625,375.61517333984375,294.8757019042969,463.0125732421875,274.6214904785156,349.3529357910156,324.23297119140625
2026-01-26,254.7166748046875,342.67816162109375,633.536376953125,918.4160766601562,378.3165588378906,298.16400146484375,467.3152770996094,278.5669250488281,344.8224792480469,326.5292053222656
2026-01-27,257.56890869140625,344.27545166015625,636.51513671875,916.306884765625,372.2776184082031,297.44097900390625,477.55029296875,278.1318664550781,277.2190856933594,323.3185119628906
2026-01-28,255.74388122558594,335.3579406738281,640.8687744140625,923.2945556640625,367.3251647949219,297.89654541015625,478.5937194824219,278.8932800292969,288.3196105957031,325.0282287597656
2026-01-29,257.578857421875,336.0635070800781,662.7464599609375,926.556884765625,363.9093322753906,303.49261474609375,430.7671203613281,281.1181640625,286.6231689453125,329.8194274902344
2026-01-30,258.775634765625,335.0247802734375,654.8959350585938,921.914794921875,366.6302490234375,302.9676818847656,427.577392578125,281.3357238769531,281.3670654296875,319.9089660644531
2026-02-02,269.2770690917969,337.7685852050781,688.3201904296875,932.67724609375,370.0852355957031,305.1961975097656,420.70098876953125,282.4432373046875,280.0530700683594,331.8472900390625
2026-02-03,268.7485046386719,331.80072021484375,700.25537109375,925.443115234375,373.0019226074219,311.8420715332031,408.6176452636719,285.01422119140625,278.6703796386719,326.9665832519531
2026-02-04,275.73944091796875,358.85711669921875,689.2268676757812,900.123779296875,378.9722900390625,314.2389221191406,411.578857421875,291.92620849609375,270.5705261230469,327.9804992675781
2026-02-05,275.1610107421875,360.4250183105469,675.7674560546875,877.56396484375,374.24493408203125,307.1968688964844,391.188232421875,296.95941162109375,263.34344482421875,327.1654052734375
2026-02-06,277.36505126953125,376.61376953125,723.4779663085938,915.3508911132812,376.9658508300781,319.3199462890625,398.61114501953125,298.12628173828125,271.286376953125,329.60076904296875
2026-02-09,274.13079833984375,368.28424072265625,739.3382568359375,930.0062866210938,372.904052734375,319.0228271484375,410.99261474609375,289.5530090332031,270.35479736328125,323.6365966796875
2026-02-10,273.19244384765625,357.3381652832031,739.5873413085938,935.2988891601562,381.3995666503906,315.2392883300781,410.6646728515625,295.27838134765625,267.92291259765625,326.8838195800781
2026-02-11,275.00921630859375,359.2294616699219,772.0950317382812,930.96240234375,382.37835693359375,307.8505859375,401.8207702636719,295.6937255859375,273.5025939941406,327.9495849609375
2026-02-12,261.2637634277344,358.85711669921875,755.4476318359375,891.5,381.92816162109375,299.74871826171875,399.30670166015625,294.111572265625,278.8567199707031,322.9094543457031
2026-02-13,255.32435607910156,364.2940368652344,771.2980346679688,892.0814819335938,382.740478515625,299.6595458984375,398.7900085449219,290.927490234375,287.50567626953125,312.8489990234375
2026-02-17,263.4099426269531,368.4087219238281,761.8934326171875,902.82421875,374.9007263183594,304.19580078125,394.35809326171875,295.8914794921875,283.4851989746094,318.247802734375
2026-02-18,263.8791198730469,374.6942443847656,749.1513061523438,920.259033203125,375.3704833984375,305.8300476074219,397.08087158203125,295.13006591796875,282.61248779296875,319.0446472167969
2026-02-19,260.11578369140625,370.52032470703125,757.6792602539062,903.4254760742188,370.53546142578125,305.1070251464844,396.8517761230469,296.5539855957031,284.30889892578125,317.67999267578125
2026-02-20,264.1086730957031,369.7802734375,756.8922119140625,908.934814453125,374.1274719238281,307.82086181640625,395.6267395019531,301.52789306640625,284.3775634765625,319.6921081542969
2026-02-23,265.705810546875,374.3883972167969,753.6344604492188,879.4366455078125,368.9792785644531,294.82623291015625,382.918212890625,301.98272705078125,276.8660583496094,305.31866455078125
2026-02-24,271.6552429199219,377.7926025390625,765.3504028320312,889.2528686523438,376.31011962890625,294.459716796875,387.4299621582031,302.0223083496094,268.63873291015625,306.0158996582031
2026-02-25,273.74151611328125,379.2332458496094,763.7364501953125,908.087158203125,367.5894470214844,300.4023742675781,398.9831237792969,301.35980224609375,278.69000244140625,311.7633056640625
2026-02-26,272.4637756347656,374.299560546875,750.1077880859375,915.5972900390625,367.11962890625,303.20538330078125,400.0986022949219,302.8232727050781,281.102294921875,315.45880126953125
2026-02-27,263.70941162109375,383.012451171875,740.0455932617188,847.1689453125,372.6300048828125,297.4310607910156,391.15484619140625,305.1965026855469,287.5841369628906,318.8852844238281
2026-03-02,264.2484130859375,380.5850830078125,749.5000610351562,853.7377319335938,362.9305725097656,294.7172546386719,396.9413757324219,307.203857421875,289.21197509765625,319.25384521484375
2026-03-03,263.2801818847656,372.0004577636719,719.4730224609375,854.609619140625,359.1232604980469,297.3914489746094,402.2996826171875,307.5004577636719,283.6028747558594,319.57257080078125
2026-03-04,262.0523376464844,374.2403259277344,729.226318359375,859.2364501953125,361.2666931152344,296.52978515625,403.5645751953125,308.5486755371094,286.299560546875,319.2139892578125
2026-03-05,259.8263244628906,362.72509765625,703.433349609375,827.7401733398438,353.9945983886719,290.74554443359375,409.0224304199219,303.21881103515625,283.17138671875,318.5466003417969
2026-03-06,257.0013427734375,364.6294860839844,678.3477783203125,813.829833984375,350.31451416015625,286.7144470214844,407.30938720703125,302.8924865722656,280.9258117675781,316.1161804199219
2026-03-09,259.41705322265625,371.9708557128906,702.1781005859375,824.3418579101562,346.047119140625,287.1502685546875,407.757568359375,299.8072814941406,281.81524658203125,314.73162841796875
2026-03-10,260.3653564453125,370.4512634277344,713.9935913085938,826.1054077148438,349.5608215332031,285.97161865234375,404.122314453125,300.1546630859375,279.01849365234375,313.1976318359375
2026-03-11,260.34539794921875,372.6319885253906,704.937744140625,816.1482543945312,343.38494873046875,284.7731628417969,403.245849609375,297.1376037597656,281.894287109375,307.74908447265625
2026-03-12,255.3043975830078,362.91259765625,698.0635986328125,780.2431640625,333.94580078125,280.18743896484375,400.238037109375,299.7279052734375,273.7907409667969,305.2987365722656
2026-03-13,249.6744384765625,361.3535461425781,691.388671875,774.9822387695312,334.0443115234375,280.7321472167969,393.9534912109375,300.2042541503906,278.7714538574219,305.9362487792969
2026-03-16,252.36964416503906,361.39300537109375,697.156982421875,787.4261474609375,337.5421142578125,283.4261474609375,398.33575439453125,302.3380432128906,282.1314392089844,308.8945617675781
2026-03-17,253.77711486816406,356.3409118652344,699.36865234375,799.582763671875,336.4090270996094,284.1492004394531,397.79791259765625,304.0152587890625,284.1869812011719,307.25103759765625
2026-03-18,249.49476623535156,346.8188781738281,691.0200805664062,798.0371704101562,326.0634460449219,284.99102783203125,390.2087097167969,296.9887390136719,280.9850769042969,297.8480529785156
2026-03-19,248.5165252685547,345.27960205078125,686.0687255859375,802.02001953125,323.3834533691406,285.2188720703125,387.4498596191406,294.5969543457031,277.140869140625,298.53533935546875
2026-03-20,247.54823303222656,343.1876525878906,678.327880859375,806.0128173828125,316.0331726074219,283.82232666015625,380.3287353515625,294.3587951660156,272.3479309082031,300.4378662109375
2026-03-23,251.04200744628906,345.13153076171875,699.06982421875,823.5889282226562,326.0339050292969,287.14031982421875,381.4541931152344,293.2869567871094,266.36907958984375,303.246826171875
2026-03-24,251.1917266845703,343.8092956542969,713.94384765625,827.9976806640625,326.0437316894531,289.6065368652344,371.2355651855469,290.7959289550781,269.07684326171875,302.5694885253906
2026-03-25,252.16998291015625,349.23638916015625,716.3447875976562,834.061279296875,327.6202392578125,292.59771728515625,369.5424499511719,288.3941955566406,267.3671875,303.7149658203125
2026-03-26,252.43951416015625,348.47662353515625,700.55419921875,815.0386352539062,323.6001892089844,288.87359619140625,364.492919921875,288.93011474609375,264.8966064453125,304.3325500488281
2026-03-27,248.35679626464844,344.1448059082031,692.7933959960938,795.4711303710938,316.919921875,280.13787841796875,355.33001708984375,283.1143798828125,255.97283935546875,294.36175537109375
2026-03-30,246.19065856933594,344.37176513671875,664.9282836914062,800.1375732421875,318.7427062988281,281.0589904785156,357.51116943359375,289.61492919921875,258.7102966308594,298.36602783203125
2026-03-31,253.33790588378906,347.1839904785156,705.804443359375,838.1728515625,324.053466796875,291.3497314453125,368.67596435546875,289.4759521484375,267.40673828125,301.055419921875
2026-04-01,255.1746368408203,348.5950012207031,727.58251953125,852.261474609375,324.7135925292969,292.5580749511719,367.8791809082031,288.33465576171875,270.7568664550781,297.340087890625
2026-04-02,255.464111328125,343.3258361816406,714.5315551757812,855.0653076171875,316.90020751953125,291.7855224609375,371.9526672363281,291.76849365234375,273.998291015625,299.6210632324219
2026-04-06,258.39886474609375,338.0270690917969,718.5364990234375,858.0475463867188,321.84637451171875,294.125,371.375,293.3166809082031,278.0500183105469,302.1411437988281
2026-04-07,253.0484161376953,335.4911193847656,721.7245483398438,856.1650390625,314.082275390625,296.0662536621094,370.78741455078125,292.8204650878906,304.1098327636719,301.3642272949219
2026-04-08,258.4388122558594,345.1710510253906,768.6878662109375,897.380615234375,331.2165222167969,306.5888366699219,372.81915283203125,299.3110656738281,302.3804016113281,307.74908447265625
2026-04-09,260.0259704589844,350.88427734375,784.1198120117188,895.3694458007812,334.58624267578125,308.938232421875,371.56427001953125,300.9386901855469,303.2994689941406,307.0817565917969
2026-04-10,260.0159912109375,346.3649597167969,787.6962890625,899.4117431640625,332.37921142578125,308.4803161621094,369.3731384277344,295.0137939453125,300.7497863769531,303.1671142578125
2026-04-13,258.73828125,345.180908203125,788.7623291015625,882.5588989257812,336.1430358886719,312.2732238769531,382.8186340332031,299.0331726074219,309.31781005859375,308.17742919921875
2026-04-14,258.3689270019531,346.2959289550781,791.2728881835938,901.224853515625,337.6701965332031,309.7247009277344,391.5233459472656,297.326171875,310.4938049316406,310.149658203125
2026-04-15,265.95538330078125,343.60211181640625,767.2831420898438,891.178466796875,333.9261169433594,304.5579833984375,409.5602722167969,297.0681457519531,310.3554382324219,314.6718444824219
2026-04-16,262.9307861328125,344.7566223144531,769.7637329101562,891.683837890625,332.1919860839844,308.5599670410156,418.56378173828125,296.58184814453125,312.67779541015625,313.86505126953125
2026-04-17,269.7486267089844,350.58819580078125,791.67138671875,917.3939819335938,344.2618103027344,308.8984375,421.0835876464844,298.5369567871094,320.8110046386719,315.7774963378906
2026-04-20,272.5635681152344,345.51641845703125,796.921630859375,933.0381469726562,345.8284606933594,315.5683898925781,416.38262939453125,298.5071716308594,319.674560546875,312.7095947265625
2026-04-21,265.69586181640625,340.2866516113281,798.9678344726562,917.9884643554688,338.8624267578125,311.5962829589844,422.44805908203125,299.1423645019531,341.9394836425781,308.7252502441406
2026-04-22,272.68341064453125,341.3326416015625,807.3722534179688,926.201904296875,334.5074462890625,311.6161804199219,431.1726989746094,299.400390625,349.36114501953125,310.0699768066406
2026-04-23,272.9429016113281,343.996826171875,833.6934204101562,922.694580078125,335.1577453613281,310.29217529296875,414.07196044921875,305.0076904296875,350.3888854980469,307.66943359375
2026-04-24,270.5771179199219,339.98077392578125,829.2516479492188,918.3451538085938,330.9505310058594,306.8974609375,422.90618896484375,300.44244384765625,350.74468994140625,308.2073059082031
2026-04-27,267.1332702636719,335.6687316894531,827.2553100585938,929.1444091796875,327.4132995605469,310.232421875,423.1053771972656,301.44482421875,350.5173645019531,308.4364013671875
2026-04-28,270.2277526855469,335.06683349609375,816.3555908203125,917.9884643554688,324.220947265625,310.0532531738281,427.5174865722656,307.6773681640625,362.45526123046875,308.0877380371094
2026-04-29,269.688720703125,333.537353515625,808.550048828125,897.2319946289062,318.0628662109375,307.86309814453125,422.7467956542969,299.9660949707031,366.3785400390625,333.5475769042969
2026-04-30,270.86663818359375,341.6582336425781,888.4617919921875,915.2341918945312,323.9647521972656,311.82525634765625,406.1341552734375,302.8342590332031,366.1216125488281,328.5472717285156
2026-05-01,279.6409912109375,325.4461364746094,888.0225830078125,915.1747436523438,319.11712646484375,311.06866455078125,412.76727294921875,302.41741943359375,364.4416198730469,326.744384765625
2026-05-04,276.3368225097656,319.5552978515625,873.1602172851562,894.923583984375,307.82568359375,306.270263671875,411.9505615234375,299.2514953613281,366.388427734375,325.5690002441406
2026-05-05,283.67376708984375,325.2191467285156,902.9150390625,910.3992309570312,310.78155517578125,308.0124206542969,409.7196350097656,299.0729064941406,359.58935546875,320.7678527832031
2026-05-06,286.99786376953125,326.718994140625,925.213623046875,928.6886596679688,318.2993469238281,313.4877624511719,412.2891845703125,299.3110656738281,362.9592590332031,317.5505065917969
2026-05-07,286.927978515625,324.7257995605469,894.031494140625,917.3147583007812,317.8953857421875,304.8964538574219,419.07171630859375,296.6811218261719,365.3902893066406,320.02081298828125
2026-05-08,292.7974853515625,327.30120849609375,895.7882080078125,927.8267211914062,312.7817077636719,300.74517822265625,413.44451904296875,295.78790283203125,375.5098876953125,317.54058837890625
2026-05-11,292.42779541015625,325.2191467285156,925.0738525390625,936.1292114257812,306.8206481933594,298.6545715332031,410.99444580078125,294.8847961425781,379.9173889160156,322.5906677246094
2026-05-12,294.54595947265625,331.830322265625,910.4510498046875,937.15966796875,305.89447021484375,303.5126953125,406.1241760253906,296.0062561035156,391.7268371582031,325.8147277832031
2026-05-13,298.6124572753906,331.98822021484375,900.6292114257812,946.5916748046875,298.1007995605469,298.9034729003906,403.57452392578125,292.79071044921875,396.440673828125,319.7160339355469
2026-05-14,297.9530334472656,331.7711486816406,918.5159912109375,960.006591796875,299.87432861328125,298.56500244140625,407.7774963378906,296.0360107421875,394.39501953125,321.92193603515625
2026-05-15,299.9713134765625,324.41412353515625,886.6651611328125,939.7058715820312,293.1349182128906,296.4743957519531,420.2170715332031,297.4949035644531,389.2167053222656,325.1459655761719
2026-05-18,297.5833435058594,322.5052795410156,862.3502807617188,937.6154174804688,295.4010925292969,299.3813171386719,421.83056640625,303.6778259277344,386.5286865234375,332.023193359375
2026-05-19,298.7123718261719,328.82830810546875,858.5573120117188,920.1582641601562,297.9924011230469,294.3738708496094,415.7352600097656,303.21136474609375,384.660888671875,329.2982482910156
2026-05-20,301.98956298828125,329.6435546875,870.9442749023438,973.0449829101562,306.0126953125,300.625732421875,419.36053466796875,304.6404724121094,378.7908020019531,330.1366882324219
2026-05-21,304.7271728515625,335.4595642089844,864.3465576171875,979.0390625,309.1656494140625,301.6411437988281,418.3025207519531,304.9084777832031,377.9804382324219,330.5060119628906
2026-05-22,308.55389404296875,337.32861328125,878.2607421875,987.52001953125,308.4660949707031,305.0059814453125,417.7835388183594,304.1442565917969,383.8999938964844,328.2701721191406
2026-05-26,308.0643005371094,333.9881591796875,906.86767578125,985.3304443359375,305.9732971191406,305.3643493652344,415.248291015625,302.5364990234375,372.4265441894531,325.8746337890625
2026-05-27,310.5821533203125,334.1074523925781,908.2451171875,987.2623291015625,313.1758117675781,297.93780517578125,411.8946228027344,297.6735534667969,379.4924621582031,327.00250244140625
2026-05-28,312.24072265625,334.5250244140625,886.0263061523438,999.0524291992188,316.4863586425781,295.3992614746094,426.18768310546875,292.0860900878906,378.02984619140625,324.3474426269531
2026-05-29,311.7911071777344,334.8332214355469,874.2481689453125,1016.0836181640625,312.47625732421875,297.9676818847656,449.3940124511719,289.68438720703125,375.8359680175781,325.75482177734375
2026-06-01,306.0460510253906,327.2177429199219,863.7576293945312,1043.469482421875,306.12109375,295.2499084472656,459.6546936035156,286.7467041015625,375.3912658691406,322.1714782714844
2026-06-02,314.92840576171875,326.352783203125,908.1253051757812,1059.3914794921875,306.9388732910156,299.6102600097656,440.48077392578125,289.6545715332031,373.4740905761719,316.7315979003906
2026-06-03,309.9926452636719,336.2549133300781,924.4650268554688,1035.9462890625,308.3675842285156,299.50079345703125,426.53704833984375,287.759033203125,372.5649108886719,311.8207092285156
2026-06-04,310.9618225097656,343.592041015625,938.738525390625,1087.284912109375,307.6826171875,309.4957580566406,427.2456970214844,291.2127380371094,391.8058776855469,319.5862731933594
2026-06-05,307.0751647949219,347.54888916015625,902.6055908203125,1033.6177978515625,308.50653076171875,310.9691162109375,415.8870849609375,300.9585266113281,394.77056884765625,322.9700012207031
2026-06-08,301.2801818847656,343.7212829589844,913.9445190429688,1039.906982421875,307.4443664550781,309.7147521972656,410.9663391113281,294.48779296875,401.78704833984375,319.0772399902344
2026-06-09,290.29962158203125,342.5680236816406,913.0062866210938,1026.980224609375,318.9793395996094,311.2976379394531,402.6520080566406,297.9811706542969,408.14141845703125,324.4472351074219
2026-06-10,291.3287353515625,335.76776123046875,854.5746459960938,996.409912109375,316.5870056152344,307.75360107421875,396.61334228515625,302.3263244628906,402.66656494140625,322.3611145019531
2026-06-11,295.375244140625,352.00286865234375,895.9678955078125,1030.592529296875,323.6251220703125,312.0840759277344,389.6065673828125,302.864501953125,400.7790222167969,318.4583740234375
2026-06-12,290.879150390625,353.1362609863281,908.8839111328125,1057.5704345703125,325.98773193359375,319.28167724609375,390.00579833984375,303.4225769042969,403.714111328125,321.7922058105469
2026-06-15,296.1645812988281,348.4933776855469,932.20068359375,1070.925048828125,327.4072570800781,317.96759033203125,399.0088806152344,305.4257507324219,408.52447509765625,323.21954345703125
2026-06-16,298.9821472167969,345.81903076171875,943.7093505859375,1085.3543701171875,334.6240539550781,329.6549377441406,393.0899963378906,306.46221923828125,405.15521240234375,332.5022888183594
2026-06-17,295.6949768066406,339.6749267578125,954.14990234375,1093.7830810546875,325.0843811035156,331.9645080566406,378.1980285644531,305.0271301269531,397.08489990234375,329.76739501953125
2026-06-18,297.7532043457031,335.6385192871094,983.9945678710938,1091.2156982421875,331.8346252441406,323.761474609375,378.6871032714844,306.76116943359375,398.50616455078125,326.6331787109375
2026-06-22,296.75408935546875,342.7171630859375,1020.3870849609375,1100.977783203125,324.23065185546875,329.993408203125,366.6497802734375,309.5516357421875,404.191162109375,325.994384765625
2026-06-23,294.04638671875,344.9938659667969,982.41748046875,1089.10595703125,322.0765380859375,332.6414794921875,373.23736572265625,315.8800048828125,406.74542236328125,327.87091064453125
2026-06-24,292.8274230957031,349.3881530761719,992.6085815429688,1071.6614990234375,340.3518371582031,331.95458984375,364.7733154296875,319.6471252441406,403.3165283203125,331.61395263671875
2026-06-25,274.91290283203125,350.77008056640625,1055.052734375,1059.89892578125,342.4761962890625,333.6170654296875,352.1670227050781,317.2054748535156,412.98699951171875,329.9071044921875
2026-06-26,283.53546142578125,356.248046875,995.6229858398438,1014.6406860351562,346.3079528808594,327.57427978515625,372.2691955566406,326.2545166015625,425.2713623046875,335.6065368652344
2026-06-29,281.4972229003906,358.4551696777344,1031.27685546875,1015.23779296875,348.24371337890625,327.91278076171875,367.8774719238281,330.7491760253906,417.2507629394531,341.0164794921875
2026-06-30,289.11065673828125,360.01605224609375,1062.92822265625,1006.4408569335938,350.1000061035156,325.86199951171875,372.319091796875,328.9951477050781,413.0863952636719,342.45379638671875
2026-07-01,294.1263427734375,359.2306213378906,989.57421875,1014.6406860351562,348.27349853515625,332.5718078613281,383.5579528808594,333.4798278808594,423.92962646484375,350.4289855957031
2026-07-02,308.3640441894531,371.9761657714844,961.7459106445312,1016.02392578125,355.2818298339844,332.9700012207031,389.7562561035156,341.14361572265625,422.7568359375,361.45849609375
2026-07-06,312.3905944824219,364.3109436035156,968.1240234375,1050.1468505859375,348.0848693847656,337.7200012207031,386.0133056640625,338.01434326171875,415.4319152832031,356.5875549316406
2026-07-07,310.3923034667969,365.9613037109375,938.3792114257812,1037.896728515625,342.6846618652344,339.2200012207031,388.109375,342.5588073730469,425.56951904296875,351.54693603515625
2026-07-08,313.1199645996094,365.8519287109375,946.324462890625,1024.621826171875,333.75048828125,330.6199951171875,382.6197204589844,336.78851318359375,422.995361328125,346.88555908203125
2026-07-09,315.947509765625,361.50732421875,936.6524047851562,1050.823486328125,336.2520751953125,335.4700012207031,383.6377868652344,336.3301086425781,429.03814697265625,347.5543518066406
2026-07-10,315.0483093261719,361.2786865234375,950.6464233398438,1050.037353515625,340.78863525390625,336.4700012207031,384.37640380859375,337.76519775390625,422.0213623046875,348.3229064941406
2026-07-13,317.03656005859375,358.35577392578125,929.7451782226562,1040.8125,334.6439208984375,334.5299987792969,390.2553405761719,340.34637451171875,426.4640197753906,357.08660888671875
2026-07-14,314.58868408203125,353.18597412109375,931.6117553710938,1134.4439697265625,335.2693176269531,342.8900146484375,384.20672607421875,335.6822814941406,422.587890625,355.3598327636719
2026-07-15,327.2178039550781,356.2381286621094,912.6069946289062,1146.455078125,338.9422607421875,346.9100036621094,394.8866271972656,328.0683288574219,415.95867919921875,354.4814758300781
2026-07-16,332.97283935546875,369.42108154296875,875.5457763671875,1090.1209716796875,345.4740905761719,343.1499938964844,400.3463439941406,336.6689453125,420.7889709472656,364.4629211425781
2026-07-17,333.452392578125,364.1618347167969,878.6500244140625,1060.0283203125,336.39105224609375,341.1000061035156,393.08001708984375,367.7227783203125,423.48236083984375,357.8951110839844
2026-07-20,326.3085632324219,362.0541687011719,864.2999877929688,1049.8880615234375,330.60369873046875,338.8699951171875,401.53411865234375,367.244384765625,418.97015380859375,359.9013977050781
2026-07-21,327.45758056640625,364.1120910644531,889.969970703125,1080.269287109375,329.1742248535156,345.2300109863281,397.00262451171875,368.37054443359375,433.6795959472656,355.16021728515625
2026-07-22,325.60919189453125,363.9232177734375,889.3099975585938,1092.84765625,329.02532958984375,348.2099914550781,389.6065673828125,370.8121643066406,428.67041015625,352.7646789550781
2026-07-23,321.3828430175781,369.341552734375,894.5399780273438,1069.4820556640625,322.3346252441406,349.8999938964844,380.8630065917969,375.0875549316406,420.9678649902344,350.9480285644531
2026-07-24,332.7330322265625,373.8551940917969,888.72998046875,1056.057861328125,330.5441589355469,353.2099914550781,380.9828186035156,385.94049072265625,418.16510009765625,355.0803527832031
2026-07-27,336.61968994140625,374.07391357421875,873.280029296875,1043.1212158203125,333.6313781738281,356.20001220703125,388.368896484375,389.01995849609375,415.0841064453125,361.8577575683594
2026-07-28,339.78692626953125,390.8160705566406,840.8499755859375,1028.3037109375,341.9500732421875,357.30999755859375,392.61090087890625,395.86651611328125,426.1658630371094,365.91021728515625
